"case_id","case_index","dataset_id","m","bootstrap_seed","stage","data_stream"
"main_g1_a0_m40",1,1,40,5410001,"reserved_robustness_evaluation","10407;-777451218;-2097041449;-1373717972;-1204072131;-606263590;1911238291"
"main_g1_a0_m40",1,2,40,5410002,"reserved_robustness_evaluation","10407;-1303346536;848529712;1523945519;1708939512;-1170466606;-593189830"
"main_g1_a0_m40",1,3,40,5410003,"reserved_robustness_evaluation","10407;184588511;-872998902;-468044225;395874683;-1768909615;-588216006"
"main_g1_a0_m40",1,4,40,5410004,"reserved_robustness_evaluation","10407;-1183312686;1964961621;71612761;1867815726;1776330992;598465839"
"main_g1_a0_m40",1,5,40,5410005,"reserved_robustness_evaluation","10407;-316884060;311920299;667965983;1332415242;528295462;-1397502863"
"main_g1_a0_m40",1,6,40,5410006,"reserved_robustness_evaluation","10407;2144384517;913005017;-406080107;-51202061;574278127;-1402329516"
"main_g1_a0_m40",1,7,40,5410007,"reserved_robustness_evaluation","10407;-1361343988;-1350027111;907916182;1199665648;800378361;-861167920"
"main_g1_a0_m40",1,8,40,5410008,"reserved_robustness_evaluation","10407;1003100651;1329958215;229295769;1806768623;741202722;-49073171"
"main_g1_a0_m40",1,9,40,5410009,"reserved_robustness_evaluation","10407;1663066416;-505335899;-829915774;-490089952;-753272027;-328376781"
"main_g1_a0_m40",1,10,40,5410010,"reserved_robustness_evaluation","10407;-1384971741;442581403;-555894913;-837546684;1123557272;1910844534"
"main_g1_a0_m40",1,11,40,5410011,"reserved_robustness_evaluation","10407;841391886;32863809;1288561578;274387091;-1828616434;-2026720745"
"main_g1_a0_m40",1,12,40,5410012,"reserved_robustness_evaluation","10407;-2054478403;335381174;-1096290772;1935482511;1721196076;-1003539894"
"main_g1_a0_m40",1,13,40,5410013,"reserved_robustness_evaluation","10407;502447805;1409072016;-1093972017;-432983929;-1726507906;130045490"
"main_g1_a0_m40",1,14,40,5410014,"reserved_robustness_evaluation","10407;2069605165;2042135476;-343358764;-1956498055;-554262720;2033631344"
"main_g1_a0_m40",1,15,40,5410015,"reserved_robustness_evaluation","10407;1870094956;440711447;872999128;-1070420917;-1066786623;1405681127"
"main_g1_a0_m40",1,16,40,5410016,"reserved_robustness_evaluation","10407;-398548348;-670431882;-1095332078;2072345460;63603436;2039147490"
"main_g1_a0_m40",1,17,40,5410017,"reserved_robustness_evaluation","10407;1080254189;1512841547;-2014209761;-143274218;88682574;1958053509"
"main_g1_a0_m40",1,18,40,5410018,"reserved_robustness_evaluation","10407;1668533678;549754500;-480498272;1203473792;1423998604;338377453"
"main_g1_a0_m40",1,19,40,5410019,"reserved_robustness_evaluation","10407;1367515831;-1240851019;-691596542;-1064911461;1269716046;1672776168"
"main_g1_a0_m40",1,20,40,5410020,"reserved_robustness_evaluation","10407;206848663;180804432;1351685995;411385171;-73086863;-1392659536"
"main_g1_a0_m40",1,21,40,5410021,"reserved_robustness_evaluation","10407;-759879419;1566033052;1879740817;-2070113398;767663329;-877210004"
"main_g1_a0_m40",1,22,40,5410022,"reserved_robustness_evaluation","10407;69607182;-1117984722;293516381;1737620834;-212399172;753807649"
"main_g1_a0_m40",1,23,40,5410023,"reserved_robustness_evaluation","10407;-210019258;1117817425;640652918;537439367;-1831492807;764888920"
"main_g1_a0_m40",1,24,40,5410024,"reserved_robustness_evaluation","10407;-646923952;392046284;-1737819473;88119705;1599448780;269600862"
"main_g1_a0_m40",1,25,40,5410025,"reserved_robustness_evaluation","10407;-568230672;1867991211;1667217496;-1409042517;657866439;-1751085437"
"main_g1_a0_m40",1,26,40,5410026,"reserved_robustness_evaluation","10407;774945678;346863729;-1397701211;166628977;-1756602601;366156110"
"main_g1_a0_m40",1,27,40,5410027,"reserved_robustness_evaluation","10407;1341989839;166591527;-1083716253;1465853361;-329457631;-140022980"
"main_g1_a0_m40",1,28,40,5410028,"reserved_robustness_evaluation","10407;1597863763;1082947807;-226846699;-1323468687;-24164312;613112236"
"main_g1_a0_m40",1,29,40,5410029,"reserved_robustness_evaluation","10407;-961651858;1336299070;1324420500;-1835662487;-1806224090;1623888363"
"main_g1_a0_m40",1,30,40,5410030,"reserved_robustness_evaluation","10407;1863396735;836716339;-1499130864;1371112644;1082795807;2067199712"
"main_g1_a0_m40",1,31,40,5410031,"reserved_robustness_evaluation","10407;1288139504;-73219603;-1420923575;-1428244561;-87191893;-507342823"
"main_g1_a0_m40",1,32,40,5410032,"reserved_robustness_evaluation","10407;1246474992;-746621647;-7456449;-1864433327;-849758759;-838478093"
"main_g1_a0_m40",1,33,40,5410033,"reserved_robustness_evaluation","10407;1579433629;336877208;-1674570421;147232803;-1697907731;1259008466"
"main_g1_a0_m40",1,34,40,5410034,"reserved_robustness_evaluation","10407;1572068926;582836527;1565858130;215484077;1392567432;1137208504"
"main_g1_a0_m40",1,35,40,5410035,"reserved_robustness_evaluation","10407;-568495264;-1565600154;-1229911729;-35173201;827157030;-1198001786"
"main_g1_a0_m40",1,36,40,5410036,"reserved_robustness_evaluation","10407;-957324538;1587474993;1632241232;-271631004;-2135692559;364836625"
"main_g1_a0_m40",1,37,40,5410037,"reserved_robustness_evaluation","10407;-2091154707;1191578229;473229367;-1510674817;-1377738255;1804649829"
"main_g1_a0_m40",1,38,40,5410038,"reserved_robustness_evaluation","10407;-929163518;-459883428;-299969832;1603574614;-590344172;-69106661"
"main_g1_a0_m40",1,39,40,5410039,"reserved_robustness_evaluation","10407;-762707884;620257785;1869214234;-315141054;439961161;333722058"
"main_g1_a0_m40",1,40,40,5410040,"reserved_robustness_evaluation","10407;1838029311;-1902368449;-1058999943;174263190;-1237996193;830835430"
"main_g1_a0_m40",1,41,40,5410041,"reserved_robustness_evaluation","10407;1928502133;1500748827;313567428;1166353759;1185570778;-1752459901"
"main_g1_a0_m40",1,42,40,5410042,"reserved_robustness_evaluation","10407;559683215;2009913968;-1072076060;-915665742;1836277108;1274664820"
"main_g1_a0_m40",1,43,40,5410043,"reserved_robustness_evaluation","10407;861407186;-1221368312;-811199681;-142735888;1185274517;724705923"
"main_g1_a0_m40",1,44,40,5410044,"reserved_robustness_evaluation","10407;-6137909;1987071452;1978827552;-1343280245;1891763282;-1607115325"
"main_g1_a0_m40",1,45,40,5410045,"reserved_robustness_evaluation","10407;23137329;77973950;-1852497061;-884646732;1266595633;-2018586054"
"main_g1_a0_m40",1,46,40,5410046,"reserved_robustness_evaluation","10407;799848447;681647465;2039981798;272675428;915372664;-1369129800"
"main_g1_a0_m40",1,47,40,5410047,"reserved_robustness_evaluation","10407;721851823;1737455945;-1894178584;-1353630228;-1849373277;-1355371838"
"main_g1_a0_m40",1,48,40,5410048,"reserved_robustness_evaluation","10407;-1609202953;-982764849;-1934405049;1560583671;1696215017;1026013891"
"main_g1_a0_m40",1,49,40,5410049,"reserved_robustness_evaluation","10407;-431303109;-1972551129;-1402181550;-1455342022;1366803834;-1089292173"
"main_g1_a0_m40",1,50,40,5410050,"reserved_robustness_evaluation","10407;1613909921;-1861629127;-1408128340;-810576988;1140101738;-1932848196"
"main_g1_a0_m40",1,51,40,5410051,"reserved_robustness_evaluation","10407;-468457301;-1397113582;731034727;-1230854833;1036703840;-1694213431"
"main_g1_a0_m40",1,52,40,5410052,"reserved_robustness_evaluation","10407;979035889;-1670658505;-376486544;-1750741201;-1894436404;-59541039"
"main_g1_a0_m40",1,53,40,5410053,"reserved_robustness_evaluation","10407;-1696668945;140519455;-294876059;1727001137;2066867835;494762897"
"main_g1_a0_m40",1,54,40,5410054,"reserved_robustness_evaluation","10407;1256392970;756820224;1147785600;347647687;50960761;-200340072"
"main_g1_a0_m40",1,55,40,5410055,"reserved_robustness_evaluation","10407;1684593074;1110278330;-174542548;-476653114;-155673864;-412825627"
"main_g1_a0_m40",1,56,40,5410056,"reserved_robustness_evaluation","10407;1375866132;-656273035;1812792434;1825800951;-866189223;-399575265"
"main_g1_a0_m40",1,57,40,5410057,"reserved_robustness_evaluation","10407;869868613;-1515975136;-1674263722;54784665;312159785;546354203"
"main_g1_a0_m40",1,58,40,5410058,"reserved_robustness_evaluation","10407;-1535007597;-895343117;-265820472;78552605;-951720450;-276565927"
"main_g1_a0_m40",1,59,40,5410059,"reserved_robustness_evaluation","10407;-706814254;-1983535032;-866069038;1403438485;787876158;355846240"
"main_g1_a0_m40",1,60,40,5410060,"reserved_robustness_evaluation","10407;355747945;-1849976925;1598298010;-487294096;954043163;236649111"
"main_g1_a0_m160",2,1,160,5420001,"reserved_robustness_evaluation","10407;212524601;-837803851;-1563459901;-222291201;973450248;-958785115"
"main_g1_a0_m160",2,2,160,5420002,"reserved_robustness_evaluation","10407;-8543615;-1584231982;-1802466237;288966224;1771101143;501148916"
"main_g1_a0_m160",2,3,160,5420003,"reserved_robustness_evaluation","10407;-557456218;844936614;-1783162906;7239323;-253644052;-253126477"
"main_g1_a0_m160",2,4,160,5420004,"reserved_robustness_evaluation","10407;1810059557;-902979055;-187318721;400554494;-1504420561;1924453720"
"main_g1_a0_m160",2,5,160,5420005,"reserved_robustness_evaluation","10407;1457143482;-115701655;328052060;1518287815;-1015937429;577312323"
"main_g1_a0_m160",2,6,160,5420006,"reserved_robustness_evaluation","10407;-1344659264;1966812985;-1304056530;-1362453024;-486228510;-1767697322"
"main_g1_a0_m160",2,7,160,5420007,"reserved_robustness_evaluation","10407;-92864448;236203724;-85300477;742282139;1544356240;-1411395013"
"main_g1_a0_m160",2,8,160,5420008,"reserved_robustness_evaluation","10407;1595710995;929356297;1793937170;1023462002;1054714282;-858561658"
"main_g1_a0_m160",2,9,160,5420009,"reserved_robustness_evaluation","10407;-1763590523;2007201178;264677629;-806759455;-1812817278;-354544877"
"main_g1_a0_m160",2,10,160,5420010,"reserved_robustness_evaluation","10407;68496049;941879810;1760956910;2067883123;-903610664;-1233308250"
"main_g1_a0_m160",2,11,160,5420011,"reserved_robustness_evaluation","10407;2117430381;2129399371;-1988588922;80790186;1142793175;-1864085162"
"main_g1_a0_m160",2,12,160,5420012,"reserved_robustness_evaluation","10407;-1599040663;-504463595;-1523477957;1998238558;171204166;-1891368468"
"main_g1_a0_m160",2,13,160,5420013,"reserved_robustness_evaluation","10407;639869538;440935804;1833531595;-127461232;-876697876;-269213025"
"main_g1_a0_m160",2,14,160,5420014,"reserved_robustness_evaluation","10407;463764750;1004486495;-1130835576;458118935;-1385395207;-1343852956"
"main_g1_a0_m160",2,15,160,5420015,"reserved_robustness_evaluation","10407;-1902466466;-2111627625;-979495270;-1699863724;-924083378;542440278"
"main_g1_a0_m160",2,16,160,5420016,"reserved_robustness_evaluation","10407;-350349875;-1004344252;-1749884184;1689219266;1774801856;1564082221"
"main_g1_a0_m160",2,17,160,5420017,"reserved_robustness_evaluation","10407;-766551582;-271314989;-1556354311;2090748865;-1725925701;-1693657043"
"main_g1_a0_m160",2,18,160,5420018,"reserved_robustness_evaluation","10407;-422502518;783560272;2014572147;278876292;-1160864109;-1287395537"
"main_g1_a0_m160",2,19,160,5420019,"reserved_robustness_evaluation","10407;1864612755;131569592;-879031268;513639668;241485750;-108488580"
"main_g1_a0_m160",2,20,160,5420020,"reserved_robustness_evaluation","10407;-640480744;447756749;-110006231;-1017627843;-685244850;-772605954"
"main_g1_a0_m160",2,21,160,5420021,"reserved_robustness_evaluation","10407;-1588208976;-1497978036;-1241089076;1961962654;1224642824;1598266577"
"main_g1_a0_m160",2,22,160,5420022,"reserved_robustness_evaluation","10407;454383303;307960208;-1219074356;-1963992872;1588976820;-778224447"
"main_g1_a0_m160",2,23,160,5420023,"reserved_robustness_evaluation","10407;-1310247756;1220559457;-194782063;801870175;-235436183;-1758685377"
"main_g1_a0_m160",2,24,160,5420024,"reserved_robustness_evaluation","10407;540233418;814446355;-1635171737;368632393;-957446560;-270988308"
"main_g1_a0_m160",2,25,160,5420025,"reserved_robustness_evaluation","10407;621139579;-541195285;-1958805619;-1887872490;-1959521116;-219894826"
"main_g1_a0_m160",2,26,160,5420026,"reserved_robustness_evaluation","10407;-180176383;1248919229;-1661460692;1863164502;979220333;854697456"
"main_g1_a0_m160",2,27,160,5420027,"reserved_robustness_evaluation","10407;1804381167;-1342742971;1686587607;-628444121;-1613609608;-854061109"
"main_g1_a0_m160",2,28,160,5420028,"reserved_robustness_evaluation","10407;1405648203;-289068100;1376633061;1599490504;-705895564;857483122"
"main_g1_a0_m160",2,29,160,5420029,"reserved_robustness_evaluation","10407;-2002952764;-2105067225;1159629782;842059972;1442314867;513709478"
"main_g1_a0_m160",2,30,160,5420030,"reserved_robustness_evaluation","10407;-1920637300;1915992193;1671984141;-356027562;-1128463555;1598520771"
"main_g1_a0_m160",2,31,160,5420031,"reserved_robustness_evaluation","10407;-2138473480;-607350770;1965725177;-302320431;-428087704;-2101011655"
"main_g1_a0_m160",2,32,160,5420032,"reserved_robustness_evaluation","10407;-717442373;1621117841;429215902;535624909;-64486369;1584812606"
"main_g1_a0_m160",2,33,160,5420033,"reserved_robustness_evaluation","10407;-1568723412;-754765424;1236981448;1239178382;-350181682;-593457340"
"main_g1_a0_m160",2,34,160,5420034,"reserved_robustness_evaluation","10407;-843667258;361883324;-1086539695;2057304609;440497824;-207411610"
"main_g1_a0_m160",2,35,160,5420035,"reserved_robustness_evaluation","10407;-1730470771;1270874599;-1370783596;-752028146;-1086186809;-195327458"
"main_g1_a0_m160",2,36,160,5420036,"reserved_robustness_evaluation","10407;816417369;-4021211;317838245;1236820110;1890116331;-433024958"
"main_g1_a0_m160",2,37,160,5420037,"reserved_robustness_evaluation","10407;2050192050;1042137595;-167839193;-309943107;-1535002465;-1885547994"
"main_g1_a0_m160",2,38,160,5420038,"reserved_robustness_evaluation","10407;-98308864;67566762;906445585;-2143427175;770909951;-30500680"
"main_g1_a0_m160",2,39,160,5420039,"reserved_robustness_evaluation","10407;-877356370;624121307;64682111;106902989;-1033243325;1028057886"
"main_g1_a0_m160",2,40,160,5420040,"reserved_robustness_evaluation","10407;-1465196880;1436115215;-1716001023;1701433846;-315202648;1330181812"
"main_g1_a0_m160",2,41,160,5420041,"reserved_robustness_evaluation","10407;1946227922;-1433099114;-257026866;-549856829;-677446803;134974004"
"main_g1_a0_m160",2,42,160,5420042,"reserved_robustness_evaluation","10407;697348166;-1464803717;1379116564;391737870;796426819;-1720052816"
"main_g1_a0_m160",2,43,160,5420043,"reserved_robustness_evaluation","10407;1932423120;1499464087;-1850150964;1338470750;1214513020;-1124559561"
"main_g1_a0_m160",2,44,160,5420044,"reserved_robustness_evaluation","10407;-964391789;1549150314;399040058;-952273411;-1570278385;-1214767689"
"main_g1_a0_m160",2,45,160,5420045,"reserved_robustness_evaluation","10407;-1949320068;-1189974398;-2126456685;852776170;-537604071;-788372946"
"main_g1_a0_m160",2,46,160,5420046,"reserved_robustness_evaluation","10407;844273392;-2092755359;-1826587118;-1492386950;-1009911407;1349417678"
"main_g1_a0_m160",2,47,160,5420047,"reserved_robustness_evaluation","10407;-415081409;-727707416;610772636;-660954252;-1527620914;203184756"
"main_g1_a0_m160",2,48,160,5420048,"reserved_robustness_evaluation","10407;-803408657;-996233523;663837550;1633985311;1612680900;526394356"
"main_g1_a0_m160",2,49,160,5420049,"reserved_robustness_evaluation","10407;1900734206;665128319;574918101;-638270221;-1209159192;143941498"
"main_g1_a0_m160",2,50,160,5420050,"reserved_robustness_evaluation","10407;-1731503645;-273417817;-354811476;-233108339;785363701;908550198"
"main_g1_a0_m160",2,51,160,5420051,"reserved_robustness_evaluation","10407;895903704;1646497859;1782264038;777497024;988404176;-865301836"
"main_g1_a0_m160",2,52,160,5420052,"reserved_robustness_evaluation","10407;2107688805;1821804206;1928745702;-374455144;-166677381;-1316871230"
"main_g1_a0_m160",2,53,160,5420053,"reserved_robustness_evaluation","10407;229961054;593592810;2083669386;-64620198;1944245655;667008245"
"main_g1_a0_m160",2,54,160,5420054,"reserved_robustness_evaluation","10407;919963960;-1322096199;-1964744556;-2093863099;79573217;1772964159"
"main_g1_a0_m160",2,55,160,5420055,"reserved_robustness_evaluation","10407;-1768520144;610618187;-235422186;-2097007711;647712060;303503487"
"main_g1_a0_m160",2,56,160,5420056,"reserved_robustness_evaluation","10407;289057841;286966832;-44889313;-115625063;1180321585;-2063799722"
"main_g1_a0_m160",2,57,160,5420057,"reserved_robustness_evaluation","10407;1890218101;1315484606;-65651553;2118756496;472954434;105397880"
"main_g1_a0_m160",2,58,160,5420058,"reserved_robustness_evaluation","10407;-1130800081;1841224617;-1002800007;-20158616;381845712;-1415496223"
"main_g1_a0_m160",2,59,160,5420059,"reserved_robustness_evaluation","10407;28217488;-1361653285;1281787773;506268276;367624497;-1403494699"
"main_g1_a0_m160",2,60,160,5420060,"reserved_robustness_evaluation","10407;-1141295819;1493824687;-1201081642;-1453779222;-1205347998;102817925"
"main_g1_a0p25_m40",3,1,40,5430001,"reserved_robustness_evaluation","10407;1453117932;294273279;-726312831;-501972889;1737099150;-1416291327"
"main_g1_a0p25_m40",3,2,40,5430002,"reserved_robustness_evaluation","10407;1727817179;1147536670;890098008;-1731356189;-1619588831;558319584"
"main_g1_a0p25_m40",3,3,40,5430003,"reserved_robustness_evaluation","10407;854835331;-239246265;1318119049;1218360957;-600717964;975995656"
"main_g1_a0p25_m40",3,4,40,5430004,"reserved_robustness_evaluation","10407;-280587413;775560928;-750000875;-239826131;-1255233729;582866863"
"main_g1_a0p25_m40",3,5,40,5430005,"reserved_robustness_evaluation","10407;586449989;-1545122968;-631059188;-898543690;1639321087;-820750922"
"main_g1_a0p25_m40",3,6,40,5430006,"reserved_robustness_evaluation","10407;-32667744;742318746;-542795988;143234314;976889113;396849516"
"main_g1_a0p25_m40",3,7,40,5430007,"reserved_robustness_evaluation","10407;2086520852;867436006;339417911;1941263325;-1184445259;295202670"
"main_g1_a0p25_m40",3,8,40,5430008,"reserved_robustness_evaluation","10407;-138806083;1269695974;242435073;-1068480304;282920282;-260726325"
"main_g1_a0p25_m40",3,9,40,5430009,"reserved_robustness_evaluation","10407;637365755;417925748;-109275578;846116834;-1170673409;-823856966"
"main_g1_a0p25_m40",3,10,40,5430010,"reserved_robustness_evaluation","10407;-2135891253;1687787942;2018216858;766140608;176193068;602922855"
"main_g1_a0p25_m40",3,11,40,5430011,"reserved_robustness_evaluation","10407;615574167;936855296;-1942572218;-356093762;-512277632;481405491"
"main_g1_a0p25_m40",3,12,40,5430012,"reserved_robustness_evaluation","10407;-39851758;2123428824;1824948948;-628579676;-246478040;1961392968"
"main_g1_a0p25_m40",3,13,40,5430013,"reserved_robustness_evaluation","10407;1006198593;-1659222949;1571049473;-1685627294;1362318267;-1887865573"
"main_g1_a0p25_m40",3,14,40,5430014,"reserved_robustness_evaluation","10407;-2088383866;-967872762;-1915809061;-317579438;1488822045;398081238"
"main_g1_a0p25_m40",3,15,40,5430015,"reserved_robustness_evaluation","10407;107438418;-1269803394;2118040457;-257735478;-1744015930;1828811251"
"main_g1_a0p25_m40",3,16,40,5430016,"reserved_robustness_evaluation","10407;1418610904;-291247913;763550385;-771525047;1515336678;1327146407"
"main_g1_a0p25_m40",3,17,40,5430017,"reserved_robustness_evaluation","10407;815769010;846752499;372595247;-1351366349;1521813635;-419791914"
"main_g1_a0p25_m40",3,18,40,5430018,"reserved_robustness_evaluation","10407;-21404984;-833354776;781822088;113379275;1114317222;-647910687"
"main_g1_a0p25_m40",3,19,40,5430019,"reserved_robustness_evaluation","10407;58666112;-1257776970;548528142;944190201;1962686069;1995990294"
"main_g1_a0p25_m40",3,20,40,5430020,"reserved_robustness_evaluation","10407;-571865108;1636984094;1567425459;-1004649145;-1734586484;-273559831"
"main_g1_a0p25_m40",3,21,40,5430021,"reserved_robustness_evaluation","10407;53603855;-2101401020;-456150032;-1410159584;1405641903;-1176069371"
"main_g1_a0p25_m40",3,22,40,5430022,"reserved_robustness_evaluation","10407;1389796750;-17295388;1590647143;798379713;1529272456;261288445"
"main_g1_a0p25_m40",3,23,40,5430023,"reserved_robustness_evaluation","10407;1020666127;1748953714;-1499436127;1771680431;-1507618558;-2071571201"
"main_g1_a0p25_m40",3,24,40,5430024,"reserved_robustness_evaluation","10407;410419906;1134404644;1775407894;1416041629;1414410728;1707470423"
"main_g1_a0p25_m40",3,25,40,5430025,"reserved_robustness_evaluation","10407;1178322996;-1737514354;1791470174;2090585155;760698772;-158453918"
"main_g1_a0p25_m40",3,26,40,5430026,"reserved_robustness_evaluation","10407;-2046607403;-1147126865;-909660946;2025645283;-928775022;-806017438"
"main_g1_a0p25_m40",3,27,40,5430027,"reserved_robustness_evaluation","10407;-1937960135;300022993;120488580;-257958617;-594335827;1404892572"
"main_g1_a0p25_m40",3,28,40,5430028,"reserved_robustness_evaluation","10407;-1132168559;1381172819;-1154934471;729567920;-112958565;-1944140276"
"main_g1_a0p25_m40",3,29,40,5430029,"reserved_robustness_evaluation","10407;1089098894;2097995205;-725797003;-537730520;-1030809605;-2072704901"
"main_g1_a0p25_m40",3,30,40,5430030,"reserved_robustness_evaluation","10407;-74918341;-1468148690;2118412889;-847960846;-1402226891;-409161015"
"main_g1_a0p25_m40",3,31,40,5430031,"reserved_robustness_evaluation","10407;-1814010560;1780529626;1679310904;1661752259;-1744700677;1362391468"
"main_g1_a0p25_m40",3,32,40,5430032,"reserved_robustness_evaluation","10407;329412829;1785772073;-1447137637;-1636222322;1889238176;-2079807612"
"main_g1_a0p25_m40",3,33,40,5430033,"reserved_robustness_evaluation","10407;1507307389;1797783710;-2058783407;-910962078;-2082602360;-233276650"
"main_g1_a0p25_m40",3,34,40,5430034,"reserved_robustness_evaluation","10407;188639534;-339108256;-417349772;-1278447646;1755282936;147823006"
"main_g1_a0p25_m40",3,35,40,5430035,"reserved_robustness_evaluation","10407;161788484;940441536;-506031009;898623407;-1257454079;598765993"
"main_g1_a0p25_m40",3,36,40,5430036,"reserved_robustness_evaluation","10407;182169430;-1295883087;852314448;749205673;2020717313;-729222512"
"main_g1_a0p25_m40",3,37,40,5430037,"reserved_robustness_evaluation","10407;546064971;1638765283;-262424003;58247240;1291122937;-597884718"
"main_g1_a0p25_m40",3,38,40,5430038,"reserved_robustness_evaluation","10407;322664709;-956445075;-48273465;566880796;-149285767;1228352124"
"main_g1_a0p25_m40",3,39,40,5430039,"reserved_robustness_evaluation","10407;-117970843;-1053132693;-1755457326;242755982;-1675723349;-1830824826"
"main_g1_a0p25_m40",3,40,40,5430040,"reserved_robustness_evaluation","10407;1154130541;2119696822;-715583689;1821336666;1769207780;821527985"
"main_g1_a0p25_m40",3,41,40,5430041,"reserved_robustness_evaluation","10407;-2008144681;655948522;-682011868;1053767105;115824873;-111039807"
"main_g1_a0p25_m40",3,42,40,5430042,"reserved_robustness_evaluation","10407;-1475776779;733523933;-1148327941;-1155007756;-1964893632;1098991876"
"main_g1_a0p25_m40",3,43,40,5430043,"reserved_robustness_evaluation","10407;-1756649596;-1208935244;142186089;637203030;-1431261317;-429617355"
"main_g1_a0p25_m40",3,44,40,5430044,"reserved_robustness_evaluation","10407;1754153320;1677732505;407554498;-133312640;677815935;1992827346"
"main_g1_a0p25_m40",3,45,40,5430045,"reserved_robustness_evaluation","10407;1607057242;-1491626435;1505036815;126930920;1929762161;-1872860333"
"main_g1_a0p25_m40",3,46,40,5430046,"reserved_robustness_evaluation","10407;1400122821;-1939096732;-835577260;1966264976;-1626458933;1371133043"
"main_g1_a0p25_m40",3,47,40,5430047,"reserved_robustness_evaluation","10407;-1185112602;-872607731;-920218431;-2063322264;10858250;-1702774307"
"main_g1_a0p25_m40",3,48,40,5430048,"reserved_robustness_evaluation","10407;817973421;887811169;1944954378;-583959578;-2123993804;-928511093"
"main_g1_a0p25_m40",3,49,40,5430049,"reserved_robustness_evaluation","10407;-1422780539;-1495041238;-513766582;935137577;-1648991155;1770420027"
"main_g1_a0p25_m40",3,50,40,5430050,"reserved_robustness_evaluation","10407;-316755825;-1696905087;-1379146461;84010655;1957905107;1311220085"
"main_g1_a0p25_m40",3,51,40,5430051,"reserved_robustness_evaluation","10407;-1014559292;89803485;1050427642;835578757;986881850;-541158929"
"main_g1_a0p25_m40",3,52,40,5430052,"reserved_robustness_evaluation","10407;302815929;996214858;2036368525;-366310209;-1374856440;-362211673"
"main_g1_a0p25_m40",3,53,40,5430053,"reserved_robustness_evaluation","10407;1338412654;-2088153153;609847143;530935162;1504707652;-1659769982"
"main_g1_a0p25_m40",3,54,40,5430054,"reserved_robustness_evaluation","10407;-1271877825;-268501935;1697004719;-1300427387;-557250035;872067706"
"main_g1_a0p25_m40",3,55,40,5430055,"reserved_robustness_evaluation","10407;1479105923;-383297201;1823610765;538996934;1052636393;-1092103736"
"main_g1_a0p25_m40",3,56,40,5430056,"reserved_robustness_evaluation","10407;1988194255;38266225;1424931202;1426990285;733918405;89063743"
"main_g1_a0p25_m40",3,57,40,5430057,"reserved_robustness_evaluation","10407;-2001186012;-323368012;-1294517488;-189729999;-665448249;180725484"
"main_g1_a0p25_m40",3,58,40,5430058,"reserved_robustness_evaluation","10407;-52204015;-1030707003;-1675843612;1744953362;-2110657656;1185426989"
"main_g1_a0p25_m40",3,59,40,5430059,"reserved_robustness_evaluation","10407;1298058669;-986359441;1367505856;-625376390;1509647298;-990214800"
"main_g1_a0p25_m40",3,60,40,5430060,"reserved_robustness_evaluation","10407;327360778;611218873;485248614;-1433562049;142283009;826877460"
"main_g1_a0p25_m160",4,1,160,5440001,"reserved_robustness_evaluation","10407;1311672729;1725359537;2046180355;-889844440;-1276028699;1224873930"
"main_g1_a0p25_m160",4,2,160,5440002,"reserved_robustness_evaluation","10407;-624779529;-1817270410;-2048550342;761267244;1107481152;-845906569"
"main_g1_a0p25_m160",4,3,160,5440003,"reserved_robustness_evaluation","10407;-1035207001;-1598870395;228450420;1438797139;-2062186627;-987597598"
"main_g1_a0p25_m160",4,4,160,5440004,"reserved_robustness_evaluation","10407;187361783;1227432304;-248752136;452154104;1477083291;-621234512"
"main_g1_a0p25_m160",4,5,160,5440005,"reserved_robustness_evaluation","10407;-1268053662;-703990907;-1827808518;1635734954;-885083482;824657794"
"main_g1_a0p25_m160",4,6,160,5440006,"reserved_robustness_evaluation","10407;995922391;-922357628;320047615;-142312781;-1781614765;315470619"
"main_g1_a0p25_m160",4,7,160,5440007,"reserved_robustness_evaluation","10407;716351719;-1327931801;1694985997;-368445410;969583608;576074047"
"main_g1_a0p25_m160",4,8,160,5440008,"reserved_robustness_evaluation","10407;2060547895;-1787242208;1952008679;-862426638;-439053786;2001696517"
"main_g1_a0p25_m160",4,9,160,5440009,"reserved_robustness_evaluation","10407;1827755926;1866567484;-1479777420;-1226414679;-54249993;1716032075"
"main_g1_a0p25_m160",4,10,160,5440010,"reserved_robustness_evaluation","10407;197650229;31143514;-837710353;1854560727;1949419003;-2065709680"
"main_g1_a0p25_m160",4,11,160,5440011,"reserved_robustness_evaluation","10407;-1888790423;1579306814;434497716;1490764392;1790055359;-1466008679"
"main_g1_a0p25_m160",4,12,160,5440012,"reserved_robustness_evaluation","10407;617247583;-205494998;767228361;-1817005719;454766657;-1872581336"
"main_g1_a0p25_m160",4,13,160,5440013,"reserved_robustness_evaluation","10407;-1179484729;-1336712533;1904033682;-2034610841;1449152881;1574972634"
"main_g1_a0p25_m160",4,14,160,5440014,"reserved_robustness_evaluation","10407;-364226293;10299177;111840690;-1260333916;-755000626;1076866787"
"main_g1_a0p25_m160",4,15,160,5440015,"reserved_robustness_evaluation","10407;849433210;-742567356;935117101;779410619;1143834291;-766184882"
"main_g1_a0p25_m160",4,16,160,5440016,"reserved_robustness_evaluation","10407;-1667423962;1878763746;-2122021341;4216774;533453246;1629931673"
"main_g1_a0p25_m160",4,17,160,5440017,"reserved_robustness_evaluation","10407;-963856231;916345997;-1426955880;-1951193153;473917012;355876281"
"main_g1_a0p25_m160",4,18,160,5440018,"reserved_robustness_evaluation","10407;-496146105;-403965135;1798118987;-439311616;-415480736;75338999"
"main_g1_a0p25_m160",4,19,160,5440019,"reserved_robustness_evaluation","10407;-2004342904;1502345805;603756858;-184886296;1798807849;2066658558"
"main_g1_a0p25_m160",4,20,160,5440020,"reserved_robustness_evaluation","10407;532274649;954784934;-732646179;-1478888178;-1176846293;842518750"
"main_g1_a0p25_m160",4,21,160,5440021,"reserved_robustness_evaluation","10407;1038400799;-232604687;-1751433838;-1044019883;-213943992;1657049061"
"main_g1_a0p25_m160",4,22,160,5440022,"reserved_robustness_evaluation","10407;1668266187;-1079206521;1910743436;-1751934484;-1111730855;-835205930"
"main_g1_a0p25_m160",4,23,160,5440023,"reserved_robustness_evaluation","10407;1229454874;-2038995307;278876539;-2003739277;-142007580;640556200"
"main_g1_a0p25_m160",4,24,160,5440024,"reserved_robustness_evaluation","10407;1906540452;1646834510;1692959738;-1347850203;781874464;-895842400"
"main_g1_a0p25_m160",4,25,160,5440025,"reserved_robustness_evaluation","10407;1704350049;-1038006760;485547536;-1713663667;-1761445529;206614915"
"main_g1_a0p25_m160",4,26,160,5440026,"reserved_robustness_evaluation","10407;1404883715;1490207771;572494430;-320259162;918487137;1702542791"
"main_g1_a0p25_m160",4,27,160,5440027,"reserved_robustness_evaluation","10407;991092149;1362541971;-1163322578;1919596812;611634758;-712927005"
"main_g1_a0p25_m160",4,28,160,5440028,"reserved_robustness_evaluation","10407;1150016358;-288691361;-1323245457;487177101;-1150865231;595989873"
"main_g1_a0p25_m160",4,29,160,5440029,"reserved_robustness_evaluation","10407;1771589990;-1381020425;365200454;-1965744561;-1182248775;-1937552151"
"main_g1_a0p25_m160",4,30,160,5440030,"reserved_robustness_evaluation","10407;1227468235;-1671283723;-1418491363;932890597;-1860293274;-250868091"
"main_g1_a0p25_m160",4,31,160,5440031,"reserved_robustness_evaluation","10407;1487779637;871813673;893886646;-732691128;1202176124;1595071317"
"main_g1_a0p25_m160",4,32,160,5440032,"reserved_robustness_evaluation","10407;-499253499;-465180014;-426001693;537060482;-317159279;423021078"
"main_g1_a0p25_m160",4,33,160,5440033,"reserved_robustness_evaluation","10407;1954674355;1706523991;-599213979;1251566739;1487890948;1028897901"
"main_g1_a0p25_m160",4,34,160,5440034,"reserved_robustness_evaluation","10407;171495113;-1712135927;-2037344629;1177926949;1122721317;-1955569395"
"main_g1_a0p25_m160",4,35,160,5440035,"reserved_robustness_evaluation","10407;1589612015;-1073859196;-1532799775;-759388241;-221945332;1197275136"
"main_g1_a0p25_m160",4,36,160,5440036,"reserved_robustness_evaluation","10407;1423069864;992485784;739662791;395155737;-1191463062;-308771114"
"main_g1_a0p25_m160",4,37,160,5440037,"reserved_robustness_evaluation","10407;1590808923;1402841828;1556194730;-2115164758;55985768;2142608276"
"main_g1_a0p25_m160",4,38,160,5440038,"reserved_robustness_evaluation","10407;-1244522209;-18285219;389884637;1963434630;1300126941;10148679"
"main_g1_a0p25_m160",4,39,160,5440039,"reserved_robustness_evaluation","10407;1154497345;-295741249;-1326366530;2018701579;1865202480;1879550290"
"main_g1_a0p25_m160",4,40,160,5440040,"reserved_robustness_evaluation","10407;75564670;679648355;-2078307952;1333282693;-1450864994;-75802133"
"main_g1_a0p25_m160",4,41,160,5440041,"reserved_robustness_evaluation","10407;648707783;-1519992275;447418047;-1829657506;1357610835;1312093922"
"main_g1_a0p25_m160",4,42,160,5440042,"reserved_robustness_evaluation","10407;1919152236;426873280;-1436796240;718547115;1708484184;-1386634721"
"main_g1_a0p25_m160",4,43,160,5440043,"reserved_robustness_evaluation","10407;-820138700;-660311390;-2038882608;396805873;1782143963;-1417780008"
"main_g1_a0p25_m160",4,44,160,5440044,"reserved_robustness_evaluation","10407;2092537896;136563385;-988270832;2038425987;-747682983;-823427504"
"main_g1_a0p25_m160",4,45,160,5440045,"reserved_robustness_evaluation","10407;692133749;-1088025770;1392005250;65524635;-238082454;-1610580664"
"main_g1_a0p25_m160",4,46,160,5440046,"reserved_robustness_evaluation","10407;681396133;2016491650;1737961114;1267452566;-287078858;-1238421538"
"main_g1_a0p25_m160",4,47,160,5440047,"reserved_robustness_evaluation","10407;851705286;1174918642;-2124539779;1722138973;2054209219;-169886647"
"main_g1_a0p25_m160",4,48,160,5440048,"reserved_robustness_evaluation","10407;-117842630;-665608292;-1176888602;1958827581;-848796455;-557677764"
"main_g1_a0p25_m160",4,49,160,5440049,"reserved_robustness_evaluation","10407;-1033195635;2031012308;1732534227;-379617196;1353537910;884987692"
"main_g1_a0p25_m160",4,50,160,5440050,"reserved_robustness_evaluation","10407;-396786199;1155648479;1423551392;1404317835;1808462286;-2023071875"
"main_g1_a0p25_m160",4,51,160,5440051,"reserved_robustness_evaluation","10407;1749752782;-469841326;965459120;-1259455613;1707404141;-42354187"
"main_g1_a0p25_m160",4,52,160,5440052,"reserved_robustness_evaluation","10407;1148049406;-915336039;-1849510804;384453503;-1509296809;-1690098316"
"main_g1_a0p25_m160",4,53,160,5440053,"reserved_robustness_evaluation","10407;1428720443;-1459560224;-1699858784;1328041471;-1408842363;483451108"
"main_g1_a0p25_m160",4,54,160,5440054,"reserved_robustness_evaluation","10407;820422240;-785051709;-590616960;-2002853851;-426097045;2019966209"
"main_g1_a0p25_m160",4,55,160,5440055,"reserved_robustness_evaluation","10407;1796063743;2048632587;540504265;-490061726;-1575722808;-6224785"
"main_g1_a0p25_m160",4,56,160,5440056,"reserved_robustness_evaluation","10407;266565648;-1416000481;-2115425464;-62665320;-751792157;-1879928097"
"main_g1_a0p25_m160",4,57,160,5440057,"reserved_robustness_evaluation","10407;2114977864;-212436392;1732202919;-1877981863;261669581;1346347018"
"main_g1_a0p25_m160",4,58,160,5440058,"reserved_robustness_evaluation","10407;-185478470;530599149;-119324331;-170665214;-1344598823;-1452615360"
"main_g1_a0p25_m160",4,59,160,5440059,"reserved_robustness_evaluation","10407;-1403653050;1064149082;-2139786323;842266751;-601706794;-2121984479"
"main_g1_a0p25_m160",4,60,160,5440060,"reserved_robustness_evaluation","10407;2086451296;1682734348;-2016910994;-741650334;126051451;-1322916124"
"main_g1_a0p5_m40",5,1,40,5450001,"reserved_robustness_evaluation","10407;1229002897;-66928414;-1606057812;250529515;-884120266;1832937599"
"main_g1_a0p5_m40",5,2,40,5450002,"reserved_robustness_evaluation","10407;-899763274;-1080490265;-406557104;783193186;-958329310;-1518559027"
"main_g1_a0p5_m40",5,3,40,5450003,"reserved_robustness_evaluation","10407;1848731209;-113874499;1935761227;1859440892;379069650;-1043105942"
"main_g1_a0p5_m40",5,4,40,5450004,"reserved_robustness_evaluation","10407;-1327884717;-716731888;-871538045;-1523999132;459993418;334496603"
"main_g1_a0p5_m40",5,5,40,5450005,"reserved_robustness_evaluation","10407;2093194977;455203415;-1685415338;-1975671613;-2056571757;1952187300"
"main_g1_a0p5_m40",5,6,40,5450006,"reserved_robustness_evaluation","10407;1509706338;-2096713248;691022630;-445760368;438615279;-1295959185"
"main_g1_a0p5_m40",5,7,40,5450007,"reserved_robustness_evaluation","10407;1305014971;-536444462;-1797157709;-938877463;-964592403;2028503815"
"main_g1_a0p5_m40",5,8,40,5450008,"reserved_robustness_evaluation","10407;1306657744;-154569027;1688590726;-246253129;-1750108896;126747074"
"main_g1_a0p5_m40",5,9,40,5450009,"reserved_robustness_evaluation","10407;-1206808191;1558708725;-27804635;1726335613;-1052182939;1008178926"
"main_g1_a0p5_m40",5,10,40,5450010,"reserved_robustness_evaluation","10407;-1459373963;-345547802;1148215640;930842265;937316724;1117862279"
"main_g1_a0p5_m40",5,11,40,5450011,"reserved_robustness_evaluation","10407;-414036072;1133305472;-2058671155;-19180129;853585470;1383458027"
"main_g1_a0p5_m40",5,12,40,5450012,"reserved_robustness_evaluation","10407;266573621;1583030534;1413685054;-1296008956;-1489592750;1812662561"
"main_g1_a0p5_m40",5,13,40,5450013,"reserved_robustness_evaluation","10407;811746039;-2140769677;1600503078;-2141622460;2105601807;1497409554"
"main_g1_a0p5_m40",5,14,40,5450014,"reserved_robustness_evaluation","10407;-507372238;1263222134;-467089430;121355513;1557523001;153239752"
"main_g1_a0p5_m40",5,15,40,5450015,"reserved_robustness_evaluation","10407;-965488869;-1848282532;569990405;-1062795943;1787475742;116374459"
"main_g1_a0p5_m40",5,16,40,5450016,"reserved_robustness_evaluation","10407;828679538;-2077098150;1035608394;-250577555;33567443;365810529"
"main_g1_a0p5_m40",5,17,40,5450017,"reserved_robustness_evaluation","10407;448183866;405411662;-1420839781;-1018969247;75314199;-1456753195"
"main_g1_a0p5_m40",5,18,40,5450018,"reserved_robustness_evaluation","10407;-954529977;-851388036;-985732192;1411014346;1064691073;-936470548"
"main_g1_a0p5_m40",5,19,40,5450019,"reserved_robustness_evaluation","10407;-1100804184;603889253;1495553819;-1274408475;67877579;-1657628604"
"main_g1_a0p5_m40",5,20,40,5450020,"reserved_robustness_evaluation","10407;283481318;-421087124;1677221992;-1534018222;672265237;1535358753"
"main_g1_a0p5_m40",5,21,40,5450021,"reserved_robustness_evaluation","10407;1480877704;1112498138;-939091838;738012143;343724507;562516981"
"main_g1_a0p5_m40",5,22,40,5450022,"reserved_robustness_evaluation","10407;-581065105;-1265745437;-527373148;-1001069037;2096323234;-793537631"
"main_g1_a0p5_m40",5,23,40,5450023,"reserved_robustness_evaluation","10407;1286620433;-1180311952;-907494768;-2128969402;1829871947;-1595136671"
"main_g1_a0p5_m40",5,24,40,5450024,"reserved_robustness_evaluation","10407;-982001984;1664689307;573836965;-1298005815;-783008830;2005195476"
"main_g1_a0p5_m40",5,25,40,5450025,"reserved_robustness_evaluation","10407;-250472131;-112390926;281587392;-863935589;1806258348;-2079750092"
"main_g1_a0p5_m40",5,26,40,5450026,"reserved_robustness_evaluation","10407;-810952982;-44656464;1530197052;533735629;-1881546258;1548066280"
"main_g1_a0p5_m40",5,27,40,5450027,"reserved_robustness_evaluation","10407;-1310915419;-1796388857;662819429;-721168411;-2125763479;-19123137"
"main_g1_a0p5_m40",5,28,40,5450028,"reserved_robustness_evaluation","10407;-3136699;1227285883;1638983794;556476644;818812661;-2050955594"
"main_g1_a0p5_m40",5,29,40,5450029,"reserved_robustness_evaluation","10407;-1999701587;-303617564;1657849756;-757281430;2146125424;-66416281"
"main_g1_a0p5_m40",5,30,40,5450030,"reserved_robustness_evaluation","10407;-2140855334;830676072;514721788;-1654505956;1220339083;-942202763"
"main_g1_a0p5_m40",5,31,40,5450031,"reserved_robustness_evaluation","10407;171425624;399356599;290163251;1877141042;531075070;-1768293804"
"main_g1_a0p5_m40",5,32,40,5450032,"reserved_robustness_evaluation","10407;1735280356;1103488848;569858253;386972224;1136524588;-1184729202"
"main_g1_a0p5_m40",5,33,40,5450033,"reserved_robustness_evaluation","10407;1772924861;-1287194967;1164670566;889468026;822242912;-1805196499"
"main_g1_a0p5_m40",5,34,40,5450034,"reserved_robustness_evaluation","10407;1788739552;-875161407;92980634;-1099527923;-604370766;-1559959928"
"main_g1_a0p5_m40",5,35,40,5450035,"reserved_robustness_evaluation","10407;1679946417;-256283950;-313596547;878453376;1470920371;1321481149"
"main_g1_a0p5_m40",5,36,40,5450036,"reserved_robustness_evaluation","10407;51917928;-1316822509;-282712244;-476414222;-903162682;767376291"
"main_g1_a0p5_m40",5,37,40,5450037,"reserved_robustness_evaluation","10407;1800395612;-1265924375;-990982550;-527460570;-1170743634;1125819689"
"main_g1_a0p5_m40",5,38,40,5450038,"reserved_robustness_evaluation","10407;1252193755;787107787;75037510;1259784200;743700249;1062164339"
"main_g1_a0p5_m40",5,39,40,5450039,"reserved_robustness_evaluation","10407;1644937680;348131955;-1278935203;1996359211;-2087219683;776354458"
"main_g1_a0p5_m40",5,40,40,5450040,"reserved_robustness_evaluation","10407;2067244997;584454178;-854651332;-2018003425;124028661;1069457564"
"main_g1_a0p5_m40",5,41,40,5450041,"reserved_robustness_evaluation","10407;1734577063;-2014196323;441771982;-1870216189;1608846401;-2069723936"
"main_g1_a0p5_m40",5,42,40,5450042,"reserved_robustness_evaluation","10407;604873850;497405888;1601520770;-526244978;1780718649;247623150"
"main_g1_a0p5_m40",5,43,40,5450043,"reserved_robustness_evaluation","10407;1139250138;1808843711;995953487;1418964134;1550192050;1095248813"
"main_g1_a0p5_m40",5,44,40,5450044,"reserved_robustness_evaluation","10407;494197194;1370414833;983394941;1836494793;-869920486;-905177550"
"main_g1_a0p5_m40",5,45,40,5450045,"reserved_robustness_evaluation","10407;1374547765;-735795629;294585977;-1632470464;1014673742;1008106413"
"main_g1_a0p5_m40",5,46,40,5450046,"reserved_robustness_evaluation","10407;-1875735880;11447696;1242024778;-1262393737;785814750;-1683260922"
"main_g1_a0p5_m40",5,47,40,5450047,"reserved_robustness_evaluation","10407;212142973;1542095487;-2131405869;1173743127;-712945111;-824563698"
"main_g1_a0p5_m40",5,48,40,5450048,"reserved_robustness_evaluation","10407;1922686774;-669807236;1520083225;-85031875;822955471;2037343207"
"main_g1_a0p5_m40",5,49,40,5450049,"reserved_robustness_evaluation","10407;1940417981;-416691804;-1866827179;-62427708;-631070228;-992183809"
"main_g1_a0p5_m40",5,50,40,5450050,"reserved_robustness_evaluation","10407;819451954;-1362191325;315537901;1943692982;-971799205;-583578399"
"main_g1_a0p5_m40",5,51,40,5450051,"reserved_robustness_evaluation","10407;767830929;864433161;-1406044533;1496448426;760666275;1956148250"
"main_g1_a0p5_m40",5,52,40,5450052,"reserved_robustness_evaluation","10407;773206917;-1195811085;-874543835;270186004;727439851;-1474131544"
"main_g1_a0p5_m40",5,53,40,5450053,"reserved_robustness_evaluation","10407;1751213609;2090991671;153155152;-512442128;841463051;1473243727"
"main_g1_a0p5_m40",5,54,40,5450054,"reserved_robustness_evaluation","10407;399763551;685091920;1364996964;-1651303446;1324560415;1763809158"
"main_g1_a0p5_m40",5,55,40,5450055,"reserved_robustness_evaluation","10407;1231965776;179471902;-1446545554;-921568531;622935604;-756263952"
"main_g1_a0p5_m40",5,56,40,5450056,"reserved_robustness_evaluation","10407;-1892951755;1976843759;-1182878932;-272747595;-1105471696;1724193218"
"main_g1_a0p5_m40",5,57,40,5450057,"reserved_robustness_evaluation","10407;153222428;1081738093;830101575;780507780;-1311513283;1681261702"
"main_g1_a0p5_m40",5,58,40,5450058,"reserved_robustness_evaluation","10407;1239660638;-2071257747;465978865;1973039991;729685431;1538600192"
"main_g1_a0p5_m40",5,59,40,5450059,"reserved_robustness_evaluation","10407;-1340334734;1883035311;165612953;544029358;-398373465;-940930343"
"main_g1_a0p5_m40",5,60,40,5450060,"reserved_robustness_evaluation","10407;-312938983;-1107308839;-1336860866;1462578609;-877583807;-789662714"
"main_g1_a0p5_m160",6,1,160,5460001,"reserved_robustness_evaluation","10407;159298203;-1799369345;596925208;172136365;-174720357;-1698016908"
"main_g1_a0p5_m160",6,2,160,5460002,"reserved_robustness_evaluation","10407;-999392713;-200593754;795632978;-1568433220;-41891323;-1657787644"
"main_g1_a0p5_m160",6,3,160,5460003,"reserved_robustness_evaluation","10407;-767324917;1166931489;-164133243;-1090478874;386964472;1741323684"
"main_g1_a0p5_m160",6,4,160,5460004,"reserved_robustness_evaluation","10407;-1364077705;-324309191;1762771799;2101016810;-1848123108;802696147"
"main_g1_a0p5_m160",6,5,160,5460005,"reserved_robustness_evaluation","10407;-590982536;585563059;1140622785;11134654;-561565778;1854344393"
"main_g1_a0p5_m160",6,6,160,5460006,"reserved_robustness_evaluation","10407;-1005036104;746849929;1763708524;-896594744;765510782;-2030051251"
"main_g1_a0p5_m160",6,7,160,5460007,"reserved_robustness_evaluation","10407;-1951412599;2087702829;316007978;-1943287878;295160228;-1641962701"
"main_g1_a0p5_m160",6,8,160,5460008,"reserved_robustness_evaluation","10407;-73181838;-1310293278;1018331988;64117857;564481818;44741599"
"main_g1_a0p5_m160",6,9,160,5460009,"reserved_robustness_evaluation","10407;1108942632;-1732852380;-1206279090;1357891620;-985551416;-49724627"
"main_g1_a0p5_m160",6,10,160,5460010,"reserved_robustness_evaluation","10407;332649960;-1839521600;-1487458428;1082335535;-1961592705;-1575780228"
"main_g1_a0p5_m160",6,11,160,5460011,"reserved_robustness_evaluation","10407;301791964;-1965816469;-2093434063;-1402683319;818203556;-356843931"
"main_g1_a0p5_m160",6,12,160,5460012,"reserved_robustness_evaluation","10407;-1396490356;511294536;-1822072972;604370664;9748756;1180764542"
"main_g1_a0p5_m160",6,13,160,5460013,"reserved_robustness_evaluation","10407;-1512613443;145717122;1037465098;1638718431;-1276971187;323513924"
"main_g1_a0p5_m160",6,14,160,5460014,"reserved_robustness_evaluation","10407;1955304441;-2022020168;490438610;312414200;1335086545;1381194763"
"main_g1_a0p5_m160",6,15,160,5460015,"reserved_robustness_evaluation","10407;945107284;-92974362;2094021851;-1586673578;1972638952;-1878160527"
"main_g1_a0p5_m160",6,16,160,5460016,"reserved_robustness_evaluation","10407;-90629153;-1210065910;-690457132;-666962105;-366071540;-1404932065"
"main_g1_a0p5_m160",6,17,160,5460017,"reserved_robustness_evaluation","10407;2021613219;560952588;1087508467;-1865462255;883095167;-1619084996"
"main_g1_a0p5_m160",6,18,160,5460018,"reserved_robustness_evaluation","10407;465371715;1551269952;-1750348305;-150029658;71574257;2109341809"
"main_g1_a0p5_m160",6,19,160,5460019,"reserved_robustness_evaluation","10407;22549954;1116598325;1354683450;-1591311979;-1197651049;-1472479970"
"main_g1_a0p5_m160",6,20,160,5460020,"reserved_robustness_evaluation","10407;2066357234;-1245564677;-1656602484;-142450765;1083311275;-1720116491"
"main_g1_a0p5_m160",6,21,160,5460021,"reserved_robustness_evaluation","10407;1517240582;-1893242919;-300894894;1547282681;1499442502;-1494044675"
"main_g1_a0p5_m160",6,22,160,5460022,"reserved_robustness_evaluation","10407;319367606;-1872516091;-102271352;-1529747918;2111796538;-1866209934"
"main_g1_a0p5_m160",6,23,160,5460023,"reserved_robustness_evaluation","10407;1735003447;-600673585;2070848840;-715892725;-318635962;888292000"
"main_g1_a0p5_m160",6,24,160,5460024,"reserved_robustness_evaluation","10407;983410021;-1659121673;-541067227;-432529666;-1702589452;-4072747"
"main_g1_a0p5_m160",6,25,160,5460025,"reserved_robustness_evaluation","10407;-1577746660;1908019936;686872967;1976371194;-2100079495;1617887327"
"main_g1_a0p5_m160",6,26,160,5460026,"reserved_robustness_evaluation","10407;648789468;-825207240;-1170734192;-233727061;1003973648;245180853"
"main_g1_a0p5_m160",6,27,160,5460027,"reserved_robustness_evaluation","10407;1462793857;-1836800667;1891076505;-183931601;1044906579;-1213559110"
"main_g1_a0p5_m160",6,28,160,5460028,"reserved_robustness_evaluation","10407;1426040162;-1277761326;-2097132563;-727846332;-1913276087;-461935135"
"main_g1_a0p5_m160",6,29,160,5460029,"reserved_robustness_evaluation","10407;-422827815;-100693325;-23897389;-1754809922;-564389523;-1605222347"
"main_g1_a0p5_m160",6,30,160,5460030,"reserved_robustness_evaluation","10407;2038372040;2101688257;-527866485;1047376140;1509982142;-1118987603"
"main_g1_a0p5_m160",6,31,160,5460031,"reserved_robustness_evaluation","10407;-97018741;1710172212;331942415;-2132482903;-1600485027;-1163034484"
"main_g1_a0p5_m160",6,32,160,5460032,"reserved_robustness_evaluation","10407;188810265;-736017501;642531474;408489958;1128584877;1481774278"
"main_g1_a0p5_m160",6,33,160,5460033,"reserved_robustness_evaluation","10407;1468827588;350415348;1063676509;1395542439;1133807344;915161232"
"main_g1_a0p5_m160",6,34,160,5460034,"reserved_robustness_evaluation","10407;1216619598;-1054920285;1975717540;-245440817;-1166968927;-594424325"
"main_g1_a0p5_m160",6,35,160,5460035,"reserved_robustness_evaluation","10407;-164769307;-92915952;1463214347;1018757153;-1654470236;-1812053084"
"main_g1_a0p5_m160",6,36,160,5460036,"reserved_robustness_evaluation","10407;27517630;-1877118081;1508599873;1472050692;121885968;2051733116"
"main_g1_a0p5_m160",6,37,160,5460037,"reserved_robustness_evaluation","10407;1230022958;827814088;-2041128498;197410886;1116374059;-226927793"
"main_g1_a0p5_m160",6,38,160,5460038,"reserved_robustness_evaluation","10407;-206564154;-843687092;1319940128;241696164;1988817460;490716769"
"main_g1_a0p5_m160",6,39,160,5460039,"reserved_robustness_evaluation","10407;192927808;410389200;-310402218;2064108582;164491546;1226102587"
"main_g1_a0p5_m160",6,40,160,5460040,"reserved_robustness_evaluation","10407;-217793532;843665670;1278566255;1903501938;168332949;642967139"
"main_g1_a0p5_m160",6,41,160,5460041,"reserved_robustness_evaluation","10407;-1318622690;-317953953;-1974417395;-1390358826;1514993445;1971174001"
"main_g1_a0p5_m160",6,42,160,5460042,"reserved_robustness_evaluation","10407;-794824195;1215154179;-2076405057;1267865271;-1469254304;-1327738179"
"main_g1_a0p5_m160",6,43,160,5460043,"reserved_robustness_evaluation","10407;1663537116;224958630;-541884481;2140841273;532411602;296195571"
"main_g1_a0p5_m160",6,44,160,5460044,"reserved_robustness_evaluation","10407;-1206323607;401291714;1358744318;-422148565;-1217991235;1862648688"
"main_g1_a0p5_m160",6,45,160,5460045,"reserved_robustness_evaluation","10407;999105431;140145936;-1225041244;-290826848;-1656214973;-1828474455"
"main_g1_a0p5_m160",6,46,160,5460046,"reserved_robustness_evaluation","10407;-959327090;-435122105;-1641662305;-1126493198;2094886072;-1376024649"
"main_g1_a0p5_m160",6,47,160,5460047,"reserved_robustness_evaluation","10407;623679681;1005093234;474723245;-2142865496;585272151;-1964761680"
"main_g1_a0p5_m160",6,48,160,5460048,"reserved_robustness_evaluation","10407;-1020761538;958345359;143792020;-357612275;-1767709016;-1846012062"
"main_g1_a0p5_m160",6,49,160,5460049,"reserved_robustness_evaluation","10407;1876198275;496481947;-434145422;-801448904;-419901619;698062964"
"main_g1_a0p5_m160",6,50,160,5460050,"reserved_robustness_evaluation","10407;-1741921276;94320863;1063999760;-427987654;1241369503;-56087098"
"main_g1_a0p5_m160",6,51,160,5460051,"reserved_robustness_evaluation","10407;-2090972141;116221219;1878533041;-433705427;-1470538463;1480986812"
"main_g1_a0p5_m160",6,52,160,5460052,"reserved_robustness_evaluation","10407;-1229770644;1789303011;-1644998954;1537792641;1841025128;643398212"
"main_g1_a0p5_m160",6,53,160,5460053,"reserved_robustness_evaluation","10407;-1169657111;1530151078;634241050;979486006;1727956071;-2052132829"
"main_g1_a0p5_m160",6,54,160,5460054,"reserved_robustness_evaluation","10407;-482914953;-2081208299;1607640913;-1758508896;200706134;1626686881"
"main_g1_a0p5_m160",6,55,160,5460055,"reserved_robustness_evaluation","10407;-24546466;-448468354;-923649792;164288751;-316901172;-1081018777"
"main_g1_a0p5_m160",6,56,160,5460056,"reserved_robustness_evaluation","10407;-154416702;890488064;-584040057;-1084346281;95378458;87739932"
"main_g1_a0p5_m160",6,57,160,5460057,"reserved_robustness_evaluation","10407;-1007643469;1927143459;-1337903136;-833948826;1729455168;-1463280652"
"main_g1_a0p5_m160",6,58,160,5460058,"reserved_robustness_evaluation","10407;-2146525736;-29539493;1239715201;-1782078509;-1023416115;-1322172112"
"main_g1_a0p5_m160",6,59,160,5460059,"reserved_robustness_evaluation","10407;-1818618835;1135066144;1199334850;1726035597;-1255084969;917461226"
"main_g1_a0p5_m160",6,60,160,5460060,"reserved_robustness_evaluation","10407;894471427;1772614350;1180386859;-1098119383;834231646;1900708897"
"main_g0p1_a0_m40",7,1,40,5470001,"reserved_robustness_evaluation","10407;-1395512891;831365985;-604250405;-2062793176;-565312571;1625945208"
"main_g0p1_a0_m40",7,2,40,5470002,"reserved_robustness_evaluation","10407;2203220;525517868;-388430118;-659415698;-1198587666;512500691"
"main_g0p1_a0_m40",7,3,40,5470003,"reserved_robustness_evaluation","10407;-1596274009;-1248936297;2138227478;724290777;-427865970;1930490527"
"main_g0p1_a0_m40",7,4,40,5470004,"reserved_robustness_evaluation","10407;1845297239;1847849460;-574471392;-2102477903;1568618536;-1050464051"
"main_g0p1_a0_m40",7,5,40,5470005,"reserved_robustness_evaluation","10407;-882495588;1603594484;-691759693;1267655236;-1331818374;-697225881"
"main_g0p1_a0_m40",7,6,40,5470006,"reserved_robustness_evaluation","10407;-2140888122;-1492991733;265790614;-1958647778;1067261928;1961026355"
"main_g0p1_a0_m40",7,7,40,5470007,"reserved_robustness_evaluation","10407;1238340130;-17262677;370291191;-1365037537;-352553983;-1239128477"
"main_g0p1_a0_m40",7,8,40,5470008,"reserved_robustness_evaluation","10407;-494920130;1236277004;-369567767;-553253541;111879115;2141473690"
"main_g0p1_a0_m40",7,9,40,5470009,"reserved_robustness_evaluation","10407;-1352729066;-1276550039;-1034921013;1864957117;1737800711;-1670067885"
"main_g0p1_a0_m40",7,10,40,5470010,"reserved_robustness_evaluation","10407;1914545018;-394733771;1886082873;1463093750;1212326000;1353263771"
"main_g0p1_a0_m40",7,11,40,5470011,"reserved_robustness_evaluation","10407;-1140291149;1255452300;-1099222933;-230050270;-518431621;1140091498"
"main_g0p1_a0_m40",7,12,40,5470012,"reserved_robustness_evaluation","10407;-1787850977;-137868597;-725892258;213136738;2020733225;1303600149"
"main_g0p1_a0_m40",7,13,40,5470013,"reserved_robustness_evaluation","10407;-341644761;1595151702;-1772003825;1515468039;1933864183;2066523859"
"main_g0p1_a0_m40",7,14,40,5470014,"reserved_robustness_evaluation","10407;2093444675;-79841353;-690784180;-1668743275;1762602311;1730084619"
"main_g0p1_a0_m40",7,15,40,5470015,"reserved_robustness_evaluation","10407;2016803241;1118618578;-1047759612;-460816408;1299803602;-324787837"
"main_g0p1_a0_m40",7,16,40,5470016,"reserved_robustness_evaluation","10407;-154648895;-2021927643;1836092984;1315867848;-676120110;-246830310"
"main_g0p1_a0_m40",7,17,40,5470017,"reserved_robustness_evaluation","10407;-1438474321;-1866951077;-190108516;-1515479569;-1003427762;1453842966"
"main_g0p1_a0_m40",7,18,40,5470018,"reserved_robustness_evaluation","10407;1015370105;1356922806;-1159323928;-1440373089;202103892;-764191329"
"main_g0p1_a0_m40",7,19,40,5470019,"reserved_robustness_evaluation","10407;306952297;524840194;-803783626;681274406;-931588796;-670904147"
"main_g0p1_a0_m40",7,20,40,5470020,"reserved_robustness_evaluation","10407;-94944093;1064519592;-1691481970;1130555475;-724978556;324570004"
"main_g0p1_a0_m40",7,21,40,5470021,"reserved_robustness_evaluation","10407;-1065080703;-59821418;-1883295343;1945085654;-168582798;1261653772"
"main_g0p1_a0_m40",7,22,40,5470022,"reserved_robustness_evaluation","10407;-1034408661;-97611757;94207478;126182011;1387101563;-2022116918"
"main_g0p1_a0_m40",7,23,40,5470023,"reserved_robustness_evaluation","10407;1811708034;2136696094;1854593385;1823934113;1768886732;-1863042516"
"main_g0p1_a0_m40",7,24,40,5470024,"reserved_robustness_evaluation","10407;268285160;-978997559;-1271707369;-314427225;598187264;-846157722"
"main_g0p1_a0_m40",7,25,40,5470025,"reserved_robustness_evaluation","10407;-1738411110;-585914018;814218814;-827456470;961847439;149104488"
"main_g0p1_a0_m40",7,26,40,5470026,"reserved_robustness_evaluation","10407;468308753;-474455529;-913823978;1596911309;-1366080160;92441983"
"main_g0p1_a0_m40",7,27,40,5470027,"reserved_robustness_evaluation","10407;-1113507694;-1163448281;1412927734;2071798436;-1132479509;576633824"
"main_g0p1_a0_m40",7,28,40,5470028,"reserved_robustness_evaluation","10407;859456495;1308439943;-1124367679;1590504168;-493104529;427215791"
"main_g0p1_a0_m40",7,29,40,5470029,"reserved_robustness_evaluation","10407;1186482135;1881262667;-1121409790;1631461342;-589644644;-1895405319"
"main_g0p1_a0_m40",7,30,40,5470030,"reserved_robustness_evaluation","10407;1196320441;-140181108;1393355452;-1105171787;903515834;958645706"
"main_g0p1_a0_m40",7,31,40,5470031,"reserved_robustness_evaluation","10407;-1228142425;-1299826446;-778238991;-747521945;-1863463065;-1751710264"
"main_g0p1_a0_m40",7,32,40,5470032,"reserved_robustness_evaluation","10407;1779413455;320024135;-1144906262;-183759993;904542928;1798611247"
"main_g0p1_a0_m40",7,33,40,5470033,"reserved_robustness_evaluation","10407;1375681598;-275245007;1726492091;1426901616;860421794;1812814659"
"main_g0p1_a0_m40",7,34,40,5470034,"reserved_robustness_evaluation","10407;-1075117810;-423849716;2090032053;1227826343;-1152967481;-550492106"
"main_g0p1_a0_m40",7,35,40,5470035,"reserved_robustness_evaluation","10407;2061207242;1433294512;-734012722;-455737562;-1727917345;-810052258"
"main_g0p1_a0_m40",7,36,40,5470036,"reserved_robustness_evaluation","10407;-108363519;-1131839139;-436930319;1399907221;1845939781;989827831"
"main_g0p1_a0_m40",7,37,40,5470037,"reserved_robustness_evaluation","10407;1819474062;301729747;1518860067;-1106389695;-238643440;96380811"
"main_g0p1_a0_m40",7,38,40,5470038,"reserved_robustness_evaluation","10407;285703260;1051308630;997791515;752491745;-1022304913;1745324553"
"main_g0p1_a0_m40",7,39,40,5470039,"reserved_robustness_evaluation","10407;1151147204;-1722589877;-972039135;-1995901433;-671734403;1870686845"
"main_g0p1_a0_m40",7,40,40,5470040,"reserved_robustness_evaluation","10407;-927973697;-354296397;-493561856;1710759942;454950334;-1945924343"
"main_g0p1_a0_m40",7,41,40,5470041,"reserved_robustness_evaluation","10407;-285200984;-525196794;224657361;-477605565;-1913333027;-860813466"
"main_g0p1_a0_m40",7,42,40,5470042,"reserved_robustness_evaluation","10407;-1744272159;-1748818021;-1353211880;1597877927;-182986752;385682254"
"main_g0p1_a0_m40",7,43,40,5470043,"reserved_robustness_evaluation","10407;511184612;2054006571;55010968;-1358856996;1971102825;-2023131598"
"main_g0p1_a0_m40",7,44,40,5470044,"reserved_robustness_evaluation","10407;1336589693;-2073570718;1960031648;-640390584;-2089429328;1493226978"
"main_g0p1_a0_m40",7,45,40,5470045,"reserved_robustness_evaluation","10407;-994401638;-574299783;-547061635;1221570034;1855684449;2011718434"
"main_g0p1_a0_m40",7,46,40,5470046,"reserved_robustness_evaluation","10407;-783512438;-580255380;841362375;-1354409181;1787964135;1619848570"
"main_g0p1_a0_m40",7,47,40,5470047,"reserved_robustness_evaluation","10407;1271903567;559184907;191265353;-533167914;-300999746;-1511676677"
"main_g0p1_a0_m40",7,48,40,5470048,"reserved_robustness_evaluation","10407;-1769910220;214330292;-737334521;409385568;1069066433;-1038393948"
"main_g0p1_a0_m40",7,49,40,5470049,"reserved_robustness_evaluation","10407;2083157213;-2119531950;1907785938;-776348202;-1201904985;2033152155"
"main_g0p1_a0_m40",7,50,40,5470050,"reserved_robustness_evaluation","10407;-2104909463;-47280726;1253203882;1511168672;1921171479;-1785213055"
"main_g0p1_a0_m40",7,51,40,5470051,"reserved_robustness_evaluation","10407;-1492692307;-1581747322;-687343766;711563307;247309190;437317793"
"main_g0p1_a0_m40",7,52,40,5470052,"reserved_robustness_evaluation","10407;203792036;1730488590;-1844960782;-1661272254;1957404495;-764427238"
"main_g0p1_a0_m40",7,53,40,5470053,"reserved_robustness_evaluation","10407;-1496054561;-2058164866;1045759971;-481367942;-308549900;1133843737"
"main_g0p1_a0_m40",7,54,40,5470054,"reserved_robustness_evaluation","10407;645585316;157507878;657200100;-341464778;-533853330;-456583136"
"main_g0p1_a0_m40",7,55,40,5470055,"reserved_robustness_evaluation","10407;-1961652616;851443873;577029089;-430804410;-1404363315;-1705340744"
"main_g0p1_a0_m40",7,56,40,5470056,"reserved_robustness_evaluation","10407;-307182696;-1838557072;881512884;-1592526103;-1456062976;925623581"
"main_g0p1_a0_m40",7,57,40,5470057,"reserved_robustness_evaluation","10407;1973185223;1078775576;-263946136;-1119092305;2089750998;772908195"
"main_g0p1_a0_m40",7,58,40,5470058,"reserved_robustness_evaluation","10407;1254024826;587833633;56902565;753480627;-104487114;-2085603965"
"main_g0p1_a0_m40",7,59,40,5470059,"reserved_robustness_evaluation","10407;-2021821963;-1871419196;-818804908;-1736159662;1316407553;1517382070"
"main_g0p1_a0_m40",7,60,40,5470060,"reserved_robustness_evaluation","10407;1092816373;441667373;1261671394;1417047858;-1205933558;971147761"
"main_g0p1_a0_m160",8,1,160,5480001,"reserved_robustness_evaluation","10407;1353371292;-1490352783;-1158610376;-2116996358;-2108755499;886513686"
"main_g0p1_a0_m160",8,2,160,5480002,"reserved_robustness_evaluation","10407;-1378355573;574387230;-165043785;-1850427380;943454680;-1967840698"
"main_g0p1_a0_m160",8,3,160,5480003,"reserved_robustness_evaluation","10407;-28057233;-42714998;736203950;-687943434;-1033479177;-847283246"
"main_g0p1_a0_m160",8,4,160,5480004,"reserved_robustness_evaluation","10407;280440730;886916689;205332991;942815258;833782482;1456574758"
"main_g0p1_a0_m160",8,5,160,5480005,"reserved_robustness_evaluation","10407;-1508713844;-1014767976;-2109458819;159481046;1447745443;-432708723"
"main_g0p1_a0_m160",8,6,160,5480006,"reserved_robustness_evaluation","10407;-2104701973;126535393;1405932068;-1619753046;-1780395144;-1454772922"
"main_g0p1_a0_m160",8,7,160,5480007,"reserved_robustness_evaluation","10407;301510252;1167043833;-1615828458;1053075467;1517481070;697475200"
"main_g0p1_a0_m160",8,8,160,5480008,"reserved_robustness_evaluation","10407;-969715022;-33624616;-1249762266;-1624001551;-1933348760;-2093600442"
"main_g0p1_a0_m160",8,9,160,5480009,"reserved_robustness_evaluation","10407;1025791088;1421711695;1166979362;-136589186;-1292338994;1393131341"
"main_g0p1_a0_m160",8,10,160,5480010,"reserved_robustness_evaluation","10407;303954642;7018990;-1157347789;550724993;651710611;558314943"
"main_g0p1_a0_m160",8,11,160,5480011,"reserved_robustness_evaluation","10407;974075833;1088209203;-1140561988;356681696;-560642283;-1283938081"
"main_g0p1_a0_m160",8,12,160,5480012,"reserved_robustness_evaluation","10407;-1241417013;-93960126;525320252;699030203;1893721157;1080085030"
"main_g0p1_a0_m160",8,13,160,5480013,"reserved_robustness_evaluation","10407;1464717097;975271780;483531019;-1474141838;-533580366;-1617073266"
"main_g0p1_a0_m160",8,14,160,5480014,"reserved_robustness_evaluation","10407;163490601;-1655476388;-2104767527;-1002377685;124778817;-1289066229"
"main_g0p1_a0_m160",8,15,160,5480015,"reserved_robustness_evaluation","10407;1320202903;1054962100;-569132116;1575047188;-1215179545;378565821"
"main_g0p1_a0_m160",8,16,160,5480016,"reserved_robustness_evaluation","10407;668885692;-1819525934;1863346001;2059642812;-1844461119;-134870227"
"main_g0p1_a0_m160",8,17,160,5480017,"reserved_robustness_evaluation","10407;1949523020;1926046483;571836280;2025440679;1011368406;203129705"
"main_g0p1_a0_m160",8,18,160,5480018,"reserved_robustness_evaluation","10407;1561749686;-1072393365;-1381591694;-1765460492;1784678152;2091886581"
"main_g0p1_a0_m160",8,19,160,5480019,"reserved_robustness_evaluation","10407;-1666252860;-509973158;907284875;-1782861829;1867748284;-509808480"
"main_g0p1_a0_m160",8,20,160,5480020,"reserved_robustness_evaluation","10407;1723794749;1915999162;500998987;126881651;-93862369;-2002844241"
"main_g0p1_a0_m160",8,21,160,5480021,"reserved_robustness_evaluation","10407;162645272;2050608355;-408239863;1872346549;-1857446623;-1310098003"
"main_g0p1_a0_m160",8,22,160,5480022,"reserved_robustness_evaluation","10407;-434007397;319856050;797839157;-972812549;-73578133;-576195289"
"main_g0p1_a0_m160",8,23,160,5480023,"reserved_robustness_evaluation","10407;191602571;-662857760;-546192396;-485747018;720735062;1925069586"
"main_g0p1_a0_m160",8,24,160,5480024,"reserved_robustness_evaluation","10407;567425760;1696769696;1087706892;21042939;934802944;1375734119"
"main_g0p1_a0_m160",8,25,160,5480025,"reserved_robustness_evaluation","10407;-787523611;-2069368525;439870598;-1472072727;-717944089;327099019"
"main_g0p1_a0_m160",8,26,160,5480026,"reserved_robustness_evaluation","10407;311732034;1657868917;157338016;-1994586208;-1511469990;1809945178"
"main_g0p1_a0_m160",8,27,160,5480027,"reserved_robustness_evaluation","10407;-2021177878;-1658953559;665778434;1447199388;837512301;-1400138051"
"main_g0p1_a0_m160",8,28,160,5480028,"reserved_robustness_evaluation","10407;1219217941;-666368059;1585168016;671936689;-928228719;-1999784045"
"main_g0p1_a0_m160",8,29,160,5480029,"reserved_robustness_evaluation","10407;-1979576610;133038273;1926745277;44328633;-1233386952;1008276993"
"main_g0p1_a0_m160",8,30,160,5480030,"reserved_robustness_evaluation","10407;165303013;1658179970;1946438268;372804681;-1990897138;-1504132131"
"main_g0p1_a0_m160",8,31,160,5480031,"reserved_robustness_evaluation","10407;341234416;1018334737;54865570;116069935;-957395371;940662003"
"main_g0p1_a0_m160",8,32,160,5480032,"reserved_robustness_evaluation","10407;-1203602814;-700972044;1531765505;2024815211;2074822979;-1032653540"
"main_g0p1_a0_m160",8,33,160,5480033,"reserved_robustness_evaluation","10407;-878126181;-1758187986;1205265442;386243252;277960062;-1680464399"
"main_g0p1_a0_m160",8,34,160,5480034,"reserved_robustness_evaluation","10407;-791620140;1674439003;1662521335;462977192;2110996855;-1257226800"
"main_g0p1_a0_m160",8,35,160,5480035,"reserved_robustness_evaluation","10407;-61124106;1505650505;2093478788;1996628393;-550853360;1776852060"
"main_g0p1_a0_m160",8,36,160,5480036,"reserved_robustness_evaluation","10407;1732209763;-1539471862;-686557837;308991517;-1808106854;-622900750"
"main_g0p1_a0_m160",8,37,160,5480037,"reserved_robustness_evaluation","10407;-829510187;-328562289;1581550104;-628908667;1584064301;366785183"
"main_g0p1_a0_m160",8,38,160,5480038,"reserved_robustness_evaluation","10407;51225729;208849524;-591903466;-519317866;-1506171696;595516562"
"main_g0p1_a0_m160",8,39,160,5480039,"reserved_robustness_evaluation","10407;728732641;1932604477;-1159822190;1429060108;890717345;-1855732754"
"main_g0p1_a0_m160",8,40,160,5480040,"reserved_robustness_evaluation","10407;154319324;-1152940505;-662002091;-1124627514;1036953343;-2082639868"
"main_g0p1_a0_m160",8,41,160,5480041,"reserved_robustness_evaluation","10407;-141780435;-811754302;805726157;2112339439;309783434;-803712978"
"main_g0p1_a0_m160",8,42,160,5480042,"reserved_robustness_evaluation","10407;180093348;1365047547;2070875983;-1146133948;2064813544;609647499"
"main_g0p1_a0_m160",8,43,160,5480043,"reserved_robustness_evaluation","10407;-348365181;1042113903;1048508653;1592262217;1949769256;-1304130"
"main_g0p1_a0_m160",8,44,160,5480044,"reserved_robustness_evaluation","10407;1713922776;-1451019510;205850206;87696999;-919212268;-1362425978"
"main_g0p1_a0_m160",8,45,160,5480045,"reserved_robustness_evaluation","10407;-1129779428;1882015939;-1608508970;1568735144;551916956;-1270312348"
"main_g0p1_a0_m160",8,46,160,5480046,"reserved_robustness_evaluation","10407;235728658;-921122364;-2068252740;548316144;357362948;-449043719"
"main_g0p1_a0_m160",8,47,160,5480047,"reserved_robustness_evaluation","10407;-1499133766;1396643956;-1533188155;-1991310242;-1667313795;-627648911"
"main_g0p1_a0_m160",8,48,160,5480048,"reserved_robustness_evaluation","10407;-836876262;-171202952;-1401304427;-825507102;-1599353587;-1048613548"
"main_g0p1_a0_m160",8,49,160,5480049,"reserved_robustness_evaluation","10407;-1617198826;449371001;-1413370646;541057931;-1760727424;66742342"
"main_g0p1_a0_m160",8,50,160,5480050,"reserved_robustness_evaluation","10407;387676981;-247000572;1449750082;-1853033821;-711643075;879429467"
"main_g0p1_a0_m160",8,51,160,5480051,"reserved_robustness_evaluation","10407;-722955411;-754622912;1241839061;-396011748;554662224;811286000"
"main_g0p1_a0_m160",8,52,160,5480052,"reserved_robustness_evaluation","10407;1591479125;1701716133;44161268;614450767;-1975439732;-1213029256"
"main_g0p1_a0_m160",8,53,160,5480053,"reserved_robustness_evaluation","10407;1111970257;2037749453;1961229013;-1133786768;592997225;-458327913"
"main_g0p1_a0_m160",8,54,160,5480054,"reserved_robustness_evaluation","10407;328404875;-922852513;-956900313;1020406439;-171060176;-672232035"
"main_g0p1_a0_m160",8,55,160,5480055,"reserved_robustness_evaluation","10407;23672959;530873562;-1325379011;1333526132;-46289516;-1295558628"
"main_g0p1_a0_m160",8,56,160,5480056,"reserved_robustness_evaluation","10407;-1159026355;976150338;1699886879;1145682040;-2037213483;-1246784355"
"main_g0p1_a0_m160",8,57,160,5480057,"reserved_robustness_evaluation","10407;-1877910212;-193819752;379199729;675579708;1484990567;-1201323783"
"main_g0p1_a0_m160",8,58,160,5480058,"reserved_robustness_evaluation","10407;1403403475;-173563437;942085178;534085638;-603077960;1510618463"
"main_g0p1_a0_m160",8,59,160,5480059,"reserved_robustness_evaluation","10407;183988940;-1629152890;-888635900;-1425506311;-1145619777;-1607660038"
"main_g0p1_a0_m160",8,60,160,5480060,"reserved_robustness_evaluation","10407;-1328840247;-846058203;-134119625;574559356;-2052526496;-1298715449"
"main_g0p1_a0p25_m40",9,1,40,5490001,"reserved_robustness_evaluation","10407;153951727;-835122117;463814519;403733776;1858922814;1767257691"
"main_g0p1_a0p25_m40",9,2,40,5490002,"reserved_robustness_evaluation","10407;-93692049;1918823452;355232746;1069670211;-1364961068;-1649192165"
"main_g0p1_a0p25_m40",9,3,40,5490003,"reserved_robustness_evaluation","10407;-1931617360;-795518970;-2029723859;-2054665883;-476879556;-359566499"
"main_g0p1_a0p25_m40",9,4,40,5490004,"reserved_robustness_evaluation","10407;-118695483;-1132731251;1652167548;-1886586537;-1693464992;1471051369"
"main_g0p1_a0p25_m40",9,5,40,5490005,"reserved_robustness_evaluation","10407;-1220705149;473793870;220982427;-921248819;1120098501;2124609463"
"main_g0p1_a0p25_m40",9,6,40,5490006,"reserved_robustness_evaluation","10407;-633891845;-870558667;243902808;-545584847;-1101471807;-625423752"
"main_g0p1_a0p25_m40",9,7,40,5490007,"reserved_robustness_evaluation","10407;-428370681;1886263368;-1052529873;1706716892;-573918832;-1193889131"
"main_g0p1_a0p25_m40",9,8,40,5490008,"reserved_robustness_evaluation","10407;212472452;-1920057291;1104971550;-712012950;-273886640;1811982361"
"main_g0p1_a0p25_m40",9,9,40,5490009,"reserved_robustness_evaluation","10407;1351312341;1872302969;-1552093626;-900523017;-484978807;-1798255432"
"main_g0p1_a0p25_m40",9,10,40,5490010,"reserved_robustness_evaluation","10407;-1007026216;-1748541916;447061914;-987041670;-1175462966;-2138453886"
"main_g0p1_a0p25_m40",9,11,40,5490011,"reserved_robustness_evaluation","10407;-495885248;407901724;-1940111914;1876519796;-1302805121;-2143739668"
"main_g0p1_a0p25_m40",9,12,40,5490012,"reserved_robustness_evaluation","10407;1689342850;-344912923;-1178335279;-62671674;1099453668;-459870422"
"main_g0p1_a0p25_m40",9,13,40,5490013,"reserved_robustness_evaluation","10407;-827491592;-1915778372;673016299;1312531244;873088187;-739870501"
"main_g0p1_a0p25_m40",9,14,40,5490014,"reserved_robustness_evaluation","10407;2015553214;-1584116277;1820227776;1864796885;-1008489716;1375810754"
"main_g0p1_a0p25_m40",9,15,40,5490015,"reserved_robustness_evaluation","10407;1457612305;-842900466;1286858058;-343655203;-1269635846;958216263"
"main_g0p1_a0p25_m40",9,16,40,5490016,"reserved_robustness_evaluation","10407;313167788;-498202536;1777607335;-127781252;-955471080;-1557098733"
"main_g0p1_a0p25_m40",9,17,40,5490017,"reserved_robustness_evaluation","10407;-298594424;-863764372;72728631;97493575;138953813;-1157599111"
"main_g0p1_a0p25_m40",9,18,40,5490018,"reserved_robustness_evaluation","10407;1395655665;1555798836;1829415853;924760552;-1387512997;-1146459812"
"main_g0p1_a0p25_m40",9,19,40,5490019,"reserved_robustness_evaluation","10407;-494307067;581465041;1860605655;-1641856013;344609069;-1813059033"
"main_g0p1_a0p25_m40",9,20,40,5490020,"reserved_robustness_evaluation","10407;-1298713681;1418542650;-1888624713;1416598357;611908108;1387562380"
"main_g0p1_a0p25_m40",9,21,40,5490021,"reserved_robustness_evaluation","10407;1504575571;518114534;-1959967032;-330893998;-213728651;705689208"
"main_g0p1_a0p25_m40",9,22,40,5490022,"reserved_robustness_evaluation","10407;-1405628693;-1268825023;-1667671770;1651539906;-1437413954;1434843266"
"main_g0p1_a0p25_m40",9,23,40,5490023,"reserved_robustness_evaluation","10407;676378760;-1194890089;1197965161;-1852961196;2009054199;1780879943"
"main_g0p1_a0p25_m40",9,24,40,5490024,"reserved_robustness_evaluation","10407;1897803054;-1687181673;331542386;-539425472;-415918984;226938551"
"main_g0p1_a0p25_m40",9,25,40,5490025,"reserved_robustness_evaluation","10407;-1417454411;-1178307340;465928054;1212097580;-410491106;-415554570"
"main_g0p1_a0p25_m40",9,26,40,5490026,"reserved_robustness_evaluation","10407;739528904;1914977738;-1652591798;2119234072;2034996501;1553464596"
"main_g0p1_a0p25_m40",9,27,40,5490027,"reserved_robustness_evaluation","10407;-1170607996;-1297049858;829028565;-630733326;-23530531;1012938073"
"main_g0p1_a0p25_m40",9,28,40,5490028,"reserved_robustness_evaluation","10407;682913580;-1088437366;-270593139;896608978;-64736151;644557881"
"main_g0p1_a0p25_m40",9,29,40,5490029,"reserved_robustness_evaluation","10407;-56355424;14048443;1335246253;-1829887698;-1680982993;272640518"
"main_g0p1_a0p25_m40",9,30,40,5490030,"reserved_robustness_evaluation","10407;537255130;-908397879;290812196;-1797032482;917080332;-1649709279"
"main_g0p1_a0p25_m40",9,31,40,5490031,"reserved_robustness_evaluation","10407;-1598029016;1819111705;-1576918827;1257728757;833664245;-1931026585"
"main_g0p1_a0p25_m40",9,32,40,5490032,"reserved_robustness_evaluation","10407;-763955898;-1231320141;-627513094;-1730575339;2076202573;-456307559"
"main_g0p1_a0p25_m40",9,33,40,5490033,"reserved_robustness_evaluation","10407;516624614;-687609442;-1259542833;-1783328522;72509227;191201378"
"main_g0p1_a0p25_m40",9,34,40,5490034,"reserved_robustness_evaluation","10407;532519483;594729725;-353341566;-1105973550;-1157826783;-1285699743"
"main_g0p1_a0p25_m40",9,35,40,5490035,"reserved_robustness_evaluation","10407;-2091010067;670060607;-1355478845;1759747987;-128371187;-1300827255"
"main_g0p1_a0p25_m40",9,36,40,5490036,"reserved_robustness_evaluation","10407;80775345;-1155470738;-1195658542;-281528230;-800924234;-528702851"
"main_g0p1_a0p25_m40",9,37,40,5490037,"reserved_robustness_evaluation","10407;-1065651861;499505739;-473082683;171245782;-371342566;-1702245952"
"main_g0p1_a0p25_m40",9,38,40,5490038,"reserved_robustness_evaluation","10407;1799492659;1463742578;-1900580830;1304365905;916885936;1160090879"
"main_g0p1_a0p25_m40",9,39,40,5490039,"reserved_robustness_evaluation","10407;-618362535;-36041990;-1969096910;-312941568;-1292325606;177996746"
"main_g0p1_a0p25_m40",9,40,40,5490040,"reserved_robustness_evaluation","10407;-812205572;1822754566;-35742046;702306523;2133351175;1965137365"
"main_g0p1_a0p25_m40",9,41,40,5490041,"reserved_robustness_evaluation","10407;-1032085104;-667557309;18129183;441545646;2118126087;-1866571958"
"main_g0p1_a0p25_m40",9,42,40,5490042,"reserved_robustness_evaluation","10407;-934329758;379430029;1423021378;327796092;1844307771;-1002139612"
"main_g0p1_a0p25_m40",9,43,40,5490043,"reserved_robustness_evaluation","10407;-1600478177;26448000;-1222678914;-244220796;565955992;-1153701985"
"main_g0p1_a0p25_m40",9,44,40,5490044,"reserved_robustness_evaluation","10407;1031184258;1453206045;304711572;581982977;-2029547475;-1644407862"
"main_g0p1_a0p25_m40",9,45,40,5490045,"reserved_robustness_evaluation","10407;231957976;-2010684725;-242887182;478228363;92650482;809955218"
"main_g0p1_a0p25_m40",9,46,40,5490046,"reserved_robustness_evaluation","10407;229992568;-132223153;-1275030833;-1422196238;-1331245074;-8229499"
"main_g0p1_a0p25_m40",9,47,40,5490047,"reserved_robustness_evaluation","10407;1293378756;1471213083;809879972;110108887;199719762;-750183631"
"main_g0p1_a0p25_m40",9,48,40,5490048,"reserved_robustness_evaluation","10407;-963327633;1994829241;1250847764;154042235;-957675580;969154662"
"main_g0p1_a0p25_m40",9,49,40,5490049,"reserved_robustness_evaluation","10407;-2139847461;1385412036;1022840647;-221374883;-857587028;-374186894"
"main_g0p1_a0p25_m40",9,50,40,5490050,"reserved_robustness_evaluation","10407;-1908945394;-1456641110;-2050972373;-450734320;-533112051;463275492"
"main_g0p1_a0p25_m40",9,51,40,5490051,"reserved_robustness_evaluation","10407;985301361;-51152263;1744049902;1745396012;1872039582;-1333510060"
"main_g0p1_a0p25_m40",9,52,40,5490052,"reserved_robustness_evaluation","10407;-1635995449;472833218;-1155028568;-1711260780;1757274435;-1106856423"
"main_g0p1_a0p25_m40",9,53,40,5490053,"reserved_robustness_evaluation","10407;-641742485;357842590;-1725668926;-441509477;-752616616;-1487737271"
"main_g0p1_a0p25_m40",9,54,40,5490054,"reserved_robustness_evaluation","10407;-1279823482;-574065063;-916807296;-1713803151;700597219;-591879408"
"main_g0p1_a0p25_m40",9,55,40,5490055,"reserved_robustness_evaluation","10407;1768633357;1047225797;-2111670923;1721961706;-1726533074;-779733968"
"main_g0p1_a0p25_m40",9,56,40,5490056,"reserved_robustness_evaluation","10407;-1318358899;666562798;-1765595099;-1383042174;-2037542230;-438189824"
"main_g0p1_a0p25_m40",9,57,40,5490057,"reserved_robustness_evaluation","10407;-990835967;61052169;763765692;1749454010;-1792756951;1763593962"
"main_g0p1_a0p25_m40",9,58,40,5490058,"reserved_robustness_evaluation","10407;255672248;1137615889;1750976087;129084365;-1973151273;-495823400"
"main_g0p1_a0p25_m40",9,59,40,5490059,"reserved_robustness_evaluation","10407;-1780779397;1538128441;-299833297;-703094562;304465886;-1732548853"
"main_g0p1_a0p25_m40",9,60,40,5490060,"reserved_robustness_evaluation","10407;1675492074;-854286467;860746481;-2132405961;-1304580117;470449822"
"main_g0p1_a0p25_m160",10,1,160,5500001,"reserved_robustness_evaluation","10407;-551094043;1220597011;981859957;1228322179;688647255;-142823118"
"main_g0p1_a0p25_m160",10,2,160,5500002,"reserved_robustness_evaluation","10407;1900922536;393818877;1689385057;63775816;-504592118;1229297547"
"main_g0p1_a0p25_m160",10,3,160,5500003,"reserved_robustness_evaluation","10407;1165915660;2019147865;912283168;472963551;1545007584;-115680162"
"main_g0p1_a0p25_m160",10,4,160,5500004,"reserved_robustness_evaluation","10407;1712272799;1716957106;-1388878418;985213197;1075023235;-159418392"
"main_g0p1_a0p25_m160",10,5,160,5500005,"reserved_robustness_evaluation","10407;1118151917;-946435684;987358738;-2038558959;1112845062;1842623785"
"main_g0p1_a0p25_m160",10,6,160,5500006,"reserved_robustness_evaluation","10407;2014474231;-1724006831;786590721;-2006101297;328001204;1968729300"
"main_g0p1_a0p25_m160",10,7,160,5500007,"reserved_robustness_evaluation","10407;-29069335;-34985986;1608158641;21330887;1147960756;-1236894434"
"main_g0p1_a0p25_m160",10,8,160,5500008,"reserved_robustness_evaluation","10407;1067032640;-1451682689;-1613440423;-967173123;-415960815;2015491407"
"main_g0p1_a0p25_m160",10,9,160,5500009,"reserved_robustness_evaluation","10407;-1046003883;-1302613098;-1828186534;1227650360;1597123949;-1639536219"
"main_g0p1_a0p25_m160",10,10,160,5500010,"reserved_robustness_evaluation","10407;-1903142540;-414472473;1164302546;650383953;-909315864;299558489"
"main_g0p1_a0p25_m160",10,11,160,5500011,"reserved_robustness_evaluation","10407;-623472270;1334986317;2129978477;459202092;2094827225;48383104"
"main_g0p1_a0p25_m160",10,12,160,5500012,"reserved_robustness_evaluation","10407;-162636618;-1338872519;619298246;-1076914026;1860148613;-606140435"
"main_g0p1_a0p25_m160",10,13,160,5500013,"reserved_robustness_evaluation","10407;1513911722;-548364270;-1361859788;1411037757;367371548;1147511967"
"main_g0p1_a0p25_m160",10,14,160,5500014,"reserved_robustness_evaluation","10407;465719724;1692877877;1199327526;223199617;-1963275087;390696418"
"main_g0p1_a0p25_m160",10,15,160,5500015,"reserved_robustness_evaluation","10407;-193886787;-1697102730;1339193170;-1433970328;-96516409;-418362321"
"main_g0p1_a0p25_m160",10,16,160,5500016,"reserved_robustness_evaluation","10407;200327768;1671699627;-1410493582;-556689922;-1193012922;-583733879"
"main_g0p1_a0p25_m160",10,17,160,5500017,"reserved_robustness_evaluation","10407;764707740;-1316493074;-1875742747;1861779910;1706268206;-353921047"
"main_g0p1_a0p25_m160",10,18,160,5500018,"reserved_robustness_evaluation","10407;-161683967;717262934;-1884871227;-822288085;1870068381;-494155184"
"main_g0p1_a0p25_m160",10,19,160,5500019,"reserved_robustness_evaluation","10407;-241421975;-1118462151;726204138;-1998525533;-363060839;-1099664819"
"main_g0p1_a0p25_m160",10,20,160,5500020,"reserved_robustness_evaluation","10407;631920205;-1129935892;-587744775;-942647737;-677745447;1722018125"
"main_g0p1_a0p25_m160",10,21,160,5500021,"reserved_robustness_evaluation","10407;2083563263;806162574;-1900825150;-862639955;550634139;2024699703"
"main_g0p1_a0p25_m160",10,22,160,5500022,"reserved_robustness_evaluation","10407;1749160683;-969414250;935092198;469238543;-18843998;1895543471"
"main_g0p1_a0p25_m160",10,23,160,5500023,"reserved_robustness_evaluation","10407;-676930642;1868878074;1045968380;-1602542896;499631029;-478435466"
"main_g0p1_a0p25_m160",10,24,160,5500024,"reserved_robustness_evaluation","10407;-559288529;631906390;362573103;287146076;-999995224;-274526526"
"main_g0p1_a0p25_m160",10,25,160,5500025,"reserved_robustness_evaluation","10407;-1436306050;653786257;-1029525402;631046149;165926038;-1509288557"
"main_g0p1_a0p25_m160",10,26,160,5500026,"reserved_robustness_evaluation","10407;-2088382336;800135186;-2118862180;-1623201739;607550725;-909425931"
"main_g0p1_a0p25_m160",10,27,160,5500027,"reserved_robustness_evaluation","10407;-27619220;1975364240;605539859;984463961;-899146702;2013314594"
"main_g0p1_a0p25_m160",10,28,160,5500028,"reserved_robustness_evaluation","10407;-906680451;-845935189;-1809218856;-1029082343;-1389302156;-671131269"
"main_g0p1_a0p25_m160",10,29,160,5500029,"reserved_robustness_evaluation","10407;-20159361;1396269470;1575646829;-989118310;-171170016;-1276364729"
"main_g0p1_a0p25_m160",10,30,160,5500030,"reserved_robustness_evaluation","10407;-626230336;-1655978288;-21077836;-892317783;1457671199;393631106"
"main_g0p1_a0p25_m160",10,31,160,5500031,"reserved_robustness_evaluation","10407;603826032;-2011825347;556238376;318761284;-1427851724;-870789166"
"main_g0p1_a0p25_m160",10,32,160,5500032,"reserved_robustness_evaluation","10407;253661218;666056228;270711454;-136344992;828985001;1662726834"
"main_g0p1_a0p25_m160",10,33,160,5500033,"reserved_robustness_evaluation","10407;-1363896647;-2140646556;-998530723;1404265438;-586978412;925886320"
"main_g0p1_a0p25_m160",10,34,160,5500034,"reserved_robustness_evaluation","10407;1122332282;1241647922;-1451554335;-478490494;743606341;-712453322"
"main_g0p1_a0p25_m160",10,35,160,5500035,"reserved_robustness_evaluation","10407;1955322793;-1252111121;41557406;-875182623;1438850555;1306267644"
"main_g0p1_a0p25_m160",10,36,160,5500036,"reserved_robustness_evaluation","10407;1929884841;1680065324;1245791665;926168269;400851953;227867651"
"main_g0p1_a0p25_m160",10,37,160,5500037,"reserved_robustness_evaluation","10407;-1101029952;14608212;3173978;-590769165;-2078707318;307549608"
"main_g0p1_a0p25_m160",10,38,160,5500038,"reserved_robustness_evaluation","10407;-1747674796;-2035737476;-1089131601;-1084744598;2052434239;1139767612"
"main_g0p1_a0p25_m160",10,39,160,5500039,"reserved_robustness_evaluation","10407;1059507048;1087483139;-1398001871;1510692371;-321150042;-1839362638"
"main_g0p1_a0p25_m160",10,40,160,5500040,"reserved_robustness_evaluation","10407;-1235196467;749466239;-685071548;-201229413;1303642610;-611096243"
"main_g0p1_a0p25_m160",10,41,160,5500041,"reserved_robustness_evaluation","10407;-436496631;-1452993331;728560350;1277061711;-1096816172;-787897381"
"main_g0p1_a0p25_m160",10,42,160,5500042,"reserved_robustness_evaluation","10407;1791974884;-992061803;1369190178;1862959403;1368638181;-1230214785"
"main_g0p1_a0p25_m160",10,43,160,5500043,"reserved_robustness_evaluation","10407;108781538;1202374893;360461614;-1031516017;-1160882179;-427502644"
"main_g0p1_a0p25_m160",10,44,160,5500044,"reserved_robustness_evaluation","10407;419597342;119663489;869326567;-1759839718;-1815757774;-738915684"
"main_g0p1_a0p25_m160",10,45,160,5500045,"reserved_robustness_evaluation","10407;-458842274;-1200148588;-758843505;852236495;248664093;200176517"
"main_g0p1_a0p25_m160",10,46,160,5500046,"reserved_robustness_evaluation","10407;1304145913;-466866937;-1283617902;-982676179;-383718387;1332669868"
"main_g0p1_a0p25_m160",10,47,160,5500047,"reserved_robustness_evaluation","10407;1199818035;-702904422;-1079305209;1299272517;1165199294;-117106383"
"main_g0p1_a0p25_m160",10,48,160,5500048,"reserved_robustness_evaluation","10407;-551682215;561301177;-640912669;-117928691;-1681130796;-1269005963"
"main_g0p1_a0p25_m160",10,49,160,5500049,"reserved_robustness_evaluation","10407;-621774061;-368286312;-531716320;412949481;-2137834109;2089384148"
"main_g0p1_a0p25_m160",10,50,160,5500050,"reserved_robustness_evaluation","10407;1767186149;-308299579;999625992;-1544616870;-1181605957;-596169818"
"main_g0p1_a0p25_m160",10,51,160,5500051,"reserved_robustness_evaluation","10407;507590016;860324025;-1061911886;-1792447753;-1356264748;1995782424"
"main_g0p1_a0p25_m160",10,52,160,5500052,"reserved_robustness_evaluation","10407;-1072601908;-284432708;-1909507630;-597602347;-1763840941;-1811529285"
"main_g0p1_a0p25_m160",10,53,160,5500053,"reserved_robustness_evaluation","10407;359089602;1543320036;-119320764;2106367388;1545108166;-1434305417"
"main_g0p1_a0p25_m160",10,54,160,5500054,"reserved_robustness_evaluation","10407;-1068803540;1626386577;217073906;1468027296;1495878477;1830391123"
"main_g0p1_a0p25_m160",10,55,160,5500055,"reserved_robustness_evaluation","10407;1246540378;1947208188;-1790224071;1883606979;330761791;687994659"
"main_g0p1_a0p25_m160",10,56,160,5500056,"reserved_robustness_evaluation","10407;1318334008;1599522437;-1058961116;-774593234;241118393;-245969733"
"main_g0p1_a0p25_m160",10,57,160,5500057,"reserved_robustness_evaluation","10407;1304404022;-62624162;490973279;701113406;796162499;-254279264"
"main_g0p1_a0p25_m160",10,58,160,5500058,"reserved_robustness_evaluation","10407;268922169;-1939842590;1571298231;1588501806;1943166296;416156062"
"main_g0p1_a0p25_m160",10,59,160,5500059,"reserved_robustness_evaluation","10407;-326316903;1776217920;1680130750;492152536;1835991550;1887064045"
"main_g0p1_a0p25_m160",10,60,160,5500060,"reserved_robustness_evaluation","10407;1332170841;-1505116128;-1444888391;-418882618;2112697294;-733711853"
"main_g0p1_a0p5_m40",11,1,40,5510001,"reserved_robustness_evaluation","10407;-1028415621;-782053681;1067612839;1879637649;1726709637;-590853549"
"main_g0p1_a0p5_m40",11,2,40,5510002,"reserved_robustness_evaluation","10407;908849713;443037752;-973945199;922863906;2143266168;1443308461"
"main_g0p1_a0p5_m40",11,3,40,5510003,"reserved_robustness_evaluation","10407;1986304446;766747915;1600460836;781602140;-1006923892;-423928947"
"main_g0p1_a0p5_m40",11,4,40,5510004,"reserved_robustness_evaluation","10407;-112836940;-897315511;384546517;-832500972;565046278;1200936406"
"main_g0p1_a0p5_m40",11,5,40,5510005,"reserved_robustness_evaluation","10407;-249145228;-959921055;-1003267197;-1586433473;94147871;-1488497099"
"main_g0p1_a0p5_m40",11,6,40,5510006,"reserved_robustness_evaluation","10407;-630907643;38995592;1228019172;-396685847;1679416327;1421849180"
"main_g0p1_a0p5_m40",11,7,40,5510007,"reserved_robustness_evaluation","10407;2083110659;-1531248293;-736791918;-740293738;-2011851100;-1102773434"
"main_g0p1_a0p5_m40",11,8,40,5510008,"reserved_robustness_evaluation","10407;871878648;-535411834;942006238;1093029328;688888779;468004077"
"main_g0p1_a0p5_m40",11,9,40,5510009,"reserved_robustness_evaluation","10407;-677012244;-1255299383;-1218230586;-617873570;-408890598;158329789"
"main_g0p1_a0p5_m40",11,10,40,5510010,"reserved_robustness_evaluation","10407;1984500307;-104904211;1189452248;1451841344;884300593;-755740315"
"main_g0p1_a0p5_m40",11,11,40,5510011,"reserved_robustness_evaluation","10407;1228618595;-272381989;985547812;423064678;-536927484;-1639892174"
"main_g0p1_a0p5_m40",11,12,40,5510012,"reserved_robustness_evaluation","10407;570535633;-148932772;-883675509;1166839257;-163965721;-1322694022"
"main_g0p1_a0p5_m40",11,13,40,5510013,"reserved_robustness_evaluation","10407;-1486844684;732428721;252701128;156558623;1171235747;1265077232"
"main_g0p1_a0p5_m40",11,14,40,5510014,"reserved_robustness_evaluation","10407;-1098460044;-1435934506;632916335;614153496;-1268061203;1936381563"
"main_g0p1_a0p5_m40",11,15,40,5510015,"reserved_robustness_evaluation","10407;-1820018167;-464660571;-2145295698;-1946438686;1772638824;-1892375181"
"main_g0p1_a0p5_m40",11,16,40,5510016,"reserved_robustness_evaluation","10407;-492069078;929479216;604496583;872052687;719878936;-1646675811"
"main_g0p1_a0p5_m40",11,17,40,5510017,"reserved_robustness_evaluation","10407;1275499641;888429096;1699353136;-1309134866;-150497521;-2013709007"
"main_g0p1_a0p5_m40",11,18,40,5510018,"reserved_robustness_evaluation","10407;781639131;-243826634;-1448433362;13301586;-1586841949;1172039043"
"main_g0p1_a0p5_m40",11,19,40,5510019,"reserved_robustness_evaluation","10407;1332244131;-918885532;-1934601078;294881608;578298356;-1886868101"
"main_g0p1_a0p5_m40",11,20,40,5510020,"reserved_robustness_evaluation","10407;1009955850;-520957781;-2065584276;786412756;-839402895;-530033795"
"main_g0p1_a0p5_m40",11,21,40,5510021,"reserved_robustness_evaluation","10407;1696453482;1307211010;838305349;193813787;-1524576245;-1239303702"
"main_g0p1_a0p5_m40",11,22,40,5510022,"reserved_robustness_evaluation","10407;-2069367932;2038919279;123054098;-1266839594;-211899663;824780097"
"main_g0p1_a0p5_m40",11,23,40,5510023,"reserved_robustness_evaluation","10407;806319481;-1988730514;922171329;1289354910;-1535900936;-844493593"
"main_g0p1_a0p5_m40",11,24,40,5510024,"reserved_robustness_evaluation","10407;-1311792952;-927123808;486758991;-22951183;511455509;-1565382026"
"main_g0p1_a0p5_m40",11,25,40,5510025,"reserved_robustness_evaluation","10407;-1829734771;-495088493;-196713411;873103752;-98226671;432885294"
"main_g0p1_a0p5_m40",11,26,40,5510026,"reserved_robustness_evaluation","10407;406731552;489801474;-2069169166;1423122663;75698471;1066066808"
"main_g0p1_a0p5_m40",11,27,40,5510027,"reserved_robustness_evaluation","10407;-2129363904;1927346540;-2068506005;-2012000526;-1518246865;-1100763790"
"main_g0p1_a0p5_m40",11,28,40,5510028,"reserved_robustness_evaluation","10407;1206334666;2125911017;1039496254;-1054316778;1428994421;-389488493"
"main_g0p1_a0p5_m40",11,29,40,5510029,"reserved_robustness_evaluation","10407;611541585;2060760699;-617100547;-483265946;-948116788;605960964"
"main_g0p1_a0p5_m40",11,30,40,5510030,"reserved_robustness_evaluation","10407;-1209245031;1520786355;126999753;885763895;-570932782;-1107842230"
"main_g0p1_a0p5_m40",11,31,40,5510031,"reserved_robustness_evaluation","10407;-382069682;-386535526;854668147;1857062154;60467404;-965332164"
"main_g0p1_a0p5_m40",11,32,40,5510032,"reserved_robustness_evaluation","10407;-1467188454;1566778282;-1035436626;-449447722;-1413321641;-1299519229"
"main_g0p1_a0p5_m40",11,33,40,5510033,"reserved_robustness_evaluation","10407;-237226048;-1134048433;1167240425;1279052466;107998515;1354502206"
"main_g0p1_a0p5_m40",11,34,40,5510034,"reserved_robustness_evaluation","10407;-1916085803;-1158446873;-832508888;186838629;1511713617;-410149034"
"main_g0p1_a0p5_m40",11,35,40,5510035,"reserved_robustness_evaluation","10407;-344122136;1526851073;686249134;-1011366275;1297552759;1188752175"
"main_g0p1_a0p5_m40",11,36,40,5510036,"reserved_robustness_evaluation","10407;1288227075;1082809095;-1011141880;1745855003;-1816186615;1891811444"
"main_g0p1_a0p5_m40",11,37,40,5510037,"reserved_robustness_evaluation","10407;282567742;1622535142;152064814;234347294;1664728159;-1943069214"
"main_g0p1_a0p5_m40",11,38,40,5510038,"reserved_robustness_evaluation","10407;-338761362;-545761636;234538990;-554767122;236720525;40247991"
"main_g0p1_a0p5_m40",11,39,40,5510039,"reserved_robustness_evaluation","10407;-412088064;1224922514;498398472;-255058284;169327729;-872473017"
"main_g0p1_a0p5_m40",11,40,40,5510040,"reserved_robustness_evaluation","10407;-138035618;-1597483884;1134200909;462546177;106633242;1021517822"
"main_g0p1_a0p5_m40",11,41,40,5510041,"reserved_robustness_evaluation","10407;2101181535;1533772019;-1270547663;-384867878;-364779510;1405359219"
"main_g0p1_a0p5_m40",11,42,40,5510042,"reserved_robustness_evaluation","10407;637734720;-1681027947;-859199483;-735635402;1951548908;1750023214"
"main_g0p1_a0p5_m40",11,43,40,5510043,"reserved_robustness_evaluation","10407;142897978;383484381;1170345251;-1158563798;-1837150906;-1396726845"
"main_g0p1_a0p5_m40",11,44,40,5510044,"reserved_robustness_evaluation","10407;-1963048908;1931418789;-973936517;-690740132;47769074;884320867"
"main_g0p1_a0p5_m40",11,45,40,5510045,"reserved_robustness_evaluation","10407;-1630858381;-692231362;-982263381;-1442601878;-614939328;-1788251294"
"main_g0p1_a0p5_m40",11,46,40,5510046,"reserved_robustness_evaluation","10407;425223261;1655980051;-1441778135;1887173949;-441196373;-1505065524"
"main_g0p1_a0p5_m40",11,47,40,5510047,"reserved_robustness_evaluation","10407;-204023636;649555062;1437403552;-174710746;-1296344451;-1434677644"
"main_g0p1_a0p5_m40",11,48,40,5510048,"reserved_robustness_evaluation","10407;602377135;-1098458815;1522923473;1709409170;94848985;-754165337"
"main_g0p1_a0p5_m40",11,49,40,5510049,"reserved_robustness_evaluation","10407;-62722930;-423237796;-963645582;818448072;-269422118;1178032349"
"main_g0p1_a0p5_m40",11,50,40,5510050,"reserved_robustness_evaluation","10407;9017425;-782090669;185897416;-1217454214;722204881;-1669144889"
"main_g0p1_a0p5_m40",11,51,40,5510051,"reserved_robustness_evaluation","10407;2048201437;820705537;748350732;359875695;1386385794;514869899"
"main_g0p1_a0p5_m40",11,52,40,5510052,"reserved_robustness_evaluation","10407;-1037271462;1872202637;1478149611;-591203078;398988738;-1999890112"
"main_g0p1_a0p5_m40",11,53,40,5510053,"reserved_robustness_evaluation","10407;-896725840;1130960256;404219880;-1361109777;-2024897392;1088972613"
"main_g0p1_a0p5_m40",11,54,40,5510054,"reserved_robustness_evaluation","10407;-901557213;872784736;-37172328;2134329977;-1043856723;-421761032"
"main_g0p1_a0p5_m40",11,55,40,5510055,"reserved_robustness_evaluation","10407;1013587830;1440211328;-27770939;-1292964874;-1431261386;-64076283"
"main_g0p1_a0p5_m40",11,56,40,5510056,"reserved_robustness_evaluation","10407;1099802727;-1952849671;1047265216;287463571;-343747740;-1992126074"
"main_g0p1_a0p5_m40",11,57,40,5510057,"reserved_robustness_evaluation","10407;1285934779;-1409464027;287712714;1169441897;2114874914;-456786051"
"main_g0p1_a0p5_m40",11,58,40,5510058,"reserved_robustness_evaluation","10407;1416728081;-574082142;886698026;-1703519435;187135279;-1160010348"
"main_g0p1_a0p5_m40",11,59,40,5510059,"reserved_robustness_evaluation","10407;730113632;1388939525;-94455144;-715127767;-747418137;1484251588"
"main_g0p1_a0p5_m40",11,60,40,5510060,"reserved_robustness_evaluation","10407;-748668049;1896841281;-1294040890;670956818;291869412;-1611538923"
"main_g0p1_a0p5_m160",12,1,160,5520001,"reserved_robustness_evaluation","10407;1390700307;1235048212;585995628;-418270725;1954626616;-988132923"
"main_g0p1_a0p5_m160",12,2,160,5520002,"reserved_robustness_evaluation","10407;768577417;2135131249;1276672218;-1609375836;-1729719076;305909018"
"main_g0p1_a0p5_m160",12,3,160,5520003,"reserved_robustness_evaluation","10407;-1273460258;2073390172;-325450738;-75870880;1254972572;789747870"
"main_g0p1_a0p5_m160",12,4,160,5520004,"reserved_robustness_evaluation","10407;738481908;1456485630;443816512;846470860;432616599;-1559434191"
"main_g0p1_a0p5_m160",12,5,160,5520005,"reserved_robustness_evaluation","10407;-2016721813;-1952383728;728811459;2022758734;-1797095465;-289561285"
"main_g0p1_a0p5_m160",12,6,160,5520006,"reserved_robustness_evaluation","10407;-381655302;-2073838231;1751642085;1542503064;-1353302887;1356996784"
"main_g0p1_a0p5_m160",12,7,160,5520007,"reserved_robustness_evaluation","10407;805648800;-619195820;1561667246;674307386;-20528532;1335766052"
"main_g0p1_a0p5_m160",12,8,160,5520008,"reserved_robustness_evaluation","10407;-678567897;-590431041;23856932;-880161785;1767872957;-926670002"
"main_g0p1_a0p5_m160",12,9,160,5520009,"reserved_robustness_evaluation","10407;1258286844;-789997281;1463184869;-1110940553;-422774737;-436201181"
"main_g0p1_a0p5_m160",12,10,160,5520010,"reserved_robustness_evaluation","10407;-871350623;-274653104;1182894005;-1497284334;1919830919;966631578"
"main_g0p1_a0p5_m160",12,11,160,5520011,"reserved_robustness_evaluation","10407;-76336331;-879428569;-2140259133;737090377;-1584047727;84170627"
"main_g0p1_a0p5_m160",12,12,160,5520012,"reserved_robustness_evaluation","10407;770126384;1782768062;1639957428;749954852;-9831167;-1344217466"
"main_g0p1_a0p5_m160",12,13,160,5520013,"reserved_robustness_evaluation","10407;-1689469035;-1422367106;-406626752;1556118005;-2049547584;-1193664714"
"main_g0p1_a0p5_m160",12,14,160,5520014,"reserved_robustness_evaluation","10407;1066362404;805245405;1472712552;1145364335;-1229339750;124441692"
"main_g0p1_a0p5_m160",12,15,160,5520015,"reserved_robustness_evaluation","10407;-545851664;-540915731;247128810;-441080847;221671006;-1638033830"
"main_g0p1_a0p5_m160",12,16,160,5520016,"reserved_robustness_evaluation","10407;1369869816;-919513142;1831355682;430156220;273776580;-1714949688"
"main_g0p1_a0p5_m160",12,17,160,5520017,"reserved_robustness_evaluation","10407;1387455196;313294420;-1386449660;-230191361;1134528295;-196387527"
"main_g0p1_a0p5_m160",12,18,160,5520018,"reserved_robustness_evaluation","10407;-592209625;-664219348;1133301131;1236707320;607869833;1143644322"
"main_g0p1_a0p5_m160",12,19,160,5520019,"reserved_robustness_evaluation","10407;1158306817;-1273116652;460975663;-1719618296;-1056393020;1017120536"
"main_g0p1_a0p5_m160",12,20,160,5520020,"reserved_robustness_evaluation","10407;-1069970034;130332345;1686766812;-1696988696;978826447;1383568532"
"main_g0p1_a0p5_m160",12,21,160,5520021,"reserved_robustness_evaluation","10407;-774486453;-1779700371;-607325774;34370573;-930343926;1905368279"
"main_g0p1_a0p5_m160",12,22,160,5520022,"reserved_robustness_evaluation","10407;-1825211773;-401878396;-2126565413;720661811;2134063691;1015040254"
"main_g0p1_a0p5_m160",12,23,160,5520023,"reserved_robustness_evaluation","10407;1630619365;-57148355;-264035310;-865428456;760012171;1810052783"
"main_g0p1_a0p5_m160",12,24,160,5520024,"reserved_robustness_evaluation","10407;404437313;-1228673074;71455351;-947685082;-1791175873;2136038505"
"main_g0p1_a0p5_m160",12,25,160,5520025,"reserved_robustness_evaluation","10407;822602057;-929593971;-33931936;311503121;158182337;-543905046"
"main_g0p1_a0p5_m160",12,26,160,5520026,"reserved_robustness_evaluation","10407;-1235089459;1333589630;2119631610;1502280063;-1644776264;-290644130"
"main_g0p1_a0p5_m160",12,27,160,5520027,"reserved_robustness_evaluation","10407;-1150546202;-1339773714;-1406285560;-2109821501;-90219024;-1819274424"
"main_g0p1_a0p5_m160",12,28,160,5520028,"reserved_robustness_evaluation","10407;1294834031;574338369;-656848054;2041516414;-364351581;2005595339"
"main_g0p1_a0p5_m160",12,29,160,5520029,"reserved_robustness_evaluation","10407;787792349;-1261274852;-1238394580;1848302535;-849066471;-504713225"
"main_g0p1_a0p5_m160",12,30,160,5520030,"reserved_robustness_evaluation","10407;-832879403;1294180645;-1491069907;-2089554971;-1427023932;2021592800"
"main_g0p1_a0p5_m160",12,31,160,5520031,"reserved_robustness_evaluation","10407;-43534338;1332644519;-1814171795;1395297540;1946138377;43434095"
"main_g0p1_a0p5_m160",12,32,160,5520032,"reserved_robustness_evaluation","10407;-1572526038;-2057214257;1394609618;1633430111;478118495;-700801721"
"main_g0p1_a0p5_m160",12,33,160,5520033,"reserved_robustness_evaluation","10407;1327373790;-1161934604;-616465733;1637578886;-713722620;1952021231"
"main_g0p1_a0p5_m160",12,34,160,5520034,"reserved_robustness_evaluation","10407;238580671;-99387123;-365452935;1594982229;903984508;-382407369"
"main_g0p1_a0p5_m160",12,35,160,5520035,"reserved_robustness_evaluation","10407;1608455;551434274;356756440;-1599288199;1032721927;482109495"
"main_g0p1_a0p5_m160",12,36,160,5520036,"reserved_robustness_evaluation","10407;-986202055;1161026310;2060032673;688394350;1371386366;1779643194"
"main_g0p1_a0p5_m160",12,37,160,5520037,"reserved_robustness_evaluation","10407;-1796600906;-1859208006;-1627690709;1593029197;-297074587;-68397776"
"main_g0p1_a0p5_m160",12,38,160,5520038,"reserved_robustness_evaluation","10407;-447756642;-924037866;1296229993;705475924;-1606012107;-346671688"
"main_g0p1_a0p5_m160",12,39,160,5520039,"reserved_robustness_evaluation","10407;-1236946997;-262989675;-1241316343;27881423;-1068785900;244009109"
"main_g0p1_a0p5_m160",12,40,160,5520040,"reserved_robustness_evaluation","10407;-1802676881;-1269986242;-1266048969;-1358536590;803820165;190225067"
"main_g0p1_a0p5_m160",12,41,160,5520041,"reserved_robustness_evaluation","10407;429084650;-1483211011;1973721293;923287138;-701081970;1252303405"
"main_g0p1_a0p5_m160",12,42,160,5520042,"reserved_robustness_evaluation","10407;-111691927;-2117301498;69280512;806118440;-1907146347;1232544841"
"main_g0p1_a0p5_m160",12,43,160,5520043,"reserved_robustness_evaluation","10407;-1335126550;-900633250;1989768838;-1923465181;-271546261;1194555796"
"main_g0p1_a0p5_m160",12,44,160,5520044,"reserved_robustness_evaluation","10407;-1300488234;1854800825;-2134073726;1999441099;-1514537373;-1004932237"
"main_g0p1_a0p5_m160",12,45,160,5520045,"reserved_robustness_evaluation","10407;-462594109;1791885492;-1052562861;1690424070;7242518;1611137671"
"main_g0p1_a0p5_m160",12,46,160,5520046,"reserved_robustness_evaluation","10407;61751844;1093057415;1782778518;1843522584;388606664;1736386287"
"main_g0p1_a0p5_m160",12,47,160,5520047,"reserved_robustness_evaluation","10407;-1046159518;-1007642751;-230563032;244925740;1492993541;82870624"
"main_g0p1_a0p5_m160",12,48,160,5520048,"reserved_robustness_evaluation","10407;808231272;1584279864;251754633;-915516809;1275158392;129994540"
"main_g0p1_a0p5_m160",12,49,160,5520049,"reserved_robustness_evaluation","10407;849990989;291838067;-1463985462;-1661377723;-1861935007;-867427725"
"main_g0p1_a0p5_m160",12,50,160,5520050,"reserved_robustness_evaluation","10407;1701000892;-31362028;-33351081;99565302;887720030;-1732533543"
"main_g0p1_a0p5_m160",12,51,160,5520051,"reserved_robustness_evaluation","10407;1071626329;-1771231737;128157748;-1773750124;-1619954508;618662668"
"main_g0p1_a0p5_m160",12,52,160,5520052,"reserved_robustness_evaluation","10407;-1699777775;1582111154;-1982242485;1374878630;121096940;-454057578"
"main_g0p1_a0p5_m160",12,53,160,5520053,"reserved_robustness_evaluation","10407;1019297379;631425004;1602963141;1362463136;2036965810;-535274126"
"main_g0p1_a0p5_m160",12,54,160,5520054,"reserved_robustness_evaluation","10407;1905710995;-921506840;1525966211;-1822505648;103051893;540170978"
"main_g0p1_a0p5_m160",12,55,160,5520055,"reserved_robustness_evaluation","10407;-544890884;-1621461018;-811244540;-481283580;1932044036;790587968"
"main_g0p1_a0p5_m160",12,56,160,5520056,"reserved_robustness_evaluation","10407;630377462;2137702189;-1547108600;-2089711784;2052796478;-1332757070"
"main_g0p1_a0p5_m160",12,57,160,5520057,"reserved_robustness_evaluation","10407;224411873;-1640947503;1243372348;-1691574820;1870993632;871820032"
"main_g0p1_a0p5_m160",12,58,160,5520058,"reserved_robustness_evaluation","10407;1927195004;1500529289;-1288304493;832703412;-1268993528;1924961091"
"main_g0p1_a0p5_m160",12,59,160,5520059,"reserved_robustness_evaluation","10407;852284772;-353516988;-1501324022;-86011871;-311634330;-1170183022"
"main_g0p1_a0p5_m160",12,60,160,5520060,"reserved_robustness_evaluation","10407;1157965193;-1847930878;97457637;-1672968473;960683879;-46335861"
"main_g0p01_a0_m40",13,1,40,5530001,"reserved_robustness_evaluation","10407;765982956;-1774597912;-143927357;1846133956;-405745222;677294041"
"main_g0p01_a0_m40",13,2,40,5530002,"reserved_robustness_evaluation","10407;-87087438;-1636148751;615504078;131911389;1179866524;336992653"
"main_g0p01_a0_m40",13,3,40,5530003,"reserved_robustness_evaluation","10407;-1660558126;125620449;-136388739;1881032940;2034211841;69351524"
"main_g0p01_a0_m40",13,4,40,5530004,"reserved_robustness_evaluation","10407;1407174105;1071999546;-568025853;290577848;-1645287504;1187020995"
"main_g0p01_a0_m40",13,5,40,5530005,"reserved_robustness_evaluation","10407;-942061410;-533493201;1218771725;1899780039;-1799840505;-109354752"
"main_g0p01_a0_m40",13,6,40,5530006,"reserved_robustness_evaluation","10407;623882665;-1792898633;-1789705096;77884889;1352600484;752672257"
"main_g0p01_a0_m40",13,7,40,5530007,"reserved_robustness_evaluation","10407;-1355420794;823987626;-1322305709;-857959176;-91331927;426930940"
"main_g0p01_a0_m40",13,8,40,5530008,"reserved_robustness_evaluation","10407;2030394387;821605378;1321801458;927439179;1414697032;-2034046940"
"main_g0p01_a0_m40",13,9,40,5530009,"reserved_robustness_evaluation","10407;-474662652;1561335046;-1551745512;312132151;1969111938;-1710882172"
"main_g0p01_a0_m40",13,10,40,5530010,"reserved_robustness_evaluation","10407;-108714852;1662779811;-888515042;-2147296112;189287076;-1680710872"
"main_g0p01_a0_m40",13,11,40,5530011,"reserved_robustness_evaluation","10407;-336881337;1098175986;1604189616;1047774790;7627605;-2003298755"
"main_g0p01_a0_m40",13,12,40,5530012,"reserved_robustness_evaluation","10407;-592079008;853928319;-1047351194;669410414;1384239633;-579230110"
"main_g0p01_a0_m40",13,13,40,5530013,"reserved_robustness_evaluation","10407;1639940311;1460294097;-1761546171;-1377713328;-1485225829;1953636745"
"main_g0p01_a0_m40",13,14,40,5530014,"reserved_robustness_evaluation","10407;-1703752207;-1201273116;-682008829;-1460318796;755557716;-1792530963"
"main_g0p01_a0_m40",13,15,40,5530015,"reserved_robustness_evaluation","10407;1733899365;1006159039;1542904482;1883791026;-458205669;-1189178140"
"main_g0p01_a0_m40",13,16,40,5530016,"reserved_robustness_evaluation","10407;1121889096;998933656;-1178796300;-1383402497;-1101989617;977668893"
"main_g0p01_a0_m40",13,17,40,5530017,"reserved_robustness_evaluation","10407;-197931813;-1094599919;2048317934;1611180316;2128898155;657001766"
"main_g0p01_a0_m40",13,18,40,5530018,"reserved_robustness_evaluation","10407;626032517;-789730564;-1248084279;1265072691;215373372;-1065294544"
"main_g0p01_a0_m40",13,19,40,5530019,"reserved_robustness_evaluation","10407;62972487;920354120;2041084927;1037125958;1138833324;-967869470"
"main_g0p01_a0_m40",13,20,40,5530020,"reserved_robustness_evaluation","10407;-2128983980;-1310854199;1492288350;1735452927;-1367259690;963459206"
"main_g0p01_a0_m40",13,21,40,5530021,"reserved_robustness_evaluation","10407;-2124790373;-209561800;304411587;-813063047;-1955348511;-431338949"
"main_g0p01_a0_m40",13,22,40,5530022,"reserved_robustness_evaluation","10407;-1238594792;-2043124873;66933646;-1373015521;328807880;-2791154"
"main_g0p01_a0_m40",13,23,40,5530023,"reserved_robustness_evaluation","10407;-2055547438;-2021371472;-1149418460;-27139537;301023641;1861173557"
"main_g0p01_a0_m40",13,24,40,5530024,"reserved_robustness_evaluation","10407;-404812984;40535070;-1009564101;-1001713282;-1421677387;737420373"
"main_g0p01_a0_m40",13,25,40,5530025,"reserved_robustness_evaluation","10407;1808174431;-107150260;-49460080;-1422346930;-1556589200;567286079"
"main_g0p01_a0_m40",13,26,40,5530026,"reserved_robustness_evaluation","10407;-1061001750;-1986640295;992544639;1473198140;-193295660;2036543708"
"main_g0p01_a0_m40",13,27,40,5530027,"reserved_robustness_evaluation","10407;1780603398;-692305537;1973996293;805184871;-6136865;1538673926"
"main_g0p01_a0_m40",13,28,40,5530028,"reserved_robustness_evaluation","10407;2125799285;-827796509;-345859302;-163417444;398794867;1519627856"
"main_g0p01_a0_m40",13,29,40,5530029,"reserved_robustness_evaluation","10407;858628044;-220326901;-596536128;591324774;1460656063;723168240"
"main_g0p01_a0_m40",13,30,40,5530030,"reserved_robustness_evaluation","10407;595128057;-1015013096;1779544342;1301014140;-1061445580;1677246457"
"main_g0p01_a0_m40",13,31,40,5530031,"reserved_robustness_evaluation","10407;-1701758475;602987782;1648862884;1145566962;-385956660;1749922485"
"main_g0p01_a0_m40",13,32,40,5530032,"reserved_robustness_evaluation","10407;130589825;1520299247;-1846063923;-1894715767;922626634;-1013180211"
"main_g0p01_a0_m40",13,33,40,5530033,"reserved_robustness_evaluation","10407;-1692515047;-325282759;602419519;357594954;-1693605200;911868418"
"main_g0p01_a0_m40",13,34,40,5530034,"reserved_robustness_evaluation","10407;-98053170;1406360828;-928202936;-1733730847;-223200884;-2024829181"
"main_g0p01_a0_m40",13,35,40,5530035,"reserved_robustness_evaluation","10407;1180808237;-408336550;-1420266856;1373481733;201379667;937521355"
"main_g0p01_a0_m40",13,36,40,5530036,"reserved_robustness_evaluation","10407;-209179013;1527705485;1702718735;1351096855;1269386189;1965399726"
"main_g0p01_a0_m40",13,37,40,5530037,"reserved_robustness_evaluation","10407;-551535013;-300939168;-920256262;1831963060;1866090378;724242752"
"main_g0p01_a0_m40",13,38,40,5530038,"reserved_robustness_evaluation","10407;-782536537;1595654468;473707042;-1320337600;825410386;1487268071"
"main_g0p01_a0_m40",13,39,40,5530039,"reserved_robustness_evaluation","10407;-2078408694;1307915536;25609582;-1827565406;-1996725253;801515952"
"main_g0p01_a0_m40",13,40,40,5530040,"reserved_robustness_evaluation","10407;877009921;-769087688;-1433292668;-540247305;93346207;-1642744938"
"main_g0p01_a0_m40",13,41,40,5530041,"reserved_robustness_evaluation","10407;2144956764;1163084212;-1020535884;-196455265;-1605641018;1400178154"
"main_g0p01_a0_m40",13,42,40,5530042,"reserved_robustness_evaluation","10407;1416335653;-1481150555;1893547607;477507200;-1260331376;773311341"
"main_g0p01_a0_m40",13,43,40,5530043,"reserved_robustness_evaluation","10407;1619074870;-2094709884;-96853509;-303008625;-1265528501;-1893400260"
"main_g0p01_a0_m40",13,44,40,5530044,"reserved_robustness_evaluation","10407;267212479;1499079981;-1339948640;1873390786;64392031;1725513122"
"main_g0p01_a0_m40",13,45,40,5530045,"reserved_robustness_evaluation","10407;1803007617;-806679799;589015869;1991345238;2046529072;590243121"
"main_g0p01_a0_m40",13,46,40,5530046,"reserved_robustness_evaluation","10407;1259539783;-1752002731;1890812668;570751031;563377801;-1732010766"
"main_g0p01_a0_m40",13,47,40,5530047,"reserved_robustness_evaluation","10407;29046814;691003301;504468707;-942927507;-940837703;-1508502369"
"main_g0p01_a0_m40",13,48,40,5530048,"reserved_robustness_evaluation","10407;-1030754455;722690795;-1259477385;1343337435;1030938483;-1873133973"
"main_g0p01_a0_m40",13,49,40,5530049,"reserved_robustness_evaluation","10407;-530595903;-2114472460;1710379274;867148817;400924622;-588905781"
"main_g0p01_a0_m40",13,50,40,5530050,"reserved_robustness_evaluation","10407;281933214;1720674162;560764157;2107272329;-110175533;453812631"
"main_g0p01_a0_m40",13,51,40,5530051,"reserved_robustness_evaluation","10407;-516621923;-1965454718;-1284258689;1745203536;366135211;1141745083"
"main_g0p01_a0_m40",13,52,40,5530052,"reserved_robustness_evaluation","10407;-162697132;-428414878;1138184608;138327746;-1196800247;509683133"
"main_g0p01_a0_m40",13,53,40,5530053,"reserved_robustness_evaluation","10407;-1592398398;-833232795;-171214571;-294063726;427303192;1386682368"
"main_g0p01_a0_m40",13,54,40,5530054,"reserved_robustness_evaluation","10407;-1936576262;857186489;644135566;1482057968;1416611269;-611101448"
"main_g0p01_a0_m40",13,55,40,5530055,"reserved_robustness_evaluation","10407;-1830204789;1532846798;-1452519061;2030464425;-80920243;210141493"
"main_g0p01_a0_m40",13,56,40,5530056,"reserved_robustness_evaluation","10407;1972207971;-202381672;1752003558;-1381532821;-1531158154;-32387340"
"main_g0p01_a0_m40",13,57,40,5530057,"reserved_robustness_evaluation","10407;-1826873151;-709182163;940706959;-999082211;1822902946;-730046647"
"main_g0p01_a0_m40",13,58,40,5530058,"reserved_robustness_evaluation","10407;-1203595964;-107138753;-1830410296;-896412604;1122820341;-950360260"
"main_g0p01_a0_m40",13,59,40,5530059,"reserved_robustness_evaluation","10407;1074562053;947942953;-1794537729;-2122869586;845730951;-723397816"
"main_g0p01_a0_m40",13,60,40,5530060,"reserved_robustness_evaluation","10407;-21994223;96154403;-40519498;-365180064;455182243;591924142"
"main_g0p01_a0_m160",14,1,160,5540001,"reserved_robustness_evaluation","10407;441687116;-1104740222;-321604000;-2113610530;-1325426490;127670403"
"main_g0p01_a0_m160",14,2,160,5540002,"reserved_robustness_evaluation","10407;-1916537010;1992197123;1655429189;-2026636340;1783062669;-1981983321"
"main_g0p01_a0_m160",14,3,160,5540003,"reserved_robustness_evaluation","10407;-2601904;-1670881301;-954797938;-983898737;-466136038;-214874088"
"main_g0p01_a0_m160",14,4,160,5540004,"reserved_robustness_evaluation","10407;523063072;-731311011;756734137;331289264;-714349476;-1937860894"
"main_g0p01_a0_m160",14,5,160,5540005,"reserved_robustness_evaluation","10407;-477273683;1297179517;41196312;-90461835;-816103024;171548081"
"main_g0p01_a0_m160",14,6,160,5540006,"reserved_robustness_evaluation","10407;-1256894549;703322021;2000859174;-1199957347;-378208113;-85570510"
"main_g0p01_a0_m160",14,7,160,5540007,"reserved_robustness_evaluation","10407;2124947828;29679759;-331357550;1771110053;1920629002;761642329"
"main_g0p01_a0_m160",14,8,160,5540008,"reserved_robustness_evaluation","10407;1951022765;1536678851;1266148266;472690025;-1446424680;-373624772"
"main_g0p01_a0_m160",14,9,160,5540009,"reserved_robustness_evaluation","10407;3486965;234387850;-252914776;556710684;1925385493;-839470424"
"main_g0p01_a0_m160",14,10,160,5540010,"reserved_robustness_evaluation","10407;88903930;1605715205;1674358498;-1041341139;-432570960;911374685"
"main_g0p01_a0_m160",14,11,160,5540011,"reserved_robustness_evaluation","10407;449432286;870014430;-270492211;1515360640;-328466600;-2061646304"
"main_g0p01_a0_m160",14,12,160,5540012,"reserved_robustness_evaluation","10407;1927634169;-2100233968;1336087835;552073543;477908922;-1551859299"
"main_g0p01_a0_m160",14,13,160,5540013,"reserved_robustness_evaluation","10407;-1836296830;18298901;1685170487;-367940686;-728837766;-326367395"
"main_g0p01_a0_m160",14,14,160,5540014,"reserved_robustness_evaluation","10407;-853944893;-1468874174;1002759756;-1058205233;382177483;-919419061"
"main_g0p01_a0_m160",14,15,160,5540015,"reserved_robustness_evaluation","10407;-67310162;-48974193;1657372170;1715392104;1519620347;1101049010"
"main_g0p01_a0_m160",14,16,160,5540016,"reserved_robustness_evaluation","10407;-1650432616;-2103585081;329707077;131765821;2123779631;-1880672188"
"main_g0p01_a0_m160",14,17,160,5540017,"reserved_robustness_evaluation","10407;1503240546;1708485736;1329975624;-1886048568;-1269582500;-1938681474"
"main_g0p01_a0_m160",14,18,160,5540018,"reserved_robustness_evaluation","10407;-1372367702;-1763772907;-725132984;1895063506;291015311;1233243183"
"main_g0p01_a0_m160",14,19,160,5540019,"reserved_robustness_evaluation","10407;-138138922;-356864584;1289532843;-1269801213;1240722639;-663922518"
"main_g0p01_a0_m160",14,20,160,5540020,"reserved_robustness_evaluation","10407;-950016855;-1911515222;594886460;119497405;-1468967294;-1185329971"
"main_g0p01_a0_m160",14,21,160,5540021,"reserved_robustness_evaluation","10407;-520816894;1599776218;1802233420;-694343119;-2095236827;-1041565859"
"main_g0p01_a0_m160",14,22,160,5540022,"reserved_robustness_evaluation","10407;-1922953636;-1673667963;-1533342438;502914954;1856002467;1376008152"
"main_g0p01_a0_m160",14,23,160,5540023,"reserved_robustness_evaluation","10407;-800017556;1527882839;-1870932047;1313535300;-1102219744;-1403365976"
"main_g0p01_a0_m160",14,24,160,5540024,"reserved_robustness_evaluation","10407;-2142408997;1709122798;756886397;-77438764;-641074475;553482580"
"main_g0p01_a0_m160",14,25,160,5540025,"reserved_robustness_evaluation","10407;-477859118;-864572503;1374025902;-2112433092;712411570;1699779443"
"main_g0p01_a0_m160",14,26,160,5540026,"reserved_robustness_evaluation","10407;-670102184;-297197449;-441929768;-2108544998;-438860148;-1154562864"
"main_g0p01_a0_m160",14,27,160,5540027,"reserved_robustness_evaluation","10407;1416927179;-1352611977;-794775111;-882716722;-1364112953;-350103717"
"main_g0p01_a0_m160",14,28,160,5540028,"reserved_robustness_evaluation","10407;-1903684336;1501076408;-1541071236;-1494797920;1438520286;1378626469"
"main_g0p01_a0_m160",14,29,160,5540029,"reserved_robustness_evaluation","10407;145907072;-2079033353;886230714;1402132809;-1217570876;-2134553622"
"main_g0p01_a0_m160",14,30,160,5540030,"reserved_robustness_evaluation","10407;-860672932;1090879842;133287169;736723485;2136886781;238186289"
"main_g0p01_a0_m160",14,31,160,5540031,"reserved_robustness_evaluation","10407;-703751497;-600319805;1764260180;347976812;-98176803;-1113231441"
"main_g0p01_a0_m160",14,32,160,5540032,"reserved_robustness_evaluation","10407;1169775605;714099975;-1371037502;-715069672;-1010426236;-1495553633"
"main_g0p01_a0_m160",14,33,160,5540033,"reserved_robustness_evaluation","10407;-151629029;-128231975;-1076922812;74288529;-977542624;-234671448"
"main_g0p01_a0_m160",14,34,160,5540034,"reserved_robustness_evaluation","10407;-2119484722;-1995947241;-636358264;1409298554;-815649384;-2019301974"
"main_g0p01_a0_m160",14,35,160,5540035,"reserved_robustness_evaluation","10407;-292621581;-184403152;-1692154295;-480640522;925693686;1834717654"
"main_g0p01_a0_m160",14,36,160,5540036,"reserved_robustness_evaluation","10407;1013875086;505533189;917531922;-946099682;-833121856;23718082"
"main_g0p01_a0_m160",14,37,160,5540037,"reserved_robustness_evaluation","10407;-280829730;332256165;958522223;-1868042936;-346378741;-55332640"
"main_g0p01_a0_m160",14,38,160,5540038,"reserved_robustness_evaluation","10407;621375258;1149296756;1456844741;-1606142064;1372183474;1018526758"
"main_g0p01_a0_m160",14,39,160,5540039,"reserved_robustness_evaluation","10407;-202245099;-1602585662;-1339643507;987192548;512634660;681204811"
"main_g0p01_a0_m160",14,40,160,5540040,"reserved_robustness_evaluation","10407;1298875488;1387171011;-464367225;151964777;-1532091957;-1741084749"
"main_g0p01_a0_m160",14,41,160,5540041,"reserved_robustness_evaluation","10407;-182193562;-506506639;-1232228803;377216758;-1470563925;-1823342624"
"main_g0p01_a0_m160",14,42,160,5540042,"reserved_robustness_evaluation","10407;1786515951;-816041794;930513140;1747921359;-1986748451;1776033186"
"main_g0p01_a0_m160",14,43,160,5540043,"reserved_robustness_evaluation","10407;1860093663;-1391953335;1230232723;-1742230079;444804121;-1244623504"
"main_g0p01_a0_m160",14,44,160,5540044,"reserved_robustness_evaluation","10407;-560481426;763652059;42164423;-1228685230;-2099916713;1009601129"
"main_g0p01_a0_m160",14,45,160,5540045,"reserved_robustness_evaluation","10407;-974103516;246110534;635785982;1763190760;-307197875;-1531387156"
"main_g0p01_a0_m160",14,46,160,5540046,"reserved_robustness_evaluation","10407;-11550968;1151861308;466953646;718287066;890037008;-836574312"
"main_g0p01_a0_m160",14,47,160,5540047,"reserved_robustness_evaluation","10407;682188036;-1528495098;-2116371798;1366159317;-1311660311;1816215336"
"main_g0p01_a0_m160",14,48,160,5540048,"reserved_robustness_evaluation","10407;-111646513;-1354786472;-146220958;1658553258;1365419021;-338818261"
"main_g0p01_a0_m160",14,49,160,5540049,"reserved_robustness_evaluation","10407;1527844149;-1795822083;843190731;-934277487;-1380238077;388120011"
"main_g0p01_a0_m160",14,50,160,5540050,"reserved_robustness_evaluation","10407;-1169232875;-253085443;490322905;-455470397;-864656437;-893158623"
"main_g0p01_a0_m160",14,51,160,5540051,"reserved_robustness_evaluation","10407;250187889;-296858185;1176176658;1381285523;-1019555398;-1148352000"
"main_g0p01_a0_m160",14,52,160,5540052,"reserved_robustness_evaluation","10407;-695157015;-2030780143;-290863135;-1683173228;-1062502042;2125721996"
"main_g0p01_a0_m160",14,53,160,5540053,"reserved_robustness_evaluation","10407;235032503;-1005716003;175994232;930130012;172259;1614885348"
"main_g0p01_a0_m160",14,54,160,5540054,"reserved_robustness_evaluation","10407;-2012744670;1835673092;-445942218;523696390;1207172702;-706107638"
"main_g0p01_a0_m160",14,55,160,5540055,"reserved_robustness_evaluation","10407;847914350;130172852;-430017347;-1409632893;704575314;1000668885"
"main_g0p01_a0_m160",14,56,160,5540056,"reserved_robustness_evaluation","10407;-1457136526;-1637557154;288302602;-741641051;-121212381;-315808853"
"main_g0p01_a0_m160",14,57,160,5540057,"reserved_robustness_evaluation","10407;-1067380497;314008440;388320337;1994714348;867317853;-1356982643"
"main_g0p01_a0_m160",14,58,160,5540058,"reserved_robustness_evaluation","10407;-534332595;72274435;2108764225;1802116708;-808227436;1003387294"
"main_g0p01_a0_m160",14,59,160,5540059,"reserved_robustness_evaluation","10407;-992077959;1384853631;-1925117861;1287413789;-1235587401;1074185864"
"main_g0p01_a0_m160",14,60,160,5540060,"reserved_robustness_evaluation","10407;-1689550935;-1920819628;1294130384;902849193;-1255436027;955556926"
"main_g0p01_a0p25_m40",15,1,40,5550001,"reserved_robustness_evaluation","10407;1495077884;1175114683;1666557732;1936578546;276668863;-1177746897"
"main_g0p01_a0p25_m40",15,2,40,5550002,"reserved_robustness_evaluation","10407;1099772294;-1428152513;-473284497;-1891578507;821811593;-789368140"
"main_g0p01_a0p25_m40",15,3,40,5550003,"reserved_robustness_evaluation","10407;-670084223;1673576925;916533738;-433017634;636405665;988920012"
"main_g0p01_a0p25_m40",15,4,40,5550004,"reserved_robustness_evaluation","10407;1774228107;678319450;636643118;1357395498;-1549386164;-1135385338"
"main_g0p01_a0p25_m40",15,5,40,5550005,"reserved_robustness_evaluation","10407;1689719947;105828532;-1130427477;1357057674;-251744011;1410996841"
"main_g0p01_a0p25_m40",15,6,40,5550006,"reserved_robustness_evaluation","10407;-1929177273;346733442;478654959;-1475655886;1281903888;460514036"
"main_g0p01_a0p25_m40",15,7,40,5550007,"reserved_robustness_evaluation","10407;2096936027;1281756781;-1333494705;1024626383;-412696760;-1575624479"
"main_g0p01_a0p25_m40",15,8,40,5550008,"reserved_robustness_evaluation","10407;-609827083;1331563651;1632162844;-452943818;967039880;-1730307055"
"main_g0p01_a0p25_m40",15,9,40,5550009,"reserved_robustness_evaluation","10407;1130417583;816563333;-1551492344;-465336847;-940384169;1538793838"
"main_g0p01_a0p25_m40",15,10,40,5550010,"reserved_robustness_evaluation","10407;2097866532;694465550;1441837473;918214789;2146910093;197123714"
"main_g0p01_a0p25_m40",15,11,40,5550011,"reserved_robustness_evaluation","10407;-930408242;-68328812;-228418964;-1310233621;1058800915;-2031593443"
"main_g0p01_a0p25_m40",15,12,40,5550012,"reserved_robustness_evaluation","10407;-116019928;787059866;-1696975400;-1850055599;1071935756;-1778820967"
"main_g0p01_a0p25_m40",15,13,40,5550013,"reserved_robustness_evaluation","10407;1364589951;-1719080674;190323059;496884296;487727650;-66558099"
"main_g0p01_a0p25_m40",15,14,40,5550014,"reserved_robustness_evaluation","10407;-1691032806;190869800;-107497091;2108291935;129316136;-1686396974"
"main_g0p01_a0p25_m40",15,15,40,5550015,"reserved_robustness_evaluation","10407;600481209;-1213467729;1926063434;-1989453776;1551929812;277216226"
"main_g0p01_a0p25_m40",15,16,40,5550016,"reserved_robustness_evaluation","10407;359080596;138188435;-2005812328;1001729788;-1972886459;-1230079993"
"main_g0p01_a0p25_m40",15,17,40,5550017,"reserved_robustness_evaluation","10407;-1282251698;-510514012;1752655041;-1903712118;631262423;1778801360"
"main_g0p01_a0p25_m40",15,18,40,5550018,"reserved_robustness_evaluation","10407;-300194571;582589950;-1834619142;-598159766;-234878005;-456843582"
"main_g0p01_a0p25_m40",15,19,40,5550019,"reserved_robustness_evaluation","10407;-689506469;804055297;-152475483;1395587214;-1485393616;-138623828"
"main_g0p01_a0p25_m40",15,20,40,5550020,"reserved_robustness_evaluation","10407;-262479085;-1655595212;622952336;977932525;884562401;-826440386"
"main_g0p01_a0p25_m40",15,21,40,5550021,"reserved_robustness_evaluation","10407;1302143481;-702382891;-213655604;454865551;166981793;-575588764"
"main_g0p01_a0p25_m40",15,22,40,5550022,"reserved_robustness_evaluation","10407;-1909082964;-1671978904;1698049088;1710643841;-654344894;1563695668"
"main_g0p01_a0p25_m40",15,23,40,5550023,"reserved_robustness_evaluation","10407;112415330;634865217;343367150;-518876502;-494377645;1350042333"
"main_g0p01_a0p25_m40",15,24,40,5550024,"reserved_robustness_evaluation","10407;-1847503089;1524514262;782444346;-976027575;-2053051590;-169301788"
"main_g0p01_a0p25_m40",15,25,40,5550025,"reserved_robustness_evaluation","10407;-1192034139;776716215;1526388780;-1370614019;-56644140;1446340304"
"main_g0p01_a0p25_m40",15,26,40,5550026,"reserved_robustness_evaluation","10407;-2116637453;1564956256;-909771454;1711999924;1736931980;-1755101975"
"main_g0p01_a0p25_m40",15,27,40,5550027,"reserved_robustness_evaluation","10407;2065712726;40913224;747235368;796777846;764695280;-1778894993"
"main_g0p01_a0p25_m40",15,28,40,5550028,"reserved_robustness_evaluation","10407;1356839511;56386732;-2113727763;2113821778;2049567080;967413384"
"main_g0p01_a0p25_m40",15,29,40,5550029,"reserved_robustness_evaluation","10407;-889253898;-366553341;1666203688;73383810;-641750160;-1062764096"
"main_g0p01_a0p25_m40",15,30,40,5550030,"reserved_robustness_evaluation","10407;-1220262014;-1982979585;-297330862;1447884868;1387812101;983364727"
"main_g0p01_a0p25_m40",15,31,40,5550031,"reserved_robustness_evaluation","10407;-337901305;-432512820;-361058131;-1346899247;1031647298;-870392954"
"main_g0p01_a0p25_m40",15,32,40,5550032,"reserved_robustness_evaluation","10407;-1745063124;-1774069763;1782067787;-176198080;-1738207267;1010949894"
"main_g0p01_a0p25_m40",15,33,40,5550033,"reserved_robustness_evaluation","10407;1272223104;293715789;-19624636;1647166905;427188647;-1391924968"
"main_g0p01_a0p25_m40",15,34,40,5550034,"reserved_robustness_evaluation","10407;2111127667;1653358815;-2066992624;1942487574;998466767;-514612253"
"main_g0p01_a0p25_m40",15,35,40,5550035,"reserved_robustness_evaluation","10407;1735309047;-1625130508;2100064861;1865371817;1025352309;53736437"
"main_g0p01_a0p25_m40",15,36,40,5550036,"reserved_robustness_evaluation","10407;981172758;-26232151;-1448042751;1318200804;182931908;-1341878914"
"main_g0p01_a0p25_m40",15,37,40,5550037,"reserved_robustness_evaluation","10407;-1290664380;-155405448;1101502007;320182422;121422809;-1206477536"
"main_g0p01_a0p25_m40",15,38,40,5550038,"reserved_robustness_evaluation","10407;2042074424;-1949177064;598675667;-1242523628;1708932202;951356203"
"main_g0p01_a0p25_m40",15,39,40,5550039,"reserved_robustness_evaluation","10407;-1562615360;1537141183;-939089410;1536965754;-991845715;-1329601303"
"main_g0p01_a0p25_m40",15,40,40,5550040,"reserved_robustness_evaluation","10407;-502373244;1680618116;-523146777;-1232098846;-25360597;546836219"
"main_g0p01_a0p25_m40",15,41,40,5550041,"reserved_robustness_evaluation","10407;64759362;1589352911;-1337532818;-1492038080;-926249540;-1922219053"
"main_g0p01_a0p25_m40",15,42,40,5550042,"reserved_robustness_evaluation","10407;60769476;-519383812;1687375954;287901491;-594771929;727468831"
"main_g0p01_a0p25_m40",15,43,40,5550043,"reserved_robustness_evaluation","10407;-1155668231;682388805;942085108;1208976703;184641234;-1365702884"
"main_g0p01_a0p25_m40",15,44,40,5550044,"reserved_robustness_evaluation","10407;-1479119073;-1056445303;-1328661851;-1901917512;188259902;-1450419894"
"main_g0p01_a0p25_m40",15,45,40,5550045,"reserved_robustness_evaluation","10407;1885561447;-1402086176;-1188307402;890434351;-325381391;1992846735"
"main_g0p01_a0p25_m40",15,46,40,5550046,"reserved_robustness_evaluation","10407;464513404;-871025455;-1692164374;-80078102;2001903570;946819736"
"main_g0p01_a0p25_m40",15,47,40,5550047,"reserved_robustness_evaluation","10407;-798584351;-916185613;-2090694016;667076036;583302598;-905257374"
"main_g0p01_a0p25_m40",15,48,40,5550048,"reserved_robustness_evaluation","10407;2109590891;-783683534;-465385674;-1215835717;1174721934;-659099801"
"main_g0p01_a0p25_m40",15,49,40,5550049,"reserved_robustness_evaluation","10407;1195580871;1584039408;-1261302324;821287788;-200171290;-633124405"
"main_g0p01_a0p25_m40",15,50,40,5550050,"reserved_robustness_evaluation","10407;-2102375526;694567279;-1399449693;758385790;-1902109334;-1381661657"
"main_g0p01_a0p25_m40",15,51,40,5550051,"reserved_robustness_evaluation","10407;1725651303;-618043004;613094007;-230436187;-1678010885;1337418930"
"main_g0p01_a0p25_m40",15,52,40,5550052,"reserved_robustness_evaluation","10407;1020341342;-374095553;280281925;43786925;1500950980;1734329659"
"main_g0p01_a0p25_m40",15,53,40,5550053,"reserved_robustness_evaluation","10407;-1260658590;-897554136;1179001551;1652329257;-946520528;-560618246"
"main_g0p01_a0p25_m40",15,54,40,5550054,"reserved_robustness_evaluation","10407;645837447;1138087628;2145848394;-1961074839;168720048;154675228"
"main_g0p01_a0p25_m40",15,55,40,5550055,"reserved_robustness_evaluation","10407;899222244;254371213;-1155604438;503606860;1535038681;-1080272602"
"main_g0p01_a0p25_m40",15,56,40,5550056,"reserved_robustness_evaluation","10407;-681882797;2021735544;-1853461221;-720632845;1373232940;-1400068652"
"main_g0p01_a0p25_m40",15,57,40,5550057,"reserved_robustness_evaluation","10407;894735186;1014002915;-300993045;-1983057452;875365837;1461583323"
"main_g0p01_a0p25_m40",15,58,40,5550058,"reserved_robustness_evaluation","10407;-537006620;-2032837000;640867730;1423506910;-1780801778;-1632704880"
"main_g0p01_a0p25_m40",15,59,40,5550059,"reserved_robustness_evaluation","10407;1393480336;1574578728;224954672;-2012752902;888481404;1093294782"
"main_g0p01_a0p25_m40",15,60,40,5550060,"reserved_robustness_evaluation","10407;-180618301;-1343397708;-76908663;-129035987;-2089536716;1729466277"
"main_g0p01_a0p25_m160",16,1,160,5560001,"reserved_robustness_evaluation","10407;-384557911;1282487407;989436858;2123434186;875101328;-348526018"
"main_g0p01_a0p25_m160",16,2,160,5560002,"reserved_robustness_evaluation","10407;-1708265221;-991641241;9283183;-1438725418;1521330803;-522258736"
"main_g0p01_a0p25_m160",16,3,160,5560003,"reserved_robustness_evaluation","10407;-1325530654;2105472083;-1740597981;1048084709;1579086571;271700917"
"main_g0p01_a0p25_m160",16,4,160,5560004,"reserved_robustness_evaluation","10407;-191460824;1432139353;123086577;1461140139;-1263863835;-1061574517"
"main_g0p01_a0p25_m160",16,5,160,5560005,"reserved_robustness_evaluation","10407;506510050;2038395076;881199385;265542573;1043134672;-1981510465"
"main_g0p01_a0p25_m160",16,6,160,5560006,"reserved_robustness_evaluation","10407;56326886;-700722638;-1862520526;1145947560;1781457046;1452025430"
"main_g0p01_a0p25_m160",16,7,160,5560007,"reserved_robustness_evaluation","10407;1664852553;1201129196;-255058310;-105136493;-2033727483;2012165698"
"main_g0p01_a0p25_m160",16,8,160,5560008,"reserved_robustness_evaluation","10407;753115802;-886145335;-1505391139;-635382860;-256920781;795831809"
"main_g0p01_a0p25_m160",16,9,160,5560009,"reserved_robustness_evaluation","10407;-1686580139;-995171283;-1187174672;799650891;2094449989;341724783"
"main_g0p01_a0p25_m160",16,10,160,5560010,"reserved_robustness_evaluation","10407;-1622951537;1456929128;-679334430;-1158074554;552204598;-1631921530"
"main_g0p01_a0p25_m160",16,11,160,5560011,"reserved_robustness_evaluation","10407;-1224499248;2147315891;-1487127395;-2000100756;-1342434839;940602185"
"main_g0p01_a0p25_m160",16,12,160,5560012,"reserved_robustness_evaluation","10407;206374244;-1927187224;1058091692;-1314026788;1775984116;1400602321"
"main_g0p01_a0p25_m160",16,13,160,5560013,"reserved_robustness_evaluation","10407;1448409264;-1549552149;1814292640;1026745448;1407540894;-885462168"
"main_g0p01_a0p25_m160",16,14,160,5560014,"reserved_robustness_evaluation","10407;640272224;-1329680167;-1608913828;1950006230;1479700163;1611972112"
"main_g0p01_a0p25_m160",16,15,160,5560015,"reserved_robustness_evaluation","10407;-2103143129;561579658;717179048;555605485;1180474405;1900606636"
"main_g0p01_a0p25_m160",16,16,160,5560016,"reserved_robustness_evaluation","10407;926833141;-315975576;1871835253;-1290054606;390578339;-1390084898"
"main_g0p01_a0p25_m160",16,17,160,5560017,"reserved_robustness_evaluation","10407;1960628711;1389276459;1689142164;1209984318;-165800471;555631292"
"main_g0p01_a0p25_m160",16,18,160,5560018,"reserved_robustness_evaluation","10407;-1691967358;-1496748106;-1873533317;-1875630117;-1964476195;638947041"
"main_g0p01_a0p25_m160",16,19,160,5560019,"reserved_robustness_evaluation","10407;-430192453;-117539869;-392641069;-1438933066;1177836017;-1112854389"
"main_g0p01_a0p25_m160",16,20,160,5560020,"reserved_robustness_evaluation","10407;-1060871553;-1551100471;556296136;-821121450;1582107348;-1002850611"
"main_g0p01_a0p25_m160",16,21,160,5560021,"reserved_robustness_evaluation","10407;382578452;2098495084;1535939376;513083787;-185761856;-1273725513"
"main_g0p01_a0p25_m160",16,22,160,5560022,"reserved_robustness_evaluation","10407;-1090518781;817715994;1599754171;-1895481655;-1395832807;549133132"
"main_g0p01_a0p25_m160",16,23,160,5560023,"reserved_robustness_evaluation","10407;24451109;-1824324277;-1242483617;-1529799766;914132806;-417235986"
"main_g0p01_a0p25_m160",16,24,160,5560024,"reserved_robustness_evaluation","10407;-956963537;1976784870;-752586194;-1403770053;-1695059306;1122756058"
"main_g0p01_a0p25_m160",16,25,160,5560025,"reserved_robustness_evaluation","10407;830760067;-1246856445;418217340;-242280292;-1893776377;1318232900"
"main_g0p01_a0p25_m160",16,26,160,5560026,"reserved_robustness_evaluation","10407;1252643384;1875990525;-1812847557;188704076;1948759973;1026210034"
"main_g0p01_a0p25_m160",16,27,160,5560027,"reserved_robustness_evaluation","10407;-917281831;-1066654722;70704898;-186482790;2094926046;-852255724"
"main_g0p01_a0p25_m160",16,28,160,5560028,"reserved_robustness_evaluation","10407;-262600008;-2144900467;-275709372;2002352167;-140651479;-1795794283"
"main_g0p01_a0p25_m160",16,29,160,5560029,"reserved_robustness_evaluation","10407;-2113949770;1872655541;1808817869;-1914628877;-1676545676;1537539249"
"main_g0p01_a0p25_m160",16,30,160,5560030,"reserved_robustness_evaluation","10407;2024343600;2078877308;-584405951;1589686082;-1011595390;2045036239"
"main_g0p01_a0p25_m160",16,31,160,5560031,"reserved_robustness_evaluation","10407;740610385;-244597099;-309826391;1918257578;1343936323;623262212"
"main_g0p01_a0p25_m160",16,32,160,5560032,"reserved_robustness_evaluation","10407;1124243669;-2092671025;903459788;1440738761;2120418373;-343438829"
"main_g0p01_a0p25_m160",16,33,160,5560033,"reserved_robustness_evaluation","10407;333935868;-1621070270;-578050004;467979166;-1679602554;-1518832331"
"main_g0p01_a0p25_m160",16,34,160,5560034,"reserved_robustness_evaluation","10407;677937276;-1356731053;418662149;484543186;1495711751;1868519798"
"main_g0p01_a0p25_m160",16,35,160,5560035,"reserved_robustness_evaluation","10407;-1750523566;-113583281;1548041712;-807243162;1041465607;-2010826779"
"main_g0p01_a0p25_m160",16,36,160,5560036,"reserved_robustness_evaluation","10407;-731130707;-854325174;-1096878454;401576869;2027619604;-436657717"
"main_g0p01_a0p25_m160",16,37,160,5560037,"reserved_robustness_evaluation","10407;-1107437461;-1187885539;-398368711;-205979001;-890512467;-1468903725"
"main_g0p01_a0p25_m160",16,38,160,5560038,"reserved_robustness_evaluation","10407;-1108354371;-48065792;834580825;1607078759;1409812954;1567494834"
"main_g0p01_a0p25_m160",16,39,160,5560039,"reserved_robustness_evaluation","10407;761373227;-896504446;-1852050952;-1278868264;-1444922446;733151287"
"main_g0p01_a0p25_m160",16,40,160,5560040,"reserved_robustness_evaluation","10407;1549929796;-1534711776;648399770;-1541906837;1629693308;-759339316"
"main_g0p01_a0p25_m160",16,41,160,5560041,"reserved_robustness_evaluation","10407;-579617148;-1115542239;-1453135157;-1082972334;-110044699;59197505"
"main_g0p01_a0p25_m160",16,42,160,5560042,"reserved_robustness_evaluation","10407;399780536;-433718844;1298495198;1891693668;-1993824513;440169832"
"main_g0p01_a0p25_m160",16,43,160,5560043,"reserved_robustness_evaluation","10407;277395678;1689623788;-827155009;2106224838;72535586;-1688778733"
"main_g0p01_a0p25_m160",16,44,160,5560044,"reserved_robustness_evaluation","10407;-682215124;-1361945497;1457073650;802428116;-1613230084;1266148623"
"main_g0p01_a0p25_m160",16,45,160,5560045,"reserved_robustness_evaluation","10407;-1001405727;-1880559756;500961820;-1344145035;-2147388958;-1661154994"
"main_g0p01_a0p25_m160",16,46,160,5560046,"reserved_robustness_evaluation","10407;1849408108;-1003143216;24310665;-1070433549;-1578813384;-1280678906"
"main_g0p01_a0p25_m160",16,47,160,5560047,"reserved_robustness_evaluation","10407;-1506712065;1867782836;-1322498902;901182642;1315717572;1929137934"
"main_g0p01_a0p25_m160",16,48,160,5560048,"reserved_robustness_evaluation","10407;2078832718;-264380426;-1575908858;122390265;591282514;1656507621"
"main_g0p01_a0p25_m160",16,49,160,5560049,"reserved_robustness_evaluation","10407;1999937036;-628075028;2092925855;-190696017;-1817363941;-10165568"
"main_g0p01_a0p25_m160",16,50,160,5560050,"reserved_robustness_evaluation","10407;2013465509;466809456;217052405;-383792911;676811649;-1522632363"
"main_g0p01_a0p25_m160",16,51,160,5560051,"reserved_robustness_evaluation","10407;1854588524;1359826217;-1820284615;-1112447084;401204512;-2029430779"
"main_g0p01_a0p25_m160",16,52,160,5560052,"reserved_robustness_evaluation","10407;-286292062;-1680862611;1149916424;-798693440;1775937925;119227537"
"main_g0p01_a0p25_m160",16,53,160,5560053,"reserved_robustness_evaluation","10407;544558793;1509247301;1292872113;135129174;-1824589370;1060678495"
"main_g0p01_a0p25_m160",16,54,160,5560054,"reserved_robustness_evaluation","10407;-201040024;-1337317547;-37531986;229890908;-581168551;507699638"
"main_g0p01_a0p25_m160",16,55,160,5560055,"reserved_robustness_evaluation","10407;-326524998;1821350135;1269990338;59284944;2088943861;-946253614"
"main_g0p01_a0p25_m160",16,56,160,5560056,"reserved_robustness_evaluation","10407;1235035304;2081203735;-1668937750;1932677624;1033898938;721213759"
"main_g0p01_a0p25_m160",16,57,160,5560057,"reserved_robustness_evaluation","10407;2038600123;923472121;-2038335038;1987715553;-1973167491;-1867665668"
"main_g0p01_a0p25_m160",16,58,160,5560058,"reserved_robustness_evaluation","10407;-1068857033;850379249;1392506974;1466938043;-627355148;923816727"
"main_g0p01_a0p25_m160",16,59,160,5560059,"reserved_robustness_evaluation","10407;674648780;-655212900;1525057922;969124899;-117580262;209153666"
"main_g0p01_a0p25_m160",16,60,160,5560060,"reserved_robustness_evaluation","10407;-1406477727;1721819107;-1895618876;-1086999472;-108579839;-1394372530"
"main_g0p01_a0p5_m40",17,1,40,5570001,"reserved_robustness_evaluation","10407;-1861983301;-1303023851;-1669029451;1428220900;-342884754;974055497"
"main_g0p01_a0p5_m40",17,2,40,5570002,"reserved_robustness_evaluation","10407;890871785;-326697894;618220810;-542553051;1656736187;2146493045"
"main_g0p01_a0p5_m40",17,3,40,5570003,"reserved_robustness_evaluation","10407;-1039864641;2095708620;-1309717807;-1231466145;1565182593;1250136237"
"main_g0p01_a0p5_m40",17,4,40,5570004,"reserved_robustness_evaluation","10407;978778515;-296641906;-1676320596;254955018;790252500;-1916943666"
"main_g0p01_a0p5_m40",17,5,40,5570005,"reserved_robustness_evaluation","10407;-1714919882;1231190698;708396106;-228223139;-1093655308;-1532567416"
"main_g0p01_a0p5_m40",17,6,40,5570006,"reserved_robustness_evaluation","10407;-1659748581;140342662;147732960;-2036937346;171229168;765081575"
"main_g0p01_a0p5_m40",17,7,40,5570007,"reserved_robustness_evaluation","10407;-1235140810;91075334;1381766419;-436981971;-1415118867;-418521991"
"main_g0p01_a0p5_m40",17,8,40,5570008,"reserved_robustness_evaluation","10407;-1294359154;-1019218383;-293631070;2116229874;1110191200;-1598141305"
"main_g0p01_a0p5_m40",17,9,40,5570009,"reserved_robustness_evaluation","10407;-1476526747;-373678411;1053759722;-607678113;2135086344;315620708"
"main_g0p01_a0p5_m40",17,10,40,5570010,"reserved_robustness_evaluation","10407;1867677386;337162043;1623575617;-892720887;-839859384;-1716145642"
"main_g0p01_a0p5_m40",17,11,40,5570011,"reserved_robustness_evaluation","10407;-1860334065;843436105;707068360;1849096703;-527922670;317056733"
"main_g0p01_a0p5_m40",17,12,40,5570012,"reserved_robustness_evaluation","10407;-1960163033;-180981320;55750371;1809988672;-340142357;550884579"
"main_g0p01_a0p5_m40",17,13,40,5570013,"reserved_robustness_evaluation","10407;978072761;1738112537;-1082624822;214413415;-543635211;-1742676408"
"main_g0p01_a0p5_m40",17,14,40,5570014,"reserved_robustness_evaluation","10407;1947252298;-767271552;744561298;-756217562;255915473;-585307938"
"main_g0p01_a0p5_m40",17,15,40,5570015,"reserved_robustness_evaluation","10407;970696903;-1882481143;-327323214;944347396;879688778;-840691560"
"main_g0p01_a0p5_m40",17,16,40,5570016,"reserved_robustness_evaluation","10407;838631984;86023072;1176502061;-535441901;864057182;1266232713"
"main_g0p01_a0p5_m40",17,17,40,5570017,"reserved_robustness_evaluation","10407;-977385546;-1922576237;-192495262;390012491;1814562800;-1992567063"
"main_g0p01_a0p5_m40",17,18,40,5570018,"reserved_robustness_evaluation","10407;-102546661;-1167768882;-1820503135;105672848;-1788104129;1515915060"
"main_g0p01_a0p5_m40",17,19,40,5570019,"reserved_robustness_evaluation","10407;-1993137754;151102999;-410989550;1085015503;-818002010;1837160790"
"main_g0p01_a0p5_m40",17,20,40,5570020,"reserved_robustness_evaluation","10407;1849324255;-1571954243;749982025;17296492;-162776649;-1382292683"
"main_g0p01_a0p5_m40",17,21,40,5570021,"reserved_robustness_evaluation","10407;408798817;-194635874;-343083573;-2051356880;-73692552;1552281476"
"main_g0p01_a0p5_m40",17,22,40,5570022,"reserved_robustness_evaluation","10407;528546071;1633473649;831273994;-1346389087;1734153668;782837311"
"main_g0p01_a0p5_m40",17,23,40,5570023,"reserved_robustness_evaluation","10407;777251858;132379839;920127190;750501017;1133945896;638306843"
"main_g0p01_a0p5_m40",17,24,40,5570024,"reserved_robustness_evaluation","10407;-1442678406;-1465420394;-2063728369;-389448464;-1391156723;431133997"
"main_g0p01_a0p5_m40",17,25,40,5570025,"reserved_robustness_evaluation","10407;-317529461;1990804749;-410436263;117264917;5788300;-629084716"
"main_g0p01_a0p5_m40",17,26,40,5570026,"reserved_robustness_evaluation","10407;-1447371305;945637822;956483683;671366440;-251409299;2108561378"
"main_g0p01_a0p5_m40",17,27,40,5570027,"reserved_robustness_evaluation","10407;-1663738625;-1313244243;151457633;1724373240;-515318200;-1705077814"
"main_g0p01_a0p5_m40",17,28,40,5570028,"reserved_robustness_evaluation","10407;-1639743162;-2142337047;-1207825564;1431746508;-303445329;60198553"
"main_g0p01_a0p5_m40",17,29,40,5570029,"reserved_robustness_evaluation","10407;-379154724;-859010384;-1048943514;-1294081275;-1947852465;179366053"
"main_g0p01_a0p5_m40",17,30,40,5570030,"reserved_robustness_evaluation","10407;-1286529390;-2076971655;-1148768648;-1267436373;-690493759;2104635667"
"main_g0p01_a0p5_m40",17,31,40,5570031,"reserved_robustness_evaluation","10407;-2087448665;-696115954;1312134454;2111048334;-2057964994;-1046929204"
"main_g0p01_a0p5_m40",17,32,40,5570032,"reserved_robustness_evaluation","10407;1868181686;-1339761404;-1388585271;292616342;1823477606;-1594301193"
"main_g0p01_a0p5_m40",17,33,40,5570033,"reserved_robustness_evaluation","10407;1748511058;744924413;-159036253;1902337136;513310823;-227515501"
"main_g0p01_a0p5_m40",17,34,40,5570034,"reserved_robustness_evaluation","10407;201785205;826737295;1910894106;-1335954966;-1605785281;-1523674760"
"main_g0p01_a0p5_m40",17,35,40,5570035,"reserved_robustness_evaluation","10407;-972347012;1494167814;1549138947;1372044426;-893073410;-1262678132"
"main_g0p01_a0p5_m40",17,36,40,5570036,"reserved_robustness_evaluation","10407;-74641708;-210258373;-1601163333;-706106100;-902125546;-1213079613"
"main_g0p01_a0p5_m40",17,37,40,5570037,"reserved_robustness_evaluation","10407;-179179117;-1811457025;-1657894127;1274265168;1918068420;327223351"
"main_g0p01_a0p5_m40",17,38,40,5570038,"reserved_robustness_evaluation","10407;-1112933057;554663973;-1054107926;-675801724;-1678881393;-1026840516"
"main_g0p01_a0p5_m40",17,39,40,5570039,"reserved_robustness_evaluation","10407;1991341075;-359002769;-878895599;-442797889;1737798232;-1198065983"
"main_g0p01_a0p5_m40",17,40,40,5570040,"reserved_robustness_evaluation","10407;-2051364433;-2073519414;130242535;524505686;-1733651113;1267205465"
"main_g0p01_a0p5_m40",17,41,40,5570041,"reserved_robustness_evaluation","10407;1994764762;-443520661;1830107202;-432467996;846625399;1439929786"
"main_g0p01_a0p5_m40",17,42,40,5570042,"reserved_robustness_evaluation","10407;-354298297;-501985427;-1993564976;-521783736;-1932284719;-207249338"
"main_g0p01_a0p5_m40",17,43,40,5570043,"reserved_robustness_evaluation","10407;1516292396;484407606;1539025901;-1032095577;450655779;929147015"
"main_g0p01_a0p5_m40",17,44,40,5570044,"reserved_robustness_evaluation","10407;-1586649614;-482992023;-2130098980;1731222175;1344378438;187275663"
"main_g0p01_a0p5_m40",17,45,40,5570045,"reserved_robustness_evaluation","10407;-2041605163;-625764126;-676763463;-1348728405;1019704554;-1660908441"
"main_g0p01_a0p5_m40",17,46,40,5570046,"reserved_robustness_evaluation","10407;946707156;1752519169;-291235003;1558971090;1580286638;-1601132101"
"main_g0p01_a0p5_m40",17,47,40,5570047,"reserved_robustness_evaluation","10407;3206683;-897356184;-552218785;-264241724;368218874;675099766"
"main_g0p01_a0p5_m40",17,48,40,5570048,"reserved_robustness_evaluation","10407;545940050;605192088;-1637886377;1107812868;-899132087;-706696852"
"main_g0p01_a0p5_m40",17,49,40,5570049,"reserved_robustness_evaluation","10407;-47814537;-1758952455;952232505;18410783;-300959694;-819237973"
"main_g0p01_a0p5_m40",17,50,40,5570050,"reserved_robustness_evaluation","10407;-871313632;-2081131290;-1766988215;1241821339;1063610506;-657842402"
"main_g0p01_a0p5_m40",17,51,40,5570051,"reserved_robustness_evaluation","10407;-1009184045;-647150403;73338622;65310898;477465210;-1582602186"
"main_g0p01_a0p5_m40",17,52,40,5570052,"reserved_robustness_evaluation","10407;2090459904;-1395766553;1007224545;1366360763;-544683327;-1229215939"
"main_g0p01_a0p5_m40",17,53,40,5570053,"reserved_robustness_evaluation","10407;-1457545130;-1365225790;-1562110719;-175238520;-976299761;-329051704"
"main_g0p01_a0p5_m40",17,54,40,5570054,"reserved_robustness_evaluation","10407;-933936073;-270586964;2136281034;-559401362;-1604149723;-350218850"
"main_g0p01_a0p5_m40",17,55,40,5570055,"reserved_robustness_evaluation","10407;-768589282;-2111758000;-517422133;1052681365;195208599;-2015205031"
"main_g0p01_a0p5_m40",17,56,40,5570056,"reserved_robustness_evaluation","10407;-1633029357;2072143640;-921081819;1297554069;1204169984;1452374300"
"main_g0p01_a0p5_m40",17,57,40,5570057,"reserved_robustness_evaluation","10407;301876844;-1415605107;-1821021261;-292664611;2113039829;-533528643"
"main_g0p01_a0p5_m40",17,58,40,5570058,"reserved_robustness_evaluation","10407;-2069833312;853807280;-934867331;179771456;710695002;-977671178"
"main_g0p01_a0p5_m40",17,59,40,5570059,"reserved_robustness_evaluation","10407;-1488943575;-61947631;12392476;2105174633;-1234050961;1736952092"
"main_g0p01_a0p5_m40",17,60,40,5570060,"reserved_robustness_evaluation","10407;671314920;-1738866721;1459960734;-1604082084;1090766673;270040536"
"main_g0p01_a0p5_m160",18,1,160,5580001,"reserved_robustness_evaluation","10407;278412036;-777719370;-1544913461;-1454233350;-322692734;235921880"
"main_g0p01_a0p5_m160",18,2,160,5580002,"reserved_robustness_evaluation","10407;-1127094926;1281584722;-1957145584;-1063937116;985732066;-876367745"
"main_g0p01_a0p5_m160",18,3,160,5580003,"reserved_robustness_evaluation","10407;1575087998;-387850067;-276046568;756393640;-2069268135;895505951"
"main_g0p01_a0p5_m160",18,4,160,5580004,"reserved_robustness_evaluation","10407;297991142;-1609351805;144154660;-607974093;-1991572313;-89181105"
"main_g0p01_a0p5_m160",18,5,160,5580005,"reserved_robustness_evaluation","10407;-397660827;1690538160;778226073;-530142292;1374606765;-1424959953"
"main_g0p01_a0p5_m160",18,6,160,5580006,"reserved_robustness_evaluation","10407;1403412236;-1479180785;-633050520;1740664249;-1631347752;-1116328370"
"main_g0p01_a0p5_m160",18,7,160,5580007,"reserved_robustness_evaluation","10407;1995207607;-1106667762;1677098603;-2083020796;-1374749294;-355904215"
"main_g0p01_a0p5_m160",18,8,160,5580008,"reserved_robustness_evaluation","10407;48176683;-1137799700;-582425211;81897673;1062596879;1578856133"
"main_g0p01_a0p5_m160",18,9,160,5580009,"reserved_robustness_evaluation","10407;-261708925;-1418007921;-296889668;-1527840476;265937369;-352609293"
"main_g0p01_a0p5_m160",18,10,160,5580010,"reserved_robustness_evaluation","10407;-1152450842;738155879;-2109524439;1416141263;26049404;-2022577772"
"main_g0p01_a0p5_m160",18,11,160,5580011,"reserved_robustness_evaluation","10407;1556797239;230049715;1521246302;1097257827;1791176787;1061430963"
"main_g0p01_a0p5_m160",18,12,160,5580012,"reserved_robustness_evaluation","10407;-1452360797;1706676652;1975193740;1532431609;-1845349745;-442448022"
"main_g0p01_a0p5_m160",18,13,160,5580013,"reserved_robustness_evaluation","10407;-1428808012;1852448779;726439240;1250037534;1904595673;-1694417986"
"main_g0p01_a0p5_m160",18,14,160,5580014,"reserved_robustness_evaluation","10407;-1364757621;294962905;1043595597;-1736804692;-51990439;1091944158"
"main_g0p01_a0p5_m160",18,15,160,5580015,"reserved_robustness_evaluation","10407;1244797464;1767767591;-1623089248;1683043667;-310732159;-187941380"
"main_g0p01_a0p5_m160",18,16,160,5580016,"reserved_robustness_evaluation","10407;-869091207;165582767;-1635586759;-1733299320;-902487374;-42893001"
"main_g0p01_a0p5_m160",18,17,160,5580017,"reserved_robustness_evaluation","10407;1165376739;-824631620;1606218982;-1071528401;1472852119;-110801397"
"main_g0p01_a0p5_m160",18,18,160,5580018,"reserved_robustness_evaluation","10407;2045045677;-1891246402;773081191;-1448468545;-1099589381;1935373859"
"main_g0p01_a0p5_m160",18,19,160,5580019,"reserved_robustness_evaluation","10407;-191982209;2146673008;-1015191740;-364961454;-1055989215;656976466"
"main_g0p01_a0p5_m160",18,20,160,5580020,"reserved_robustness_evaluation","10407;-1998560593;2139367075;484935939;-249943419;-1535180709;2012568818"
"main_g0p01_a0p5_m160",18,21,160,5580021,"reserved_robustness_evaluation","10407;1600773680;-1121768332;-1131653266;1855646566;-681389820;-422568772"
"main_g0p01_a0p5_m160",18,22,160,5580022,"reserved_robustness_evaluation","10407;798498424;-1007350060;302257401;1633805830;-1560991374;371052119"
"main_g0p01_a0p5_m160",18,23,160,5580023,"reserved_robustness_evaluation","10407;-1907825686;-999344573;-2002332707;-69473339;-1366316296;-193862"
"main_g0p01_a0p5_m160",18,24,160,5580024,"reserved_robustness_evaluation","10407;2048020116;1769560621;2114191824;-128082768;550878627;493198558"
"main_g0p01_a0p5_m160",18,25,160,5580025,"reserved_robustness_evaluation","10407;-82198246;-1306264439;1236930076;-1027851484;1299504570;1407001068"
"main_g0p01_a0p5_m160",18,26,160,5580026,"reserved_robustness_evaluation","10407;1547245470;747598086;-300457791;-1536179169;1467924866;1196152247"
"main_g0p01_a0p5_m160",18,27,160,5580027,"reserved_robustness_evaluation","10407;-1614662699;1649378689;-833392448;-695697976;1951163480;-1324153431"
"main_g0p01_a0p5_m160",18,28,160,5580028,"reserved_robustness_evaluation","10407;1173548694;1361419896;1807107134;-1538508651;2114706195;1391528980"
"main_g0p01_a0p5_m160",18,29,160,5580029,"reserved_robustness_evaluation","10407;1735105447;-709785134;2014206751;-587946235;1187694889;447587360"
"main_g0p01_a0p5_m160",18,30,160,5580030,"reserved_robustness_evaluation","10407;1023071664;-902024716;-1854422910;-2017378740;-523497603;-1042959333"
"main_g0p01_a0p5_m160",18,31,160,5580031,"reserved_robustness_evaluation","10407;-1766170723;-267065908;1277029153;-881994180;-396507921;1299002090"
"main_g0p01_a0p5_m160",18,32,160,5580032,"reserved_robustness_evaluation","10407;-2070763305;-1726053636;-842512351;870501068;856759632;-1679733885"
"main_g0p01_a0p5_m160",18,33,160,5580033,"reserved_robustness_evaluation","10407;24202916;1642968536;1816537372;1457462817;-1203741365;-1219646603"
"main_g0p01_a0p5_m160",18,34,160,5580034,"reserved_robustness_evaluation","10407;-1625798879;-151628617;-337167973;-604583402;-252558944;-489100236"
"main_g0p01_a0p5_m160",18,35,160,5580035,"reserved_robustness_evaluation","10407;191174796;-284686453;-1604228189;-708195103;-1522134754;815473579"
"main_g0p01_a0p5_m160",18,36,160,5580036,"reserved_robustness_evaluation","10407;-1449604935;1800692937;768514338;-683080783;1143185673;-257272478"
"main_g0p01_a0p5_m160",18,37,160,5580037,"reserved_robustness_evaluation","10407;13528972;-2072768334;-164171715;-1019150755;-606058375;-1532963164"
"main_g0p01_a0p5_m160",18,38,160,5580038,"reserved_robustness_evaluation","10407;1762780647;-1668657380;-227125272;1171964771;-1370796145;838951827"
"main_g0p01_a0p5_m160",18,39,160,5580039,"reserved_robustness_evaluation","10407;-1782594427;1088851932;1777744434;-1826006871;-1913826096;-104602263"
"main_g0p01_a0p5_m160",18,40,160,5580040,"reserved_robustness_evaluation","10407;221026375;605836656;-778312509;76907063;1286131536;1591694288"
"main_g0p01_a0p5_m160",18,41,160,5580041,"reserved_robustness_evaluation","10407;514711774;1077673933;879969867;1126102647;859539466;-369104856"
"main_g0p01_a0p5_m160",18,42,160,5580042,"reserved_robustness_evaluation","10407;2116798011;1993198837;-758451091;1073018319;405177600;-1606917632"
"main_g0p01_a0p5_m160",18,43,160,5580043,"reserved_robustness_evaluation","10407;953247806;167467173;492734106;-2098353034;1732386107;-1138091212"
"main_g0p01_a0p5_m160",18,44,160,5580044,"reserved_robustness_evaluation","10407;-1158932242;-700258750;175438126;-322114052;833946285;-681052603"
"main_g0p01_a0p5_m160",18,45,160,5580045,"reserved_robustness_evaluation","10407;-1293639350;-2002396120;-881032512;336410373;48506858;272697697"
"main_g0p01_a0p5_m160",18,46,160,5580046,"reserved_robustness_evaluation","10407;-108133749;400908541;-1145354387;656611166;-523916124;-305640566"
"main_g0p01_a0p5_m160",18,47,160,5580047,"reserved_robustness_evaluation","10407;-1375427176;2131607599;1208489399;1410296548;-1486600241;1925476761"
"main_g0p01_a0p5_m160",18,48,160,5580048,"reserved_robustness_evaluation","10407;920342043;-1322299035;-1844398218;-268478084;-446315280;656577050"
"main_g0p01_a0p5_m160",18,49,160,5580049,"reserved_robustness_evaluation","10407;-1471424771;388246116;-1364616731;-1564904628;-111119933;172422142"
"main_g0p01_a0p5_m160",18,50,160,5580050,"reserved_robustness_evaluation","10407;-735495819;-1015322054;-307178032;1017858107;-1401255715;535289711"
"main_g0p01_a0p5_m160",18,51,160,5580051,"reserved_robustness_evaluation","10407;1939247650;-1958233778;1163912081;1460292297;-504438423;960566094"
"main_g0p01_a0p5_m160",18,52,160,5580052,"reserved_robustness_evaluation","10407;-1784727061;1995382528;-433598481;2134479950;2023877082;-1516485334"
"main_g0p01_a0p5_m160",18,53,160,5580053,"reserved_robustness_evaluation","10407;-468019050;-887136393;-100271351;2116025639;15190947;1695467195"
"main_g0p01_a0p5_m160",18,54,160,5580054,"reserved_robustness_evaluation","10407;-795166620;385523312;1629878478;-309596005;-439478274;279277912"
"main_g0p01_a0p5_m160",18,55,160,5580055,"reserved_robustness_evaluation","10407;-1323151083;441132817;-500316345;-1086349892;-1556847552;-1595304469"
"main_g0p01_a0p5_m160",18,56,160,5580056,"reserved_robustness_evaluation","10407;-1768757195;-843591183;1666000082;-1005650933;-451959154;-1428379244"
"main_g0p01_a0p5_m160",18,57,160,5580057,"reserved_robustness_evaluation","10407;-1166615111;1335139958;-2088489238;-888642330;-341669049;-1004052240"
"main_g0p01_a0p5_m160",18,58,160,5580058,"reserved_robustness_evaluation","10407;212248004;-1028201249;-2089160855;-1250179564;997202365;-1455848696"
"main_g0p01_a0p5_m160",18,59,160,5580059,"reserved_robustness_evaluation","10407;-277419218;887331437;1219678905;-219419810;-81734375;893788835"
"main_g0p01_a0p5_m160",18,60,160,5580060,"reserved_robustness_evaluation","10407;-1522546774;430670984;-2121356060;-1701816343;1317289512;782286636"
"movement_g1_a0_m40",19,1,40,5590001,"reserved_robustness_evaluation","10407;-1776418833;-1821465131;1370793133;-1324170110;1701418928;667764789"
"movement_g1_a0_m40",19,2,40,5590002,"reserved_robustness_evaluation","10407;1135352963;389172706;1691725708;-514616972;777316745;-1001775835"
"movement_g1_a0_m40",19,3,40,5590003,"reserved_robustness_evaluation","10407;-1585015548;684952716;-1956196837;-796843184;-757635341;-1735495281"
"movement_g1_a0_m40",19,4,40,5590004,"reserved_robustness_evaluation","10407;-1158157584;580840857;-787455577;977193539;495898930;1903729938"
"movement_g1_a0_m40",19,5,40,5590005,"reserved_robustness_evaluation","10407;1410678629;-1339274049;-124383999;-2017131167;-1358040670;348590530"
"movement_g1_a0_m40",19,6,40,5590006,"reserved_robustness_evaluation","10407;83493776;1099021579;34101601;1644960066;-2066342074;-1709413823"
"movement_g1_a0_m40",19,7,40,5590007,"reserved_robustness_evaluation","10407;164933329;-1997824464;917561456;-1159946654;1208259812;1027477149"
"movement_g1_a0_m40",19,8,40,5590008,"reserved_robustness_evaluation","10407;88933563;1647272743;364575283;-1073370353;2076247437;1585138997"
"movement_g1_a0_m40",19,9,40,5590009,"reserved_robustness_evaluation","10407;-1046042447;1690232938;-461699307;1244136774;2061254131;1289305460"
"movement_g1_a0_m40",19,10,40,5590010,"reserved_robustness_evaluation","10407;515538676;-1990376532;1272347787;1502458016;-1029710720;707754222"
"movement_g1_a0_m40",19,11,40,5590011,"reserved_robustness_evaluation","10407;-1803638394;-2146787533;-502445870;750410896;-2048923987;545023056"
"movement_g1_a0_m40",19,12,40,5590012,"reserved_robustness_evaluation","10407;1540967994;-203471982;1761399809;-1882155718;-1761061788;-1132329579"
"movement_g1_a0_m40",19,13,40,5590013,"reserved_robustness_evaluation","10407;1125892221;-737384179;984349197;9142737;-1064164206;-2027585891"
"movement_g1_a0_m40",19,14,40,5590014,"reserved_robustness_evaluation","10407;-297842580;-80675379;-1398850729;-2119830399;-429436315;522541429"
"movement_g1_a0_m40",19,15,40,5590015,"reserved_robustness_evaluation","10407;787058553;-543387212;874332062;567268121;-1304493810;-50857117"
"movement_g1_a0_m40",19,16,40,5590016,"reserved_robustness_evaluation","10407;-4843413;2066928008;-393293550;1572414567;437502654;-1380665336"
"movement_g1_a0_m40",19,17,40,5590017,"reserved_robustness_evaluation","10407;-2083570065;-50494827;-1063128658;-1441809794;27993200;1850100965"
"movement_g1_a0_m40",19,18,40,5590018,"reserved_robustness_evaluation","10407;-301866936;-1783623872;-146532211;521784661;-582645682;1439772929"
"movement_g1_a0_m40",19,19,40,5590019,"reserved_robustness_evaluation","10407;1415208673;790717702;687177988;400365401;-1725165692;-45962738"
"movement_g1_a0_m40",19,20,40,5590020,"reserved_robustness_evaluation","10407;-508881262;-197401338;1329844031;1964713332;132210318;-1300189130"
"movement_g1_a0_m40",19,21,40,5590021,"reserved_robustness_evaluation","10407;2085837857;1156615293;-1975712164;-1788065505;2126430864;1550286910"
"movement_g1_a0_m40",19,22,40,5590022,"reserved_robustness_evaluation","10407;-1248031702;922065674;-223130426;1902498818;-1813330473;-1799825194"
"movement_g1_a0_m40",19,23,40,5590023,"reserved_robustness_evaluation","10407;196436994;-90443687;237157724;-527512048;504312329;-326201981"
"movement_g1_a0_m40",19,24,40,5590024,"reserved_robustness_evaluation","10407;1185486508;-1164273981;1936995547;-905570887;2124061854;172703568"
"movement_g1_a0_m40",19,25,40,5590025,"reserved_robustness_evaluation","10407;-1636095039;1303816267;153468488;1145361744;-418243233;-1818352041"
"movement_g1_a0_m40",19,26,40,5590026,"reserved_robustness_evaluation","10407;471305349;1469305730;640018034;-1410556535;-974180954;249149313"
"movement_g1_a0_m40",19,27,40,5590027,"reserved_robustness_evaluation","10407;1380596015;1321965196;-591386702;-1060729471;1842798315;-940513981"
"movement_g1_a0_m40",19,28,40,5590028,"reserved_robustness_evaluation","10407;1646864259;-1117291552;672651996;1985932641;1783245486;1918731483"
"movement_g1_a0_m40",19,29,40,5590029,"reserved_robustness_evaluation","10407;1519277086;-1035680992;1320749920;799657424;-1720842251;324750694"
"movement_g1_a0_m40",19,30,40,5590030,"reserved_robustness_evaluation","10407;-960045994;1469313736;741180429;911766699;-966495596;-1396965498"
"movement_g1_a0_m40",19,31,40,5590031,"reserved_robustness_evaluation","10407;-81501203;1029086969;-710253595;-2123932892;-1665425514;1738811101"
"movement_g1_a0_m40",19,32,40,5590032,"reserved_robustness_evaluation","10407;449777671;949901240;346539327;636414629;-1341292364;13891898"
"movement_g1_a0_m40",19,33,40,5590033,"reserved_robustness_evaluation","10407;2137212302;-1643367011;-81140137;-676654793;936281492;952894258"
"movement_g1_a0_m40",19,34,40,5590034,"reserved_robustness_evaluation","10407;-1768794076;671792628;1792557006;-1981740747;1880014586;756664650"
"movement_g1_a0_m40",19,35,40,5590035,"reserved_robustness_evaluation","10407;1500266125;1472412009;-1824634089;-2054093700;1628370596;-514737303"
"movement_g1_a0_m40",19,36,40,5590036,"reserved_robustness_evaluation","10407;-405557004;1613179902;-697816242;-1221375032;2114130808;-595995661"
"movement_g1_a0_m40",19,37,40,5590037,"reserved_robustness_evaluation","10407;351541422;430381363;531620211;265593648;2136592516;-398553062"
"movement_g1_a0_m40",19,38,40,5590038,"reserved_robustness_evaluation","10407;-1372979092;1165997115;-1452255777;-1328016653;1748159082;-1596021573"
"movement_g1_a0_m40",19,39,40,5590039,"reserved_robustness_evaluation","10407;-1936863474;1813454644;-756920353;1103538649;838858950;-1101939920"
"movement_g1_a0_m40",19,40,40,5590040,"reserved_robustness_evaluation","10407;1541611226;2047338695;1781575561;1027964241;835100097;1064434062"
"movement_g1_a0_m160",20,1,160,5600001,"reserved_robustness_evaluation","10407;-701466142;-1561058429;593399276;-34871251;-1726885245;-430160603"
"movement_g1_a0_m160",20,2,160,5600002,"reserved_robustness_evaluation","10407;-300563176;-2145607935;1502875535;-1759953080;-1715899204;84911954"
"movement_g1_a0_m160",20,3,160,5600003,"reserved_robustness_evaluation","10407;-2130512423;-875872622;803435490;1752991602;-460624739;274672865"
"movement_g1_a0_m160",20,4,160,5600004,"reserved_robustness_evaluation","10407;472310490;317706541;450773471;831772462;-1422647976;1724040527"
"movement_g1_a0_m160",20,5,160,5600005,"reserved_robustness_evaluation","10407;1237470190;-346248437;2052032551;591184281;71459342;1962352873"
"movement_g1_a0_m160",20,6,160,5600006,"reserved_robustness_evaluation","10407;-1232841455;-2062094676;249549947;1580103660;-1341758412;-930894627"
"movement_g1_a0_m160",20,7,160,5600007,"reserved_robustness_evaluation","10407;-904705808;-382611829;-771299612;-317937044;940163483;1006418227"
"movement_g1_a0_m160",20,8,160,5600008,"reserved_robustness_evaluation","10407;1067851440;-1711855398;100627644;1866726130;-1207527269;-356122587"
"movement_g1_a0_m160",20,9,160,5600009,"reserved_robustness_evaluation","10407;1437542941;133342336;-1248853671;25133493;349907167;1352666777"
"movement_g1_a0_m160",20,10,160,5600010,"reserved_robustness_evaluation","10407;551799439;-1145494471;287096887;1906539704;501443205;1607179791"
"movement_g1_a0_m160",20,11,160,5600011,"reserved_robustness_evaluation","10407;601797320;-1883102385;-2015181701;-243100677;920410647;1275021390"
"movement_g1_a0_m160",20,12,160,5600012,"reserved_robustness_evaluation","10407;-354987683;-2039137172;1102334789;1246879632;1645278990;1931548083"
"movement_g1_a0_m160",20,13,160,5600013,"reserved_robustness_evaluation","10407;784030338;-1455762520;-769802949;1751488100;-719265687;-2130108565"
"movement_g1_a0_m160",20,14,160,5600014,"reserved_robustness_evaluation","10407;2059949991;-1601651875;-1615371725;1363093259;1685684921;810941681"
"movement_g1_a0_m160",20,15,160,5600015,"reserved_robustness_evaluation","10407;-594484175;-969991885;1511300062;-1344828199;-1163976360;-367236308"
"movement_g1_a0_m160",20,16,160,5600016,"reserved_robustness_evaluation","10407;1146424752;-1648627282;-664887354;161678157;1230131984;780877497"
"movement_g1_a0_m160",20,17,160,5600017,"reserved_robustness_evaluation","10407;-143145216;1468759956;-1255533683;1686113957;408772016;1726661324"
"movement_g1_a0_m160",20,18,160,5600018,"reserved_robustness_evaluation","10407;-1448409017;-1598730678;780937263;-2071206272;1777715985;1823798087"
"movement_g1_a0_m160",20,19,160,5600019,"reserved_robustness_evaluation","10407;2101820194;-1300225079;-398329932;-1469536329;-252134601;-482462312"
"movement_g1_a0_m160",20,20,160,5600020,"reserved_robustness_evaluation","10407;-72737277;547394028;-1947612939;-352103137;1114937656;141445235"
"movement_g1_a0_m160",20,21,160,5600021,"reserved_robustness_evaluation","10407;-1367811348;-1246280354;-1585227966;121953347;-1086427888;1122930313"
"movement_g1_a0_m160",20,22,160,5600022,"reserved_robustness_evaluation","10407;-828321146;1903126907;-272833498;-1352742340;-1982561057;-2075386182"
"movement_g1_a0_m160",20,23,160,5600023,"reserved_robustness_evaluation","10407;843158647;-974332324;-1844877883;-912752100;-855532582;-1986768801"
"movement_g1_a0_m160",20,24,160,5600024,"reserved_robustness_evaluation","10407;-21589182;1476263096;2117981739;1124701040;-705821293;-866755291"
"movement_g1_a0_m160",20,25,160,5600025,"reserved_robustness_evaluation","10407;-1501683837;-2097602498;407671899;670467638;-1218112796;-394553795"
"movement_g1_a0_m160",20,26,160,5600026,"reserved_robustness_evaluation","10407;-1630713993;-1111365555;-922049382;1015476885;1472808895;1914084214"
"movement_g1_a0_m160",20,27,160,5600027,"reserved_robustness_evaluation","10407;745615782;-536060767;-2088660325;-774368580;-2048732796;2076247134"
"movement_g1_a0_m160",20,28,160,5600028,"reserved_robustness_evaluation","10407;1349221009;584675702;-985097978;1359393552;-1656521287;1163826517"
"movement_g1_a0_m160",20,29,160,5600029,"reserved_robustness_evaluation","10407;-541235915;-941358576;99665483;-2067358505;877646174;-175020893"
"movement_g1_a0_m160",20,30,160,5600030,"reserved_robustness_evaluation","10407;1503295208;924268662;1315484793;918407632;1570628156;979630857"
"movement_g1_a0_m160",20,31,160,5600031,"reserved_robustness_evaluation","10407;1557067585;-1398463463;1183773039;956173662;-246233827;1464976241"
"movement_g1_a0_m160",20,32,160,5600032,"reserved_robustness_evaluation","10407;-276983093;-1072279603;89776423;-1380823319;65987334;-1329042320"
"movement_g1_a0_m160",20,33,160,5600033,"reserved_robustness_evaluation","10407;-1391653171;-1390729818;510231595;469041193;-2107169467;-1350471849"
"movement_g1_a0_m160",20,34,160,5600034,"reserved_robustness_evaluation","10407;163297069;84810955;1630166226;-921801963;-1469361917;-210816724"
"movement_g1_a0_m160",20,35,160,5600035,"reserved_robustness_evaluation","10407;-1205552565;1825706847;1659144514;1035778467;328560663;-773582769"
"movement_g1_a0_m160",20,36,160,5600036,"reserved_robustness_evaluation","10407;-221145128;1158749394;764373372;650257722;1199304922;-283321052"
"movement_g1_a0_m160",20,37,160,5600037,"reserved_robustness_evaluation","10407;-110643801;-1207914017;-1896454572;-1690445710;1081227354;1509069871"
"movement_g1_a0_m160",20,38,160,5600038,"reserved_robustness_evaluation","10407;-278768209;-1418540848;1325441188;160537771;-1491764291;-1672398060"
"movement_g1_a0_m160",20,39,160,5600039,"reserved_robustness_evaluation","10407;-1206411607;-1421917498;1543949696;-1921790585;-1236008051;-328414599"
"movement_g1_a0_m160",20,40,160,5600040,"reserved_robustness_evaluation","10407;1715516564;5245386;562647130;-1999215697;858181358;7357274"
"movement_g1_a0p5_m40",21,1,40,5610001,"reserved_robustness_evaluation","10407;-204923494;-1125847013;1599805295;-446943765;1321651125;1889842456"
"movement_g1_a0p5_m40",21,2,40,5610002,"reserved_robustness_evaluation","10407;1522709632;934845564;770402836;-1736148945;-650588484;1168898843"
"movement_g1_a0p5_m40",21,3,40,5610003,"reserved_robustness_evaluation","10407;56835591;-1226719827;-1031727403;682655513;-1942932103;1358626337"
"movement_g1_a0p5_m40",21,4,40,5610004,"reserved_robustness_evaluation","10407;-1468414275;1070524446;-1901411203;-999895473;215068272;-992096945"
"movement_g1_a0p5_m40",21,5,40,5610005,"reserved_robustness_evaluation","10407;-1046094133;484880807;674507014;247282245;211198797;1757636110"
"movement_g1_a0p5_m40",21,6,40,5610006,"reserved_robustness_evaluation","10407;-1630650892;1355887202;-1644694201;675566886;1644723861;-1270592877"
"movement_g1_a0p5_m40",21,7,40,5610007,"reserved_robustness_evaluation","10407;687244988;-1437781776;-1811736027;32470064;-55825403;1027911073"
"movement_g1_a0p5_m40",21,8,40,5610008,"reserved_robustness_evaluation","10407;-949247923;405780315;1182721610;1869852810;1390207210;-698666906"
"movement_g1_a0p5_m40",21,9,40,5610009,"reserved_robustness_evaluation","10407;-217535786;-471196313;1323397658;-94322578;1095368569;1873369542"
"movement_g1_a0p5_m40",21,10,40,5610010,"reserved_robustness_evaluation","10407;-1709358420;909884395;465173409;1844324855;-891824296;420639665"
"movement_g1_a0p5_m40",21,11,40,5610011,"reserved_robustness_evaluation","10407;1439395699;-641178462;-169307322;602976323;24845864;-1543071500"
"movement_g1_a0p5_m40",21,12,40,5610012,"reserved_robustness_evaluation","10407;-1509906952;-60457430;1979945057;858704562;2009576187;1804828096"
"movement_g1_a0p5_m40",21,13,40,5610013,"reserved_robustness_evaluation","10407;-247268561;2083733052;-337533606;-340234162;-312110917;515820881"
"movement_g1_a0p5_m40",21,14,40,5610014,"reserved_robustness_evaluation","10407;1639209570;-1413607872;38177411;548809233;-1059674977;-937125318"
"movement_g1_a0p5_m40",21,15,40,5610015,"reserved_robustness_evaluation","10407;-135963053;1609419572;1233580477;-1779036299;1392266224;135816841"
"movement_g1_a0p5_m40",21,16,40,5610016,"reserved_robustness_evaluation","10407;342941335;-1267356218;1976162063;-994530963;-62879952;172006992"
"movement_g1_a0p5_m40",21,17,40,5610017,"reserved_robustness_evaluation","10407;1313015217;-1966577635;1965302497;1989379782;1338757324;290729826"
"movement_g1_a0p5_m40",21,18,40,5610018,"reserved_robustness_evaluation","10407;385764745;-973987056;1225013757;-1747343512;-17398158;1044157233"
"movement_g1_a0p5_m40",21,19,40,5610019,"reserved_robustness_evaluation","10407;-920814419;844603408;-675438829;-1662033762;1476154129;1034548614"
"movement_g1_a0p5_m40",21,20,40,5610020,"reserved_robustness_evaluation","10407;-44816457;1424928610;205801161;1142990465;744650918;158226257"
"movement_g1_a0p5_m40",21,21,40,5610021,"reserved_robustness_evaluation","10407;-1144668233;-866550464;879704603;517700197;-1681755333;1793098747"
"movement_g1_a0p5_m40",21,22,40,5610022,"reserved_robustness_evaluation","10407;-21515046;-1489378571;66992500;-1106611729;1288707428;-983582518"
"movement_g1_a0p5_m40",21,23,40,5610023,"reserved_robustness_evaluation","10407;296335854;1378095894;1005702443;-192234057;2069126503;1959303259"
"movement_g1_a0p5_m40",21,24,40,5610024,"reserved_robustness_evaluation","10407;-1400508211;1823047235;21207498;1836586983;1224539839;-1160381342"
"movement_g1_a0p5_m40",21,25,40,5610025,"reserved_robustness_evaluation","10407;1323516574;-654706868;1691436635;-892213441;-1516284081;817811024"
"movement_g1_a0p5_m40",21,26,40,5610026,"reserved_robustness_evaluation","10407;-1273738145;1560770974;-1702200011;-586786900;1822359625;1074220186"
"movement_g1_a0p5_m40",21,27,40,5610027,"reserved_robustness_evaluation","10407;1651835231;1927742450;1545069566;-157675076;-1161000839;-951587195"
"movement_g1_a0p5_m40",21,28,40,5610028,"reserved_robustness_evaluation","10407;670267316;-625395682;-117091660;-1383158256;-55041204;-2093944136"
"movement_g1_a0p5_m40",21,29,40,5610029,"reserved_robustness_evaluation","10407;-1808948018;362594764;851216156;-2033324712;-1633940030;-621711623"
"movement_g1_a0p5_m40",21,30,40,5610030,"reserved_robustness_evaluation","10407;-862043162;1032562160;-2008345005;1970255753;-1179574724;-1840722202"
"movement_g1_a0p5_m40",21,31,40,5610031,"reserved_robustness_evaluation","10407;1510187860;-117065236;-1691540320;1037608214;367319085;-614623207"
"movement_g1_a0p5_m40",21,32,40,5610032,"reserved_robustness_evaluation","10407;1082882844;336479137;-651949292;-564311260;-905214618;1042031789"
"movement_g1_a0p5_m40",21,33,40,5610033,"reserved_robustness_evaluation","10407;-971218365;-1035565981;2088535462;668538570;-987214745;-38881243"
"movement_g1_a0p5_m40",21,34,40,5610034,"reserved_robustness_evaluation","10407;-496450276;431150825;-476048623;2073627020;469914017;1825736971"
"movement_g1_a0p5_m40",21,35,40,5610035,"reserved_robustness_evaluation","10407;-1827070751;1931414824;445076386;628457966;1004694540;1554442874"
"movement_g1_a0p5_m40",21,36,40,5610036,"reserved_robustness_evaluation","10407;-1954837280;1128992201;-1673149726;2000509858;813328221;-1700952043"
"movement_g1_a0p5_m40",21,37,40,5610037,"reserved_robustness_evaluation","10407;-159864935;1180843713;1788344144;-545392991;-1215027561;-832760195"
"movement_g1_a0p5_m40",21,38,40,5610038,"reserved_robustness_evaluation","10407;-1858509660;141734626;1996568158;-1426925616;-1938406551;-1792505659"
"movement_g1_a0p5_m40",21,39,40,5610039,"reserved_robustness_evaluation","10407;-426178550;-49347487;924380126;-1263615193;-555560654;33570674"
"movement_g1_a0p5_m40",21,40,40,5610040,"reserved_robustness_evaluation","10407;164342317;-926993258;1479519942;2070411095;-1195816153;1240886752"
"movement_g1_a0p5_m160",22,1,160,5620001,"reserved_robustness_evaluation","10407;1470881180;-498839254;329520287;-1161896542;-1942749699;324357945"
"movement_g1_a0p5_m160",22,2,160,5620002,"reserved_robustness_evaluation","10407;-1840891377;1984806835;1460772384;739805582;-1512251191;-325853730"
"movement_g1_a0p5_m160",22,3,160,5620003,"reserved_robustness_evaluation","10407;-866262793;778293119;-1823614854;1983314593;-777795106;-170677477"
"movement_g1_a0p5_m160",22,4,160,5620004,"reserved_robustness_evaluation","10407;1241205276;-652930866;1180782662;1086642300;730008876;905935228"
"movement_g1_a0p5_m160",22,5,160,5620005,"reserved_robustness_evaluation","10407;-1299484645;1974786989;1008317835;-1633600606;-1238510757;-1082615958"
"movement_g1_a0p5_m160",22,6,160,5620006,"reserved_robustness_evaluation","10407;1079300224;2081488323;1332565955;-1599940159;-2001607551;-580295780"
"movement_g1_a0p5_m160",22,7,160,5620007,"reserved_robustness_evaluation","10407;-2111710872;1446046855;-676807254;-391633734;-1053704130;920048791"
"movement_g1_a0p5_m160",22,8,160,5620008,"reserved_robustness_evaluation","10407;742505581;-1495498116;-325806567;552436011;190902228;-1000551256"
"movement_g1_a0p5_m160",22,9,160,5620009,"reserved_robustness_evaluation","10407;-1756715908;-957288425;822712327;152434126;797928454;161660637"
"movement_g1_a0p5_m160",22,10,160,5620010,"reserved_robustness_evaluation","10407;-1342628189;-987052090;-473149346;1353756096;1999188823;1469179104"
"movement_g1_a0p5_m160",22,11,160,5620011,"reserved_robustness_evaluation","10407;-904001128;230441981;-244908663;-1089143127;-1790575152;1956424200"
"movement_g1_a0p5_m160",22,12,160,5620012,"reserved_robustness_evaluation","10407;1792488761;-2108121714;1835950181;116579633;-1175475339;528074338"
"movement_g1_a0p5_m160",22,13,160,5620013,"reserved_robustness_evaluation","10407;-415259503;-1892432465;-1439620487;1022873246;1897685827;-1999485860"
"movement_g1_a0p5_m160",22,14,160,5620014,"reserved_robustness_evaluation","10407;960737866;580773024;2114550415;1387486682;-844788160;2003921693"
"movement_g1_a0p5_m160",22,15,160,5620015,"reserved_robustness_evaluation","10407;897170703;2062111817;-1942840017;152883307;-1183385873;-85000368"
"movement_g1_a0p5_m160",22,16,160,5620016,"reserved_robustness_evaluation","10407;-620324975;279975124;1867678234;2058949671;-832891964;-755006017"
"movement_g1_a0p5_m160",22,17,160,5620017,"reserved_robustness_evaluation","10407;-3415818;624084772;-958061521;230189227;-1429631823;-713465012"
"movement_g1_a0p5_m160",22,18,160,5620018,"reserved_robustness_evaluation","10407;-2064429684;2026759167;714703020;-1274150593;-244954864;-2050450075"
"movement_g1_a0p5_m160",22,19,160,5620019,"reserved_robustness_evaluation","10407;187112974;1577226561;-1477070858;-513821890;-595748327;-1178709276"
"movement_g1_a0p5_m160",22,20,160,5620020,"reserved_robustness_evaluation","10407;-1059433878;-1250597408;419485426;-621044372;1779769916;-1254204305"
"movement_g1_a0p5_m160",22,21,160,5620021,"reserved_robustness_evaluation","10407;-819631256;-1487671054;-792040056;673970843;1170917229;1466221201"
"movement_g1_a0p5_m160",22,22,160,5620022,"reserved_robustness_evaluation","10407;1973715104;838955405;-2052158091;1835790644;-1365650458;-1391450886"
"movement_g1_a0p5_m160",22,23,160,5620023,"reserved_robustness_evaluation","10407;1789300147;1825805883;1638519909;1224629518;33637824;1385686134"
"movement_g1_a0p5_m160",22,24,160,5620024,"reserved_robustness_evaluation","10407;647585646;116693884;1042382922;754432772;1906278789;1753733415"
"movement_g1_a0p5_m160",22,25,160,5620025,"reserved_robustness_evaluation","10407;-652791471;573747378;1304317252;-1030470703;-1377020464;1522222855"
"movement_g1_a0p5_m160",22,26,160,5620026,"reserved_robustness_evaluation","10407;582941663;-215943695;-180124788;1465135345;469091787;-1428144746"
"movement_g1_a0p5_m160",22,27,160,5620027,"reserved_robustness_evaluation","10407;-1574097739;-527437503;-797571099;-1408594160;1607746888;292953689"
"movement_g1_a0p5_m160",22,28,160,5620028,"reserved_robustness_evaluation","10407;-65954829;483280039;120680538;1609897269;827518283;1929298560"
"movement_g1_a0p5_m160",22,29,160,5620029,"reserved_robustness_evaluation","10407;2085527498;146215079;1124299041;-764030728;770588660;1361710194"
"movement_g1_a0p5_m160",22,30,160,5620030,"reserved_robustness_evaluation","10407;-641157723;-1753533055;226213387;-1371995149;-1654918570;-742727366"
"movement_g1_a0p5_m160",22,31,160,5620031,"reserved_robustness_evaluation","10407;-1224346222;50063476;519406037;1887230871;676781239;-583981668"
"movement_g1_a0p5_m160",22,32,160,5620032,"reserved_robustness_evaluation","10407;-1874273102;132541425;-1200549806;-242504998;-446392190;487957368"
"movement_g1_a0p5_m160",22,33,160,5620033,"reserved_robustness_evaluation","10407;888279870;1982714128;-916905125;-1110080052;-419775911;56033715"
"movement_g1_a0p5_m160",22,34,160,5620034,"reserved_robustness_evaluation","10407;1276608430;-926786540;-540774747;709568134;980820725;280081484"
"movement_g1_a0p5_m160",22,35,160,5620035,"reserved_robustness_evaluation","10407;106754273;-815248;-1890708869;934439252;-391256061;-888471504"
"movement_g1_a0p5_m160",22,36,160,5620036,"reserved_robustness_evaluation","10407;-1929923535;-485526996;-1461225191;579252523;706859910;1786380570"
"movement_g1_a0p5_m160",22,37,160,5620037,"reserved_robustness_evaluation","10407;1757051206;-646042645;-915713326;-1558685906;-2064304432;2093642740"
"movement_g1_a0p5_m160",22,38,160,5620038,"reserved_robustness_evaluation","10407;53696574;-1198783135;-1974948446;-1624253212;-965744997;1573866724"
"movement_g1_a0p5_m160",22,39,160,5620039,"reserved_robustness_evaluation","10407;-1487912403;-480164443;1187453813;23198694;136145090;-765817932"
"movement_g1_a0p5_m160",22,40,160,5620040,"reserved_robustness_evaluation","10407;-493388113;799277616;-2035965529;336243290;18767656;458242499"
"movement_g0p01_a0_m40",23,1,40,5630001,"reserved_robustness_evaluation","10407;932619812;1050849714;-1935925417;-236370265;-1597053007;1955777258"
"movement_g0p01_a0_m40",23,2,40,5630002,"reserved_robustness_evaluation","10407;987302638;-1076433540;-470594627;837900740;1863993764;-1259479395"
"movement_g0p01_a0_m40",23,3,40,5630003,"reserved_robustness_evaluation","10407;98578241;-2137712224;360976920;-1728528861;879737055;-665756540"
"movement_g0p01_a0_m40",23,4,40,5630004,"reserved_robustness_evaluation","10407;1237190153;1458837913;1823007423;-290332863;902551395;1732768230"
"movement_g0p01_a0_m40",23,5,40,5630005,"reserved_robustness_evaluation","10407;306258919;2025186367;-895446778;-1408559680;-55576265;93400478"
"movement_g0p01_a0_m40",23,6,40,5630006,"reserved_robustness_evaluation","10407;535972691;-466100579;-176407189;-323033428;193644564;-242353000"
"movement_g0p01_a0_m40",23,7,40,5630007,"reserved_robustness_evaluation","10407;175678226;26264568;1641915588;-1677250203;1567621344;-1169501376"
"movement_g0p01_a0_m40",23,8,40,5630008,"reserved_robustness_evaluation","10407;-2063583722;-583398550;858270709;-502589641;436457540;1593655655"
"movement_g0p01_a0_m40",23,9,40,5630009,"reserved_robustness_evaluation","10407;1800532442;1062218481;320034638;-1348750397;-250888913;842884424"
"movement_g0p01_a0_m40",23,10,40,5630010,"reserved_robustness_evaluation","10407;1314886000;-2087883818;-1683248568;1070634357;-1675665733;-1409602012"
"movement_g0p01_a0_m40",23,11,40,5630011,"reserved_robustness_evaluation","10407;-1476911039;-113982248;1201413908;-2053172894;-1904446821;-952779450"
"movement_g0p01_a0_m40",23,12,40,5630012,"reserved_robustness_evaluation","10407;1233405755;1239714441;1971852888;-1300670702;-505287885;1842920440"
"movement_g0p01_a0_m40",23,13,40,5630013,"reserved_robustness_evaluation","10407;335857955;-856637221;181268070;-376559454;-698426987;1831437063"
"movement_g0p01_a0_m40",23,14,40,5630014,"reserved_robustness_evaluation","10407;-1058802805;277311064;1840424564;542425958;-1279594917;-1437143427"
"movement_g0p01_a0_m40",23,15,40,5630015,"reserved_robustness_evaluation","10407;-247217556;-1879073269;1085400145;1621253685;-369617227;-435816852"
"movement_g0p01_a0_m40",23,16,40,5630016,"reserved_robustness_evaluation","10407;1971260669;109631993;2134566503;704186452;-2093534024;-2116493313"
"movement_g0p01_a0_m40",23,17,40,5630017,"reserved_robustness_evaluation","10407;954846993;261437067;-1708794008;-717399622;1555474325;-1883606495"
"movement_g0p01_a0_m40",23,18,40,5630018,"reserved_robustness_evaluation","10407;1795751850;1457290088;1197977504;1660948316;-167256957;1194843423"
"movement_g0p01_a0_m40",23,19,40,5630019,"reserved_robustness_evaluation","10407;-1705136790;-2100138060;442037293;-691436643;482174693;1222326214"
"movement_g0p01_a0_m40",23,20,40,5630020,"reserved_robustness_evaluation","10407;760581494;-1983919795;1604920233;-1846905358;1586642490;877941141"
"movement_g0p01_a0_m40",23,21,40,5630021,"reserved_robustness_evaluation","10407;1957027179;1381670880;-87088538;822344259;-1479123463;909788293"
"movement_g0p01_a0_m40",23,22,40,5630022,"reserved_robustness_evaluation","10407;-1253418627;-1349124674;-568225803;-1745680941;-409763479;252135414"
"movement_g0p01_a0_m40",23,23,40,5630023,"reserved_robustness_evaluation","10407;434104575;-822404188;1165892797;-659147033;1677853508;291538238"
"movement_g0p01_a0_m40",23,24,40,5630024,"reserved_robustness_evaluation","10407;-930309388;-241617859;-1211999524;523093569;-220060130;-1164558321"
"movement_g0p01_a0_m40",23,25,40,5630025,"reserved_robustness_evaluation","10407;1242815491;435797194;2070498815;1862463619;1953917687;-1191750301"
"movement_g0p01_a0_m40",23,26,40,5630026,"reserved_robustness_evaluation","10407;-608535587;-881355190;-329169045;-1311241403;-1032705868;-922450597"
"movement_g0p01_a0_m40",23,27,40,5630027,"reserved_robustness_evaluation","10407;1693491652;1813924265;841229510;-1724506235;160235330;-1694199556"
"movement_g0p01_a0_m40",23,28,40,5630028,"reserved_robustness_evaluation","10407;-121991637;470035233;1338748921;1534390398;538706010;230496432"
"movement_g0p01_a0_m40",23,29,40,5630029,"reserved_robustness_evaluation","10407;491953657;-818905066;309444773;930132554;-1542329002;-1820063744"
"movement_g0p01_a0_m40",23,30,40,5630030,"reserved_robustness_evaluation","10407;737511313;1884648052;205296071;-127478264;-41130697;328844765"
"movement_g0p01_a0_m40",23,31,40,5630031,"reserved_robustness_evaluation","10407;2001900296;-602588409;1326085847;-334748108;-1227374816;-1101034962"
"movement_g0p01_a0_m40",23,32,40,5630032,"reserved_robustness_evaluation","10407;1852898556;1799736822;677743219;-531907345;177416617;1051188965"
"movement_g0p01_a0_m40",23,33,40,5630033,"reserved_robustness_evaluation","10407;-663969106;-1200695958;507718675;-1657876402;94183293;1425220355"
"movement_g0p01_a0_m40",23,34,40,5630034,"reserved_robustness_evaluation","10407;606114709;-553793759;-2127034964;-1457699622;1244976544;907654829"
"movement_g0p01_a0_m40",23,35,40,5630035,"reserved_robustness_evaluation","10407;1892352949;1231493857;-1716653818;-1073127657;704889487;-326978739"
"movement_g0p01_a0_m40",23,36,40,5630036,"reserved_robustness_evaluation","10407;1558832059;-254491648;183332609;230440033;96039593;-1423995589"
"movement_g0p01_a0_m40",23,37,40,5630037,"reserved_robustness_evaluation","10407;-1650473293;-632859243;2067837382;2077428839;1542015862;-1046255795"
"movement_g0p01_a0_m40",23,38,40,5630038,"reserved_robustness_evaluation","10407;806964734;1670923778;958604055;-532618268;-172418699;21020187"
"movement_g0p01_a0_m40",23,39,40,5630039,"reserved_robustness_evaluation","10407;-1876124875;1471656036;-1979782933;-1110123813;713746657;-877016192"
"movement_g0p01_a0_m40",23,40,40,5630040,"reserved_robustness_evaluation","10407;-1249592473;1301830935;2095439819;301239068;-569628262;1172247661"
"movement_g0p01_a0_m160",24,1,160,5640001,"reserved_robustness_evaluation","10407;1736559534;-1649907869;841450160;1660709158;-991870403;699830911"
"movement_g0p01_a0_m160",24,2,160,5640002,"reserved_robustness_evaluation","10407;-182350211;520146157;-2045332164;-2021743925;-1109742199;-236828203"
"movement_g0p01_a0_m160",24,3,160,5640003,"reserved_robustness_evaluation","10407;-239972122;387035942;-1672728367;-1227724742;-1291877311;484746446"
"movement_g0p01_a0_m160",24,4,160,5640004,"reserved_robustness_evaluation","10407;-71877583;32963824;-1972126479;1316678404;-424774557;-1703725486"
"movement_g0p01_a0_m160",24,5,160,5640005,"reserved_robustness_evaluation","10407;-255898643;-453602351;607520034;1129284915;1980662337;144452788"
"movement_g0p01_a0_m160",24,6,160,5640006,"reserved_robustness_evaluation","10407;1113679254;1141907140;-983225581;-1534049495;90530479;-1183905778"
"movement_g0p01_a0_m160",24,7,160,5640007,"reserved_robustness_evaluation","10407;1422439207;-7765459;1750108381;1454913969;-1094425418;-703449197"
"movement_g0p01_a0_m160",24,8,160,5640008,"reserved_robustness_evaluation","10407;-527603125;-27724309;-1253435713;415545231;-291499911;-86422641"
"movement_g0p01_a0_m160",24,9,160,5640009,"reserved_robustness_evaluation","10407;-1342457508;955308096;-1976263621;-138341904;-114853007;730223408"
"movement_g0p01_a0_m160",24,10,160,5640010,"reserved_robustness_evaluation","10407;1160370108;1811258900;977267712;-89745290;-197317054;898402359"
"movement_g0p01_a0_m160",24,11,160,5640011,"reserved_robustness_evaluation","10407;-327638554;-1412980336;-1742541491;1977185144;-1734564618;239435440"
"movement_g0p01_a0_m160",24,12,160,5640012,"reserved_robustness_evaluation","10407;1225744182;1020813343;-168082082;635917852;-448711891;-1088864195"
"movement_g0p01_a0_m160",24,13,160,5640013,"reserved_robustness_evaluation","10407;-347227060;-1047080429;386236671;-888473400;495062001;456716388"
"movement_g0p01_a0_m160",24,14,160,5640014,"reserved_robustness_evaluation","10407;568902842;-1490657983;670186449;849501270;-736820864;1368816212"
"movement_g0p01_a0_m160",24,15,160,5640015,"reserved_robustness_evaluation","10407;-517788832;-783773559;-2028887846;-1471855565;1937413072;274729080"
"movement_g0p01_a0_m160",24,16,160,5640016,"reserved_robustness_evaluation","10407;-1259771442;1935011460;598594542;-2100626812;-1065478355;617919080"
"movement_g0p01_a0_m160",24,17,160,5640017,"reserved_robustness_evaluation","10407;404401997;-634469821;800456971;-554626458;-854437374;-845857269"
"movement_g0p01_a0_m160",24,18,160,5640018,"reserved_robustness_evaluation","10407;861616420;1343571903;350695662;1227215751;942371868;-1960804446"
"movement_g0p01_a0_m160",24,19,160,5640019,"reserved_robustness_evaluation","10407;-1279286580;1346407846;-1181860680;186195451;311936230;-121347989"
"movement_g0p01_a0_m160",24,20,160,5640020,"reserved_robustness_evaluation","10407;750205607;1856997649;1560790034;1086351760;1882123662;1533088096"
"movement_g0p01_a0_m160",24,21,160,5640021,"reserved_robustness_evaluation","10407;1069998447;1861282332;-666279163;1201312379;-1706542862;575777015"
"movement_g0p01_a0_m160",24,22,160,5640022,"reserved_robustness_evaluation","10407;-329021220;-267874662;305131457;-1121502787;1841173528;1188153602"
"movement_g0p01_a0_m160",24,23,160,5640023,"reserved_robustness_evaluation","10407;-12231563;1543099980;1846327067;99703391;988180641;-156575438"
"movement_g0p01_a0_m160",24,24,160,5640024,"reserved_robustness_evaluation","10407;-419224273;-373488902;477274360;762587776;239014354;-1063934742"
"movement_g0p01_a0_m160",24,25,160,5640025,"reserved_robustness_evaluation","10407;371753112;309369462;-861115879;-132765282;1590044055;-1600733322"
"movement_g0p01_a0_m160",24,26,160,5640026,"reserved_robustness_evaluation","10407;194527890;-1133566175;-979683545;2112550035;-42025866;-1045630444"
"movement_g0p01_a0_m160",24,27,160,5640027,"reserved_robustness_evaluation","10407;1326460442;1969869770;-1239411521;-210165717;1131026468;1280452148"
"movement_g0p01_a0_m160",24,28,160,5640028,"reserved_robustness_evaluation","10407;1354703743;-1825301628;-1723743028;-165999465;1216563672;-1219277984"
"movement_g0p01_a0_m160",24,29,160,5640029,"reserved_robustness_evaluation","10407;1603070393;1797589800;-1557550434;-1535220342;-970299006;-617023102"
"movement_g0p01_a0_m160",24,30,160,5640030,"reserved_robustness_evaluation","10407;-1365061330;-2093478405;-920279048;1041522393;643422700;1964179378"
"movement_g0p01_a0_m160",24,31,160,5640031,"reserved_robustness_evaluation","10407;442077394;2141136541;-645653046;14738639;1718807442;1223702259"
"movement_g0p01_a0_m160",24,32,160,5640032,"reserved_robustness_evaluation","10407;781467848;-980617724;-663547218;-1323625800;-1195279155;2010749936"
"movement_g0p01_a0_m160",24,33,160,5640033,"reserved_robustness_evaluation","10407;-1886836682;-238440365;-1004715786;147463315;-1872482680;664589806"
"movement_g0p01_a0_m160",24,34,160,5640034,"reserved_robustness_evaluation","10407;-1058833693;1792184283;-1196482294;-987251271;-127208202;-1042252254"
"movement_g0p01_a0_m160",24,35,160,5640035,"reserved_robustness_evaluation","10407;-837391728;-556767516;-2117620639;283982268;1460452189;-538337350"
"movement_g0p01_a0_m160",24,36,160,5640036,"reserved_robustness_evaluation","10407;1045910500;-1474037484;823835561;-1583351183;-1452007784;-788771431"
"movement_g0p01_a0_m160",24,37,160,5640037,"reserved_robustness_evaluation","10407;-1975596421;-92858290;-1229474179;233983770;-15935483;-1415944678"
"movement_g0p01_a0_m160",24,38,160,5640038,"reserved_robustness_evaluation","10407;-1460218358;-1636768663;-618484990;-1508128775;-1201871451;1432826200"
"movement_g0p01_a0_m160",24,39,160,5640039,"reserved_robustness_evaluation","10407;-270232854;463575728;507077773;-1436652722;2020414201;1379990652"
"movement_g0p01_a0_m160",24,40,160,5640040,"reserved_robustness_evaluation","10407;-1240398117;527718794;-810650104;1271820936;752792645;-781870514"
"movement_g0p01_a0p5_m40",25,1,40,5650001,"reserved_robustness_evaluation","10407;1007606058;1955724200;1008883398;564507042;-736674234;-712973118"
"movement_g0p01_a0p5_m40",25,2,40,5650002,"reserved_robustness_evaluation","10407;-690709176;1836896720;-51429408;-964624718;291044322;1117155898"
"movement_g0p01_a0p5_m40",25,3,40,5650003,"reserved_robustness_evaluation","10407;-585210280;-1215841972;-907733355;-552145909;-1016000093;1698120821"
"movement_g0p01_a0p5_m40",25,4,40,5650004,"reserved_robustness_evaluation","10407;1599541635;-1883055341;265414842;-351344862;-1362261880;536099602"
"movement_g0p01_a0p5_m40",25,5,40,5650005,"reserved_robustness_evaluation","10407;-396674758;-675615934;733946969;372331597;538895705;-1714707854"
"movement_g0p01_a0p5_m40",25,6,40,5650006,"reserved_robustness_evaluation","10407;805851297;-1885013552;474922643;-515236304;-918581262;1865060173"
"movement_g0p01_a0p5_m40",25,7,40,5650007,"reserved_robustness_evaluation","10407;-106833324;979776547;-1842407340;265005422;304806656;-1097479428"
"movement_g0p01_a0p5_m40",25,8,40,5650008,"reserved_robustness_evaluation","10407;1636515025;-364167761;-1058577399;-811511029;-374251094;-468064823"
"movement_g0p01_a0p5_m40",25,9,40,5650009,"reserved_robustness_evaluation","10407;1447849935;-281461457;1900005377;547203287;1342173856;-1469690973"
"movement_g0p01_a0p5_m40",25,10,40,5650010,"reserved_robustness_evaluation","10407;754458624;713672230;138860018;1489954676;615509870;1425606014"
"movement_g0p01_a0p5_m40",25,11,40,5650011,"reserved_robustness_evaluation","10407;-314964076;1596212450;-1337677028;-1669051795;-1819072343;1962524172"
"movement_g0p01_a0p5_m40",25,12,40,5650012,"reserved_robustness_evaluation","10407;-2002680805;1739970405;1844428166;-320551787;415739142;1830779008"
"movement_g0p01_a0p5_m40",25,13,40,5650013,"reserved_robustness_evaluation","10407;-1062417070;161666329;10196689;976780593;860695264;-2019928253"
"movement_g0p01_a0p5_m40",25,14,40,5650014,"reserved_robustness_evaluation","10407;1843751561;1486398411;109670373;1059721304;-200029815;-876514967"
"movement_g0p01_a0p5_m40",25,15,40,5650015,"reserved_robustness_evaluation","10407;-1802854501;1907879548;-1087756948;1033796501;828651978;1882674151"
"movement_g0p01_a0p5_m40",25,16,40,5650016,"reserved_robustness_evaluation","10407;-38436637;-174202501;1559137296;495296865;402865735;-790173031"
"movement_g0p01_a0p5_m40",25,17,40,5650017,"reserved_robustness_evaluation","10407;-1153721394;1959922257;-281537234;-118996979;-937960065;-1626146627"
"movement_g0p01_a0p5_m40",25,18,40,5650018,"reserved_robustness_evaluation","10407;-830064172;-858015414;-59250441;1966413589;-499478413;1575107474"
"movement_g0p01_a0p5_m40",25,19,40,5650019,"reserved_robustness_evaluation","10407;810466889;1296822638;-677442032;-9055345;1414145223;-246330022"
"movement_g0p01_a0p5_m40",25,20,40,5650020,"reserved_robustness_evaluation","10407;-2057471241;-1551196564;231451797;-569460222;1285979635;-342458290"
"movement_g0p01_a0p5_m40",25,21,40,5650021,"reserved_robustness_evaluation","10407;682730506;269269407;-2006442878;-2071644827;-1711849114;-1527708776"
"movement_g0p01_a0p5_m40",25,22,40,5650022,"reserved_robustness_evaluation","10407;-1336972765;-1835534279;1496214405;417949692;-1560217793;-2593280"
"movement_g0p01_a0p5_m40",25,23,40,5650023,"reserved_robustness_evaluation","10407;185205540;-774406411;-1231599014;-878524705;-1178114261;435207543"
"movement_g0p01_a0p5_m40",25,24,40,5650024,"reserved_robustness_evaluation","10407;1540288500;-609569215;-681636656;960072776;-1082456053;-956283485"
"movement_g0p01_a0p5_m40",25,25,40,5650025,"reserved_robustness_evaluation","10407;371121868;-1458834485;152167992;1514267141;-1262950439;-612868938"
"movement_g0p01_a0p5_m40",25,26,40,5650026,"reserved_robustness_evaluation","10407;1541454226;-1224967527;-389385913;1580719582;-979946896;-128709044"
"movement_g0p01_a0p5_m40",25,27,40,5650027,"reserved_robustness_evaluation","10407;1787728069;1081845062;1711782793;-1902871787;-30217556;2145492438"
"movement_g0p01_a0p5_m40",25,28,40,5650028,"reserved_robustness_evaluation","10407;-16416329;-278891294;-850695521;1978525265;-824866772;-289939219"
"movement_g0p01_a0p5_m40",25,29,40,5650029,"reserved_robustness_evaluation","10407;1325334117;-1108348598;1756852201;1607163515;1194043803;1371796576"
"movement_g0p01_a0p5_m40",25,30,40,5650030,"reserved_robustness_evaluation","10407;537724367;-2067713106;565372187;1145182932;-1671339391;87630920"
"movement_g0p01_a0p5_m40",25,31,40,5650031,"reserved_robustness_evaluation","10407;-1087310559;546364277;2054384871;-1689332798;346704386;-521889061"
"movement_g0p01_a0p5_m40",25,32,40,5650032,"reserved_robustness_evaluation","10407;1844645960;-255155740;-1521525459;1623034719;-1199573054;-140646712"
"movement_g0p01_a0p5_m40",25,33,40,5650033,"reserved_robustness_evaluation","10407;-1629794288;-1691482483;-635167020;-2097380501;1369875036;-683743057"
"movement_g0p01_a0p5_m40",25,34,40,5650034,"reserved_robustness_evaluation","10407;1048128734;-1451309720;1465770040;-1305030512;1623784199;552560658"
"movement_g0p01_a0p5_m40",25,35,40,5650035,"reserved_robustness_evaluation","10407;1115302754;-619626351;646279275;2042650230;283379184;-1194087292"
"movement_g0p01_a0p5_m40",25,36,40,5650036,"reserved_robustness_evaluation","10407;310406962;197530913;-975726783;-340999402;-1641203848;-1966914218"
"movement_g0p01_a0p5_m40",25,37,40,5650037,"reserved_robustness_evaluation","10407;-888200240;-1035568535;1955800671;92587121;-1209186183;-1719984760"
"movement_g0p01_a0p5_m40",25,38,40,5650038,"reserved_robustness_evaluation","10407;-1706388093;-314867746;-2008626256;-1807927302;746203210;-662403810"
"movement_g0p01_a0p5_m40",25,39,40,5650039,"reserved_robustness_evaluation","10407;1061463224;-1402467017;1981551884;-1785195368;-1042163960;-1477474794"
"movement_g0p01_a0p5_m40",25,40,40,5650040,"reserved_robustness_evaluation","10407;-418031909;1921851901;317692886;-1791995514;629847849;825912761"
"movement_g0p01_a0p5_m160",26,1,160,5660001,"reserved_robustness_evaluation","10407;1678061772;463208484;2035744659;738642431;926542398;1728259003"
"movement_g0p01_a0p5_m160",26,2,160,5660002,"reserved_robustness_evaluation","10407;-2122609567;1253156551;-378068148;1060586053;-518348978;419084816"
"movement_g0p01_a0p5_m160",26,3,160,5660003,"reserved_robustness_evaluation","10407;1209156768;-41301315;-1507020108;-1479691275;-1752696841;-1797696594"
"movement_g0p01_a0p5_m160",26,4,160,5660004,"reserved_robustness_evaluation","10407;588753565;2126573508;1930875279;-1503071356;-389332109;-1240904966"
"movement_g0p01_a0p5_m160",26,5,160,5660005,"reserved_robustness_evaluation","10407;-4571250;1363932799;1149178576;-1743147690;-349337382;1464500761"
"movement_g0p01_a0p5_m160",26,6,160,5660006,"reserved_robustness_evaluation","10407;665779088;-1753087501;162284692;-779470091;-1035880400;-1850696996"
"movement_g0p01_a0p5_m160",26,7,160,5660007,"reserved_robustness_evaluation","10407;-207200450;167556093;875724379;-1969479344;-745517490;320341650"
"movement_g0p01_a0p5_m160",26,8,160,5660008,"reserved_robustness_evaluation","10407;702711872;1442354923;-367124108;464410358;-156098102;-452133576"
"movement_g0p01_a0p5_m160",26,9,160,5660009,"reserved_robustness_evaluation","10407;914762920;164795302;-1160240883;-880095125;-1853000541;1569190869"
"movement_g0p01_a0p5_m160",26,10,160,5660010,"reserved_robustness_evaluation","10407;973170780;1788966752;-1754244116;-1596148163;-112703701;1676234559"
"movement_g0p01_a0p5_m160",26,11,160,5660011,"reserved_robustness_evaluation","10407;-604729033;-939332694;149525712;-487579788;-2111297750;1658227811"
"movement_g0p01_a0p5_m160",26,12,160,5660012,"reserved_robustness_evaluation","10407;-569534650;1104334727;-1953287265;2009383277;-1346023054;1631377688"
"movement_g0p01_a0p5_m160",26,13,160,5660013,"reserved_robustness_evaluation","10407;-1102553238;1051126190;2054729850;432749210;651409741;1403996896"
"movement_g0p01_a0p5_m160",26,14,160,5660014,"reserved_robustness_evaluation","10407;623966511;-2123278855;-8620554;251888358;905223105;-1686373883"
"movement_g0p01_a0p5_m160",26,15,160,5660015,"reserved_robustness_evaluation","10407;-499831689;-1466658998;-590648830;1494543593;51963349;1451012267"
"movement_g0p01_a0p5_m160",26,16,160,5660016,"reserved_robustness_evaluation","10407;-318640642;1632147763;-1114566425;72802719;1184477874;-1936584236"
"movement_g0p01_a0p5_m160",26,17,160,5660017,"reserved_robustness_evaluation","10407;178474760;1853802151;1058119000;1702752887;-932199135;-243541885"
"movement_g0p01_a0p5_m160",26,18,160,5660018,"reserved_robustness_evaluation","10407;-101729015;171522702;1028977416;906485811;-594783495;-1867682172"
"movement_g0p01_a0p5_m160",26,19,160,5660019,"reserved_robustness_evaluation","10407;-1221297651;30345923;1810980872;-403819192;166485816;527698153"
"movement_g0p01_a0p5_m160",26,20,160,5660020,"reserved_robustness_evaluation","10407;1252601432;1267844464;925564602;1610488094;-1414326226;-1962149847"
"movement_g0p01_a0p5_m160",26,21,160,5660021,"reserved_robustness_evaluation","10407;-1221443986;1679839886;-571425584;-274906321;847616913;1167615982"
"movement_g0p01_a0p5_m160",26,22,160,5660022,"reserved_robustness_evaluation","10407;-195096875;1343447189;863109820;-408835047;-1246711208;1086497989"
"movement_g0p01_a0p5_m160",26,23,160,5660023,"reserved_robustness_evaluation","10407;-200169009;1593301796;503329804;-1723843502;1986473137;2042344981"
"movement_g0p01_a0p5_m160",26,24,160,5660024,"reserved_robustness_evaluation","10407;1916999443;714196542;-527823718;-1960182065;1657280024;-1368278035"
"movement_g0p01_a0p5_m160",26,25,160,5660025,"reserved_robustness_evaluation","10407;-484877698;-520634612;-141280154;-449857527;818494090;-1013448687"
"movement_g0p01_a0p5_m160",26,26,160,5660026,"reserved_robustness_evaluation","10407;788174459;-1050729985;1543885223;-1562985154;5130084;-1131442939"
"movement_g0p01_a0p5_m160",26,27,160,5660027,"reserved_robustness_evaluation","10407;2115575216;1606404942;1739378739;1395601022;1578225506;-2143471419"
"movement_g0p01_a0p5_m160",26,28,160,5660028,"reserved_robustness_evaluation","10407;225368975;1346038669;411571642;-1406900428;19017501;990135572"
"movement_g0p01_a0p5_m160",26,29,160,5660029,"reserved_robustness_evaluation","10407;1039333519;262985759;725162547;975833067;1897248711;-1627648661"
"movement_g0p01_a0p5_m160",26,30,160,5660030,"reserved_robustness_evaluation","10407;1135970728;-156864669;35642474;-1610638417;-577804238;-1036950700"
"movement_g0p01_a0p5_m160",26,31,160,5660031,"reserved_robustness_evaluation","10407;1446832650;837339665;106356822;-1572787403;1495203137;561418596"
"movement_g0p01_a0p5_m160",26,32,160,5660032,"reserved_robustness_evaluation","10407;1160876657;-1641936553;725895191;320773162;438609582;244887133"
"movement_g0p01_a0p5_m160",26,33,160,5660033,"reserved_robustness_evaluation","10407;-1370440287;-636977387;234393173;-834558682;-872368471;-1905425113"
"movement_g0p01_a0p5_m160",26,34,160,5660034,"reserved_robustness_evaluation","10407;-784485261;-1299395767;-1164591649;983479678;895498723;799097828"
"movement_g0p01_a0p5_m160",26,35,160,5660035,"reserved_robustness_evaluation","10407;-809832375;-1112113444;1418683746;562534825;257984082;986444738"
"movement_g0p01_a0p5_m160",26,36,160,5660036,"reserved_robustness_evaluation","10407;-1712615883;1983363484;972423332;976282576;1710837349;-84132083"
"movement_g0p01_a0p5_m160",26,37,160,5660037,"reserved_robustness_evaluation","10407;1951946806;1904547700;-1383409036;565584541;1913913148;34274354"
"movement_g0p01_a0p5_m160",26,38,160,5660038,"reserved_robustness_evaluation","10407;-863738683;599506025;995816516;-1999676348;-1505776406;1157808186"
"movement_g0p01_a0p5_m160",26,39,160,5660039,"reserved_robustness_evaluation","10407;1191601846;2014014316;-1262469475;-1480362162;-782110116;378814907"
"movement_g0p01_a0p5_m160",26,40,160,5660040,"reserved_robustness_evaluation","10407;-1204781727;-652319921;2077672988;1091624112;8615460;607749658"
"ar1_g1_a0_m40",27,1,40,5670001,"reserved_robustness_evaluation","10407;-1426454439;-763865771;1682043546;1384950004;1564022252;-703326163"
"ar1_g1_a0_m40",27,2,40,5670002,"reserved_robustness_evaluation","10407;209349831;1061124039;-322966672;-1365385871;2110372797;789520377"
"ar1_g1_a0_m40",27,3,40,5670003,"reserved_robustness_evaluation","10407;-1569435188;1010043655;-1783039905;1683611793;1805709273;993580839"
"ar1_g1_a0_m40",27,4,40,5670004,"reserved_robustness_evaluation","10407;-1402412833;635410553;-630587454;1606641476;31192590;-1914882346"
"ar1_g1_a0_m40",27,5,40,5670005,"reserved_robustness_evaluation","10407;-681691900;-1944070998;-1816409783;-695288268;-1322104680;-1786769781"
"ar1_g1_a0_m40",27,6,40,5670006,"reserved_robustness_evaluation","10407;520566067;341837679;978529048;-518892063;1743229945;-1447262774"
"ar1_g1_a0_m40",27,7,40,5670007,"reserved_robustness_evaluation","10407;-351441274;-930741919;713953022;-798758182;809761199;1992989006"
"ar1_g1_a0_m40",27,8,40,5670008,"reserved_robustness_evaluation","10407;-1189794054;-1106268004;-1874659742;1689289194;2067195533;629078211"
"ar1_g1_a0_m40",27,9,40,5670009,"reserved_robustness_evaluation","10407;-1285952622;1676878562;-702024721;-1854551867;1272090163;-375551317"
"ar1_g1_a0_m40",27,10,40,5670010,"reserved_robustness_evaluation","10407;390748742;560379919;1359008874;-346217453;200113061;1767251974"
"ar1_g1_a0_m40",27,11,40,5670011,"reserved_robustness_evaluation","10407;-585896988;-1270901526;190736038;-692306574;-983952118;-976968671"
"ar1_g1_a0_m40",27,12,40,5670012,"reserved_robustness_evaluation","10407;795824128;-273553;735120473;-867136479;967596482;1867996619"
"ar1_g1_a0_m40",27,13,40,5670013,"reserved_robustness_evaluation","10407;1066209102;-124125568;464237239;590815905;-1920341849;1341227336"
"ar1_g1_a0_m40",27,14,40,5670014,"reserved_robustness_evaluation","10407;-1061325790;-2118047608;-489281772;358244714;52410865;104492737"
"ar1_g1_a0_m40",27,15,40,5670015,"reserved_robustness_evaluation","10407;-481707863;1441885630;-1800814528;-108558666;-1188303725;-829441935"
"ar1_g1_a0_m40",27,16,40,5670016,"reserved_robustness_evaluation","10407;-1181970422;1158015717;-1861597346;1900712513;-20193250;-2046442251"
"ar1_g1_a0_m40",27,17,40,5670017,"reserved_robustness_evaluation","10407;-1797443605;-1601545638;-88097083;1607893648;554716139;281840420"
"ar1_g1_a0_m40",27,18,40,5670018,"reserved_robustness_evaluation","10407;479104199;24232272;-329123242;1563891037;294152230;950251066"
"ar1_g1_a0_m40",27,19,40,5670019,"reserved_robustness_evaluation","10407;-736815941;1379184421;2017348841;423320927;1632373617;316823835"
"ar1_g1_a0_m40",27,20,40,5670020,"reserved_robustness_evaluation","10407;1960753979;400742397;-183124081;443668601;15867412;680376952"
"ar1_g1_a0_m40",27,21,40,5670021,"reserved_robustness_evaluation","10407;-687631418;1008474023;453516125;2017305235;-1239405498;828613887"
"ar1_g1_a0_m40",27,22,40,5670022,"reserved_robustness_evaluation","10407;242773225;-1053500516;-1510194348;1629991431;-1003780042;-1664391752"
"ar1_g1_a0_m40",27,23,40,5670023,"reserved_robustness_evaluation","10407;764070670;1919549970;673881284;-1689945192;1733100913;1435003998"
"ar1_g1_a0_m40",27,24,40,5670024,"reserved_robustness_evaluation","10407;-2045596577;2026292135;2067279602;1083623590;-278212068;1422915533"
"ar1_g1_a0_m40",27,25,40,5670025,"reserved_robustness_evaluation","10407;-1166043817;-569184243;1216402524;86514243;376371238;711647980"
"ar1_g1_a0_m40",27,26,40,5670026,"reserved_robustness_evaluation","10407;-1368869658;-1946538440;2086721565;-716975772;-1396675788;1628880374"
"ar1_g1_a0_m40",27,27,40,5670027,"reserved_robustness_evaluation","10407;-1472533461;269159307;606726509;-872033054;-1866204185;-122644904"
"ar1_g1_a0_m40",27,28,40,5670028,"reserved_robustness_evaluation","10407;1253390577;994712538;-1619591908;559159315;-1299215349;-1237253712"
"ar1_g1_a0_m40",27,29,40,5670029,"reserved_robustness_evaluation","10407;1850516125;203699639;-895835358;2106305556;1276366509;-931118408"
"ar1_g1_a0_m40",27,30,40,5670030,"reserved_robustness_evaluation","10407;-112595476;-1914645494;567058;1082138824;2043864615;-590754495"
"ar1_g1_a0_m40",27,31,40,5670031,"reserved_robustness_evaluation","10407;-463729357;-1202296776;-2051186503;-967944264;-1095646955;-1122863130"
"ar1_g1_a0_m40",27,32,40,5670032,"reserved_robustness_evaluation","10407;1460934639;-1077709779;48591895;60313472;-1772291557;-656397896"
"ar1_g1_a0_m40",27,33,40,5670033,"reserved_robustness_evaluation","10407;-782943555;1544436648;116863614;2072944795;-91469389;-1613467177"
"ar1_g1_a0_m40",27,34,40,5670034,"reserved_robustness_evaluation","10407;1752609460;819937295;1571879357;182257938;966354660;2116758448"
"ar1_g1_a0_m40",27,35,40,5670035,"reserved_robustness_evaluation","10407;1915890440;1993496886;-797950897;1310229821;-243869788;-1603366707"
"ar1_g1_a0_m40",27,36,40,5670036,"reserved_robustness_evaluation","10407;-1216889118;911523151;-1729190263;-1592357143;943947020;645637945"
"ar1_g1_a0_m40",27,37,40,5670037,"reserved_robustness_evaluation","10407;-115272881;-1450235548;-882320703;-2055567883;694729586;-1095344762"
"ar1_g1_a0_m40",27,38,40,5670038,"reserved_robustness_evaluation","10407;1053652818;-1369363007;-2080337854;1376168533;-1079416454;-1477716265"
"ar1_g1_a0_m40",27,39,40,5670039,"reserved_robustness_evaluation","10407;-885033758;1492871831;-191168592;-1969964075;316530563;1134191340"
"ar1_g1_a0_m40",27,40,40,5670040,"reserved_robustness_evaluation","10407;-1193517158;-97422277;1723258733;1287178799;-1490735854;-554037592"
"ar1_g1_a0_m160",28,1,160,5680001,"reserved_robustness_evaluation","10407;1273856807;-434993316;919352195;427283798;1053478445;-626732407"
"ar1_g1_a0_m160",28,2,160,5680002,"reserved_robustness_evaluation","10407;2077057189;1029510545;1091442102;1680986267;-97216306;545075689"
"ar1_g1_a0_m160",28,3,160,5680003,"reserved_robustness_evaluation","10407;-226188079;1102350152;763487850;64196333;484850059;1898569106"
"ar1_g1_a0_m160",28,4,160,5680004,"reserved_robustness_evaluation","10407;-1526447118;1838285600;-1161821997;-1969112968;-1533734528;1638036892"
"ar1_g1_a0_m160",28,5,160,5680005,"reserved_robustness_evaluation","10407;2042935210;-1569805031;-2130014521;-223881447;-733934835;-1573903351"
"ar1_g1_a0_m160",28,6,160,5680006,"reserved_robustness_evaluation","10407;-1626702444;-1346147755;820269622;-202093515;266005589;1971156541"
"ar1_g1_a0_m160",28,7,160,5680007,"reserved_robustness_evaluation","10407;-1066330150;1072779121;-931754772;736313548;-1775865099;1657319579"
"ar1_g1_a0_m160",28,8,160,5680008,"reserved_robustness_evaluation","10407;1086365488;436878505;-1874336280;1124038830;-194314922;-930894097"
"ar1_g1_a0_m160",28,9,160,5680009,"reserved_robustness_evaluation","10407;145785776;283589962;1759624450;371783992;1309533021;1129992576"
"ar1_g1_a0_m160",28,10,160,5680010,"reserved_robustness_evaluation","10407;-222063309;-1215380434;-1121641304;1815839658;-2067372934;-540087981"
"ar1_g1_a0_m160",28,11,160,5680011,"reserved_robustness_evaluation","10407;1071714003;-2025258911;1505937972;-2035683549;230339596;-1914313340"
"ar1_g1_a0_m160",28,12,160,5680012,"reserved_robustness_evaluation","10407;1836317500;1272588064;-414243646;-2070095600;1910861792;-1285981922"
"ar1_g1_a0_m160",28,13,160,5680013,"reserved_robustness_evaluation","10407;1005619060;1795623345;-1326212033;801464867;1059145950;410877248"
"ar1_g1_a0_m160",28,14,160,5680014,"reserved_robustness_evaluation","10407;-1950838547;-1585322493;-779392350;-1685549855;24131221;-215965508"
"ar1_g1_a0_m160",28,15,160,5680015,"reserved_robustness_evaluation","10407;758257612;1671594682;-1945544736;-646929760;594574056;969933937"
"ar1_g1_a0_m160",28,16,160,5680016,"reserved_robustness_evaluation","10407;1717671552;-958354452;-1966109324;-104585595;-1842811219;1973648950"
"ar1_g1_a0_m160",28,17,160,5680017,"reserved_robustness_evaluation","10407;-1374073745;-2023499495;-245070864;1624299595;106904784;808648411"
"ar1_g1_a0_m160",28,18,160,5680018,"reserved_robustness_evaluation","10407;-1428222587;-618910048;857657327;1557538970;70761451;397189084"
"ar1_g1_a0_m160",28,19,160,5680019,"reserved_robustness_evaluation","10407;-1352558598;-365772584;-309454846;-2118937024;461687369;-2066227263"
"ar1_g1_a0_m160",28,20,160,5680020,"reserved_robustness_evaluation","10407;12095499;569442640;-55360549;1549542744;-236879152;-963077603"
"ar1_g1_a0_m160",28,21,160,5680021,"reserved_robustness_evaluation","10407;190153360;1599943992;1997088596;-1180445484;58296299;168446532"
"ar1_g1_a0_m160",28,22,160,5680022,"reserved_robustness_evaluation","10407;-1496719931;560169405;-2140339354;111577532;-136885286;1551768769"
"ar1_g1_a0_m160",28,23,160,5680023,"reserved_robustness_evaluation","10407;-1865645056;2066711942;-1012247571;-1366779642;-614812203;142072410"
"ar1_g1_a0_m160",28,24,160,5680024,"reserved_robustness_evaluation","10407;-2012907692;-105385630;-684379411;279506653;-1254909300;-86739718"
"ar1_g1_a0_m160",28,25,160,5680025,"reserved_robustness_evaluation","10407;428521591;-643944961;-765285152;1619010941;-1576676468;-110680793"
"ar1_g1_a0_m160",28,26,160,5680026,"reserved_robustness_evaluation","10407;-1923618666;841975843;402856843;210543025;937871509;899811409"
"ar1_g1_a0_m160",28,27,160,5680027,"reserved_robustness_evaluation","10407;1598904965;-1204465723;432114013;-705206779;441421663;92574843"
"ar1_g1_a0_m160",28,28,160,5680028,"reserved_robustness_evaluation","10407;446414884;-2031652371;-1837713672;1989510399;-1388130832;868737748"
"ar1_g1_a0_m160",28,29,160,5680029,"reserved_robustness_evaluation","10407;1766575622;-2062383543;-1716288296;-366035243;-1497457229;1814976506"
"ar1_g1_a0_m160",28,30,160,5680030,"reserved_robustness_evaluation","10407;1306907644;-1749682909;1701650562;213783313;1408269504;1257256860"
"ar1_g1_a0_m160",28,31,160,5680031,"reserved_robustness_evaluation","10407;-116919851;241417708;-1435451876;-2035867769;900619246;-1429283238"
"ar1_g1_a0_m160",28,32,160,5680032,"reserved_robustness_evaluation","10407;1162850304;-130936233;-103325241;-71744961;-2053587753;454226789"
"ar1_g1_a0_m160",28,33,160,5680033,"reserved_robustness_evaluation","10407;2137297450;784807406;-457909247;-669376498;-1835485620;1199399001"
"ar1_g1_a0_m160",28,34,160,5680034,"reserved_robustness_evaluation","10407;1601367009;987816453;-691127307;-368343035;-1367908558;1727666810"
"ar1_g1_a0_m160",28,35,160,5680035,"reserved_robustness_evaluation","10407;1953244135;681149179;-601245852;61301207;30219378;1127710188"
"ar1_g1_a0_m160",28,36,160,5680036,"reserved_robustness_evaluation","10407;1362715503;-1099127469;-1334655565;808816904;1603887967;-1276213022"
"ar1_g1_a0_m160",28,37,160,5680037,"reserved_robustness_evaluation","10407;1640739422;-1051571841;-35997366;-260103713;1502779777;-1129481159"
"ar1_g1_a0_m160",28,38,160,5680038,"reserved_robustness_evaluation","10407;-131374517;90358736;818442015;7290815;167829047;-827376808"
"ar1_g1_a0_m160",28,39,160,5680039,"reserved_robustness_evaluation","10407;634918323;1925269636;-903248857;-1705785112;-1769832449;240663548"
"ar1_g1_a0_m160",28,40,160,5680040,"reserved_robustness_evaluation","10407;-1165820483;1422007200;-1134961382;525239284;34841252;466673187"
"ar1_g0p01_a0_m40",29,1,40,5690001,"reserved_robustness_evaluation","10407;-323426437;1156829268;-808572571;551098534;1482999738;-2036953031"
"ar1_g0p01_a0_m40",29,2,40,5690002,"reserved_robustness_evaluation","10407;498010020;-566232730;191589418;-1215637985;304253243;-1696723703"
"ar1_g0p01_a0_m40",29,3,40,5690003,"reserved_robustness_evaluation","10407;1343023340;1540179813;-2020755432;-668054037;-1377743271;697714968"
"ar1_g0p01_a0_m40",29,4,40,5690004,"reserved_robustness_evaluation","10407;817412673;607600188;1598716520;777760741;-2069049916;-1381018882"
"ar1_g0p01_a0_m40",29,5,40,5690005,"reserved_robustness_evaluation","10407;1930081231;1178784128;33848788;-489624987;-723573615;711748341"
"ar1_g0p01_a0_m40",29,6,40,5690006,"reserved_robustness_evaluation","10407;1571259075;572711833;105928245;560243525;-1219887134;650994452"
"ar1_g0p01_a0_m40",29,7,40,5690007,"reserved_robustness_evaluation","10407;-1104651152;795859673;179455284;2076620258;-1586035284;-1508871027"
"ar1_g0p01_a0_m40",29,8,40,5690008,"reserved_robustness_evaluation","10407;-1104050550;118992389;-1309997374;9055561;550702851;1084705345"
"ar1_g0p01_a0_m40",29,9,40,5690009,"reserved_robustness_evaluation","10407;1971913295;1102380408;867299754;100522155;297892213;-962649417"
"ar1_g0p01_a0_m40",29,10,40,5690010,"reserved_robustness_evaluation","10407;-323983854;-1256384808;1877476159;-1025964831;1588233161;214769503"
"ar1_g0p01_a0_m40",29,11,40,5690011,"reserved_robustness_evaluation","10407;1897251082;1044870844;397137097;1599514405;558316788;656181878"
"ar1_g0p01_a0_m40",29,12,40,5690012,"reserved_robustness_evaluation","10407;1278906336;-7383369;-1570665683;1857798411;-617453324;1291231666"
"ar1_g0p01_a0_m40",29,13,40,5690013,"reserved_robustness_evaluation","10407;623753789;2051083429;1565994;-194561527;905872871;1857390206"
"ar1_g0p01_a0_m40",29,14,40,5690014,"reserved_robustness_evaluation","10407;1094940654;333375097;964434509;934870720;749457697;2127325453"
"ar1_g0p01_a0_m40",29,15,40,5690015,"reserved_robustness_evaluation","10407;1637886212;-1142978191;1392537594;557991851;474133714;1147000601"
"ar1_g0p01_a0_m40",29,16,40,5690016,"reserved_robustness_evaluation","10407;72135408;-1156795136;2027976318;-1164156782;1902036320;-952132339"
"ar1_g0p01_a0_m40",29,17,40,5690017,"reserved_robustness_evaluation","10407;380445327;1840007741;-241199199;700529657;-845687990;-82643689"
"ar1_g0p01_a0_m40",29,18,40,5690018,"reserved_robustness_evaluation","10407;-2076173753;1309924078;289921778;1636933239;505301485;-440251615"
"ar1_g0p01_a0_m40",29,19,40,5690019,"reserved_robustness_evaluation","10407;1011909628;774775525;270160428;361787453;731990276;-2141500210"
"ar1_g0p01_a0_m40",29,20,40,5690020,"reserved_robustness_evaluation","10407;1408832625;-2027089959;-42203316;871081270;-1855545547;-1206730279"
"ar1_g0p01_a0_m40",29,21,40,5690021,"reserved_robustness_evaluation","10407;2113022859;1746289666;-1480744972;-2015436596;-739249817;672673391"
"ar1_g0p01_a0_m40",29,22,40,5690022,"reserved_robustness_evaluation","10407;-53592541;-605641609;-1849071490;1245874749;-444107332;1639099933"
"ar1_g0p01_a0_m40",29,23,40,5690023,"reserved_robustness_evaluation","10407;516442458;1258131645;-1537537695;82780418;-339613577;-1463873023"
"ar1_g0p01_a0_m40",29,24,40,5690024,"reserved_robustness_evaluation","10407;1983940991;-658972518;-1016692275;715908975;1844086710;-446640269"
"ar1_g0p01_a0_m40",29,25,40,5690025,"reserved_robustness_evaluation","10407;44422316;-48681656;540402650;830460433;1140453257;-219506721"
"ar1_g0p01_a0_m40",29,26,40,5690026,"reserved_robustness_evaluation","10407;1994725704;-805579762;1669814393;-1784819972;-1085425043;2102655061"
"ar1_g0p01_a0_m40",29,27,40,5690027,"reserved_robustness_evaluation","10407;-1160131583;1299574694;-809094575;-439492383;-1988883992;-369204071"
"ar1_g0p01_a0_m40",29,28,40,5690028,"reserved_robustness_evaluation","10407;305982322;1217582120;1473720391;-1619380900;-405089863;-518399307"
"ar1_g0p01_a0_m40",29,29,40,5690029,"reserved_robustness_evaluation","10407;-1838835010;-643511918;-668271160;-1375133141;-1505328392;-1671121700"
"ar1_g0p01_a0_m40",29,30,40,5690030,"reserved_robustness_evaluation","10407;-1011974490;111955314;197419768;845454332;-1729334146;1364184203"
"ar1_g0p01_a0_m40",29,31,40,5690031,"reserved_robustness_evaluation","10407;1014981923;332481631;767376720;-541245404;1643236781;-806767810"
"ar1_g0p01_a0_m40",29,32,40,5690032,"reserved_robustness_evaluation","10407;1602340247;1999544776;1799715939;-1595630309;1663860486;893140278"
"ar1_g0p01_a0_m40",29,33,40,5690033,"reserved_robustness_evaluation","10407;843190682;-268314588;-129235669;692788553;1797316056;-710145490"
"ar1_g0p01_a0_m40",29,34,40,5690034,"reserved_robustness_evaluation","10407;-1542830734;-756029119;1241278586;1614264306;1224472231;-908435779"
"ar1_g0p01_a0_m40",29,35,40,5690035,"reserved_robustness_evaluation","10407;-497680652;-920031712;-1459772602;-1861499270;1841079205;-2030331976"
"ar1_g0p01_a0_m40",29,36,40,5690036,"reserved_robustness_evaluation","10407;-946395209;-1016952291;-154927356;-934781789;113961033;-890034588"
"ar1_g0p01_a0_m40",29,37,40,5690037,"reserved_robustness_evaluation","10407;-1104629479;-785832010;-1601670268;-1862292635;1205251445;115585947"
"ar1_g0p01_a0_m40",29,38,40,5690038,"reserved_robustness_evaluation","10407;244298619;-1075806123;85402039;2064365289;459321637;-1797366464"
"ar1_g0p01_a0_m40",29,39,40,5690039,"reserved_robustness_evaluation","10407;1478219836;535461115;-1207318208;-1685349524;-355839186;-166326704"
"ar1_g0p01_a0_m40",29,40,40,5690040,"reserved_robustness_evaluation","10407;-1195187548;1845603218;-430146693;965944553;-519160414;-2102163322"
"ar1_g0p01_a0_m160",30,1,160,5700001,"reserved_robustness_evaluation","10407;-172142973;139299838;-1678926653;819411278;1170851974;-927564038"
"ar1_g0p01_a0_m160",30,2,160,5700002,"reserved_robustness_evaluation","10407;1023328788;-1731090884;521999613;-1290953691;-386447645;733117724"
"ar1_g0p01_a0_m160",30,3,160,5700003,"reserved_robustness_evaluation","10407;1919341827;1519035639;-128347300;1938012494;1142095362;329882055"
"ar1_g0p01_a0_m160",30,4,160,5700004,"reserved_robustness_evaluation","10407;1355288586;1398001517;-466166228;1856125265;-157163015;-2011648113"
"ar1_g0p01_a0_m160",30,5,160,5700005,"reserved_robustness_evaluation","10407;-1265493245;-1354024432;-548623350;-342100618;-1848936511;-1825499767"
"ar1_g0p01_a0_m160",30,6,160,5700006,"reserved_robustness_evaluation","10407;1483854098;-117166682;1645787047;155864622;-1272887808;-1949501407"
"ar1_g0p01_a0_m160",30,7,160,5700007,"reserved_robustness_evaluation","10407;593307724;-1520485057;1008127086;2053353243;1793491303;1867838666"
"ar1_g0p01_a0_m160",30,8,160,5700008,"reserved_robustness_evaluation","10407;674732004;-417078723;-896085626;1868562981;-1358194112;-1920316923"
"ar1_g0p01_a0_m160",30,9,160,5700009,"reserved_robustness_evaluation","10407;-1563635901;1230770233;-1641590880;-1647657464;231521162;-678483759"
"ar1_g0p01_a0_m160",30,10,160,5700010,"reserved_robustness_evaluation","10407;720067636;-681116520;1802565463;1610546680;-470316703;859385865"
"ar1_g0p01_a0_m160",30,11,160,5700011,"reserved_robustness_evaluation","10407;1428289678;-464986045;602874426;1957282355;-942160422;1044508914"
"ar1_g0p01_a0_m160",30,12,160,5700012,"reserved_robustness_evaluation","10407;1407738988;1175915745;-153746250;-261115769;-1016757789;-1573670301"
"ar1_g0p01_a0_m160",30,13,160,5700013,"reserved_robustness_evaluation","10407;220534874;1969656299;1367060414;1365177307;1887978809;-1646066778"
"ar1_g0p01_a0_m160",30,14,160,5700014,"reserved_robustness_evaluation","10407;-1816288161;-651492132;-732527395;-22015940;1956306331;1628255603"
"ar1_g0p01_a0_m160",30,15,160,5700015,"reserved_robustness_evaluation","10407;1447258201;-617017063;-433703860;-1551124549;931024512;1387428818"
"ar1_g0p01_a0_m160",30,16,160,5700016,"reserved_robustness_evaluation","10407;-1092846809;307602711;225184713;-1714587774;-1179340377;-951289308"
"ar1_g0p01_a0_m160",30,17,160,5700017,"reserved_robustness_evaluation","10407;-1782348710;-338714394;1096535718;-1959695879;-1750844846;124789052"
"ar1_g0p01_a0_m160",30,18,160,5700018,"reserved_robustness_evaluation","10407;916691071;1360731281;-264528165;1891298311;1832980359;-553479507"
"ar1_g0p01_a0_m160",30,19,160,5700019,"reserved_robustness_evaluation","10407;-1490739398;-1182963747;-1721880666;211991034;-1805364265;-1795597637"
"ar1_g0p01_a0_m160",30,20,160,5700020,"reserved_robustness_evaluation","10407;1646294782;-135253234;170244145;275714947;852356848;-1400037920"
"ar1_g0p01_a0_m160",30,21,160,5700021,"reserved_robustness_evaluation","10407;-1640412881;-354331138;-1418054598;-368291815;-492732431;1562314330"
"ar1_g0p01_a0_m160",30,22,160,5700022,"reserved_robustness_evaluation","10407;69971290;896004022;2056632017;709265997;1479023908;-523626905"
"ar1_g0p01_a0_m160",30,23,160,5700023,"reserved_robustness_evaluation","10407;373031389;-425953555;1381940341;-1684659014;-1407051758;818635755"
"ar1_g0p01_a0_m160",30,24,160,5700024,"reserved_robustness_evaluation","10407;-362826284;32851902;1578356184;2113294664;985302204;1667177"
"ar1_g0p01_a0_m160",30,25,160,5700025,"reserved_robustness_evaluation","10407;-1289593340;1209744874;2047252604;-649766167;1895180690;912873312"
"ar1_g0p01_a0_m160",30,26,160,5700026,"reserved_robustness_evaluation","10407;530631105;2029671672;-667795558;81084427;-110570653;1479319052"
"ar1_g0p01_a0_m160",30,27,160,5700027,"reserved_robustness_evaluation","10407;439975381;574178791;617924005;1157879480;634993808;-339289694"
"ar1_g0p01_a0_m160",30,28,160,5700028,"reserved_robustness_evaluation","10407;-1012595234;1937211266;478605762;840689835;-1140962257;-1530373797"
"ar1_g0p01_a0_m160",30,29,160,5700029,"reserved_robustness_evaluation","10407;1396756170;568985995;-1587432067;-292409200;1465345872;1263795968"
"ar1_g0p01_a0_m160",30,30,160,5700030,"reserved_robustness_evaluation","10407;430676486;879809066;-439202608;1590485625;1039185607;1170852517"
"ar1_g0p01_a0_m160",30,31,160,5700031,"reserved_robustness_evaluation","10407;-1355155254;-1863883485;1861787880;-1539690780;-163350201;1299069337"
"ar1_g0p01_a0_m160",30,32,160,5700032,"reserved_robustness_evaluation","10407;1181587747;-1983376675;745344270;-697798862;-1409251472;671723906"
"ar1_g0p01_a0_m160",30,33,160,5700033,"reserved_robustness_evaluation","10407;1120930971;118866479;1396401010;-1595101037;-2143225041;-1157949842"
"ar1_g0p01_a0_m160",30,34,160,5700034,"reserved_robustness_evaluation","10407;-401822093;241862435;285367787;-755762809;-1989754223;-1253802654"
"ar1_g0p01_a0_m160",30,35,160,5700035,"reserved_robustness_evaluation","10407;597331809;1427064947;-289842234;-1044317639;-516607592;1651942134"
"ar1_g0p01_a0_m160",30,36,160,5700036,"reserved_robustness_evaluation","10407;-1157775918;552437514;-990958447;651727770;804908990;-758864411"
"ar1_g0p01_a0_m160",30,37,160,5700037,"reserved_robustness_evaluation","10407;-1796053750;-1367215785;1716748392;273215260;-1850069664;1891966523"
"ar1_g0p01_a0_m160",30,38,160,5700038,"reserved_robustness_evaluation","10407;-661842626;-1735179011;270786192;1959707923;1332578644;721062891"
"ar1_g0p01_a0_m160",30,39,160,5700039,"reserved_robustness_evaluation","10407;-1072608644;-673617897;2116963925;1199267695;-1379364250;-820416910"
"ar1_g0p01_a0_m160",30,40,160,5700040,"reserved_robustness_evaluation","10407;866856025;-938500262;-1272588768;91978266;-355167645;-175112381"
"legacy_rare_axis_m12",31,1,12,5710001,"reserved_robustness_evaluation","10407;-913535787;925954813;1973777899;-1728117237;-2135340532;1715333766"
"legacy_rare_axis_m12",31,2,12,5710002,"reserved_robustness_evaluation","10407;923716215;-289132106;-1594882999;-1034782169;433106292;1952794985"
"legacy_rare_axis_m12",31,3,12,5710003,"reserved_robustness_evaluation","10407;524497893;612030461;-245718464;-2083505734;2010883778;1804049784"
"legacy_rare_axis_m12",31,4,12,5710004,"reserved_robustness_evaluation","10407;1024942575;-1985288040;1921337307;-1610709174;-1261036198;-814613450"
"legacy_rare_axis_m12",31,5,12,5710005,"reserved_robustness_evaluation","10407;-1401470795;-1653427046;-433024718;-871111385;1981849569;667980027"
"legacy_rare_axis_m12",31,6,12,5710006,"reserved_robustness_evaluation","10407;2101543253;1967344674;1447761330;-1636361696;-1448803141;1827281860"
"legacy_rare_axis_m12",31,7,12,5710007,"reserved_robustness_evaluation","10407;-762157774;-1817578256;-1323286347;1492541229;-1291680024;-1118890407"
"legacy_rare_axis_m12",31,8,12,5710008,"reserved_robustness_evaluation","10407;976843159;-1067085516;1215623717;290532904;1633117466;1181152240"
"legacy_rare_axis_m12",31,9,12,5710009,"reserved_robustness_evaluation","10407;1704291728;1120605042;-1494382221;1154033417;-1373007688;-1949798248"
"legacy_rare_axis_m12",31,10,12,5710010,"reserved_robustness_evaluation","10407;1158406344;-462900186;190379631;1093002800;-874315864;1498318174"
"legacy_rare_axis_m12",31,11,12,5710011,"reserved_robustness_evaluation","10407;-2065338206;-250974962;-1796238998;1584523939;-1526550255;611245922"
"legacy_rare_axis_m12",31,12,12,5710012,"reserved_robustness_evaluation","10407;1048547611;243633372;1907658806;-440311396;-1888899072;-1327579228"
"legacy_rare_axis_m12",31,13,12,5710013,"reserved_robustness_evaluation","10407;-1122556509;1197800627;1898242319;-861809653;628450661;1403130967"
"legacy_rare_axis_m12",31,14,12,5710014,"reserved_robustness_evaluation","10407;1432636106;-1250977460;-1736509622;1282977129;261690252;-1442254462"
"legacy_rare_axis_m12",31,15,12,5710015,"reserved_robustness_evaluation","10407;-1849314222;-925341731;-1871437787;228325547;-954469063;405591946"
"legacy_rare_axis_m12",31,16,12,5710016,"reserved_robustness_evaluation","10407;1065635143;-984853165;660400605;-810813699;-1770838415;1891752869"
"legacy_rare_axis_m12",31,17,12,5710017,"reserved_robustness_evaluation","10407;-805351209;-1772603409;1702270792;1301599989;-275478816;-53000237"
"legacy_rare_axis_m12",31,18,12,5710018,"reserved_robustness_evaluation","10407;136147805;228263475;-308578491;2052845829;1741639100;-1036397878"
"legacy_rare_axis_m12",31,19,12,5710019,"reserved_robustness_evaluation","10407;850982862;-382001350;1470982516;235681275;-553622757;78985769"
"legacy_rare_axis_m12",31,20,12,5710020,"reserved_robustness_evaluation","10407;346837930;40361607;-1531716988;1677084005;1077440078;749053602"
"legacy_rare_axis_m12",31,21,12,5710021,"reserved_robustness_evaluation","10407;-1946846609;958912919;-223454438;1317452731;-1635259718;-1544156132"
"legacy_rare_axis_m12",31,22,12,5710022,"reserved_robustness_evaluation","10407;-1044981169;-1021965179;314562213;1507495995;1362756321;1544817719"
"legacy_rare_axis_m12",31,23,12,5710023,"reserved_robustness_evaluation","10407;-1319247903;-452275965;-659476438;-341432792;305677239;-2063761827"
"legacy_rare_axis_m12",31,24,12,5710024,"reserved_robustness_evaluation","10407;-164397540;-1299322997;402067189;-371931955;1958834614;-166472145"
"legacy_rare_axis_m12",31,25,12,5710025,"reserved_robustness_evaluation","10407;1943749610;-186262058;-1568942068;-213901090;2100200264;-194171752"
"legacy_rare_axis_m12",31,26,12,5710026,"reserved_robustness_evaluation","10407;1608680267;785331264;1637696059;-1184226185;-599439019;1766532616"
"legacy_rare_axis_m12",31,27,12,5710027,"reserved_robustness_evaluation","10407;-432016753;159075137;1648759124;-1009356236;1979367914;-1605977612"
"legacy_rare_axis_m12",31,28,12,5710028,"reserved_robustness_evaluation","10407;711513667;682405906;941981414;60966395;181069237;357252286"
"legacy_rare_axis_m12",31,29,12,5710029,"reserved_robustness_evaluation","10407;2026576599;-1767666911;-923820021;374423986;-417107808;-1839364836"
"legacy_rare_axis_m12",31,30,12,5710030,"reserved_robustness_evaluation","10407;1550748938;-1943985259;1365992775;1835537262;1508415224;1670090782"
"legacy_rare_axis_m12",31,31,12,5710031,"reserved_robustness_evaluation","10407;1190135076;-47896026;1893042360;576232170;-579375391;702700152"
"legacy_rare_axis_m12",31,32,12,5710032,"reserved_robustness_evaluation","10407;1010629319;-254892361;-346596844;-971742548;-1837324916;-2055725494"
"legacy_rare_axis_m12",31,33,12,5710033,"reserved_robustness_evaluation","10407;1081058139;-843217411;-816780338;1872592301;-820168087;-1744216057"
"legacy_rare_axis_m12",31,34,12,5710034,"reserved_robustness_evaluation","10407;-2004339488;-2012641202;1949106987;-515283419;729279828;-762244516"
"legacy_rare_axis_m12",31,35,12,5710035,"reserved_robustness_evaluation","10407;-2093444838;-1778351635;34346124;1076455191;-1321630614;-787922583"
"legacy_rare_axis_m12",31,36,12,5710036,"reserved_robustness_evaluation","10407;-2044322354;231912987;1752910881;514824840;-809754213;1576546825"
"legacy_rare_axis_m12",31,37,12,5710037,"reserved_robustness_evaluation","10407;-2082260906;1539398401;1323534203;-539620866;914004417;690171476"
"legacy_rare_axis_m12",31,38,12,5710038,"reserved_robustness_evaluation","10407;116952179;-856710155;1510049442;-619379463;-1527546086;1260567544"
"legacy_rare_axis_m12",31,39,12,5710039,"reserved_robustness_evaluation","10407;-2115366552;1587168465;-773987048;-1087008523;2051302349;-215466998"
"legacy_rare_axis_m12",31,40,12,5710040,"reserved_robustness_evaluation","10407;1397298255;319706951;-1620703551;-1386573216;1257098344;-1274280599"
"legacy_rare_axis_m12",31,41,12,5710041,"reserved_robustness_evaluation","10407;373531341;1280318687;-1336694180;-370847476;1789391559;1583442478"
"legacy_rare_axis_m12",31,42,12,5710042,"reserved_robustness_evaluation","10407;-492403619;-1139250024;1219658399;-1213551351;1852956329;159675188"
"legacy_rare_axis_m12",31,43,12,5710043,"reserved_robustness_evaluation","10407;-358835368;1196234490;-1406757519;1724817944;-223986445;127686707"
"legacy_rare_axis_m12",31,44,12,5710044,"reserved_robustness_evaluation","10407;309766724;-1703450114;-573436603;1042929075;-334992007;1595007365"
"legacy_rare_axis_m12",31,45,12,5710045,"reserved_robustness_evaluation","10407;2032262538;-1225241766;539324134;-1574393442;1682969108;1450523853"
"legacy_rare_axis_m12",31,46,12,5710046,"reserved_robustness_evaluation","10407;2113061912;256720121;-550927425;-559574882;-1796604446;1522754223"
"legacy_rare_axis_m12",31,47,12,5710047,"reserved_robustness_evaluation","10407;2002480944;1383507697;411569991;-1238122528;1375558895;1232207964"
"legacy_rare_axis_m12",31,48,12,5710048,"reserved_robustness_evaluation","10407;1343254326;-542777590;-364405464;632904260;-942528129;-1640510154"
"legacy_rare_axis_m12",31,49,12,5710049,"reserved_robustness_evaluation","10407;381315467;-1123401916;-1401650171;1635303991;-757503334;-1273773166"
"legacy_rare_axis_m12",31,50,12,5710050,"reserved_robustness_evaluation","10407;1217636611;-314411837;1689477763;815872424;-887378036;-1106494735"
"legacy_rare_axis_m12",31,51,12,5710051,"reserved_robustness_evaluation","10407;-1876459364;-1275897220;-351041076;-1961472371;42337183;-979326891"
"legacy_rare_axis_m12",31,52,12,5710052,"reserved_robustness_evaluation","10407;-1182524071;-1695389745;-1218680250;-2019522993;-389170047;-1596005416"
"legacy_rare_axis_m12",31,53,12,5710053,"reserved_robustness_evaluation","10407;-985534713;907071995;330012513;918299968;-107815044;-429254708"
"legacy_rare_axis_m12",31,54,12,5710054,"reserved_robustness_evaluation","10407;1028652795;440014707;652681551;1772257288;1657286795;151466851"
"legacy_rare_axis_m12",31,55,12,5710055,"reserved_robustness_evaluation","10407;1412021203;-429676549;378138082;-2123487253;1551863851;-1090196746"
"legacy_rare_axis_m12",31,56,12,5710056,"reserved_robustness_evaluation","10407;-1146683121;-1279229166;1636636032;-1199322981;1282584717;-158077146"
"legacy_rare_axis_m12",31,57,12,5710057,"reserved_robustness_evaluation","10407;1903223574;1417694494;-1297176431;211578727;-692494220;1528773141"
"legacy_rare_axis_m12",31,58,12,5710058,"reserved_robustness_evaluation","10407;1493758392;1794984614;-1771483361;-2101661643;258473837;1955426882"
"legacy_rare_axis_m12",31,59,12,5710059,"reserved_robustness_evaluation","10407;-230974789;898448577;1999718041;1861618783;-382186671;-1497847183"
"legacy_rare_axis_m12",31,60,12,5710060,"reserved_robustness_evaluation","10407;1410815630;1064183371;470763898;-491550203;560643650;1943976789"
"legacy_rare_axis_m12",31,61,12,5710061,"reserved_robustness_evaluation","10407;1683176077;946387373;-1041453854;-2095893819;710859463;-1793464627"
"legacy_rare_axis_m12",31,62,12,5710062,"reserved_robustness_evaluation","10407;35600629;87172166;2097136436;-1133366971;-337769152;953233362"
"legacy_rare_axis_m12",31,63,12,5710063,"reserved_robustness_evaluation","10407;1237247969;-908789867;1039355107;-1456950156;-321260011;1612847349"
"legacy_rare_axis_m12",31,64,12,5710064,"reserved_robustness_evaluation","10407;-321404893;-1667904917;-388487665;793865714;-385883258;383161247"
"legacy_rare_axis_m12",31,65,12,5710065,"reserved_robustness_evaluation","10407;-1279104377;213704652;-683297566;40835982;-891464912;6937839"
"legacy_rare_axis_m12",31,66,12,5710066,"reserved_robustness_evaluation","10407;1216337118;1713941114;-218350033;-706602076;467923657;876157007"
"legacy_rare_axis_m12",31,67,12,5710067,"reserved_robustness_evaluation","10407;-1933268067;169659386;-2006557719;300562525;-2080396592;1910872611"
"legacy_rare_axis_m12",31,68,12,5710068,"reserved_robustness_evaluation","10407;-1705430267;-1111085010;-104925896;-396436979;-1915256434;-931240670"
"legacy_rare_axis_m12",31,69,12,5710069,"reserved_robustness_evaluation","10407;-620384827;-132989598;-1656164447;744439190;751079628;2038079432"
"legacy_rare_axis_m12",31,70,12,5710070,"reserved_robustness_evaluation","10407;361100936;-397916472;620734619;-117694323;-1750139349;1601830132"
"legacy_rare_axis_m12",31,71,12,5710071,"reserved_robustness_evaluation","10407;-2090480225;-233399284;-277816939;-1493960532;-1359778563;-1545216117"
"legacy_rare_axis_m12",31,72,12,5710072,"reserved_robustness_evaluation","10407;-448530908;-406977517;768252820;-2054793610;-343339457;-124752962"
"legacy_rare_axis_m12",31,73,12,5710073,"reserved_robustness_evaluation","10407;-651911267;-238912949;1655632869;539566390;-1471307425;83694113"
"legacy_rare_axis_m12",31,74,12,5710074,"reserved_robustness_evaluation","10407;-1083170879;-319627114;2019972575;-1021139172;1330438261;-1115793872"
"legacy_rare_axis_m12",31,75,12,5710075,"reserved_robustness_evaluation","10407;-929677317;-1316821977;-1829020963;-248320601;-816612749;31419254"
"legacy_rare_axis_m12",31,76,12,5710076,"reserved_robustness_evaluation","10407;1680929798;-130678332;497885046;-225363022;-1588491655;86592981"
"legacy_rare_axis_m12",31,77,12,5710077,"reserved_robustness_evaluation","10407;-1747790488;-36629615;-2034834515;-1294775817;-588287968;-1380587143"
"legacy_rare_axis_m12",31,78,12,5710078,"reserved_robustness_evaluation","10407;-1611208952;1717984044;-699953677;-684602725;-1002186946;-1647431630"
"legacy_rare_axis_m12",31,79,12,5710079,"reserved_robustness_evaluation","10407;499691617;-1505625121;1596914724;-4429543;1087512575;-757529810"
"legacy_rare_axis_m12",31,80,12,5710080,"reserved_robustness_evaluation","10407;-1358807613;-1520749680;-1396250755;-1853044204;-417335332;1813440636"
