"original_path","md5","receipt_path","referenced","matches"
"study07-results/S07-R1/checkpoints/s07_anchor_g0p01_a0p25_m40-0001.rds","3d2086ce04701a86b6e192145721913a","checkpoints/s07_anchor_g0p01_a0p25_m40-0001.rds",TRUE,TRUE
"study07-results/S07-R1/checkpoints/s07_anchor_g0p01_a0p25_m40-0001.rds.manifest.rds","ca5b2142e25bc66784c30bdcdec482e7","checkpoints/s07_anchor_g0p01_a0p25_m40-0001.rds.manifest.rds",TRUE,TRUE
"study07-results/S07-R1/checkpoints/s07_anchor_g0p01_a0p25_m40-0002.rds","0e1ff60b04a4220b1b43467258e44dcc","checkpoints/s07_anchor_g0p01_a0p25_m40-0002.rds",TRUE,TRUE
"study07-results/S07-R1/checkpoints/s07_anchor_g0p01_a0p25_m40-0002.rds.manifest.rds","1f1ec5362e9ac813121dbf417e448c01","checkpoints/s07_anchor_g0p01_a0p25_m40-0002.rds.manifest.rds",TRUE,TRUE
"study07-results/S07-R1/checkpoints/s07_anchor_g0p01_a0p25_m40-0003.rds","6079cebb62855dfc06136d5f7b524190","checkpoints/s07_anchor_g0p01_a0p25_m40-0003.rds",TRUE,TRUE
"study07-results/S07-R1/checkpoints/s07_anchor_g0p01_a0p25_m40-0003.rds.manifest.rds","85315ab237605eb9987d74c845b825b5","checkpoints/s07_anchor_g0p01_a0p25_m40-0003.rds.manifest.rds",TRUE,TRUE
"study07-results/S07-R1/checkpoints/s07_anchor_g0p01_a0p25_m40-0004.rds","8dd5a2bada93e027aa1b16bc9b4873ea","checkpoints/s07_anchor_g0p01_a0p25_m40-0004.rds",TRUE,TRUE
"study07-results/S07-R1/checkpoints/s07_anchor_g0p01_a0p25_m40-0004.rds.manifest.rds","e62f93847f48ff25a796e5618001130e","checkpoints/s07_anchor_g0p01_a0p25_m40-0004.rds.manifest.rds",TRUE,TRUE
"study07-results/S07-R1/checkpoints/s07_anchor_g0p01_a0p25_m40-0005.rds","126251eca9dfc3a4b79160892b19747d","checkpoints/s07_anchor_g0p01_a0p25_m40-0005.rds",TRUE,TRUE
"study07-results/S07-R1/checkpoints/s07_anchor_g0p01_a0p25_m40-0005.rds.manifest.rds","4077d02aba8a071041aa1da630222afa","checkpoints/s07_anchor_g0p01_a0p25_m40-0005.rds.manifest.rds",TRUE,TRUE
"study07-results/S07-R1/checkpoints/s07_anchor_g0p01_a0p25_m40-0006.rds","8565c1b3b4980c84706038150b29777a","checkpoints/s07_anchor_g0p01_a0p25_m40-0006.rds",TRUE,TRUE
"study07-results/S07-R1/checkpoints/s07_anchor_g0p01_a0p25_m40-0006.rds.manifest.rds","f4a16c3feddb22b5b69a26aa8657646a","checkpoints/s07_anchor_g0p01_a0p25_m40-0006.rds.manifest.rds",TRUE,TRUE
"study07-results/S07-R1/checkpoints/s07_anchor_g0p01_a0p25_m40-0007.rds","74526dcdcfd500be513f0e946f3706c4","checkpoints/s07_anchor_g0p01_a0p25_m40-0007.rds",TRUE,TRUE
"study07-results/S07-R1/checkpoints/s07_anchor_g0p01_a0p25_m40-0007.rds.manifest.rds","1890d6f2bf9345d744fc7283285d311a","checkpoints/s07_anchor_g0p01_a0p25_m40-0007.rds.manifest.rds",TRUE,TRUE
"study07-results/S07-R1/checkpoints/s07_anchor_g0p01_a0p25_m40-0008.rds","43c58fd890b08c12e240fe3d7169e8a5","checkpoints/s07_anchor_g0p01_a0p25_m40-0008.rds",TRUE,TRUE
"study07-results/S07-R1/checkpoints/s07_anchor_g0p01_a0p25_m40-0008.rds.manifest.rds","ba7458740cde94849ba269edde229234","checkpoints/s07_anchor_g0p01_a0p25_m40-0008.rds.manifest.rds",TRUE,TRUE
"study07-results/S07-R1/checkpoints/s07_anchor_g0p01_a0p25_m40-0009.rds","1cc7c7b56ba504e51f007918ac0c0eb9","checkpoints/s07_anchor_g0p01_a0p25_m40-0009.rds",TRUE,TRUE
"study07-results/S07-R1/checkpoints/s07_anchor_g0p01_a0p25_m40-0009.rds.manifest.rds","1db6e54a0c20b178ae3b9a11a0c0b71d","checkpoints/s07_anchor_g0p01_a0p25_m40-0009.rds.manifest.rds",TRUE,TRUE
"study07-results/S07-R1/checkpoints/s07_anchor_g0p01_a0p25_m40-0010.rds","a9a09969e471a607ad16f4b103795645","checkpoints/s07_anchor_g0p01_a0p25_m40-0010.rds",TRUE,TRUE
"study07-results/S07-R1/checkpoints/s07_anchor_g0p01_a0p25_m40-0010.rds.manifest.rds","4bdfdbbde0fb63eac3364e8a710e6228","checkpoints/s07_anchor_g0p01_a0p25_m40-0010.rds.manifest.rds",TRUE,TRUE
"study07-results/S07-R1/checkpoints/s07_anchor_g0p01_a0p25_m40-0011.rds","d7062e13cd34656e14563f0c3b77cc59","checkpoints/s07_anchor_g0p01_a0p25_m40-0011.rds",TRUE,TRUE
"study07-results/S07-R1/checkpoints/s07_anchor_g0p01_a0p25_m40-0011.rds.manifest.rds","6ce875c24e3c4c9772bfe5cd0d1a13fe","checkpoints/s07_anchor_g0p01_a0p25_m40-0011.rds.manifest.rds",TRUE,TRUE
"study07-results/S07-R1/checkpoints/s07_anchor_g0p01_a0p25_m40-0012.rds","c517b0dc59105b05c8d594a7edd14625","checkpoints/s07_anchor_g0p01_a0p25_m40-0012.rds",TRUE,TRUE
"study07-results/S07-R1/checkpoints/s07_anchor_g0p01_a0p25_m40-0012.rds.manifest.rds","ba7f03758a55355b220cf861a86fb548","checkpoints/s07_anchor_g0p01_a0p25_m40-0012.rds.manifest.rds",TRUE,TRUE
"study07-results/S07-R1/checkpoints/s07_anchor_g0p01_a0p25_m40-0013.rds","ec3c915e992b59a1b45cd758cef372cf","checkpoints/s07_anchor_g0p01_a0p25_m40-0013.rds",TRUE,TRUE
"study07-results/S07-R1/checkpoints/s07_anchor_g0p01_a0p25_m40-0013.rds.manifest.rds","b9ade7be25831e2b76386f31e5f472c0","checkpoints/s07_anchor_g0p01_a0p25_m40-0013.rds.manifest.rds",TRUE,TRUE
"study07-results/S07-R1/checkpoints/s07_anchor_g0p01_a0p25_m40-0014.rds","0b2b6ae463c504fd6bb6b0ccf7977962","checkpoints/s07_anchor_g0p01_a0p25_m40-0014.rds",TRUE,TRUE
"study07-results/S07-R1/checkpoints/s07_anchor_g0p01_a0p25_m40-0014.rds.manifest.rds","3cb967f085f4a304444b7e607de0b24e","checkpoints/s07_anchor_g0p01_a0p25_m40-0014.rds.manifest.rds",TRUE,TRUE
"study07-results/S07-R1/checkpoints/s07_anchor_g0p01_a0p25_m40-0015.rds","56e8972d03ef8420fce228d086ffdf81","checkpoints/s07_anchor_g0p01_a0p25_m40-0015.rds",TRUE,TRUE
"study07-results/S07-R1/checkpoints/s07_anchor_g0p01_a0p25_m40-0015.rds.manifest.rds","898fa2e34ac043809ae943ba2a8dbfeb","checkpoints/s07_anchor_g0p01_a0p25_m40-0015.rds.manifest.rds",TRUE,TRUE
"study07-results/S07-R1/checkpoints/s07_anchor_g0p01_a0p25_m40-0016.rds","b22c1b47e25013ea5c2985c0a3e09bfa","checkpoints/s07_anchor_g0p01_a0p25_m40-0016.rds",TRUE,TRUE
"study07-results/S07-R1/checkpoints/s07_anchor_g0p01_a0p25_m40-0016.rds.manifest.rds","1842c1c48a85a10ac5bb7956ca513c1a","checkpoints/s07_anchor_g0p01_a0p25_m40-0016.rds.manifest.rds",TRUE,TRUE
"study07-results/S07-R1/checkpoints/s07_anchor_g0p01_a0p25_m40-0017.rds","2fa89cd1cb8d50c86f7c627b029d91be","checkpoints/s07_anchor_g0p01_a0p25_m40-0017.rds",TRUE,TRUE
"study07-results/S07-R1/checkpoints/s07_anchor_g0p01_a0p25_m40-0017.rds.manifest.rds","d6908b5431ff6c088da279adb7b4e23c","checkpoints/s07_anchor_g0p01_a0p25_m40-0017.rds.manifest.rds",TRUE,TRUE
"study07-results/S07-R1/checkpoints/s07_anchor_g0p01_a0p25_m40-0018.rds","6385fb87a3bb5b2269623d264ae6f0b9","checkpoints/s07_anchor_g0p01_a0p25_m40-0018.rds",TRUE,TRUE
"study07-results/S07-R1/checkpoints/s07_anchor_g0p01_a0p25_m40-0018.rds.manifest.rds","fe6b1ba42ec262fa04228681da6f0138","checkpoints/s07_anchor_g0p01_a0p25_m40-0018.rds.manifest.rds",TRUE,TRUE
"study07-results/S07-R1/checkpoints/s07_anchor_g0p01_a0p25_m40-0019.rds","91bff276ac11e95d2f1b2b4c54d7cf41","checkpoints/s07_anchor_g0p01_a0p25_m40-0019.rds",TRUE,TRUE
"study07-results/S07-R1/checkpoints/s07_anchor_g0p01_a0p25_m40-0019.rds.manifest.rds","09c11b495347d1809c285bd1fbf3d788","checkpoints/s07_anchor_g0p01_a0p25_m40-0019.rds.manifest.rds",TRUE,TRUE
"study07-results/S07-R1/checkpoints/s07_anchor_g0p01_a0p25_m40-0020.rds","3748944ba6fba9c1a3cdc6a02388dc37","checkpoints/s07_anchor_g0p01_a0p25_m40-0020.rds",TRUE,TRUE
"study07-results/S07-R1/checkpoints/s07_anchor_g0p01_a0p25_m40-0020.rds.manifest.rds","2dbc8e9b8ed938362cb398b616cb238f","checkpoints/s07_anchor_g0p01_a0p25_m40-0020.rds.manifest.rds",TRUE,TRUE
"study07-results/S07-R1/checkpoints/s07_anchor_g0p01_a0p25_m40-0021.rds","3594c03dc864fd68306ad5b861e1acb8","checkpoints/s07_anchor_g0p01_a0p25_m40-0021.rds",TRUE,TRUE
"study07-results/S07-R1/checkpoints/s07_anchor_g0p01_a0p25_m40-0021.rds.manifest.rds","002b8b80f8a4e410f1a2d89044171814","checkpoints/s07_anchor_g0p01_a0p25_m40-0021.rds.manifest.rds",TRUE,TRUE
"study07-results/S07-R1/checkpoints/s07_anchor_g0p01_a0p25_m40-0022.rds","072c676ec0863d34dd8437508341ea6e","checkpoints/s07_anchor_g0p01_a0p25_m40-0022.rds",TRUE,TRUE
"study07-results/S07-R1/checkpoints/s07_anchor_g0p01_a0p25_m40-0022.rds.manifest.rds","b1e981f60fce6e581713409c41f6bbb1","checkpoints/s07_anchor_g0p01_a0p25_m40-0022.rds.manifest.rds",TRUE,TRUE
"study07-results/S07-R1/checkpoints/s07_anchor_g0p01_a0p25_m40-0023.rds","4907f05ed57be5514f979242c17584f9","checkpoints/s07_anchor_g0p01_a0p25_m40-0023.rds",TRUE,TRUE
"study07-results/S07-R1/checkpoints/s07_anchor_g0p01_a0p25_m40-0023.rds.manifest.rds","bc50dc92e776bdd8f8fbd295def52647","checkpoints/s07_anchor_g0p01_a0p25_m40-0023.rds.manifest.rds",TRUE,TRUE
"study07-results/S07-R1/checkpoints/s07_anchor_g0p01_a0p25_m40-0024.rds","cffe173e19b65d25c604f401ddf6cceb","checkpoints/s07_anchor_g0p01_a0p25_m40-0024.rds",TRUE,TRUE
"study07-results/S07-R1/checkpoints/s07_anchor_g0p01_a0p25_m40-0024.rds.manifest.rds","16c4ab5eebb1c87834e8003cbada55c6","checkpoints/s07_anchor_g0p01_a0p25_m40-0024.rds.manifest.rds",TRUE,TRUE
"study07-results/S07-R1/checkpoints/s07_anchor_g0p01_a0p25_m40-0025.rds","a7b31376f5031256eb9b98eca169a8ca","checkpoints/s07_anchor_g0p01_a0p25_m40-0025.rds",TRUE,TRUE
"study07-results/S07-R1/checkpoints/s07_anchor_g0p01_a0p25_m40-0025.rds.manifest.rds","95dc81543922358f6108d526ae989c21","checkpoints/s07_anchor_g0p01_a0p25_m40-0025.rds.manifest.rds",TRUE,TRUE
"study07-results/S07-R1/checkpoints/s07_anchor_g0p01_a0p25_m40-0026.rds","8688b6e03f7f4f49cd4332f0865977ff","checkpoints/s07_anchor_g0p01_a0p25_m40-0026.rds",TRUE,TRUE
"study07-results/S07-R1/checkpoints/s07_anchor_g0p01_a0p25_m40-0026.rds.manifest.rds","6832cafc2eb0ab7eca7b245ec9f09f55","checkpoints/s07_anchor_g0p01_a0p25_m40-0026.rds.manifest.rds",TRUE,TRUE
"study07-results/S07-R1/checkpoints/s07_anchor_g0p01_a0p25_m40-0027.rds","9ea86edec1a7849c2933297dd989b45b","checkpoints/s07_anchor_g0p01_a0p25_m40-0027.rds",TRUE,TRUE
"study07-results/S07-R1/checkpoints/s07_anchor_g0p01_a0p25_m40-0027.rds.manifest.rds","3d053b89badea32326bfd90a3a51f31e","checkpoints/s07_anchor_g0p01_a0p25_m40-0027.rds.manifest.rds",TRUE,TRUE
"study07-results/S07-R1/checkpoints/s07_anchor_g0p01_a0p25_m40-0028.rds","060c7883ead5c186c9a30100ffd6183a","checkpoints/s07_anchor_g0p01_a0p25_m40-0028.rds",TRUE,TRUE
"study07-results/S07-R1/checkpoints/s07_anchor_g0p01_a0p25_m40-0028.rds.manifest.rds","d962e0301137c5ffd20314142c41e01f","checkpoints/s07_anchor_g0p01_a0p25_m40-0028.rds.manifest.rds",TRUE,TRUE
"study07-results/S07-R1/checkpoints/s07_anchor_g0p01_a0p25_m40-0029.rds","f3d3c235e804f118bbc713e7775991e2","checkpoints/s07_anchor_g0p01_a0p25_m40-0029.rds",TRUE,TRUE
"study07-results/S07-R1/checkpoints/s07_anchor_g0p01_a0p25_m40-0029.rds.manifest.rds","64a73064b11917e6a64f143e73f1c8f6","checkpoints/s07_anchor_g0p01_a0p25_m40-0029.rds.manifest.rds",TRUE,TRUE
"study07-results/S07-R1/checkpoints/s07_anchor_g0p01_a0p25_m40-0030.rds","63237fdd86efca6c3604a2da923398e0","checkpoints/s07_anchor_g0p01_a0p25_m40-0030.rds",TRUE,TRUE
"study07-results/S07-R1/checkpoints/s07_anchor_g0p01_a0p25_m40-0030.rds.manifest.rds","83184cd2fd577649ed94bfe0dbe68d93","checkpoints/s07_anchor_g0p01_a0p25_m40-0030.rds.manifest.rds",TRUE,TRUE
"study07-results/S07-R1/checkpoints/s07_anchor_g0p01_a0p25_m40-0031.rds","19d574b6c67b55ac74a4e85278690462","checkpoints/s07_anchor_g0p01_a0p25_m40-0031.rds",TRUE,TRUE
"study07-results/S07-R1/checkpoints/s07_anchor_g0p01_a0p25_m40-0031.rds.manifest.rds","e6406cffd247adb4a49c35c6b4db3e49","checkpoints/s07_anchor_g0p01_a0p25_m40-0031.rds.manifest.rds",TRUE,TRUE
"study07-results/S07-R1/checkpoints/s07_anchor_g0p01_a0p25_m40-0032.rds","5f5c2b32cbad55c0fe692d33c3144a9e","checkpoints/s07_anchor_g0p01_a0p25_m40-0032.rds",TRUE,TRUE
"study07-results/S07-R1/checkpoints/s07_anchor_g0p01_a0p25_m40-0032.rds.manifest.rds","6bd598e8f132b5d2117426202d7085f2","checkpoints/s07_anchor_g0p01_a0p25_m40-0032.rds.manifest.rds",TRUE,TRUE
"study07-results/S07-R1/checkpoints/s07_anchor_g0p01_a0p25_m40-0033.rds","997574f3ef5f361dccd3095ae313447a","checkpoints/s07_anchor_g0p01_a0p25_m40-0033.rds",TRUE,TRUE
"study07-results/S07-R1/checkpoints/s07_anchor_g0p01_a0p25_m40-0033.rds.manifest.rds","7d9cc16081de827bc989a121e133a900","checkpoints/s07_anchor_g0p01_a0p25_m40-0033.rds.manifest.rds",TRUE,TRUE
"study07-results/S07-R1/checkpoints/s07_anchor_g0p01_a0p25_m40-0034.rds","d90909c575f502a82c86a79c0dc39975","checkpoints/s07_anchor_g0p01_a0p25_m40-0034.rds",TRUE,TRUE
"study07-results/S07-R1/checkpoints/s07_anchor_g0p01_a0p25_m40-0034.rds.manifest.rds","8306aae764eb7773ea52d0958b7c648a","checkpoints/s07_anchor_g0p01_a0p25_m40-0034.rds.manifest.rds",TRUE,TRUE
"study07-results/S07-R1/checkpoints/s07_anchor_g0p01_a0p25_m40-0035.rds","44a1de9579eca27a42e8b4dcd0f52cec","checkpoints/s07_anchor_g0p01_a0p25_m40-0035.rds",TRUE,TRUE
"study07-results/S07-R1/checkpoints/s07_anchor_g0p01_a0p25_m40-0035.rds.manifest.rds","24063e456e05ef18af69fc052c6ee200","checkpoints/s07_anchor_g0p01_a0p25_m40-0035.rds.manifest.rds",TRUE,TRUE
"study07-results/S07-R1/checkpoints/s07_anchor_g0p01_a0p25_m40-0036.rds","8de7634aee615abfa66b1f236d4a7d15","checkpoints/s07_anchor_g0p01_a0p25_m40-0036.rds",TRUE,TRUE
"study07-results/S07-R1/checkpoints/s07_anchor_g0p01_a0p25_m40-0036.rds.manifest.rds","b1290038e5296d661647cafbc93df54a","checkpoints/s07_anchor_g0p01_a0p25_m40-0036.rds.manifest.rds",TRUE,TRUE
"study07-results/S07-R1/checkpoints/s07_anchor_g0p01_a0p25_m40-0037.rds","7e6b504eb5301d06ecbe98b7594adeaa","checkpoints/s07_anchor_g0p01_a0p25_m40-0037.rds",TRUE,TRUE
"study07-results/S07-R1/checkpoints/s07_anchor_g0p01_a0p25_m40-0037.rds.manifest.rds","a5ff0a3c5664906a80db3b84d926f1c1","checkpoints/s07_anchor_g0p01_a0p25_m40-0037.rds.manifest.rds",TRUE,TRUE
"study07-results/S07-R1/checkpoints/s07_anchor_g0p01_a0p25_m40-0038.rds","6ddf1d7ee0fed01960c49547f238a2c7","checkpoints/s07_anchor_g0p01_a0p25_m40-0038.rds",TRUE,TRUE
"study07-results/S07-R1/checkpoints/s07_anchor_g0p01_a0p25_m40-0038.rds.manifest.rds","6657fa1db2f03b768af3664cfdb31be4","checkpoints/s07_anchor_g0p01_a0p25_m40-0038.rds.manifest.rds",TRUE,TRUE
"study07-results/S07-R1/checkpoints/s07_anchor_g0p01_a0p25_m40-0039.rds","fb7344780f96fcd19da25d17651a9b1b","checkpoints/s07_anchor_g0p01_a0p25_m40-0039.rds",TRUE,TRUE
"study07-results/S07-R1/checkpoints/s07_anchor_g0p01_a0p25_m40-0039.rds.manifest.rds","ab5184c0cbdb3f205fcde4c8e5f6f041","checkpoints/s07_anchor_g0p01_a0p25_m40-0039.rds.manifest.rds",TRUE,TRUE
"study07-results/S07-R1/checkpoints/s07_anchor_g0p01_a0p25_m40-0040.rds","036dbf133c26a45ed157d41272e912d0","checkpoints/s07_anchor_g0p01_a0p25_m40-0040.rds",TRUE,TRUE
"study07-results/S07-R1/checkpoints/s07_anchor_g0p01_a0p25_m40-0040.rds.manifest.rds","5759de5732a2477acc355411ec2f1164","checkpoints/s07_anchor_g0p01_a0p25_m40-0040.rds.manifest.rds",TRUE,TRUE
"study07-results/S07-R1/checkpoints/s07_anchor_g0p01_a0p25_m40-0041.rds","6c04290a3216435981379f2ad4f2ab21","checkpoints/s07_anchor_g0p01_a0p25_m40-0041.rds",TRUE,TRUE
"study07-results/S07-R1/checkpoints/s07_anchor_g0p01_a0p25_m40-0041.rds.manifest.rds","564acd3ffdaf3af01037e1f482348218","checkpoints/s07_anchor_g0p01_a0p25_m40-0041.rds.manifest.rds",TRUE,TRUE
"study07-results/S07-R1/checkpoints/s07_anchor_g0p01_a0p25_m40-0042.rds","0f5236c03818881c7edfffe7426ae5fe","checkpoints/s07_anchor_g0p01_a0p25_m40-0042.rds",TRUE,TRUE
"study07-results/S07-R1/checkpoints/s07_anchor_g0p01_a0p25_m40-0042.rds.manifest.rds","944afa7aa7c1eeb9b1c46996178ef567","checkpoints/s07_anchor_g0p01_a0p25_m40-0042.rds.manifest.rds",TRUE,TRUE
"study07-results/S07-R1/checkpoints/s07_anchor_g0p01_a0p25_m40-0043.rds","134ad2d361a19e81de239a3855b76f9f","checkpoints/s07_anchor_g0p01_a0p25_m40-0043.rds",TRUE,TRUE
"study07-results/S07-R1/checkpoints/s07_anchor_g0p01_a0p25_m40-0043.rds.manifest.rds","a0d9fb4a9bd36d879e6705594d98d1f6","checkpoints/s07_anchor_g0p01_a0p25_m40-0043.rds.manifest.rds",TRUE,TRUE
"study07-results/S07-R1/checkpoints/s07_anchor_g0p01_a0p25_m40-0044.rds","206609b494eeddd185713a229c94826d","checkpoints/s07_anchor_g0p01_a0p25_m40-0044.rds",TRUE,TRUE
"study07-results/S07-R1/checkpoints/s07_anchor_g0p01_a0p25_m40-0044.rds.manifest.rds","cc2e99619ac6673656aa278ca16ab60a","checkpoints/s07_anchor_g0p01_a0p25_m40-0044.rds.manifest.rds",TRUE,TRUE
"study07-results/S07-R1/checkpoints/s07_anchor_g0p01_a0p25_m40-0045.rds","20f5d86b1ced7aba19596d4027f88d91","checkpoints/s07_anchor_g0p01_a0p25_m40-0045.rds",TRUE,TRUE
"study07-results/S07-R1/checkpoints/s07_anchor_g0p01_a0p25_m40-0045.rds.manifest.rds","9b57e5894e71f477ccef1bdb1bdf98e4","checkpoints/s07_anchor_g0p01_a0p25_m40-0045.rds.manifest.rds",TRUE,TRUE
"study07-results/S07-R1/checkpoints/s07_anchor_g0p01_a0p25_m40-0046.rds","830993f16dc692b156d30af8721c3e8f","checkpoints/s07_anchor_g0p01_a0p25_m40-0046.rds",TRUE,TRUE
"study07-results/S07-R1/checkpoints/s07_anchor_g0p01_a0p25_m40-0046.rds.manifest.rds","aaac94eabf3e9ae9ffcb43043a3535b2","checkpoints/s07_anchor_g0p01_a0p25_m40-0046.rds.manifest.rds",TRUE,TRUE
"study07-results/S07-R1/checkpoints/s07_anchor_g0p01_a0p25_m40-0047.rds","922a17708bdfd0aa118c1d4be007e020","checkpoints/s07_anchor_g0p01_a0p25_m40-0047.rds",TRUE,TRUE
"study07-results/S07-R1/checkpoints/s07_anchor_g0p01_a0p25_m40-0047.rds.manifest.rds","036da6cee4b29d692a90d62cf8ce414b","checkpoints/s07_anchor_g0p01_a0p25_m40-0047.rds.manifest.rds",TRUE,TRUE
"study07-results/S07-R1/checkpoints/s07_anchor_g0p01_a0p25_m40-0048.rds","c09cfe7b0da3ab178624a591f4b5f2db","checkpoints/s07_anchor_g0p01_a0p25_m40-0048.rds",TRUE,TRUE
"study07-results/S07-R1/checkpoints/s07_anchor_g0p01_a0p25_m40-0048.rds.manifest.rds","7d6f031094eea0a51491889a62c28925","checkpoints/s07_anchor_g0p01_a0p25_m40-0048.rds.manifest.rds",TRUE,TRUE
"study07-results/S07-R1/checkpoints/s07_anchor_g0p01_a0p25_m40-0049.rds","4cc1a489361362140114a50e0dfbc4d2","checkpoints/s07_anchor_g0p01_a0p25_m40-0049.rds",TRUE,TRUE
"study07-results/S07-R1/checkpoints/s07_anchor_g0p01_a0p25_m40-0049.rds.manifest.rds","4a270dd36c13c078a25c1c9d9e8db9f0","checkpoints/s07_anchor_g0p01_a0p25_m40-0049.rds.manifest.rds",TRUE,TRUE
"study07-results/S07-R1/checkpoints/s07_anchor_g0p01_a0p25_m40-0050.rds","1790475af4ca5ebc9a663af1e0799f82","checkpoints/s07_anchor_g0p01_a0p25_m40-0050.rds",TRUE,TRUE
"study07-results/S07-R1/checkpoints/s07_anchor_g0p01_a0p25_m40-0050.rds.manifest.rds","490d9cf54fd0ca30feffee468697d587","checkpoints/s07_anchor_g0p01_a0p25_m40-0050.rds.manifest.rds",TRUE,TRUE
"study07-results/S07-R1/checkpoints/s07_anchor_g0p01_a0p25_m40-0051.rds","8402f9212bc0c2825781576273e4e86d","checkpoints/s07_anchor_g0p01_a0p25_m40-0051.rds",TRUE,TRUE
"study07-results/S07-R1/checkpoints/s07_anchor_g0p01_a0p25_m40-0051.rds.manifest.rds","fdeccf1a3dd706bea46c9443f60dabc3","checkpoints/s07_anchor_g0p01_a0p25_m40-0051.rds.manifest.rds",TRUE,TRUE
"study07-results/S07-R1/checkpoints/s07_anchor_g0p01_a0p25_m40-0052.rds","ac5be7d9c32a27c446c0773e42a260d2","checkpoints/s07_anchor_g0p01_a0p25_m40-0052.rds",TRUE,TRUE
"study07-results/S07-R1/checkpoints/s07_anchor_g0p01_a0p25_m40-0052.rds.manifest.rds","de95784a32c25075b02d89df1d8cfd17","checkpoints/s07_anchor_g0p01_a0p25_m40-0052.rds.manifest.rds",TRUE,TRUE
"study07-results/S07-R1/checkpoints/s07_anchor_g0p01_a0p25_m40-0053.rds","8523aaedda9a5a38d62a9c6ecfb06e3c","checkpoints/s07_anchor_g0p01_a0p25_m40-0053.rds",TRUE,TRUE
"study07-results/S07-R1/checkpoints/s07_anchor_g0p01_a0p25_m40-0053.rds.manifest.rds","984b91d41f9f0e3f8f046046fd357533","checkpoints/s07_anchor_g0p01_a0p25_m40-0053.rds.manifest.rds",TRUE,TRUE
"study07-results/S07-R1/checkpoints/s07_anchor_g0p01_a0p25_m40-0054.rds","120e15912f05b94439f2130b77f1598d","checkpoints/s07_anchor_g0p01_a0p25_m40-0054.rds",TRUE,TRUE
"study07-results/S07-R1/checkpoints/s07_anchor_g0p01_a0p25_m40-0054.rds.manifest.rds","d843edda974c1ccc611e578d6e3def96","checkpoints/s07_anchor_g0p01_a0p25_m40-0054.rds.manifest.rds",TRUE,TRUE
"study07-results/S07-R1/checkpoints/s07_anchor_g0p01_a0p25_m40-0055.rds","823147c6d8eb2a1805883f25532ce94e","checkpoints/s07_anchor_g0p01_a0p25_m40-0055.rds",TRUE,TRUE
"study07-results/S07-R1/checkpoints/s07_anchor_g0p01_a0p25_m40-0055.rds.manifest.rds","eb51be984ad55d34500698e059015a39","checkpoints/s07_anchor_g0p01_a0p25_m40-0055.rds.manifest.rds",TRUE,TRUE
"study07-results/S07-R1/checkpoints/s07_anchor_g0p01_a0p25_m40-0056.rds","3a8030a71a6b6caf9a33d5f7af355ea8","checkpoints/s07_anchor_g0p01_a0p25_m40-0056.rds",TRUE,TRUE
"study07-results/S07-R1/checkpoints/s07_anchor_g0p01_a0p25_m40-0056.rds.manifest.rds","ca1c0155af860271b02a95aca71718cc","checkpoints/s07_anchor_g0p01_a0p25_m40-0056.rds.manifest.rds",TRUE,TRUE
"study07-results/S07-R1/checkpoints/s07_anchor_g0p01_a0p25_m40-0057.rds","4c67f19cc76f7b3096344098dd4f3b1e","checkpoints/s07_anchor_g0p01_a0p25_m40-0057.rds",TRUE,TRUE
"study07-results/S07-R1/checkpoints/s07_anchor_g0p01_a0p25_m40-0057.rds.manifest.rds","4e06bc9276451f5014f4f5b937f91e46","checkpoints/s07_anchor_g0p01_a0p25_m40-0057.rds.manifest.rds",TRUE,TRUE
"study07-results/S07-R1/checkpoints/s07_anchor_g0p01_a0p25_m40-0058.rds","0799a64ce6bd1a80ecac54f87121a925","checkpoints/s07_anchor_g0p01_a0p25_m40-0058.rds",TRUE,TRUE
"study07-results/S07-R1/checkpoints/s07_anchor_g0p01_a0p25_m40-0058.rds.manifest.rds","6aed7a200fa3717652dcd4c64891b084","checkpoints/s07_anchor_g0p01_a0p25_m40-0058.rds.manifest.rds",TRUE,TRUE
"study07-results/S07-R1/checkpoints/s07_anchor_g0p01_a0p25_m40-0059.rds","4b6d92845b0ec90d413b488f367390b6","checkpoints/s07_anchor_g0p01_a0p25_m40-0059.rds",TRUE,TRUE
"study07-results/S07-R1/checkpoints/s07_anchor_g0p01_a0p25_m40-0059.rds.manifest.rds","0b19feb913a63a472468b7052087169a","checkpoints/s07_anchor_g0p01_a0p25_m40-0059.rds.manifest.rds",TRUE,TRUE
"study07-results/S07-R1/checkpoints/s07_anchor_g0p01_a0p25_m40-0060.rds","0145f59d3ff5c9738f25541aae0d2718","checkpoints/s07_anchor_g0p01_a0p25_m40-0060.rds",TRUE,TRUE
"study07-results/S07-R1/checkpoints/s07_anchor_g0p01_a0p25_m40-0060.rds.manifest.rds","5b431c3953ad2d28fa6c903fa022d16d","checkpoints/s07_anchor_g0p01_a0p25_m40-0060.rds.manifest.rds",TRUE,TRUE
"study07-results/S07-R1/checkpoints/s07_anchor_g0p1_a0p25_m40-0001.rds","eb31630130d9759f24f05347ca7da333","checkpoints/s07_anchor_g0p1_a0p25_m40-0001.rds",TRUE,TRUE
"study07-results/S07-R1/checkpoints/s07_anchor_g0p1_a0p25_m40-0001.rds.manifest.rds","075900a28cc7615996a2b7dc05bd93b4","checkpoints/s07_anchor_g0p1_a0p25_m40-0001.rds.manifest.rds",TRUE,TRUE
"study07-results/S07-R1/checkpoints/s07_anchor_g0p1_a0p25_m40-0002.rds","58bc5e9c593a2372358ec382298fdf76","checkpoints/s07_anchor_g0p1_a0p25_m40-0002.rds",TRUE,TRUE
"study07-results/S07-R1/checkpoints/s07_anchor_g0p1_a0p25_m40-0002.rds.manifest.rds","3418d60679fc23e5c82bd01ea4c47741","checkpoints/s07_anchor_g0p1_a0p25_m40-0002.rds.manifest.rds",TRUE,TRUE
"study07-results/S07-R1/checkpoints/s07_anchor_g0p1_a0p25_m40-0003.rds","ec362c827db086a51e02314c275db97b","checkpoints/s07_anchor_g0p1_a0p25_m40-0003.rds",TRUE,TRUE
"study07-results/S07-R1/checkpoints/s07_anchor_g0p1_a0p25_m40-0003.rds.manifest.rds","67a63a42bc6bdcd1d6103545cc978624","checkpoints/s07_anchor_g0p1_a0p25_m40-0003.rds.manifest.rds",TRUE,TRUE
"study07-results/S07-R1/checkpoints/s07_anchor_g0p1_a0p25_m40-0004.rds","9783512bc33a620b827575a887cc16b0","checkpoints/s07_anchor_g0p1_a0p25_m40-0004.rds",TRUE,TRUE
"study07-results/S07-R1/checkpoints/s07_anchor_g0p1_a0p25_m40-0004.rds.manifest.rds","f4d31bff7ddf8027c58c96e6a4eb744e","checkpoints/s07_anchor_g0p1_a0p25_m40-0004.rds.manifest.rds",TRUE,TRUE
"study07-results/S07-R1/checkpoints/s07_anchor_g0p1_a0p25_m40-0005.rds","e965b97c2961a6d7d2a99e6a385b9a41","checkpoints/s07_anchor_g0p1_a0p25_m40-0005.rds",TRUE,TRUE
"study07-results/S07-R1/checkpoints/s07_anchor_g0p1_a0p25_m40-0005.rds.manifest.rds","834dc88d5f8048bffb84feb694d4a631","checkpoints/s07_anchor_g0p1_a0p25_m40-0005.rds.manifest.rds",TRUE,TRUE
"study07-results/S07-R1/checkpoints/s07_anchor_g0p1_a0p25_m40-0006.rds","6f8d9b0a78ef74f7490deea2cba6b72e","checkpoints/s07_anchor_g0p1_a0p25_m40-0006.rds",TRUE,TRUE
"study07-results/S07-R1/checkpoints/s07_anchor_g0p1_a0p25_m40-0006.rds.manifest.rds","4c597e71309903b59054351b7f245510","checkpoints/s07_anchor_g0p1_a0p25_m40-0006.rds.manifest.rds",TRUE,TRUE
"study07-results/S07-R1/checkpoints/s07_anchor_g0p1_a0p25_m40-0007.rds","8a3ac9839359695c9eda4c71c238c8f6","checkpoints/s07_anchor_g0p1_a0p25_m40-0007.rds",TRUE,TRUE
"study07-results/S07-R1/checkpoints/s07_anchor_g0p1_a0p25_m40-0007.rds.manifest.rds","95a1805c5225983c7c6a75cf403ecd6f","checkpoints/s07_anchor_g0p1_a0p25_m40-0007.rds.manifest.rds",TRUE,TRUE
"study07-results/S07-R1/checkpoints/s07_anchor_g0p1_a0p25_m40-0008.rds","251a0075434ef1dc15f253efe73ef93f","checkpoints/s07_anchor_g0p1_a0p25_m40-0008.rds",TRUE,TRUE
"study07-results/S07-R1/checkpoints/s07_anchor_g0p1_a0p25_m40-0008.rds.manifest.rds","ae15cf233995943f303a64d6f5505edd","checkpoints/s07_anchor_g0p1_a0p25_m40-0008.rds.manifest.rds",TRUE,TRUE
"study07-results/S07-R1/checkpoints/s07_anchor_g0p1_a0p25_m40-0009.rds","0d5e37fd18c8f452dc5e5bd22f60ee40","checkpoints/s07_anchor_g0p1_a0p25_m40-0009.rds",TRUE,TRUE
"study07-results/S07-R1/checkpoints/s07_anchor_g0p1_a0p25_m40-0009.rds.manifest.rds","b064676abd4fccb88de7c48482f13e89","checkpoints/s07_anchor_g0p1_a0p25_m40-0009.rds.manifest.rds",TRUE,TRUE
"study07-results/S07-R1/checkpoints/s07_anchor_g0p1_a0p25_m40-0010.rds","174b9103282a84a0e590a0309a5845f7","checkpoints/s07_anchor_g0p1_a0p25_m40-0010.rds",TRUE,TRUE
"study07-results/S07-R1/checkpoints/s07_anchor_g0p1_a0p25_m40-0010.rds.manifest.rds","0511284a61791ae7c58779c29e08615a","checkpoints/s07_anchor_g0p1_a0p25_m40-0010.rds.manifest.rds",TRUE,TRUE
"study07-results/S07-R1/checkpoints/s07_anchor_g0p1_a0p25_m40-0011.rds","0f36d7c0798ef37d66e5dd6c36627749","checkpoints/s07_anchor_g0p1_a0p25_m40-0011.rds",TRUE,TRUE
"study07-results/S07-R1/checkpoints/s07_anchor_g0p1_a0p25_m40-0011.rds.manifest.rds","63335af6c669446fd1ab455ee1cb595f","checkpoints/s07_anchor_g0p1_a0p25_m40-0011.rds.manifest.rds",TRUE,TRUE
"study07-results/S07-R1/checkpoints/s07_anchor_g0p1_a0p25_m40-0012.rds","e215088fc05117ded21a50ee5c29dd34","checkpoints/s07_anchor_g0p1_a0p25_m40-0012.rds",TRUE,TRUE
"study07-results/S07-R1/checkpoints/s07_anchor_g0p1_a0p25_m40-0012.rds.manifest.rds","96851fbcbdc0c99a745b9c6f24ef4315","checkpoints/s07_anchor_g0p1_a0p25_m40-0012.rds.manifest.rds",TRUE,TRUE
"study07-results/S07-R1/checkpoints/s07_anchor_g0p1_a0p25_m40-0013.rds","c1b8409adffb0275c90da74740a3c759","checkpoints/s07_anchor_g0p1_a0p25_m40-0013.rds",TRUE,TRUE
"study07-results/S07-R1/checkpoints/s07_anchor_g0p1_a0p25_m40-0013.rds.manifest.rds","9c43ee55807d88f006fb7b0ae778e8f0","checkpoints/s07_anchor_g0p1_a0p25_m40-0013.rds.manifest.rds",TRUE,TRUE
"study07-results/S07-R1/checkpoints/s07_anchor_g0p1_a0p25_m40-0014.rds","cc0c443b2542a130b1de4852f2794526","checkpoints/s07_anchor_g0p1_a0p25_m40-0014.rds",TRUE,TRUE
"study07-results/S07-R1/checkpoints/s07_anchor_g0p1_a0p25_m40-0014.rds.manifest.rds","2535ba59bee62bd1805f2169c976f0e1","checkpoints/s07_anchor_g0p1_a0p25_m40-0014.rds.manifest.rds",TRUE,TRUE
"study07-results/S07-R1/checkpoints/s07_anchor_g0p1_a0p25_m40-0015.rds","bfb284488f15753c2ccadd7a0c651e81","checkpoints/s07_anchor_g0p1_a0p25_m40-0015.rds",TRUE,TRUE
"study07-results/S07-R1/checkpoints/s07_anchor_g0p1_a0p25_m40-0015.rds.manifest.rds","3702cd2a64ff05ce7ad862822adaf029","checkpoints/s07_anchor_g0p1_a0p25_m40-0015.rds.manifest.rds",TRUE,TRUE
"study07-results/S07-R1/checkpoints/s07_anchor_g0p1_a0p25_m40-0016.rds","eba1519ba803d649bd4b056c19474fb8","checkpoints/s07_anchor_g0p1_a0p25_m40-0016.rds",TRUE,TRUE
"study07-results/S07-R1/checkpoints/s07_anchor_g0p1_a0p25_m40-0016.rds.manifest.rds","c9d7b113fb5cce886e3fc759cac2a71b","checkpoints/s07_anchor_g0p1_a0p25_m40-0016.rds.manifest.rds",TRUE,TRUE
"study07-results/S07-R1/checkpoints/s07_anchor_g0p1_a0p25_m40-0017.rds","3eb4824f632fd1b0188a3be34071f140","checkpoints/s07_anchor_g0p1_a0p25_m40-0017.rds",TRUE,TRUE
"study07-results/S07-R1/checkpoints/s07_anchor_g0p1_a0p25_m40-0017.rds.manifest.rds","0e9fa6d16095fb17df33faafaeb10e54","checkpoints/s07_anchor_g0p1_a0p25_m40-0017.rds.manifest.rds",TRUE,TRUE
"study07-results/S07-R1/checkpoints/s07_anchor_g0p1_a0p25_m40-0018.rds","97004bdb710c860c1b27664bdbb01652","checkpoints/s07_anchor_g0p1_a0p25_m40-0018.rds",TRUE,TRUE
"study07-results/S07-R1/checkpoints/s07_anchor_g0p1_a0p25_m40-0018.rds.manifest.rds","a7d7ec9bf69596308946616d764157d9","checkpoints/s07_anchor_g0p1_a0p25_m40-0018.rds.manifest.rds",TRUE,TRUE
"study07-results/S07-R1/checkpoints/s07_anchor_g0p1_a0p25_m40-0019.rds","2b5d5c3f8e7b26f73b6069b81cab218f","checkpoints/s07_anchor_g0p1_a0p25_m40-0019.rds",TRUE,TRUE
"study07-results/S07-R1/checkpoints/s07_anchor_g0p1_a0p25_m40-0019.rds.manifest.rds","d532d0bef5ff727395da44ab2b3f8e37","checkpoints/s07_anchor_g0p1_a0p25_m40-0019.rds.manifest.rds",TRUE,TRUE
"study07-results/S07-R1/checkpoints/s07_anchor_g0p1_a0p25_m40-0020.rds","218c6090c1b234e1d416f8e843402224","checkpoints/s07_anchor_g0p1_a0p25_m40-0020.rds",TRUE,TRUE
"study07-results/S07-R1/checkpoints/s07_anchor_g0p1_a0p25_m40-0020.rds.manifest.rds","44da53fe916151f0b5af792541409b0d","checkpoints/s07_anchor_g0p1_a0p25_m40-0020.rds.manifest.rds",TRUE,TRUE
"study07-results/S07-R1/checkpoints/s07_anchor_g0p1_a0p25_m40-0021.rds","0fe01e70191baf12770aa660d3920987","checkpoints/s07_anchor_g0p1_a0p25_m40-0021.rds",TRUE,TRUE
"study07-results/S07-R1/checkpoints/s07_anchor_g0p1_a0p25_m40-0021.rds.manifest.rds","2f6eeba0c29f938d555a5bae58ee6345","checkpoints/s07_anchor_g0p1_a0p25_m40-0021.rds.manifest.rds",TRUE,TRUE
"study07-results/S07-R1/checkpoints/s07_anchor_g0p1_a0p25_m40-0022.rds","7cf5a73fa780ba52af9b708851d5ce9d","checkpoints/s07_anchor_g0p1_a0p25_m40-0022.rds",TRUE,TRUE
"study07-results/S07-R1/checkpoints/s07_anchor_g0p1_a0p25_m40-0022.rds.manifest.rds","a29fd6e9e5aa041d2dad35015bed1d73","checkpoints/s07_anchor_g0p1_a0p25_m40-0022.rds.manifest.rds",TRUE,TRUE
"study07-results/S07-R1/checkpoints/s07_anchor_g0p1_a0p25_m40-0023.rds","1616a857a674c3c31ba9c22aa4d48ee5","checkpoints/s07_anchor_g0p1_a0p25_m40-0023.rds",TRUE,TRUE
"study07-results/S07-R1/checkpoints/s07_anchor_g0p1_a0p25_m40-0023.rds.manifest.rds","2f5ec1180d8519278667c3aaaf645c33","checkpoints/s07_anchor_g0p1_a0p25_m40-0023.rds.manifest.rds",TRUE,TRUE
"study07-results/S07-R1/checkpoints/s07_anchor_g0p1_a0p25_m40-0024.rds","eff9583771689239922eb34cb9891026","checkpoints/s07_anchor_g0p1_a0p25_m40-0024.rds",TRUE,TRUE
"study07-results/S07-R1/checkpoints/s07_anchor_g0p1_a0p25_m40-0024.rds.manifest.rds","759c783f8112f9501f6f18bd98077215","checkpoints/s07_anchor_g0p1_a0p25_m40-0024.rds.manifest.rds",TRUE,TRUE
"study07-results/S07-R1/checkpoints/s07_anchor_g0p1_a0p25_m40-0025.rds","38328e6f55159308568a66d3143d7bb1","checkpoints/s07_anchor_g0p1_a0p25_m40-0025.rds",TRUE,TRUE
"study07-results/S07-R1/checkpoints/s07_anchor_g0p1_a0p25_m40-0025.rds.manifest.rds","51cb03d3696b5d47f1cd8b059024b62f","checkpoints/s07_anchor_g0p1_a0p25_m40-0025.rds.manifest.rds",TRUE,TRUE
"study07-results/S07-R1/checkpoints/s07_anchor_g0p1_a0p25_m40-0026.rds","204bc0dd6606416a2c73b76b284e4546","checkpoints/s07_anchor_g0p1_a0p25_m40-0026.rds",TRUE,TRUE
"study07-results/S07-R1/checkpoints/s07_anchor_g0p1_a0p25_m40-0026.rds.manifest.rds","0dff146ceb9291e64d5896f61fbfdbe3","checkpoints/s07_anchor_g0p1_a0p25_m40-0026.rds.manifest.rds",TRUE,TRUE
"study07-results/S07-R1/checkpoints/s07_anchor_g0p1_a0p25_m40-0027.rds","a3c64ae71fe9ed11d166c39f7b515de4","checkpoints/s07_anchor_g0p1_a0p25_m40-0027.rds",TRUE,TRUE
"study07-results/S07-R1/checkpoints/s07_anchor_g0p1_a0p25_m40-0027.rds.manifest.rds","4672c796bebf9ca8e619db42649a6e26","checkpoints/s07_anchor_g0p1_a0p25_m40-0027.rds.manifest.rds",TRUE,TRUE
"study07-results/S07-R1/checkpoints/s07_anchor_g0p1_a0p25_m40-0028.rds","34c97d0d9c1172fd9c642f9586f1a2d0","checkpoints/s07_anchor_g0p1_a0p25_m40-0028.rds",TRUE,TRUE
"study07-results/S07-R1/checkpoints/s07_anchor_g0p1_a0p25_m40-0028.rds.manifest.rds","56464868f437e5fa1cbd33a4d33d2a23","checkpoints/s07_anchor_g0p1_a0p25_m40-0028.rds.manifest.rds",TRUE,TRUE
"study07-results/S07-R1/checkpoints/s07_anchor_g0p1_a0p25_m40-0029.rds","4090692b767f866602b4ee2b58efdefb","checkpoints/s07_anchor_g0p1_a0p25_m40-0029.rds",TRUE,TRUE
"study07-results/S07-R1/checkpoints/s07_anchor_g0p1_a0p25_m40-0029.rds.manifest.rds","4e08f0e0ae6309e00a42817625486d32","checkpoints/s07_anchor_g0p1_a0p25_m40-0029.rds.manifest.rds",TRUE,TRUE
"study07-results/S07-R1/checkpoints/s07_anchor_g0p1_a0p25_m40-0030.rds","f6977425e44d11d334abbb268097f818","checkpoints/s07_anchor_g0p1_a0p25_m40-0030.rds",TRUE,TRUE
"study07-results/S07-R1/checkpoints/s07_anchor_g0p1_a0p25_m40-0030.rds.manifest.rds","7447139eb93cf0a149910661997cc5f0","checkpoints/s07_anchor_g0p1_a0p25_m40-0030.rds.manifest.rds",TRUE,TRUE
"study07-results/S07-R1/checkpoints/s07_anchor_g0p1_a0p25_m40-0031.rds","a50c7e5733bc17211ea3f367998c5ebd","checkpoints/s07_anchor_g0p1_a0p25_m40-0031.rds",TRUE,TRUE
"study07-results/S07-R1/checkpoints/s07_anchor_g0p1_a0p25_m40-0031.rds.manifest.rds","074ff928a1142af12828049e0d3ceee4","checkpoints/s07_anchor_g0p1_a0p25_m40-0031.rds.manifest.rds",TRUE,TRUE
"study07-results/S07-R1/checkpoints/s07_anchor_g0p1_a0p25_m40-0032.rds","2fc86f5596cf16c93abac1cf687da0a4","checkpoints/s07_anchor_g0p1_a0p25_m40-0032.rds",TRUE,TRUE
"study07-results/S07-R1/checkpoints/s07_anchor_g0p1_a0p25_m40-0032.rds.manifest.rds","23ca61b0793a9ae3166e7d0519cd1294","checkpoints/s07_anchor_g0p1_a0p25_m40-0032.rds.manifest.rds",TRUE,TRUE
"study07-results/S07-R1/checkpoints/s07_anchor_g0p1_a0p25_m40-0033.rds","45d3d34f8693884d45f278d675bc499b","checkpoints/s07_anchor_g0p1_a0p25_m40-0033.rds",TRUE,TRUE
"study07-results/S07-R1/checkpoints/s07_anchor_g0p1_a0p25_m40-0033.rds.manifest.rds","83418173f6e8f799bdcd3adff9b67078","checkpoints/s07_anchor_g0p1_a0p25_m40-0033.rds.manifest.rds",TRUE,TRUE
"study07-results/S07-R1/checkpoints/s07_anchor_g0p1_a0p25_m40-0034.rds","aa2e31c8e5d3017e67d443d996e03d48","checkpoints/s07_anchor_g0p1_a0p25_m40-0034.rds",TRUE,TRUE
"study07-results/S07-R1/checkpoints/s07_anchor_g0p1_a0p25_m40-0034.rds.manifest.rds","d1ca4f88705a02a7f178d810e46f9126","checkpoints/s07_anchor_g0p1_a0p25_m40-0034.rds.manifest.rds",TRUE,TRUE
"study07-results/S07-R1/checkpoints/s07_anchor_g0p1_a0p25_m40-0035.rds","eb38893249139a78c145e2cc911bd6c9","checkpoints/s07_anchor_g0p1_a0p25_m40-0035.rds",TRUE,TRUE
"study07-results/S07-R1/checkpoints/s07_anchor_g0p1_a0p25_m40-0035.rds.manifest.rds","349c4e930ffc777559be9c1da53158c1","checkpoints/s07_anchor_g0p1_a0p25_m40-0035.rds.manifest.rds",TRUE,TRUE
"study07-results/S07-R1/checkpoints/s07_anchor_g0p1_a0p25_m40-0036.rds","8c56808849919667681a2c73abd7d035","checkpoints/s07_anchor_g0p1_a0p25_m40-0036.rds",TRUE,TRUE
"study07-results/S07-R1/checkpoints/s07_anchor_g0p1_a0p25_m40-0036.rds.manifest.rds","9d321874d006f84550fddb76c423992b","checkpoints/s07_anchor_g0p1_a0p25_m40-0036.rds.manifest.rds",TRUE,TRUE
"study07-results/S07-R1/checkpoints/s07_anchor_g0p1_a0p25_m40-0037.rds","d22da401a4aed12527487182acef7fdc","checkpoints/s07_anchor_g0p1_a0p25_m40-0037.rds",TRUE,TRUE
"study07-results/S07-R1/checkpoints/s07_anchor_g0p1_a0p25_m40-0037.rds.manifest.rds","43b00689092fa185853196d57f06240c","checkpoints/s07_anchor_g0p1_a0p25_m40-0037.rds.manifest.rds",TRUE,TRUE
"study07-results/S07-R1/checkpoints/s07_anchor_g0p1_a0p25_m40-0038.rds","86d9022653656b4cb0e991242345ddcb","checkpoints/s07_anchor_g0p1_a0p25_m40-0038.rds",TRUE,TRUE
"study07-results/S07-R1/checkpoints/s07_anchor_g0p1_a0p25_m40-0038.rds.manifest.rds","37c754065b2110af3df0b3071dcc02eb","checkpoints/s07_anchor_g0p1_a0p25_m40-0038.rds.manifest.rds",TRUE,TRUE
"study07-results/S07-R1/checkpoints/s07_anchor_g0p1_a0p25_m40-0039.rds","e0e09cd000b4027856013eeb22d6247e","checkpoints/s07_anchor_g0p1_a0p25_m40-0039.rds",TRUE,TRUE
"study07-results/S07-R1/checkpoints/s07_anchor_g0p1_a0p25_m40-0039.rds.manifest.rds","4e9a0c4dccff302add12a6af703de61c","checkpoints/s07_anchor_g0p1_a0p25_m40-0039.rds.manifest.rds",TRUE,TRUE
"study07-results/S07-R1/checkpoints/s07_anchor_g0p1_a0p25_m40-0040.rds","5a036d01fdf48c9cf92840f2ea60a29d","checkpoints/s07_anchor_g0p1_a0p25_m40-0040.rds",TRUE,TRUE
"study07-results/S07-R1/checkpoints/s07_anchor_g0p1_a0p25_m40-0040.rds.manifest.rds","e27d396119c646f5ede1a7152a316968","checkpoints/s07_anchor_g0p1_a0p25_m40-0040.rds.manifest.rds",TRUE,TRUE
"study07-results/S07-R1/checkpoints/s07_anchor_g0p1_a0p25_m40-0041.rds","b36e04c5c0962d15500e1a69963420df","checkpoints/s07_anchor_g0p1_a0p25_m40-0041.rds",TRUE,TRUE
"study07-results/S07-R1/checkpoints/s07_anchor_g0p1_a0p25_m40-0041.rds.manifest.rds","0d547a1d17c868577e0157216af67f5b","checkpoints/s07_anchor_g0p1_a0p25_m40-0041.rds.manifest.rds",TRUE,TRUE
"study07-results/S07-R1/checkpoints/s07_anchor_g0p1_a0p25_m40-0042.rds","a8c5cc954e7cd8ecb9f04aa7ec7e9f16","checkpoints/s07_anchor_g0p1_a0p25_m40-0042.rds",TRUE,TRUE
"study07-results/S07-R1/checkpoints/s07_anchor_g0p1_a0p25_m40-0042.rds.manifest.rds","58879ef11b18602bb43b7792180fc406","checkpoints/s07_anchor_g0p1_a0p25_m40-0042.rds.manifest.rds",TRUE,TRUE
"study07-results/S07-R1/checkpoints/s07_anchor_g0p1_a0p25_m40-0043.rds","a14552e03f6befc691c9fb172667a5c0","checkpoints/s07_anchor_g0p1_a0p25_m40-0043.rds",TRUE,TRUE
"study07-results/S07-R1/checkpoints/s07_anchor_g0p1_a0p25_m40-0043.rds.manifest.rds","0b86af6adbc7aada74f6201f08a74337","checkpoints/s07_anchor_g0p1_a0p25_m40-0043.rds.manifest.rds",TRUE,TRUE
"study07-results/S07-R1/checkpoints/s07_anchor_g0p1_a0p25_m40-0044.rds","5a7af47d5fe306309a6c0eaaaf6f594e","checkpoints/s07_anchor_g0p1_a0p25_m40-0044.rds",TRUE,TRUE
"study07-results/S07-R1/checkpoints/s07_anchor_g0p1_a0p25_m40-0044.rds.manifest.rds","0365c98fd9ccc2383c9b384cb0cd9c03","checkpoints/s07_anchor_g0p1_a0p25_m40-0044.rds.manifest.rds",TRUE,TRUE
"study07-results/S07-R1/checkpoints/s07_anchor_g0p1_a0p25_m40-0045.rds","71651e20957eaef812d98fcdc9c1469c","checkpoints/s07_anchor_g0p1_a0p25_m40-0045.rds",TRUE,TRUE
"study07-results/S07-R1/checkpoints/s07_anchor_g0p1_a0p25_m40-0045.rds.manifest.rds","5a1ce764747eea8cdb30e7aa1a7802d7","checkpoints/s07_anchor_g0p1_a0p25_m40-0045.rds.manifest.rds",TRUE,TRUE
"study07-results/S07-R1/checkpoints/s07_anchor_g0p1_a0p25_m40-0046.rds","3fcf0a29ee9d0669ffb23064c239a67a","checkpoints/s07_anchor_g0p1_a0p25_m40-0046.rds",TRUE,TRUE
"study07-results/S07-R1/checkpoints/s07_anchor_g0p1_a0p25_m40-0046.rds.manifest.rds","a84c6cc4785b02c062eecf22cd18c409","checkpoints/s07_anchor_g0p1_a0p25_m40-0046.rds.manifest.rds",TRUE,TRUE
"study07-results/S07-R1/checkpoints/s07_anchor_g0p1_a0p25_m40-0047.rds","cb4a492ad19c4589ea2da6ee5a8f2363","checkpoints/s07_anchor_g0p1_a0p25_m40-0047.rds",TRUE,TRUE
"study07-results/S07-R1/checkpoints/s07_anchor_g0p1_a0p25_m40-0047.rds.manifest.rds","ac3dca22070cd29b3768ed9b62f0238d","checkpoints/s07_anchor_g0p1_a0p25_m40-0047.rds.manifest.rds",TRUE,TRUE
"study07-results/S07-R1/checkpoints/s07_anchor_g0p1_a0p25_m40-0048.rds","bf6918abf897f3a30e8ae1ad93fae3f0","checkpoints/s07_anchor_g0p1_a0p25_m40-0048.rds",TRUE,TRUE
"study07-results/S07-R1/checkpoints/s07_anchor_g0p1_a0p25_m40-0048.rds.manifest.rds","4ffe35b115c0a9ae6141a1183427bd22","checkpoints/s07_anchor_g0p1_a0p25_m40-0048.rds.manifest.rds",TRUE,TRUE
"study07-results/S07-R1/checkpoints/s07_anchor_g0p1_a0p25_m40-0049.rds","8bafccc1bc1b51b86b69e872e8a2e861","checkpoints/s07_anchor_g0p1_a0p25_m40-0049.rds",TRUE,TRUE
"study07-results/S07-R1/checkpoints/s07_anchor_g0p1_a0p25_m40-0049.rds.manifest.rds","1d5367e7a9ccd81d9ce731c5018464d5","checkpoints/s07_anchor_g0p1_a0p25_m40-0049.rds.manifest.rds",TRUE,TRUE
"study07-results/S07-R1/checkpoints/s07_anchor_g0p1_a0p25_m40-0050.rds","400bb68b5856000a1d2c00ed3db3bedf","checkpoints/s07_anchor_g0p1_a0p25_m40-0050.rds",TRUE,TRUE
"study07-results/S07-R1/checkpoints/s07_anchor_g0p1_a0p25_m40-0050.rds.manifest.rds","b8ba9e2374802b957dff0a01dfe81748","checkpoints/s07_anchor_g0p1_a0p25_m40-0050.rds.manifest.rds",TRUE,TRUE
"study07-results/S07-R1/checkpoints/s07_anchor_g0p1_a0p25_m40-0051.rds","8f379e2535680b7f4e374126cc5dcdc0","checkpoints/s07_anchor_g0p1_a0p25_m40-0051.rds",TRUE,TRUE
"study07-results/S07-R1/checkpoints/s07_anchor_g0p1_a0p25_m40-0051.rds.manifest.rds","dac58aa6113705e2a7fb0bf5f1aba14e","checkpoints/s07_anchor_g0p1_a0p25_m40-0051.rds.manifest.rds",TRUE,TRUE
"study07-results/S07-R1/checkpoints/s07_anchor_g0p1_a0p25_m40-0052.rds","8051c70a78b0b55c9a98225cca4d439b","checkpoints/s07_anchor_g0p1_a0p25_m40-0052.rds",TRUE,TRUE
"study07-results/S07-R1/checkpoints/s07_anchor_g0p1_a0p25_m40-0052.rds.manifest.rds","fa570e22f06734d86ddb51709b30258f","checkpoints/s07_anchor_g0p1_a0p25_m40-0052.rds.manifest.rds",TRUE,TRUE
"study07-results/S07-R1/checkpoints/s07_anchor_g0p1_a0p25_m40-0053.rds","e3e8f639d576bac2e6bdd1459c51ab5b","checkpoints/s07_anchor_g0p1_a0p25_m40-0053.rds",TRUE,TRUE
"study07-results/S07-R1/checkpoints/s07_anchor_g0p1_a0p25_m40-0053.rds.manifest.rds","ac46d173465379ceda257dcd9d783f06","checkpoints/s07_anchor_g0p1_a0p25_m40-0053.rds.manifest.rds",TRUE,TRUE
"study07-results/S07-R1/checkpoints/s07_anchor_g0p1_a0p25_m40-0054.rds","0bf97004baa64277c856d96dd2a9132f","checkpoints/s07_anchor_g0p1_a0p25_m40-0054.rds",TRUE,TRUE
"study07-results/S07-R1/checkpoints/s07_anchor_g0p1_a0p25_m40-0054.rds.manifest.rds","4bd0c15f66d751bf925a4cf21cce9dd3","checkpoints/s07_anchor_g0p1_a0p25_m40-0054.rds.manifest.rds",TRUE,TRUE
"study07-results/S07-R1/checkpoints/s07_anchor_g0p1_a0p25_m40-0055.rds","b62658d66ba88e67d6902f2e2383bb02","checkpoints/s07_anchor_g0p1_a0p25_m40-0055.rds",TRUE,TRUE
"study07-results/S07-R1/checkpoints/s07_anchor_g0p1_a0p25_m40-0055.rds.manifest.rds","13f33ce7136ac38a2642aef9a18030cb","checkpoints/s07_anchor_g0p1_a0p25_m40-0055.rds.manifest.rds",TRUE,TRUE
"study07-results/S07-R1/checkpoints/s07_anchor_g0p1_a0p25_m40-0056.rds","f6200987555e71d860a4053b273190cc","checkpoints/s07_anchor_g0p1_a0p25_m40-0056.rds",TRUE,TRUE
"study07-results/S07-R1/checkpoints/s07_anchor_g0p1_a0p25_m40-0056.rds.manifest.rds","cb8f03384456157a2b1c424aa9ca73a3","checkpoints/s07_anchor_g0p1_a0p25_m40-0056.rds.manifest.rds",TRUE,TRUE
"study07-results/S07-R1/checkpoints/s07_anchor_g0p1_a0p25_m40-0057.rds","eee2f17a9b6ff9d68186de4c73574282","checkpoints/s07_anchor_g0p1_a0p25_m40-0057.rds",TRUE,TRUE
"study07-results/S07-R1/checkpoints/s07_anchor_g0p1_a0p25_m40-0057.rds.manifest.rds","3e0ad1daf53bad658b65fb8dfe923a31","checkpoints/s07_anchor_g0p1_a0p25_m40-0057.rds.manifest.rds",TRUE,TRUE
"study07-results/S07-R1/checkpoints/s07_anchor_g0p1_a0p25_m40-0058.rds","3af0c7a6f16b5895b0d08ba0537d7dea","checkpoints/s07_anchor_g0p1_a0p25_m40-0058.rds",TRUE,TRUE
"study07-results/S07-R1/checkpoints/s07_anchor_g0p1_a0p25_m40-0058.rds.manifest.rds","d1bc80e0f65dd05ec0f96b36f5daa21c","checkpoints/s07_anchor_g0p1_a0p25_m40-0058.rds.manifest.rds",TRUE,TRUE
"study07-results/S07-R1/checkpoints/s07_anchor_g0p1_a0p25_m40-0059.rds","1e127d2a72a725aae4c9c67fd6886e8b","checkpoints/s07_anchor_g0p1_a0p25_m40-0059.rds",TRUE,TRUE
"study07-results/S07-R1/checkpoints/s07_anchor_g0p1_a0p25_m40-0059.rds.manifest.rds","d396258f4a2bf4f7e5e79e3b71eb21bd","checkpoints/s07_anchor_g0p1_a0p25_m40-0059.rds.manifest.rds",TRUE,TRUE
"study07-results/S07-R1/checkpoints/s07_anchor_g0p1_a0p25_m40-0060.rds","241ad5da29ad4275cba0d26bd6334f75","checkpoints/s07_anchor_g0p1_a0p25_m40-0060.rds",TRUE,TRUE
"study07-results/S07-R1/checkpoints/s07_anchor_g0p1_a0p25_m40-0060.rds.manifest.rds","ae075da2986d1dd7791ae4810afd4825","checkpoints/s07_anchor_g0p1_a0p25_m40-0060.rds.manifest.rds",TRUE,TRUE
"study07-results/S07-R1/checkpoints/s07_ar1_g1_m160-0001.rds","665b0d528af78dfda7e2cab01d247396","checkpoints/s07_ar1_g1_m160-0001.rds",TRUE,TRUE
"study07-results/S07-R1/checkpoints/s07_ar1_g1_m160-0001.rds.manifest.rds","8da95ee52f0cde4b9fee5328ab485090","checkpoints/s07_ar1_g1_m160-0001.rds.manifest.rds",TRUE,TRUE
"study07-results/S07-R1/checkpoints/s07_ar1_g1_m160-0002.rds","a33be8445ee99ba3ff298adb5058f348","checkpoints/s07_ar1_g1_m160-0002.rds",TRUE,TRUE
"study07-results/S07-R1/checkpoints/s07_ar1_g1_m160-0002.rds.manifest.rds","2e34f480f14f2109a60ce39a86099206","checkpoints/s07_ar1_g1_m160-0002.rds.manifest.rds",TRUE,TRUE
"study07-results/S07-R1/checkpoints/s07_ar1_g1_m160-0003.rds","1327b2e46e0135fd19960e8f7b20a686","checkpoints/s07_ar1_g1_m160-0003.rds",TRUE,TRUE
"study07-results/S07-R1/checkpoints/s07_ar1_g1_m160-0003.rds.manifest.rds","e34ef60819dc17bba93318a7056cb27f","checkpoints/s07_ar1_g1_m160-0003.rds.manifest.rds",TRUE,TRUE
"study07-results/S07-R1/checkpoints/s07_ar1_g1_m160-0004.rds","bf4997788d2c83f86082f407fbaed1ad","checkpoints/s07_ar1_g1_m160-0004.rds",TRUE,TRUE
"study07-results/S07-R1/checkpoints/s07_ar1_g1_m160-0004.rds.manifest.rds","56b754c5034cb72d437c0ea2db18bf9c","checkpoints/s07_ar1_g1_m160-0004.rds.manifest.rds",TRUE,TRUE
"study07-results/S07-R1/checkpoints/s07_ar1_g1_m160-0005.rds","8f7aea27becbb2546ccaaf67277c569f","checkpoints/s07_ar1_g1_m160-0005.rds",TRUE,TRUE
"study07-results/S07-R1/checkpoints/s07_ar1_g1_m160-0005.rds.manifest.rds","dcd0eeb96111041ee7f1a72758815773","checkpoints/s07_ar1_g1_m160-0005.rds.manifest.rds",TRUE,TRUE
"study07-results/S07-R1/checkpoints/s07_ar1_g1_m160-0006.rds","0b9ee635cfcd105cfc3408197e46d9b1","checkpoints/s07_ar1_g1_m160-0006.rds",TRUE,TRUE
"study07-results/S07-R1/checkpoints/s07_ar1_g1_m160-0006.rds.manifest.rds","2c38031fb4c8ef5c8faafd279c65b8e7","checkpoints/s07_ar1_g1_m160-0006.rds.manifest.rds",TRUE,TRUE
"study07-results/S07-R1/checkpoints/s07_ar1_g1_m160-0007.rds","32772d525ae1d5bc030468dd54333daf","checkpoints/s07_ar1_g1_m160-0007.rds",TRUE,TRUE
"study07-results/S07-R1/checkpoints/s07_ar1_g1_m160-0007.rds.manifest.rds","49e2773107ecaa7702045418cb9d3176","checkpoints/s07_ar1_g1_m160-0007.rds.manifest.rds",TRUE,TRUE
"study07-results/S07-R1/checkpoints/s07_ar1_g1_m160-0008.rds","f702f6b3ae87399e1af1241f4c2d2965","checkpoints/s07_ar1_g1_m160-0008.rds",TRUE,TRUE
"study07-results/S07-R1/checkpoints/s07_ar1_g1_m160-0008.rds.manifest.rds","81e7fa5887fdc4e421346263e8b4df8a","checkpoints/s07_ar1_g1_m160-0008.rds.manifest.rds",TRUE,TRUE
"study07-results/S07-R1/checkpoints/s07_ar1_g1_m160-0009.rds","3c921f15dd836217b9602ce6caefba0f","checkpoints/s07_ar1_g1_m160-0009.rds",TRUE,TRUE
"study07-results/S07-R1/checkpoints/s07_ar1_g1_m160-0009.rds.manifest.rds","4b39170cf5973fedae1d9bad0f3bd8b8","checkpoints/s07_ar1_g1_m160-0009.rds.manifest.rds",TRUE,TRUE
"study07-results/S07-R1/checkpoints/s07_ar1_g1_m160-0010.rds","ffb90e6dcf06e060117bf8e312e99b12","checkpoints/s07_ar1_g1_m160-0010.rds",TRUE,TRUE
"study07-results/S07-R1/checkpoints/s07_ar1_g1_m160-0010.rds.manifest.rds","5392e091e6d1543cd14e2f11554526cc","checkpoints/s07_ar1_g1_m160-0010.rds.manifest.rds",TRUE,TRUE
"study07-results/S07-R1/checkpoints/s07_ar1_g1_m160-0011.rds","47206dd25acba5326aea518bc56edc48","checkpoints/s07_ar1_g1_m160-0011.rds",TRUE,TRUE
"study07-results/S07-R1/checkpoints/s07_ar1_g1_m160-0011.rds.manifest.rds","520f551e9d41f2c8a23c1ed358ae9fab","checkpoints/s07_ar1_g1_m160-0011.rds.manifest.rds",TRUE,TRUE
"study07-results/S07-R1/checkpoints/s07_ar1_g1_m160-0012.rds","4d5c4500e7fba7b7f883db11f8191903","checkpoints/s07_ar1_g1_m160-0012.rds",TRUE,TRUE
"study07-results/S07-R1/checkpoints/s07_ar1_g1_m160-0012.rds.manifest.rds","5e852704d00453d742bc0ac23f88cb7d","checkpoints/s07_ar1_g1_m160-0012.rds.manifest.rds",TRUE,TRUE
"study07-results/S07-R1/checkpoints/s07_ar1_g1_m160-0013.rds","43db1bca3dee10489e916e50a18884c6","checkpoints/s07_ar1_g1_m160-0013.rds",TRUE,TRUE
"study07-results/S07-R1/checkpoints/s07_ar1_g1_m160-0013.rds.manifest.rds","e2c72d032a3044e8ce5b2cc147a02375","checkpoints/s07_ar1_g1_m160-0013.rds.manifest.rds",TRUE,TRUE
"study07-results/S07-R1/checkpoints/s07_ar1_g1_m160-0014.rds","93aacc3b9aafd5dbe632a6d6b9ddca87","checkpoints/s07_ar1_g1_m160-0014.rds",TRUE,TRUE
"study07-results/S07-R1/checkpoints/s07_ar1_g1_m160-0014.rds.manifest.rds","b093ce338173731ad98c0a17420fb0c7","checkpoints/s07_ar1_g1_m160-0014.rds.manifest.rds",TRUE,TRUE
"study07-results/S07-R1/checkpoints/s07_ar1_g1_m160-0015.rds","126b35dbc8dd3202f308e98d4d95a84c","checkpoints/s07_ar1_g1_m160-0015.rds",TRUE,TRUE
"study07-results/S07-R1/checkpoints/s07_ar1_g1_m160-0015.rds.manifest.rds","236136ec2ea07a489ac9a4ae52a3b93a","checkpoints/s07_ar1_g1_m160-0015.rds.manifest.rds",TRUE,TRUE
"study07-results/S07-R1/checkpoints/s07_ar1_g1_m160-0016.rds","f827f8dbc00166e4ca0585b9cb9ae6c5","checkpoints/s07_ar1_g1_m160-0016.rds",TRUE,TRUE
"study07-results/S07-R1/checkpoints/s07_ar1_g1_m160-0016.rds.manifest.rds","7438734c329300ebc5523e2aa164bded","checkpoints/s07_ar1_g1_m160-0016.rds.manifest.rds",TRUE,TRUE
"study07-results/S07-R1/checkpoints/s07_ar1_g1_m160-0017.rds","3e443331b97138099a5bbc960626f538","checkpoints/s07_ar1_g1_m160-0017.rds",TRUE,TRUE
"study07-results/S07-R1/checkpoints/s07_ar1_g1_m160-0017.rds.manifest.rds","6e7a638b93095e02c46d5e8e902ab700","checkpoints/s07_ar1_g1_m160-0017.rds.manifest.rds",TRUE,TRUE
"study07-results/S07-R1/checkpoints/s07_ar1_g1_m160-0018.rds","4aed50414a982f13aa0e67d4d43813a9","checkpoints/s07_ar1_g1_m160-0018.rds",TRUE,TRUE
"study07-results/S07-R1/checkpoints/s07_ar1_g1_m160-0018.rds.manifest.rds","165c6a74e721cdc3ff6c14a95a5e96a8","checkpoints/s07_ar1_g1_m160-0018.rds.manifest.rds",TRUE,TRUE
"study07-results/S07-R1/checkpoints/s07_ar1_g1_m160-0019.rds","7560d930a4ef6f7960d0c92cc9ec69a5","checkpoints/s07_ar1_g1_m160-0019.rds",TRUE,TRUE
"study07-results/S07-R1/checkpoints/s07_ar1_g1_m160-0019.rds.manifest.rds","a61db0f517c40bc8a62a99876cb3f092","checkpoints/s07_ar1_g1_m160-0019.rds.manifest.rds",TRUE,TRUE
"study07-results/S07-R1/checkpoints/s07_ar1_g1_m160-0020.rds","570825bed1c8e16d0d63c77e6c1e4d4a","checkpoints/s07_ar1_g1_m160-0020.rds",TRUE,TRUE
"study07-results/S07-R1/checkpoints/s07_ar1_g1_m160-0020.rds.manifest.rds","926d7d9b49dea142716010f8cb41ca8b","checkpoints/s07_ar1_g1_m160-0020.rds.manifest.rds",TRUE,TRUE
"study07-results/S07-R1/checkpoints/s07_ar1_g1_m160-0021.rds","62be9a0c29d9e8fef1e441df16ce55c5","checkpoints/s07_ar1_g1_m160-0021.rds",TRUE,TRUE
"study07-results/S07-R1/checkpoints/s07_ar1_g1_m160-0021.rds.manifest.rds","7a786c942f1dd93633e7245a2e68ffd5","checkpoints/s07_ar1_g1_m160-0021.rds.manifest.rds",TRUE,TRUE
"study07-results/S07-R1/checkpoints/s07_ar1_g1_m160-0022.rds","ae7ca71074ff90778c835d98e854d13f","checkpoints/s07_ar1_g1_m160-0022.rds",TRUE,TRUE
"study07-results/S07-R1/checkpoints/s07_ar1_g1_m160-0022.rds.manifest.rds","9e1ff7a429e3c3dfc38470af650fd2d2","checkpoints/s07_ar1_g1_m160-0022.rds.manifest.rds",TRUE,TRUE
"study07-results/S07-R1/checkpoints/s07_ar1_g1_m160-0023.rds","07e835d380b2bc6b9a0e2db1e467a857","checkpoints/s07_ar1_g1_m160-0023.rds",TRUE,TRUE
"study07-results/S07-R1/checkpoints/s07_ar1_g1_m160-0023.rds.manifest.rds","85afad383a9e0c54bb1a17a3297c316d","checkpoints/s07_ar1_g1_m160-0023.rds.manifest.rds",TRUE,TRUE
"study07-results/S07-R1/checkpoints/s07_ar1_g1_m160-0024.rds","af2018a99e0598231cf9a406b28a55b3","checkpoints/s07_ar1_g1_m160-0024.rds",TRUE,TRUE
"study07-results/S07-R1/checkpoints/s07_ar1_g1_m160-0024.rds.manifest.rds","c27f4c690ba515a1a230a0ef72906004","checkpoints/s07_ar1_g1_m160-0024.rds.manifest.rds",TRUE,TRUE
"study07-results/S07-R1/checkpoints/s07_ar1_g1_m160-0025.rds","15bb33059682d46b602e5b083570231f","checkpoints/s07_ar1_g1_m160-0025.rds",TRUE,TRUE
"study07-results/S07-R1/checkpoints/s07_ar1_g1_m160-0025.rds.manifest.rds","cf1ce1fd65b00816d11c1d4741b074cd","checkpoints/s07_ar1_g1_m160-0025.rds.manifest.rds",TRUE,TRUE
"study07-results/S07-R1/checkpoints/s07_ar1_g1_m160-0026.rds","d2acdbebd769a3c68c929a2d6644792b","checkpoints/s07_ar1_g1_m160-0026.rds",TRUE,TRUE
"study07-results/S07-R1/checkpoints/s07_ar1_g1_m160-0026.rds.manifest.rds","277fd872dea2468374111eee6c99ff08","checkpoints/s07_ar1_g1_m160-0026.rds.manifest.rds",TRUE,TRUE
"study07-results/S07-R1/checkpoints/s07_ar1_g1_m160-0027.rds","59e607f664ab192cf650ec836c7c4f2a","checkpoints/s07_ar1_g1_m160-0027.rds",TRUE,TRUE
"study07-results/S07-R1/checkpoints/s07_ar1_g1_m160-0027.rds.manifest.rds","cbb1be0fe7ef225f083c71ba3e034907","checkpoints/s07_ar1_g1_m160-0027.rds.manifest.rds",TRUE,TRUE
"study07-results/S07-R1/checkpoints/s07_ar1_g1_m160-0028.rds","8a29e8c9a0cb6b955551186f78512ec4","checkpoints/s07_ar1_g1_m160-0028.rds",TRUE,TRUE
"study07-results/S07-R1/checkpoints/s07_ar1_g1_m160-0028.rds.manifest.rds","97d70289c319273b2bc7ce36cdbf275f","checkpoints/s07_ar1_g1_m160-0028.rds.manifest.rds",TRUE,TRUE
"study07-results/S07-R1/checkpoints/s07_ar1_g1_m160-0029.rds","d48c268bcbfd6395bdf11195b53da2e0","checkpoints/s07_ar1_g1_m160-0029.rds",TRUE,TRUE
"study07-results/S07-R1/checkpoints/s07_ar1_g1_m160-0029.rds.manifest.rds","31d3c3efcac382eec11294b29def9780","checkpoints/s07_ar1_g1_m160-0029.rds.manifest.rds",TRUE,TRUE
"study07-results/S07-R1/checkpoints/s07_ar1_g1_m160-0030.rds","821822a30c474a05e9c8b58a5b56b4b9","checkpoints/s07_ar1_g1_m160-0030.rds",TRUE,TRUE
"study07-results/S07-R1/checkpoints/s07_ar1_g1_m160-0030.rds.manifest.rds","7d1edecb9831b47c6a77f08e65344dde","checkpoints/s07_ar1_g1_m160-0030.rds.manifest.rds",TRUE,TRUE
"study07-results/S07-R1/checkpoints/s07_ar1_g1_m160-0031.rds","2a0cec6f81bdddede46d7cc31f1e78ee","checkpoints/s07_ar1_g1_m160-0031.rds",TRUE,TRUE
"study07-results/S07-R1/checkpoints/s07_ar1_g1_m160-0031.rds.manifest.rds","fa19fce7dbef7ac0d73a482d22a1300c","checkpoints/s07_ar1_g1_m160-0031.rds.manifest.rds",TRUE,TRUE
"study07-results/S07-R1/checkpoints/s07_ar1_g1_m160-0032.rds","b75b4fd36ff95622f5a308f59d2a748e","checkpoints/s07_ar1_g1_m160-0032.rds",TRUE,TRUE
"study07-results/S07-R1/checkpoints/s07_ar1_g1_m160-0032.rds.manifest.rds","a69591e3c1b9d9a7e0a815053a9c3fc7","checkpoints/s07_ar1_g1_m160-0032.rds.manifest.rds",TRUE,TRUE
"study07-results/S07-R1/checkpoints/s07_ar1_g1_m160-0033.rds","f28b6303e9b62e6b3972fa829f778af8","checkpoints/s07_ar1_g1_m160-0033.rds",TRUE,TRUE
"study07-results/S07-R1/checkpoints/s07_ar1_g1_m160-0033.rds.manifest.rds","38ab89b0168df2bf7c42f3a8a5dacda2","checkpoints/s07_ar1_g1_m160-0033.rds.manifest.rds",TRUE,TRUE
"study07-results/S07-R1/checkpoints/s07_ar1_g1_m160-0034.rds","fa5a7cff0ca96daf8a157d49da689851","checkpoints/s07_ar1_g1_m160-0034.rds",TRUE,TRUE
"study07-results/S07-R1/checkpoints/s07_ar1_g1_m160-0034.rds.manifest.rds","5bbcf7a6fc966f02afd6711826ad4475","checkpoints/s07_ar1_g1_m160-0034.rds.manifest.rds",TRUE,TRUE
"study07-results/S07-R1/checkpoints/s07_ar1_g1_m160-0035.rds","7e731a5514e71e7a190ef3de48e908a7","checkpoints/s07_ar1_g1_m160-0035.rds",TRUE,TRUE
"study07-results/S07-R1/checkpoints/s07_ar1_g1_m160-0035.rds.manifest.rds","ec628f6146acb859442968817bb42a8c","checkpoints/s07_ar1_g1_m160-0035.rds.manifest.rds",TRUE,TRUE
"study07-results/S07-R1/checkpoints/s07_ar1_g1_m160-0036.rds","b89775661fb817709debb6840f95d800","checkpoints/s07_ar1_g1_m160-0036.rds",TRUE,TRUE
"study07-results/S07-R1/checkpoints/s07_ar1_g1_m160-0036.rds.manifest.rds","c80a74f46ddcbd770d5af230b1dbd901","checkpoints/s07_ar1_g1_m160-0036.rds.manifest.rds",TRUE,TRUE
"study07-results/S07-R1/checkpoints/s07_ar1_g1_m160-0037.rds","1bcc85285a96b789e944712f4f264a9c","checkpoints/s07_ar1_g1_m160-0037.rds",TRUE,TRUE
"study07-results/S07-R1/checkpoints/s07_ar1_g1_m160-0037.rds.manifest.rds","f84a736551487215d6ed2c051b40169b","checkpoints/s07_ar1_g1_m160-0037.rds.manifest.rds",TRUE,TRUE
"study07-results/S07-R1/checkpoints/s07_ar1_g1_m160-0038.rds","388375792dd01136da45d0f7bd4a6111","checkpoints/s07_ar1_g1_m160-0038.rds",TRUE,TRUE
"study07-results/S07-R1/checkpoints/s07_ar1_g1_m160-0038.rds.manifest.rds","84291f5a7f3508d7d07dfb3f828b1dff","checkpoints/s07_ar1_g1_m160-0038.rds.manifest.rds",TRUE,TRUE
"study07-results/S07-R1/checkpoints/s07_ar1_g1_m160-0039.rds","66f093af7cc7adce77181238f48f45f8","checkpoints/s07_ar1_g1_m160-0039.rds",TRUE,TRUE
"study07-results/S07-R1/checkpoints/s07_ar1_g1_m160-0039.rds.manifest.rds","22b07e270380d315652e52d25c6a39df","checkpoints/s07_ar1_g1_m160-0039.rds.manifest.rds",TRUE,TRUE
"study07-results/S07-R1/checkpoints/s07_ar1_g1_m160-0040.rds","24c6267b3f1830d4f98fc3240db77eee","checkpoints/s07_ar1_g1_m160-0040.rds",TRUE,TRUE
"study07-results/S07-R1/checkpoints/s07_ar1_g1_m160-0040.rds.manifest.rds","73b924b3b7c2f095ed9100084fa83c43","checkpoints/s07_ar1_g1_m160-0040.rds.manifest.rds",TRUE,TRUE
"study07-results/S07-R1/checkpoints/s07_movement_g0p01_m160-0001.rds","8450e37f1212304251ce752ad8eff67e","checkpoints/s07_movement_g0p01_m160-0001.rds",TRUE,TRUE
"study07-results/S07-R1/checkpoints/s07_movement_g0p01_m160-0001.rds.manifest.rds","a852ad0dcd2436cebbfc19a92e9d0662","checkpoints/s07_movement_g0p01_m160-0001.rds.manifest.rds",TRUE,TRUE
"study07-results/S07-R1/checkpoints/s07_movement_g0p01_m160-0002.rds","bbeb670bace00c130c608ae83ecd5108","checkpoints/s07_movement_g0p01_m160-0002.rds",TRUE,TRUE
"study07-results/S07-R1/checkpoints/s07_movement_g0p01_m160-0002.rds.manifest.rds","a94b82301ea6648601ccca634e23fea6","checkpoints/s07_movement_g0p01_m160-0002.rds.manifest.rds",TRUE,TRUE
"study07-results/S07-R1/checkpoints/s07_movement_g0p01_m160-0003.rds","9bc18e79f8ea924696356ebebe9418e2","checkpoints/s07_movement_g0p01_m160-0003.rds",TRUE,TRUE
"study07-results/S07-R1/checkpoints/s07_movement_g0p01_m160-0003.rds.manifest.rds","e68caa1e130f8d20eb08fbeb5900270f","checkpoints/s07_movement_g0p01_m160-0003.rds.manifest.rds",TRUE,TRUE
"study07-results/S07-R1/checkpoints/s07_movement_g0p01_m160-0004.rds","37f25a7aeefcfd43db7ae278ace15272","checkpoints/s07_movement_g0p01_m160-0004.rds",TRUE,TRUE
"study07-results/S07-R1/checkpoints/s07_movement_g0p01_m160-0004.rds.manifest.rds","1758aa3e22303b8c05327b6014ca87ad","checkpoints/s07_movement_g0p01_m160-0004.rds.manifest.rds",TRUE,TRUE
"study07-results/S07-R1/checkpoints/s07_movement_g0p01_m160-0005.rds","19932e385f1ef4fa5f33a385c54d2796","checkpoints/s07_movement_g0p01_m160-0005.rds",TRUE,TRUE
"study07-results/S07-R1/checkpoints/s07_movement_g0p01_m160-0005.rds.manifest.rds","1e5f434501b2d80b3d06a14145592c9b","checkpoints/s07_movement_g0p01_m160-0005.rds.manifest.rds",TRUE,TRUE
"study07-results/S07-R1/checkpoints/s07_movement_g0p01_m160-0006.rds","59cc8041a7bc7624f07f717b633cc574","checkpoints/s07_movement_g0p01_m160-0006.rds",TRUE,TRUE
"study07-results/S07-R1/checkpoints/s07_movement_g0p01_m160-0006.rds.manifest.rds","45ff7af8a5f6310b53961b3af3c5e62a","checkpoints/s07_movement_g0p01_m160-0006.rds.manifest.rds",TRUE,TRUE
"study07-results/S07-R1/checkpoints/s07_movement_g0p01_m160-0007.rds","9c4cb2f5f9f41812dc8d94fc19c27d7c","checkpoints/s07_movement_g0p01_m160-0007.rds",TRUE,TRUE
"study07-results/S07-R1/checkpoints/s07_movement_g0p01_m160-0007.rds.manifest.rds","7389557b61ef68d4166c8cd91a25f0c2","checkpoints/s07_movement_g0p01_m160-0007.rds.manifest.rds",TRUE,TRUE
"study07-results/S07-R1/checkpoints/s07_movement_g0p01_m160-0008.rds","1d70e9f120090a5e68f3d11b9ea43ecb","checkpoints/s07_movement_g0p01_m160-0008.rds",TRUE,TRUE
"study07-results/S07-R1/checkpoints/s07_movement_g0p01_m160-0008.rds.manifest.rds","b0bec82f50ad8338f9b8c4c8fa00bdaf","checkpoints/s07_movement_g0p01_m160-0008.rds.manifest.rds",TRUE,TRUE
"study07-results/S07-R1/checkpoints/s07_movement_g0p01_m160-0009.rds","ec8b6fb04b024643d651f4b39fa3544d","checkpoints/s07_movement_g0p01_m160-0009.rds",TRUE,TRUE
"study07-results/S07-R1/checkpoints/s07_movement_g0p01_m160-0009.rds.manifest.rds","f010568a0748634983d5fd6c993a8fc0","checkpoints/s07_movement_g0p01_m160-0009.rds.manifest.rds",TRUE,TRUE
"study07-results/S07-R1/checkpoints/s07_movement_g0p01_m160-0010.rds","cc8126f8f4505f2ce86f7f6004c13230","checkpoints/s07_movement_g0p01_m160-0010.rds",TRUE,TRUE
"study07-results/S07-R1/checkpoints/s07_movement_g0p01_m160-0010.rds.manifest.rds","ddeca1396a98ce4851e583f6b2d9dd87","checkpoints/s07_movement_g0p01_m160-0010.rds.manifest.rds",TRUE,TRUE
"study07-results/S07-R1/checkpoints/s07_movement_g0p01_m160-0011.rds","c298e111786144fbc5b1d3b628dac2bc","checkpoints/s07_movement_g0p01_m160-0011.rds",TRUE,TRUE
"study07-results/S07-R1/checkpoints/s07_movement_g0p01_m160-0011.rds.manifest.rds","0e78955450b3e0bef9bf30c2088c4258","checkpoints/s07_movement_g0p01_m160-0011.rds.manifest.rds",TRUE,TRUE
"study07-results/S07-R1/checkpoints/s07_movement_g0p01_m160-0012.rds","32126c792260a276ff95c827d5ba7172","checkpoints/s07_movement_g0p01_m160-0012.rds",TRUE,TRUE
"study07-results/S07-R1/checkpoints/s07_movement_g0p01_m160-0012.rds.manifest.rds","67355ccb60ebf215da17930408bc99cf","checkpoints/s07_movement_g0p01_m160-0012.rds.manifest.rds",TRUE,TRUE
"study07-results/S07-R1/checkpoints/s07_movement_g0p01_m160-0013.rds","6863d2d2965c916a1cb036d1ed84c83b","checkpoints/s07_movement_g0p01_m160-0013.rds",TRUE,TRUE
"study07-results/S07-R1/checkpoints/s07_movement_g0p01_m160-0013.rds.manifest.rds","7aca3e9b0b17bcf672216b50bfeb6e5a","checkpoints/s07_movement_g0p01_m160-0013.rds.manifest.rds",TRUE,TRUE
"study07-results/S07-R1/checkpoints/s07_movement_g0p01_m160-0014.rds","ba67fee390c9337bea4df7897d5d47cf","checkpoints/s07_movement_g0p01_m160-0014.rds",TRUE,TRUE
"study07-results/S07-R1/checkpoints/s07_movement_g0p01_m160-0014.rds.manifest.rds","48b250305fbed3e17f28576988d83de2","checkpoints/s07_movement_g0p01_m160-0014.rds.manifest.rds",TRUE,TRUE
"study07-results/S07-R1/checkpoints/s07_movement_g0p01_m160-0015.rds","a2bda03f24df04c179b589d96e44b8d2","checkpoints/s07_movement_g0p01_m160-0015.rds",TRUE,TRUE
"study07-results/S07-R1/checkpoints/s07_movement_g0p01_m160-0015.rds.manifest.rds","57cb4d9e60bd7ff98c8d52f271aab78b","checkpoints/s07_movement_g0p01_m160-0015.rds.manifest.rds",TRUE,TRUE
"study07-results/S07-R1/checkpoints/s07_movement_g0p01_m160-0016.rds","ea454eeef9453eaf1aa4dd8bfd1df161","checkpoints/s07_movement_g0p01_m160-0016.rds",TRUE,TRUE
"study07-results/S07-R1/checkpoints/s07_movement_g0p01_m160-0016.rds.manifest.rds","18a0d4cd8a44537b615a55d5eee05365","checkpoints/s07_movement_g0p01_m160-0016.rds.manifest.rds",TRUE,TRUE
"study07-results/S07-R1/checkpoints/s07_movement_g0p01_m160-0017.rds","ea89c982f1ea14a9e6364830d40a810d","checkpoints/s07_movement_g0p01_m160-0017.rds",TRUE,TRUE
"study07-results/S07-R1/checkpoints/s07_movement_g0p01_m160-0017.rds.manifest.rds","f8ba73f20769fd0cfc9d165da672eb54","checkpoints/s07_movement_g0p01_m160-0017.rds.manifest.rds",TRUE,TRUE
"study07-results/S07-R1/checkpoints/s07_movement_g0p01_m160-0018.rds","08e0c15b1b381b03bbfb18191e9affbc","checkpoints/s07_movement_g0p01_m160-0018.rds",TRUE,TRUE
"study07-results/S07-R1/checkpoints/s07_movement_g0p01_m160-0018.rds.manifest.rds","657afd29d02feb8cbb2d7d79370bdcad","checkpoints/s07_movement_g0p01_m160-0018.rds.manifest.rds",TRUE,TRUE
"study07-results/S07-R1/checkpoints/s07_movement_g0p01_m160-0019.rds","d486b84d159e2b2346aa92f4e8133f00","checkpoints/s07_movement_g0p01_m160-0019.rds",TRUE,TRUE
"study07-results/S07-R1/checkpoints/s07_movement_g0p01_m160-0019.rds.manifest.rds","5db13f0fb3732c80f203ec11b9ef8d03","checkpoints/s07_movement_g0p01_m160-0019.rds.manifest.rds",TRUE,TRUE
"study07-results/S07-R1/checkpoints/s07_movement_g0p01_m160-0020.rds","de0c269689e71b9fe849d0edab8e18b0","checkpoints/s07_movement_g0p01_m160-0020.rds",TRUE,TRUE
"study07-results/S07-R1/checkpoints/s07_movement_g0p01_m160-0020.rds.manifest.rds","64783e0d11c28e9a406f00caad8e84c3","checkpoints/s07_movement_g0p01_m160-0020.rds.manifest.rds",TRUE,TRUE
"study07-results/S07-R1/checkpoints/s07_movement_g0p01_m160-0021.rds","7122f86a3522ed7351f75b82b3bc54a7","checkpoints/s07_movement_g0p01_m160-0021.rds",TRUE,TRUE
"study07-results/S07-R1/checkpoints/s07_movement_g0p01_m160-0021.rds.manifest.rds","5570ff795274bd9f52326a1336d1cfe4","checkpoints/s07_movement_g0p01_m160-0021.rds.manifest.rds",TRUE,TRUE
"study07-results/S07-R1/checkpoints/s07_movement_g0p01_m160-0022.rds","d67c1d8786b1aaec49cdccc6d58749a2","checkpoints/s07_movement_g0p01_m160-0022.rds",TRUE,TRUE
"study07-results/S07-R1/checkpoints/s07_movement_g0p01_m160-0022.rds.manifest.rds","1157384b2ab98d86be5b907e927e88a1","checkpoints/s07_movement_g0p01_m160-0022.rds.manifest.rds",TRUE,TRUE
"study07-results/S07-R1/checkpoints/s07_movement_g0p01_m160-0023.rds","5396b56e81e339ae4020bb4e763e5f0d","checkpoints/s07_movement_g0p01_m160-0023.rds",TRUE,TRUE
"study07-results/S07-R1/checkpoints/s07_movement_g0p01_m160-0023.rds.manifest.rds","59cb1fe6c653f6d90bf0bcd38249d993","checkpoints/s07_movement_g0p01_m160-0023.rds.manifest.rds",TRUE,TRUE
"study07-results/S07-R1/checkpoints/s07_movement_g0p01_m160-0024.rds","3bc819d349241c84f02ede2faf8c42be","checkpoints/s07_movement_g0p01_m160-0024.rds",TRUE,TRUE
"study07-results/S07-R1/checkpoints/s07_movement_g0p01_m160-0024.rds.manifest.rds","30b7789d1f34e7717ba6a5b76ad92e78","checkpoints/s07_movement_g0p01_m160-0024.rds.manifest.rds",TRUE,TRUE
"study07-results/S07-R1/checkpoints/s07_movement_g0p01_m160-0025.rds","0614b4b7388f929978ba97a0330d64e1","checkpoints/s07_movement_g0p01_m160-0025.rds",TRUE,TRUE
"study07-results/S07-R1/checkpoints/s07_movement_g0p01_m160-0025.rds.manifest.rds","b611adc39cfa9829a2b03b1c73310a6c","checkpoints/s07_movement_g0p01_m160-0025.rds.manifest.rds",TRUE,TRUE
"study07-results/S07-R1/checkpoints/s07_movement_g0p01_m160-0026.rds","ef695478081eff332f4c3f5d962ff7a3","checkpoints/s07_movement_g0p01_m160-0026.rds",TRUE,TRUE
"study07-results/S07-R1/checkpoints/s07_movement_g0p01_m160-0026.rds.manifest.rds","61211b602a85224165999d55a50b587e","checkpoints/s07_movement_g0p01_m160-0026.rds.manifest.rds",TRUE,TRUE
"study07-results/S07-R1/checkpoints/s07_movement_g0p01_m160-0027.rds","44c8c35100fc08cc775c2032b0e2e555","checkpoints/s07_movement_g0p01_m160-0027.rds",TRUE,TRUE
"study07-results/S07-R1/checkpoints/s07_movement_g0p01_m160-0027.rds.manifest.rds","63a01065bda1a20276d21e09129d7342","checkpoints/s07_movement_g0p01_m160-0027.rds.manifest.rds",TRUE,TRUE
"study07-results/S07-R1/checkpoints/s07_movement_g0p01_m160-0028.rds","ffac2e96e35d8569db761c27b92ce8f7","checkpoints/s07_movement_g0p01_m160-0028.rds",TRUE,TRUE
"study07-results/S07-R1/checkpoints/s07_movement_g0p01_m160-0028.rds.manifest.rds","e8b0bc0c369de88f62ade63eb1e534f1","checkpoints/s07_movement_g0p01_m160-0028.rds.manifest.rds",TRUE,TRUE
"study07-results/S07-R1/checkpoints/s07_movement_g0p01_m160-0029.rds","65d6afec53f1f5c08df84e63a9b35cc5","checkpoints/s07_movement_g0p01_m160-0029.rds",TRUE,TRUE
"study07-results/S07-R1/checkpoints/s07_movement_g0p01_m160-0029.rds.manifest.rds","fae870e1b537bed995c0a4b6cb4440a3","checkpoints/s07_movement_g0p01_m160-0029.rds.manifest.rds",TRUE,TRUE
"study07-results/S07-R1/checkpoints/s07_movement_g0p01_m160-0030.rds","2f6cd7f63b785cd08951e3f4cca348b3","checkpoints/s07_movement_g0p01_m160-0030.rds",TRUE,TRUE
"study07-results/S07-R1/checkpoints/s07_movement_g0p01_m160-0030.rds.manifest.rds","1c08454be5f536907ce8d5defcf64223","checkpoints/s07_movement_g0p01_m160-0030.rds.manifest.rds",TRUE,TRUE
"study07-results/S07-R1/checkpoints/s07_movement_g0p01_m160-0031.rds","5e0f69709d63ffbeebf885037e1d2839","checkpoints/s07_movement_g0p01_m160-0031.rds",TRUE,TRUE
"study07-results/S07-R1/checkpoints/s07_movement_g0p01_m160-0031.rds.manifest.rds","933511fef8785cd06494385d69ca6a84","checkpoints/s07_movement_g0p01_m160-0031.rds.manifest.rds",TRUE,TRUE
"study07-results/S07-R1/checkpoints/s07_movement_g0p01_m160-0032.rds","79807f30288226531be6f73471c8ebe3","checkpoints/s07_movement_g0p01_m160-0032.rds",TRUE,TRUE
"study07-results/S07-R1/checkpoints/s07_movement_g0p01_m160-0032.rds.manifest.rds","5ad0408c8158e625a7f1cbbe890d4757","checkpoints/s07_movement_g0p01_m160-0032.rds.manifest.rds",TRUE,TRUE
"study07-results/S07-R1/checkpoints/s07_movement_g0p01_m160-0033.rds","7f4145e3053e1c675a769c7e27ab3e17","checkpoints/s07_movement_g0p01_m160-0033.rds",TRUE,TRUE
"study07-results/S07-R1/checkpoints/s07_movement_g0p01_m160-0033.rds.manifest.rds","ddeae8ce0de3dcdc3a8576fd59f42651","checkpoints/s07_movement_g0p01_m160-0033.rds.manifest.rds",TRUE,TRUE
"study07-results/S07-R1/checkpoints/s07_movement_g0p01_m160-0034.rds","8cf146a553780e19fc66e473548dbbf9","checkpoints/s07_movement_g0p01_m160-0034.rds",TRUE,TRUE
"study07-results/S07-R1/checkpoints/s07_movement_g0p01_m160-0034.rds.manifest.rds","5cb6fcbc4648906bc66e7acd53681e01","checkpoints/s07_movement_g0p01_m160-0034.rds.manifest.rds",TRUE,TRUE
"study07-results/S07-R1/checkpoints/s07_movement_g0p01_m160-0035.rds","112243702dff4e4f1186003153b9ef29","checkpoints/s07_movement_g0p01_m160-0035.rds",TRUE,TRUE
"study07-results/S07-R1/checkpoints/s07_movement_g0p01_m160-0035.rds.manifest.rds","5b23103933ed8b91cd389b0b05e0d672","checkpoints/s07_movement_g0p01_m160-0035.rds.manifest.rds",TRUE,TRUE
"study07-results/S07-R1/checkpoints/s07_movement_g0p01_m160-0036.rds","6b1f51adb586137dc54feb904bceff7f","checkpoints/s07_movement_g0p01_m160-0036.rds",TRUE,TRUE
"study07-results/S07-R1/checkpoints/s07_movement_g0p01_m160-0036.rds.manifest.rds","f574c348a1bec9492355db53f8eb5b2c","checkpoints/s07_movement_g0p01_m160-0036.rds.manifest.rds",TRUE,TRUE
"study07-results/S07-R1/checkpoints/s07_movement_g0p01_m160-0037.rds","8a417ec8b24439b0f696335befc8437b","checkpoints/s07_movement_g0p01_m160-0037.rds",TRUE,TRUE
"study07-results/S07-R1/checkpoints/s07_movement_g0p01_m160-0037.rds.manifest.rds","b5729f9d18c005b3badae864dd2140ef","checkpoints/s07_movement_g0p01_m160-0037.rds.manifest.rds",TRUE,TRUE
"study07-results/S07-R1/checkpoints/s07_movement_g0p01_m160-0038.rds","f46a78e78d24145dffb19ee530476cd1","checkpoints/s07_movement_g0p01_m160-0038.rds",TRUE,TRUE
"study07-results/S07-R1/checkpoints/s07_movement_g0p01_m160-0038.rds.manifest.rds","cb207d49fcfff482020e08502bca1355","checkpoints/s07_movement_g0p01_m160-0038.rds.manifest.rds",TRUE,TRUE
"study07-results/S07-R1/checkpoints/s07_movement_g0p01_m160-0039.rds","101deb5c445acaf4478d32cacdc1d52d","checkpoints/s07_movement_g0p01_m160-0039.rds",TRUE,TRUE
"study07-results/S07-R1/checkpoints/s07_movement_g0p01_m160-0039.rds.manifest.rds","925e3e38b234c8c7e0f4a3a7100d2a85","checkpoints/s07_movement_g0p01_m160-0039.rds.manifest.rds",TRUE,TRUE
"study07-results/S07-R1/checkpoints/s07_movement_g0p01_m160-0040.rds","2db3e182e6668752237d7e98849a77d6","checkpoints/s07_movement_g0p01_m160-0040.rds",TRUE,TRUE
"study07-results/S07-R1/checkpoints/s07_movement_g0p01_m160-0040.rds.manifest.rds","a3c47f355ba60e947a935815673f4ea5","checkpoints/s07_movement_g0p01_m160-0040.rds.manifest.rds",TRUE,TRUE
"study07-results/S07-R1/checkpoints/s07_movement_g1_m160-0001.rds","7d0c4bcce082d6b71eee19dfa31349f3","checkpoints/s07_movement_g1_m160-0001.rds",TRUE,TRUE
"study07-results/S07-R1/checkpoints/s07_movement_g1_m160-0001.rds.manifest.rds","1e9fbecd3d1e1c71fcbd5b95ac292d68","checkpoints/s07_movement_g1_m160-0001.rds.manifest.rds",TRUE,TRUE
"study07-results/S07-R1/checkpoints/s07_movement_g1_m160-0002.rds","ab4c3b1faf32e22d38581aa56c09a445","checkpoints/s07_movement_g1_m160-0002.rds",TRUE,TRUE
"study07-results/S07-R1/checkpoints/s07_movement_g1_m160-0002.rds.manifest.rds","e3a569d7ff2793aac6b000812022edce","checkpoints/s07_movement_g1_m160-0002.rds.manifest.rds",TRUE,TRUE
"study07-results/S07-R1/checkpoints/s07_movement_g1_m160-0003.rds","e92d50d3cbad41fd95c4dc3476f8b8bd","checkpoints/s07_movement_g1_m160-0003.rds",TRUE,TRUE
"study07-results/S07-R1/checkpoints/s07_movement_g1_m160-0003.rds.manifest.rds","ebf5dd4ee581b28505ae5629d15dab5b","checkpoints/s07_movement_g1_m160-0003.rds.manifest.rds",TRUE,TRUE
"study07-results/S07-R1/checkpoints/s07_movement_g1_m160-0004.rds","ba91152dda2e2a142df1f29da88b591f","checkpoints/s07_movement_g1_m160-0004.rds",TRUE,TRUE
"study07-results/S07-R1/checkpoints/s07_movement_g1_m160-0004.rds.manifest.rds","c2a93068ede6b259e1f7e11688b6188d","checkpoints/s07_movement_g1_m160-0004.rds.manifest.rds",TRUE,TRUE
"study07-results/S07-R1/checkpoints/s07_movement_g1_m160-0005.rds","63f82de13c3662fe5d2f2f6a132fa09a","checkpoints/s07_movement_g1_m160-0005.rds",TRUE,TRUE
"study07-results/S07-R1/checkpoints/s07_movement_g1_m160-0005.rds.manifest.rds","f957ca8aaa8bcad35b8429f1f94d8ef1","checkpoints/s07_movement_g1_m160-0005.rds.manifest.rds",TRUE,TRUE
"study07-results/S07-R1/checkpoints/s07_movement_g1_m160-0006.rds","6829ad32fa6875062b7d5bd7202c388d","checkpoints/s07_movement_g1_m160-0006.rds",TRUE,TRUE
"study07-results/S07-R1/checkpoints/s07_movement_g1_m160-0006.rds.manifest.rds","2ce54b9654130c126feebf8c77a16e8b","checkpoints/s07_movement_g1_m160-0006.rds.manifest.rds",TRUE,TRUE
"study07-results/S07-R1/checkpoints/s07_movement_g1_m160-0007.rds","bb704c28004b67a7e97f07c432fb3110","checkpoints/s07_movement_g1_m160-0007.rds",TRUE,TRUE
"study07-results/S07-R1/checkpoints/s07_movement_g1_m160-0007.rds.manifest.rds","6f6201d4e0993cf6e0d5eeff00c13b70","checkpoints/s07_movement_g1_m160-0007.rds.manifest.rds",TRUE,TRUE
"study07-results/S07-R1/checkpoints/s07_movement_g1_m160-0008.rds","1be70860575d3409f64da8bc017bd461","checkpoints/s07_movement_g1_m160-0008.rds",TRUE,TRUE
"study07-results/S07-R1/checkpoints/s07_movement_g1_m160-0008.rds.manifest.rds","87342866e1143ebca24aeae7d27eadd6","checkpoints/s07_movement_g1_m160-0008.rds.manifest.rds",TRUE,TRUE
"study07-results/S07-R1/checkpoints/s07_movement_g1_m160-0009.rds","ede4d235e12e058a808a923a5beff467","checkpoints/s07_movement_g1_m160-0009.rds",TRUE,TRUE
"study07-results/S07-R1/checkpoints/s07_movement_g1_m160-0009.rds.manifest.rds","ba3876dcf683ed7a5f7fefe351154fba","checkpoints/s07_movement_g1_m160-0009.rds.manifest.rds",TRUE,TRUE
"study07-results/S07-R1/checkpoints/s07_movement_g1_m160-0010.rds","de1bead9dda004f6a42b4efeeff2da65","checkpoints/s07_movement_g1_m160-0010.rds",TRUE,TRUE
"study07-results/S07-R1/checkpoints/s07_movement_g1_m160-0010.rds.manifest.rds","1bc870b21f5123cf6760fcd30abbdace","checkpoints/s07_movement_g1_m160-0010.rds.manifest.rds",TRUE,TRUE
"study07-results/S07-R1/checkpoints/s07_movement_g1_m160-0011.rds","c0be068852fe69f26dc3191915948baf","checkpoints/s07_movement_g1_m160-0011.rds",TRUE,TRUE
"study07-results/S07-R1/checkpoints/s07_movement_g1_m160-0011.rds.manifest.rds","56b72cd4b8ba3ba7727ec74b4bc2ecce","checkpoints/s07_movement_g1_m160-0011.rds.manifest.rds",TRUE,TRUE
"study07-results/S07-R1/checkpoints/s07_movement_g1_m160-0012.rds","157320aafe8b1dfef02d3a34c517f560","checkpoints/s07_movement_g1_m160-0012.rds",TRUE,TRUE
"study07-results/S07-R1/checkpoints/s07_movement_g1_m160-0012.rds.manifest.rds","08d9b1d96034e1e07864ac4cea5c990b","checkpoints/s07_movement_g1_m160-0012.rds.manifest.rds",TRUE,TRUE
"study07-results/S07-R1/checkpoints/s07_movement_g1_m160-0013.rds","0cc2b45fd17b3741c67ecb87c9d8ccac","checkpoints/s07_movement_g1_m160-0013.rds",TRUE,TRUE
"study07-results/S07-R1/checkpoints/s07_movement_g1_m160-0013.rds.manifest.rds","2b1fae112e44e5c22bb878b991afc1cb","checkpoints/s07_movement_g1_m160-0013.rds.manifest.rds",TRUE,TRUE
"study07-results/S07-R1/checkpoints/s07_movement_g1_m160-0014.rds","98f4c3433de3b282ca396d1d9727844d","checkpoints/s07_movement_g1_m160-0014.rds",TRUE,TRUE
"study07-results/S07-R1/checkpoints/s07_movement_g1_m160-0014.rds.manifest.rds","500b5f31f8e45f77b0b0458740ff624b","checkpoints/s07_movement_g1_m160-0014.rds.manifest.rds",TRUE,TRUE
"study07-results/S07-R1/checkpoints/s07_movement_g1_m160-0015.rds","d49b03b1713a786f9ba39e6a7c3c629d","checkpoints/s07_movement_g1_m160-0015.rds",TRUE,TRUE
"study07-results/S07-R1/checkpoints/s07_movement_g1_m160-0015.rds.manifest.rds","ae40a5c5a0bdeafd68a52ecb1d3b96d9","checkpoints/s07_movement_g1_m160-0015.rds.manifest.rds",TRUE,TRUE
"study07-results/S07-R1/checkpoints/s07_movement_g1_m160-0016.rds","5e55e38db19aec7465302a09efaece04","checkpoints/s07_movement_g1_m160-0016.rds",TRUE,TRUE
"study07-results/S07-R1/checkpoints/s07_movement_g1_m160-0016.rds.manifest.rds","0d7f5a1159d10ea2f8f295d280a1e18a","checkpoints/s07_movement_g1_m160-0016.rds.manifest.rds",TRUE,TRUE
"study07-results/S07-R1/checkpoints/s07_movement_g1_m160-0017.rds","ea5feb5ec5b9b59698106e644ed1d1cd","checkpoints/s07_movement_g1_m160-0017.rds",TRUE,TRUE
"study07-results/S07-R1/checkpoints/s07_movement_g1_m160-0017.rds.manifest.rds","4832622b2ccd2a6539f763100a0536ec","checkpoints/s07_movement_g1_m160-0017.rds.manifest.rds",TRUE,TRUE
"study07-results/S07-R1/checkpoints/s07_movement_g1_m160-0018.rds","4b86c9bb66808719c487123bfa615c7f","checkpoints/s07_movement_g1_m160-0018.rds",TRUE,TRUE
"study07-results/S07-R1/checkpoints/s07_movement_g1_m160-0018.rds.manifest.rds","d197dcd539534843c96354844a2a7c10","checkpoints/s07_movement_g1_m160-0018.rds.manifest.rds",TRUE,TRUE
"study07-results/S07-R1/checkpoints/s07_movement_g1_m160-0019.rds","3a489c614c8649678e5d928c3a0b289d","checkpoints/s07_movement_g1_m160-0019.rds",TRUE,TRUE
"study07-results/S07-R1/checkpoints/s07_movement_g1_m160-0019.rds.manifest.rds","4b4b259f697e5f8f12ba32a2e01f66c7","checkpoints/s07_movement_g1_m160-0019.rds.manifest.rds",TRUE,TRUE
"study07-results/S07-R1/checkpoints/s07_movement_g1_m160-0020.rds","9b1143453c3c5e3077eb5f66805b35a6","checkpoints/s07_movement_g1_m160-0020.rds",TRUE,TRUE
"study07-results/S07-R1/checkpoints/s07_movement_g1_m160-0020.rds.manifest.rds","77c1f8d5e178be1553868213c3a5fe00","checkpoints/s07_movement_g1_m160-0020.rds.manifest.rds",TRUE,TRUE
"study07-results/S07-R1/checkpoints/s07_movement_g1_m160-0021.rds","e8395ba38a21ad996ef5986cc6732a40","checkpoints/s07_movement_g1_m160-0021.rds",TRUE,TRUE
"study07-results/S07-R1/checkpoints/s07_movement_g1_m160-0021.rds.manifest.rds","6ecb0d9eb079c55d869493605fd73619","checkpoints/s07_movement_g1_m160-0021.rds.manifest.rds",TRUE,TRUE
"study07-results/S07-R1/checkpoints/s07_movement_g1_m160-0022.rds","dd100c4d0fa873756dbeeba7938976ba","checkpoints/s07_movement_g1_m160-0022.rds",TRUE,TRUE
"study07-results/S07-R1/checkpoints/s07_movement_g1_m160-0022.rds.manifest.rds","f0a76c660bdbb784eb4f0466a2441074","checkpoints/s07_movement_g1_m160-0022.rds.manifest.rds",TRUE,TRUE
"study07-results/S07-R1/checkpoints/s07_movement_g1_m160-0023.rds","4e856fd1cb324eb20654cfc696d8fb0c","checkpoints/s07_movement_g1_m160-0023.rds",TRUE,TRUE
"study07-results/S07-R1/checkpoints/s07_movement_g1_m160-0023.rds.manifest.rds","be0f7c0b3b4fe00249cadb6808003fca","checkpoints/s07_movement_g1_m160-0023.rds.manifest.rds",TRUE,TRUE
"study07-results/S07-R1/checkpoints/s07_movement_g1_m160-0024.rds","ec1f97d2e295b8bf0772549e4ee16e11","checkpoints/s07_movement_g1_m160-0024.rds",TRUE,TRUE
"study07-results/S07-R1/checkpoints/s07_movement_g1_m160-0024.rds.manifest.rds","5fcbee6e34294b7852ac3be7293d81a3","checkpoints/s07_movement_g1_m160-0024.rds.manifest.rds",TRUE,TRUE
"study07-results/S07-R1/checkpoints/s07_movement_g1_m160-0025.rds","125e153640b04ba74c31c21365240854","checkpoints/s07_movement_g1_m160-0025.rds",TRUE,TRUE
"study07-results/S07-R1/checkpoints/s07_movement_g1_m160-0025.rds.manifest.rds","8e9e5af2a469635b4b2064a171f3aaa9","checkpoints/s07_movement_g1_m160-0025.rds.manifest.rds",TRUE,TRUE
"study07-results/S07-R1/checkpoints/s07_movement_g1_m160-0026.rds","ba0f44cf0585f1086036a333865877a1","checkpoints/s07_movement_g1_m160-0026.rds",TRUE,TRUE
"study07-results/S07-R1/checkpoints/s07_movement_g1_m160-0026.rds.manifest.rds","296092f5fa5e8c10e3c944da175b48cc","checkpoints/s07_movement_g1_m160-0026.rds.manifest.rds",TRUE,TRUE
"study07-results/S07-R1/checkpoints/s07_movement_g1_m160-0027.rds","762c86d5bb417ae34b44ca479ba88908","checkpoints/s07_movement_g1_m160-0027.rds",TRUE,TRUE
"study07-results/S07-R1/checkpoints/s07_movement_g1_m160-0027.rds.manifest.rds","9201f6b4a411a6ae4fb2de5b745cbc8c","checkpoints/s07_movement_g1_m160-0027.rds.manifest.rds",TRUE,TRUE
"study07-results/S07-R1/checkpoints/s07_movement_g1_m160-0028.rds","09c0d4aa1404410e23bfc41581e621f1","checkpoints/s07_movement_g1_m160-0028.rds",TRUE,TRUE
"study07-results/S07-R1/checkpoints/s07_movement_g1_m160-0028.rds.manifest.rds","bdbe5b34bb443d9a2977e796f3519068","checkpoints/s07_movement_g1_m160-0028.rds.manifest.rds",TRUE,TRUE
"study07-results/S07-R1/checkpoints/s07_movement_g1_m160-0029.rds","f487e82d4ee84cce4ec7757563d27623","checkpoints/s07_movement_g1_m160-0029.rds",TRUE,TRUE
"study07-results/S07-R1/checkpoints/s07_movement_g1_m160-0029.rds.manifest.rds","c694404e1577f3096ef49e9e8c4f3f15","checkpoints/s07_movement_g1_m160-0029.rds.manifest.rds",TRUE,TRUE
"study07-results/S07-R1/checkpoints/s07_movement_g1_m160-0030.rds","2c6ce93d8f68848b2ffba537eef3ab82","checkpoints/s07_movement_g1_m160-0030.rds",TRUE,TRUE
"study07-results/S07-R1/checkpoints/s07_movement_g1_m160-0030.rds.manifest.rds","642740dda4affdfa947991a859ac47ac","checkpoints/s07_movement_g1_m160-0030.rds.manifest.rds",TRUE,TRUE
"study07-results/S07-R1/checkpoints/s07_movement_g1_m160-0031.rds","ae030f9bc3f3baedc1e3f428a59f2dc0","checkpoints/s07_movement_g1_m160-0031.rds",TRUE,TRUE
"study07-results/S07-R1/checkpoints/s07_movement_g1_m160-0031.rds.manifest.rds","e50a1aa1ab33d49b0ebee714f25f0844","checkpoints/s07_movement_g1_m160-0031.rds.manifest.rds",TRUE,TRUE
"study07-results/S07-R1/checkpoints/s07_movement_g1_m160-0032.rds","4b94f3aec80609a487ebe69f8edcfc94","checkpoints/s07_movement_g1_m160-0032.rds",TRUE,TRUE
"study07-results/S07-R1/checkpoints/s07_movement_g1_m160-0032.rds.manifest.rds","f182ab629e73e0e03e9cd61ec7ebc341","checkpoints/s07_movement_g1_m160-0032.rds.manifest.rds",TRUE,TRUE
"study07-results/S07-R1/checkpoints/s07_movement_g1_m160-0033.rds","52227b738736d7418bed264b79a767a6","checkpoints/s07_movement_g1_m160-0033.rds",TRUE,TRUE
"study07-results/S07-R1/checkpoints/s07_movement_g1_m160-0033.rds.manifest.rds","03cb31d7e9bc35b2119842d0e7455680","checkpoints/s07_movement_g1_m160-0033.rds.manifest.rds",TRUE,TRUE
"study07-results/S07-R1/checkpoints/s07_movement_g1_m160-0034.rds","56f6755c930daf1dc797ddead03ccc42","checkpoints/s07_movement_g1_m160-0034.rds",TRUE,TRUE
"study07-results/S07-R1/checkpoints/s07_movement_g1_m160-0034.rds.manifest.rds","b81c283f8a3566d0b75f4a9e1d2e76c9","checkpoints/s07_movement_g1_m160-0034.rds.manifest.rds",TRUE,TRUE
"study07-results/S07-R1/checkpoints/s07_movement_g1_m160-0035.rds","f219060191321e4f4dcd7a9a8759f9c6","checkpoints/s07_movement_g1_m160-0035.rds",TRUE,TRUE
"study07-results/S07-R1/checkpoints/s07_movement_g1_m160-0035.rds.manifest.rds","f6548e45997ea0cb46c87f9d7ac19694","checkpoints/s07_movement_g1_m160-0035.rds.manifest.rds",TRUE,TRUE
"study07-results/S07-R1/checkpoints/s07_movement_g1_m160-0036.rds","2e03d4f1249d5859bfd93a44c739d862","checkpoints/s07_movement_g1_m160-0036.rds",TRUE,TRUE
"study07-results/S07-R1/checkpoints/s07_movement_g1_m160-0036.rds.manifest.rds","487b437b83a9850729016fb286e5b774","checkpoints/s07_movement_g1_m160-0036.rds.manifest.rds",TRUE,TRUE
"study07-results/S07-R1/checkpoints/s07_movement_g1_m160-0037.rds","47d13ae7a864e2428f9071549adf925a","checkpoints/s07_movement_g1_m160-0037.rds",TRUE,TRUE
"study07-results/S07-R1/checkpoints/s07_movement_g1_m160-0037.rds.manifest.rds","c3d72939a06c5da1ad5b159d95a57355","checkpoints/s07_movement_g1_m160-0037.rds.manifest.rds",TRUE,TRUE
"study07-results/S07-R1/checkpoints/s07_movement_g1_m160-0038.rds","4a3219ebe0849531094956582eb8f4b8","checkpoints/s07_movement_g1_m160-0038.rds",TRUE,TRUE
"study07-results/S07-R1/checkpoints/s07_movement_g1_m160-0038.rds.manifest.rds","b4700078c926ea9a9d1dbb364cbbef06","checkpoints/s07_movement_g1_m160-0038.rds.manifest.rds",TRUE,TRUE
"study07-results/S07-R1/checkpoints/s07_movement_g1_m160-0039.rds","78d203f6c4b32b6513795b4e4a6d182c","checkpoints/s07_movement_g1_m160-0039.rds",TRUE,TRUE
"study07-results/S07-R1/checkpoints/s07_movement_g1_m160-0039.rds.manifest.rds","81e622be86bdb938cdb164d186b546cc","checkpoints/s07_movement_g1_m160-0039.rds.manifest.rds",TRUE,TRUE
"study07-results/S07-R1/checkpoints/s07_movement_g1_m160-0040.rds","44d2a27b75fb03c2c712b6de7af531c1","checkpoints/s07_movement_g1_m160-0040.rds",TRUE,TRUE
"study07-results/S07-R1/checkpoints/s07_movement_g1_m160-0040.rds.manifest.rds","e7c1e465d4bcc9c7a131ed4df7a15f10","checkpoints/s07_movement_g1_m160-0040.rds.manifest.rds",TRUE,TRUE
"study07-results/S07-R1/checkpoints/s07_normal_mean_m40-0001.rds","59f51a1c4313d52ed0d1a571e56fe5ed","checkpoints/s07_normal_mean_m40-0001.rds",TRUE,TRUE
"study07-results/S07-R1/checkpoints/s07_normal_mean_m40-0001.rds.manifest.rds","0d2f44cce90b1ecbf17dcef12f4bff72","checkpoints/s07_normal_mean_m40-0001.rds.manifest.rds",TRUE,TRUE
"study07-results/S07-R1/checkpoints/s07_normal_mean_m40-0002.rds","a79312fdee548d34d2992bd601c566f1","checkpoints/s07_normal_mean_m40-0002.rds",TRUE,TRUE
"study07-results/S07-R1/checkpoints/s07_normal_mean_m40-0002.rds.manifest.rds","a975b3261f1b267f966abff937270905","checkpoints/s07_normal_mean_m40-0002.rds.manifest.rds",TRUE,TRUE
"study07-results/S07-R1/checkpoints/s07_normal_mean_m40-0003.rds","7b1f618bc50a3fe46493235217ab756f","checkpoints/s07_normal_mean_m40-0003.rds",TRUE,TRUE
"study07-results/S07-R1/checkpoints/s07_normal_mean_m40-0003.rds.manifest.rds","279793593ec598a130bf0fa74342cda8","checkpoints/s07_normal_mean_m40-0003.rds.manifest.rds",TRUE,TRUE
"study07-results/S07-R1/checkpoints/s07_normal_mean_m40-0004.rds","674f157886b640c8dc13749d3ce6e872","checkpoints/s07_normal_mean_m40-0004.rds",TRUE,TRUE
"study07-results/S07-R1/checkpoints/s07_normal_mean_m40-0004.rds.manifest.rds","f97f7b3ec01cb0c87ffc29b5544961be","checkpoints/s07_normal_mean_m40-0004.rds.manifest.rds",TRUE,TRUE
"study07-results/S07-R1/checkpoints/s07_normal_mean_m40-0005.rds","c969ee45e389767edb20805f55a66c0d","checkpoints/s07_normal_mean_m40-0005.rds",TRUE,TRUE
"study07-results/S07-R1/checkpoints/s07_normal_mean_m40-0005.rds.manifest.rds","306654ba661c537fb070be29b86f12fe","checkpoints/s07_normal_mean_m40-0005.rds.manifest.rds",TRUE,TRUE
"study07-results/S07-R1/checkpoints/s07_normal_mean_m40-0006.rds","a77d4213f017a34a1867b30cd7041cb9","checkpoints/s07_normal_mean_m40-0006.rds",TRUE,TRUE
"study07-results/S07-R1/checkpoints/s07_normal_mean_m40-0006.rds.manifest.rds","cbfe09893ea2646bc19008b38192d432","checkpoints/s07_normal_mean_m40-0006.rds.manifest.rds",TRUE,TRUE
"study07-results/S07-R1/checkpoints/s07_normal_mean_m40-0007.rds","843303d74cc3b79ae55dfe5372929ca0","checkpoints/s07_normal_mean_m40-0007.rds",TRUE,TRUE
"study07-results/S07-R1/checkpoints/s07_normal_mean_m40-0007.rds.manifest.rds","48d91aa032e3fc1ea866932417d0ce40","checkpoints/s07_normal_mean_m40-0007.rds.manifest.rds",TRUE,TRUE
"study07-results/S07-R1/checkpoints/s07_normal_mean_m40-0008.rds","2abd4acba9467f83b88e9fd687dd6419","checkpoints/s07_normal_mean_m40-0008.rds",TRUE,TRUE
"study07-results/S07-R1/checkpoints/s07_normal_mean_m40-0008.rds.manifest.rds","6530f3649b1118a4976f15ddd55b0322","checkpoints/s07_normal_mean_m40-0008.rds.manifest.rds",TRUE,TRUE
"study07-results/S07-R1/checkpoints/s07_normal_mean_m40-0009.rds","8aac2119ac830c1a7888fcd3b2dfb4b0","checkpoints/s07_normal_mean_m40-0009.rds",TRUE,TRUE
"study07-results/S07-R1/checkpoints/s07_normal_mean_m40-0009.rds.manifest.rds","8dc5a86df5b19b6f173df1d111817e3c","checkpoints/s07_normal_mean_m40-0009.rds.manifest.rds",TRUE,TRUE
"study07-results/S07-R1/checkpoints/s07_normal_mean_m40-0010.rds","0e1a06d0648fa02ab35e19abe20229bc","checkpoints/s07_normal_mean_m40-0010.rds",TRUE,TRUE
"study07-results/S07-R1/checkpoints/s07_normal_mean_m40-0010.rds.manifest.rds","26199d982f41edc04743432804bfe95a","checkpoints/s07_normal_mean_m40-0010.rds.manifest.rds",TRUE,TRUE
"study07-results/S07-R1/checkpoints/s07_normal_mean_m40-0011.rds","258157d07b770762cfaa8319d4a5189a","checkpoints/s07_normal_mean_m40-0011.rds",TRUE,TRUE
"study07-results/S07-R1/checkpoints/s07_normal_mean_m40-0011.rds.manifest.rds","2e35c513f76d2a2b9d59611cd5366262","checkpoints/s07_normal_mean_m40-0011.rds.manifest.rds",TRUE,TRUE
"study07-results/S07-R1/checkpoints/s07_normal_mean_m40-0012.rds","11608e7743cfd82a2419ae3989e26d5c","checkpoints/s07_normal_mean_m40-0012.rds",TRUE,TRUE
"study07-results/S07-R1/checkpoints/s07_normal_mean_m40-0012.rds.manifest.rds","a450bdd14491589c5fc8c2bf94ee0c8c","checkpoints/s07_normal_mean_m40-0012.rds.manifest.rds",TRUE,TRUE
"study07-results/S07-R1/checkpoints/s07_normal_mean_m40-0013.rds","5e2942711b3eafc07e0b4149891b99b7","checkpoints/s07_normal_mean_m40-0013.rds",TRUE,TRUE
"study07-results/S07-R1/checkpoints/s07_normal_mean_m40-0013.rds.manifest.rds","84155b644e840aa14136887af98d162c","checkpoints/s07_normal_mean_m40-0013.rds.manifest.rds",TRUE,TRUE
"study07-results/S07-R1/checkpoints/s07_null_g1_m160-0001.rds","aaf79ec3f4245034f9a2962854d2fa00","checkpoints/s07_null_g1_m160-0001.rds",TRUE,TRUE
"study07-results/S07-R1/checkpoints/s07_null_g1_m160-0001.rds.manifest.rds","88226c3e4cd5e62ecff379fea1d2b414","checkpoints/s07_null_g1_m160-0001.rds.manifest.rds",TRUE,TRUE
"study07-results/S07-R1/checkpoints/s07_null_g1_m160-0002.rds","b72b2b9018911191aa0d06018cb83ece","checkpoints/s07_null_g1_m160-0002.rds",TRUE,TRUE
"study07-results/S07-R1/checkpoints/s07_null_g1_m160-0002.rds.manifest.rds","987c7f704332ea930ec296d9cf49eda1","checkpoints/s07_null_g1_m160-0002.rds.manifest.rds",TRUE,TRUE
"study07-results/S07-R1/checkpoints/s07_null_g1_m160-0003.rds","406cca97185bebcd1dc344b1850f88a1","checkpoints/s07_null_g1_m160-0003.rds",TRUE,TRUE
"study07-results/S07-R1/checkpoints/s07_null_g1_m160-0003.rds.manifest.rds","73dbc184572d4e47825aaa516b7ac7b4","checkpoints/s07_null_g1_m160-0003.rds.manifest.rds",TRUE,TRUE
"study07-results/S07-R1/checkpoints/s07_null_g1_m160-0004.rds","1128bf015c8d61df410e9991b2c6d3e8","checkpoints/s07_null_g1_m160-0004.rds",TRUE,TRUE
"study07-results/S07-R1/checkpoints/s07_null_g1_m160-0004.rds.manifest.rds","9bc11816978e2cf5c34c98c9c3f6c372","checkpoints/s07_null_g1_m160-0004.rds.manifest.rds",TRUE,TRUE
"study07-results/S07-R1/checkpoints/s07_null_g1_m160-0005.rds","afddba4e953951d210f72ab4cf177724","checkpoints/s07_null_g1_m160-0005.rds",TRUE,TRUE
"study07-results/S07-R1/checkpoints/s07_null_g1_m160-0005.rds.manifest.rds","29360ed645aa2148dbb8b5ee26ddbbd5","checkpoints/s07_null_g1_m160-0005.rds.manifest.rds",TRUE,TRUE
"study07-results/S07-R1/checkpoints/s07_null_g1_m160-0006.rds","c885260c2e361f7a901c3b50e2dba25d","checkpoints/s07_null_g1_m160-0006.rds",TRUE,TRUE
"study07-results/S07-R1/checkpoints/s07_null_g1_m160-0006.rds.manifest.rds","1be406315a72b221e85c467346dbd9f8","checkpoints/s07_null_g1_m160-0006.rds.manifest.rds",TRUE,TRUE
"study07-results/S07-R1/checkpoints/s07_null_g1_m160-0007.rds","fe3e1ae1cdb36b149dbd2587488f8f66","checkpoints/s07_null_g1_m160-0007.rds",TRUE,TRUE
"study07-results/S07-R1/checkpoints/s07_null_g1_m160-0007.rds.manifest.rds","5e64b8a5d4339c8a2b5e6b8a2a2d02fc","checkpoints/s07_null_g1_m160-0007.rds.manifest.rds",TRUE,TRUE
"study07-results/S07-R1/checkpoints/s07_null_g1_m160-0008.rds","87cf9b5ed6387d8a782a3ed5d8962a5e","checkpoints/s07_null_g1_m160-0008.rds",TRUE,TRUE
"study07-results/S07-R1/checkpoints/s07_null_g1_m160-0008.rds.manifest.rds","1a4dea9f541db9e32d6dc46ad64e74dd","checkpoints/s07_null_g1_m160-0008.rds.manifest.rds",TRUE,TRUE
"study07-results/S07-R1/checkpoints/s07_null_g1_m160-0009.rds","4235a3bd21a5344e318d4a8dc1ec5663","checkpoints/s07_null_g1_m160-0009.rds",TRUE,TRUE
"study07-results/S07-R1/checkpoints/s07_null_g1_m160-0009.rds.manifest.rds","2af8e7d9dba46f824a59923401408c9b","checkpoints/s07_null_g1_m160-0009.rds.manifest.rds",TRUE,TRUE
"study07-results/S07-R1/checkpoints/s07_null_g1_m160-0010.rds","f6a31b8c4a5029bc548db3a03c5207ef","checkpoints/s07_null_g1_m160-0010.rds",TRUE,TRUE
"study07-results/S07-R1/checkpoints/s07_null_g1_m160-0010.rds.manifest.rds","7e879c77116a19195bf5d644322e6380","checkpoints/s07_null_g1_m160-0010.rds.manifest.rds",TRUE,TRUE
"study07-results/S07-R1/checkpoints/s07_null_g1_m160-0011.rds","0042f15b5779cb58aaf389a7b9996290","checkpoints/s07_null_g1_m160-0011.rds",TRUE,TRUE
"study07-results/S07-R1/checkpoints/s07_null_g1_m160-0011.rds.manifest.rds","44fc1a43144982a0a9682789d7d069bd","checkpoints/s07_null_g1_m160-0011.rds.manifest.rds",TRUE,TRUE
"study07-results/S07-R1/checkpoints/s07_null_g1_m160-0012.rds","08e993821b893a2356b9a8f9ca152c0f","checkpoints/s07_null_g1_m160-0012.rds",TRUE,TRUE
"study07-results/S07-R1/checkpoints/s07_null_g1_m160-0012.rds.manifest.rds","2048188ea29cb84dc20e0dd07c9f2da6","checkpoints/s07_null_g1_m160-0012.rds.manifest.rds",TRUE,TRUE
"study07-results/S07-R1/checkpoints/s07_null_g1_m160-0013.rds","29059d43eeaf6684006cedd175252044","checkpoints/s07_null_g1_m160-0013.rds",TRUE,TRUE
"study07-results/S07-R1/checkpoints/s07_null_g1_m160-0013.rds.manifest.rds","0d57dc53ba47913618be2ba407f0c031","checkpoints/s07_null_g1_m160-0013.rds.manifest.rds",TRUE,TRUE
"study07-results/S07-R1/checkpoints/s07_null_g1_m160-0014.rds","eb04c715631360d90c203ea0d22860d6","checkpoints/s07_null_g1_m160-0014.rds",TRUE,TRUE
"study07-results/S07-R1/checkpoints/s07_null_g1_m160-0014.rds.manifest.rds","373ccf48a9927bbb7e63f0252d32bdea","checkpoints/s07_null_g1_m160-0014.rds.manifest.rds",TRUE,TRUE
"study07-results/S07-R1/checkpoints/s07_null_g1_m160-0015.rds","b01fcf73c3bca3ef4d35684d5d5845a1","checkpoints/s07_null_g1_m160-0015.rds",TRUE,TRUE
"study07-results/S07-R1/checkpoints/s07_null_g1_m160-0015.rds.manifest.rds","472302ada70e73cb0946a3822130ba69","checkpoints/s07_null_g1_m160-0015.rds.manifest.rds",TRUE,TRUE
"study07-results/S07-R1/checkpoints/s07_null_g1_m160-0016.rds","730ee3d7eacf0461506eb906479b75c7","checkpoints/s07_null_g1_m160-0016.rds",TRUE,TRUE
"study07-results/S07-R1/checkpoints/s07_null_g1_m160-0016.rds.manifest.rds","b59c4a4168398b72ccf6dbe4b5ce947c","checkpoints/s07_null_g1_m160-0016.rds.manifest.rds",TRUE,TRUE
"study07-results/S07-R1/checkpoints/s07_null_g1_m160-0017.rds","f8dce2f12ae8ff38886519f95dba1ee5","checkpoints/s07_null_g1_m160-0017.rds",TRUE,TRUE
"study07-results/S07-R1/checkpoints/s07_null_g1_m160-0017.rds.manifest.rds","ac1708b2d5a1bd889c882b5a0cd409f9","checkpoints/s07_null_g1_m160-0017.rds.manifest.rds",TRUE,TRUE
"study07-results/S07-R1/checkpoints/s07_null_g1_m160-0018.rds","ff9fc703c3614946529e40cbf8a632a8","checkpoints/s07_null_g1_m160-0018.rds",TRUE,TRUE
"study07-results/S07-R1/checkpoints/s07_null_g1_m160-0018.rds.manifest.rds","1a79a364c70805b1a7e9b056e67beff6","checkpoints/s07_null_g1_m160-0018.rds.manifest.rds",TRUE,TRUE
"study07-results/S07-R1/checkpoints/s07_null_g1_m160-0019.rds","ad7c25457ecc0f753af14e1c8256acc6","checkpoints/s07_null_g1_m160-0019.rds",TRUE,TRUE
"study07-results/S07-R1/checkpoints/s07_null_g1_m160-0019.rds.manifest.rds","9309be0230f8eb52a19434b7c7393428","checkpoints/s07_null_g1_m160-0019.rds.manifest.rds",TRUE,TRUE
"study07-results/S07-R1/checkpoints/s07_null_g1_m160-0020.rds","c5444e962e7b2687a3a57f6f619089d1","checkpoints/s07_null_g1_m160-0020.rds",TRUE,TRUE
"study07-results/S07-R1/checkpoints/s07_null_g1_m160-0020.rds.manifest.rds","065777392f9c2ea6065198b12adf9897","checkpoints/s07_null_g1_m160-0020.rds.manifest.rds",TRUE,TRUE
"study07-results/S07-R1/checkpoints/s07_null_g1_m160-0021.rds","7f86e7f5ccedf311c5fdb7ae376806f4","checkpoints/s07_null_g1_m160-0021.rds",TRUE,TRUE
"study07-results/S07-R1/checkpoints/s07_null_g1_m160-0021.rds.manifest.rds","a25e67a6f1dcedccbe7141c76ca2208f","checkpoints/s07_null_g1_m160-0021.rds.manifest.rds",TRUE,TRUE
"study07-results/S07-R1/checkpoints/s07_null_g1_m160-0022.rds","4ce1c14c091dfeb84eec3c60c9928dba","checkpoints/s07_null_g1_m160-0022.rds",TRUE,TRUE
"study07-results/S07-R1/checkpoints/s07_null_g1_m160-0022.rds.manifest.rds","5888beb0c0b53111b54f3252de4196df","checkpoints/s07_null_g1_m160-0022.rds.manifest.rds",TRUE,TRUE
"study07-results/S07-R1/checkpoints/s07_null_g1_m160-0023.rds","8a7a12b909f4ab5388abb55093783e2f","checkpoints/s07_null_g1_m160-0023.rds",TRUE,TRUE
"study07-results/S07-R1/checkpoints/s07_null_g1_m160-0023.rds.manifest.rds","2906d1872bf545d2f3e2e0c63ec4c8dd","checkpoints/s07_null_g1_m160-0023.rds.manifest.rds",TRUE,TRUE
"study07-results/S07-R1/checkpoints/s07_null_g1_m160-0024.rds","b4c13eecadf5cf68164f1ea064785526","checkpoints/s07_null_g1_m160-0024.rds",TRUE,TRUE
"study07-results/S07-R1/checkpoints/s07_null_g1_m160-0024.rds.manifest.rds","c2e98a93e42350013476093709c249f5","checkpoints/s07_null_g1_m160-0024.rds.manifest.rds",TRUE,TRUE
"study07-results/S07-R1/checkpoints/s07_null_g1_m160-0025.rds","f79754eae03b407728a78a30ce0f8fa5","checkpoints/s07_null_g1_m160-0025.rds",TRUE,TRUE
"study07-results/S07-R1/checkpoints/s07_null_g1_m160-0025.rds.manifest.rds","e85820c6fe8dc9e6c9b05822094d2526","checkpoints/s07_null_g1_m160-0025.rds.manifest.rds",TRUE,TRUE
"study07-results/S07-R1/checkpoints/s07_null_g1_m160-0026.rds","63d7c1464e009f9430700c1e0e4ce710","checkpoints/s07_null_g1_m160-0026.rds",TRUE,TRUE
"study07-results/S07-R1/checkpoints/s07_null_g1_m160-0026.rds.manifest.rds","48921d6dc31aba8c53d89f36e4f881dd","checkpoints/s07_null_g1_m160-0026.rds.manifest.rds",TRUE,TRUE
"study07-results/S07-R1/checkpoints/s07_null_g1_m160-0027.rds","d1454edc5357d0e42da1a1ffe4382cb0","checkpoints/s07_null_g1_m160-0027.rds",TRUE,TRUE
"study07-results/S07-R1/checkpoints/s07_null_g1_m160-0027.rds.manifest.rds","a1cd1bef67c521add59cf168117cb44a","checkpoints/s07_null_g1_m160-0027.rds.manifest.rds",TRUE,TRUE
"study07-results/S07-R1/checkpoints/s07_null_g1_m160-0028.rds","f290886b3b8e9d20ec2fdfac25766d48","checkpoints/s07_null_g1_m160-0028.rds",TRUE,TRUE
"study07-results/S07-R1/checkpoints/s07_null_g1_m160-0028.rds.manifest.rds","cae0d96841a79c1c40db424f354be03b","checkpoints/s07_null_g1_m160-0028.rds.manifest.rds",TRUE,TRUE
"study07-results/S07-R1/checkpoints/s07_null_g1_m160-0029.rds","a18db50e147caa0165e38f5586066019","checkpoints/s07_null_g1_m160-0029.rds",TRUE,TRUE
"study07-results/S07-R1/checkpoints/s07_null_g1_m160-0029.rds.manifest.rds","164e11b95d158e1bc12acdaa3581f279","checkpoints/s07_null_g1_m160-0029.rds.manifest.rds",TRUE,TRUE
"study07-results/S07-R1/checkpoints/s07_null_g1_m160-0030.rds","e864ca9de7b032f8f893824565406064","checkpoints/s07_null_g1_m160-0030.rds",TRUE,TRUE
"study07-results/S07-R1/checkpoints/s07_null_g1_m160-0030.rds.manifest.rds","daaa10dc4d23c6f70f3fe57410a3a36d","checkpoints/s07_null_g1_m160-0030.rds.manifest.rds",TRUE,TRUE
"study07-results/S07-R1/checkpoints/s07_null_g1_m160-0031.rds","5a33c83bd8463ec38e821f7a4778fd81","checkpoints/s07_null_g1_m160-0031.rds",TRUE,TRUE
"study07-results/S07-R1/checkpoints/s07_null_g1_m160-0031.rds.manifest.rds","4de7430bd811d61febe4a342786e15da","checkpoints/s07_null_g1_m160-0031.rds.manifest.rds",TRUE,TRUE
"study07-results/S07-R1/checkpoints/s07_null_g1_m160-0032.rds","69c1a273de3716537865805930409c67","checkpoints/s07_null_g1_m160-0032.rds",TRUE,TRUE
"study07-results/S07-R1/checkpoints/s07_null_g1_m160-0032.rds.manifest.rds","763e9a159ca7bfc7fec95d21ccf2b1c3","checkpoints/s07_null_g1_m160-0032.rds.manifest.rds",TRUE,TRUE
"study07-results/S07-R1/checkpoints/s07_null_g1_m160-0033.rds","5044c20ce71b8ea362399e0200fd486c","checkpoints/s07_null_g1_m160-0033.rds",TRUE,TRUE
"study07-results/S07-R1/checkpoints/s07_null_g1_m160-0033.rds.manifest.rds","38330deec25de3afaf825ce9a22a87d9","checkpoints/s07_null_g1_m160-0033.rds.manifest.rds",TRUE,TRUE
"study07-results/S07-R1/checkpoints/s07_null_g1_m160-0034.rds","dc2cab3e85ee4aa268171367aca4c983","checkpoints/s07_null_g1_m160-0034.rds",TRUE,TRUE
"study07-results/S07-R1/checkpoints/s07_null_g1_m160-0034.rds.manifest.rds","531746f3e23d81a4264c848f1518e0fc","checkpoints/s07_null_g1_m160-0034.rds.manifest.rds",TRUE,TRUE
"study07-results/S07-R1/checkpoints/s07_null_g1_m160-0035.rds","b95fa7674e435688e511a464d05c9466","checkpoints/s07_null_g1_m160-0035.rds",TRUE,TRUE
"study07-results/S07-R1/checkpoints/s07_null_g1_m160-0035.rds.manifest.rds","547cf64de18fa8988a7ca4c3daa68114","checkpoints/s07_null_g1_m160-0035.rds.manifest.rds",TRUE,TRUE
"study07-results/S07-R1/checkpoints/s07_null_g1_m160-0036.rds","f1c420daa0512c124679798b4836f532","checkpoints/s07_null_g1_m160-0036.rds",TRUE,TRUE
"study07-results/S07-R1/checkpoints/s07_null_g1_m160-0036.rds.manifest.rds","12ea0f0e60731a3ea4ef9e7609b10220","checkpoints/s07_null_g1_m160-0036.rds.manifest.rds",TRUE,TRUE
"study07-results/S07-R1/checkpoints/s07_null_g1_m160-0037.rds","4523f07a06cb1bdb7e29691e1d4bcf22","checkpoints/s07_null_g1_m160-0037.rds",TRUE,TRUE
"study07-results/S07-R1/checkpoints/s07_null_g1_m160-0037.rds.manifest.rds","0abf352149e1910a095a80c900b289a1","checkpoints/s07_null_g1_m160-0037.rds.manifest.rds",TRUE,TRUE
"study07-results/S07-R1/checkpoints/s07_null_g1_m160-0038.rds","c4b62a04f9ffe8efcb7497a49bf544de","checkpoints/s07_null_g1_m160-0038.rds",TRUE,TRUE
"study07-results/S07-R1/checkpoints/s07_null_g1_m160-0038.rds.manifest.rds","7f8dce30cf37bce3eb41dfc9390e5d80","checkpoints/s07_null_g1_m160-0038.rds.manifest.rds",TRUE,TRUE
"study07-results/S07-R1/checkpoints/s07_null_g1_m160-0039.rds","e5144f3ec845a6a6867674a3e3469ad5","checkpoints/s07_null_g1_m160-0039.rds",TRUE,TRUE
"study07-results/S07-R1/checkpoints/s07_null_g1_m160-0039.rds.manifest.rds","f6a099dba34e043b978570d62e1f805f","checkpoints/s07_null_g1_m160-0039.rds.manifest.rds",TRUE,TRUE
"study07-results/S07-R1/checkpoints/s07_null_g1_m160-0040.rds","651abc4323f9140a358fca67ebf2fdad","checkpoints/s07_null_g1_m160-0040.rds",TRUE,TRUE
"study07-results/S07-R1/checkpoints/s07_null_g1_m160-0040.rds.manifest.rds","a239c25ae075b81dda79f94b5a825450","checkpoints/s07_null_g1_m160-0040.rds.manifest.rds",TRUE,TRUE
"study07-results/S07-R1/checkpoints/s07_null_g1_m160-0041.rds","f7631d2ce7cd22730098d5196bff46d7","checkpoints/s07_null_g1_m160-0041.rds",TRUE,TRUE
"study07-results/S07-R1/checkpoints/s07_null_g1_m160-0041.rds.manifest.rds","897023e1a6f033e539e76577073d4f00","checkpoints/s07_null_g1_m160-0041.rds.manifest.rds",TRUE,TRUE
"study07-results/S07-R1/checkpoints/s07_null_g1_m160-0042.rds","d69662c7f4dfdcd52d103424d288963d","checkpoints/s07_null_g1_m160-0042.rds",TRUE,TRUE
"study07-results/S07-R1/checkpoints/s07_null_g1_m160-0042.rds.manifest.rds","1db809bd36411ce2846a26abbdf78a28","checkpoints/s07_null_g1_m160-0042.rds.manifest.rds",TRUE,TRUE
"study07-results/S07-R1/checkpoints/s07_null_g1_m160-0043.rds","b39fd82230b2c800c88aaa437750db55","checkpoints/s07_null_g1_m160-0043.rds",TRUE,TRUE
"study07-results/S07-R1/checkpoints/s07_null_g1_m160-0043.rds.manifest.rds","c46b10f28cdcb39579822f624ee5a633","checkpoints/s07_null_g1_m160-0043.rds.manifest.rds",TRUE,TRUE
"study07-results/S07-R1/checkpoints/s07_null_g1_m160-0044.rds","83c07e9e4d9047a2b6cd82cd9c5e323f","checkpoints/s07_null_g1_m160-0044.rds",TRUE,TRUE
"study07-results/S07-R1/checkpoints/s07_null_g1_m160-0044.rds.manifest.rds","08a5348d9ad9a3278ceac8a2f6d72a51","checkpoints/s07_null_g1_m160-0044.rds.manifest.rds",TRUE,TRUE
"study07-results/S07-R1/checkpoints/s07_null_g1_m160-0045.rds","879a5856bba4540b8afd8e2a807df5b1","checkpoints/s07_null_g1_m160-0045.rds",TRUE,TRUE
"study07-results/S07-R1/checkpoints/s07_null_g1_m160-0045.rds.manifest.rds","04be5a3b11b5f48515b7987125566f6d","checkpoints/s07_null_g1_m160-0045.rds.manifest.rds",TRUE,TRUE
"study07-results/S07-R1/checkpoints/s07_null_g1_m160-0046.rds","12311bbe3b003e26d95e23eeb0a3849a","checkpoints/s07_null_g1_m160-0046.rds",TRUE,TRUE
"study07-results/S07-R1/checkpoints/s07_null_g1_m160-0046.rds.manifest.rds","b73a4cef33fe0a67671e7492e5b71a58","checkpoints/s07_null_g1_m160-0046.rds.manifest.rds",TRUE,TRUE
"study07-results/S07-R1/checkpoints/s07_null_g1_m160-0047.rds","dad715a7f422dba75137d77ec2397a26","checkpoints/s07_null_g1_m160-0047.rds",TRUE,TRUE
"study07-results/S07-R1/checkpoints/s07_null_g1_m160-0047.rds.manifest.rds","724b145d258ea52f0ffaa4e04e22c5c4","checkpoints/s07_null_g1_m160-0047.rds.manifest.rds",TRUE,TRUE
"study07-results/S07-R1/checkpoints/s07_null_g1_m160-0048.rds","443420f35a8de6a568e2465d377c9ba8","checkpoints/s07_null_g1_m160-0048.rds",TRUE,TRUE
"study07-results/S07-R1/checkpoints/s07_null_g1_m160-0048.rds.manifest.rds","bb5c547a201c2628c807bcf64441a121","checkpoints/s07_null_g1_m160-0048.rds.manifest.rds",TRUE,TRUE
"study07-results/S07-R1/checkpoints/s07_null_g1_m160-0049.rds","83a9340c7166ecff89795283b2ccc1c9","checkpoints/s07_null_g1_m160-0049.rds",TRUE,TRUE
"study07-results/S07-R1/checkpoints/s07_null_g1_m160-0049.rds.manifest.rds","7b1a96612220e5ee7fecf6377c957863","checkpoints/s07_null_g1_m160-0049.rds.manifest.rds",TRUE,TRUE
"study07-results/S07-R1/checkpoints/s07_null_g1_m160-0050.rds","b012499d74efeafc8948a4bbb4b2da0a","checkpoints/s07_null_g1_m160-0050.rds",TRUE,TRUE
"study07-results/S07-R1/checkpoints/s07_null_g1_m160-0050.rds.manifest.rds","7b7b888fa3d164da90becbb03ebab74f","checkpoints/s07_null_g1_m160-0050.rds.manifest.rds",TRUE,TRUE
"study07-results/S07-R1/checkpoints/s07_null_g1_m160-0051.rds","cdf9e92d5ca6d07ec8e24e3d8de0b513","checkpoints/s07_null_g1_m160-0051.rds",TRUE,TRUE
"study07-results/S07-R1/checkpoints/s07_null_g1_m160-0051.rds.manifest.rds","01f525ad6be55a09df2a46a11a84f508","checkpoints/s07_null_g1_m160-0051.rds.manifest.rds",TRUE,TRUE
"study07-results/S07-R1/checkpoints/s07_null_g1_m160-0052.rds","e137910923915ef073c337a45fbc06db","checkpoints/s07_null_g1_m160-0052.rds",TRUE,TRUE
"study07-results/S07-R1/checkpoints/s07_null_g1_m160-0052.rds.manifest.rds","24e1312c5f1571579b48eaa8345c6d9a","checkpoints/s07_null_g1_m160-0052.rds.manifest.rds",TRUE,TRUE
"study07-results/S07-R1/checkpoints/s07_null_g1_m160-0053.rds","46f7f38849c57e751f2662e47246b09c","checkpoints/s07_null_g1_m160-0053.rds",TRUE,TRUE
"study07-results/S07-R1/checkpoints/s07_null_g1_m160-0053.rds.manifest.rds","4fcf12268f54a21e6383c8e1f52e8d16","checkpoints/s07_null_g1_m160-0053.rds.manifest.rds",TRUE,TRUE
"study07-results/S07-R1/checkpoints/s07_null_g1_m160-0054.rds","2a4bc3ca99564d81ed4658aac97c7237","checkpoints/s07_null_g1_m160-0054.rds",TRUE,TRUE
"study07-results/S07-R1/checkpoints/s07_null_g1_m160-0054.rds.manifest.rds","a967e56ab79e4d6b3ac9dfbdf9128b8b","checkpoints/s07_null_g1_m160-0054.rds.manifest.rds",TRUE,TRUE
"study07-results/S07-R1/checkpoints/s07_null_g1_m160-0055.rds","c04e304254d8ec4307dade804ee159d2","checkpoints/s07_null_g1_m160-0055.rds",TRUE,TRUE
"study07-results/S07-R1/checkpoints/s07_null_g1_m160-0055.rds.manifest.rds","2b7b78f039a181a1f4e1506d72a465e8","checkpoints/s07_null_g1_m160-0055.rds.manifest.rds",TRUE,TRUE
"study07-results/S07-R1/checkpoints/s07_null_g1_m160-0056.rds","39ce99498a72f85376b5980a1ce16816","checkpoints/s07_null_g1_m160-0056.rds",TRUE,TRUE
"study07-results/S07-R1/checkpoints/s07_null_g1_m160-0056.rds.manifest.rds","199b5455b53aee6b196832bca05595e3","checkpoints/s07_null_g1_m160-0056.rds.manifest.rds",TRUE,TRUE
"study07-results/S07-R1/checkpoints/s07_null_g1_m160-0057.rds","73fd3960af1e7d254f1a82aacc285709","checkpoints/s07_null_g1_m160-0057.rds",TRUE,TRUE
"study07-results/S07-R1/checkpoints/s07_null_g1_m160-0057.rds.manifest.rds","7ebc3644d3d6540e9f1248be55ebc9dc","checkpoints/s07_null_g1_m160-0057.rds.manifest.rds",TRUE,TRUE
"study07-results/S07-R1/checkpoints/s07_null_g1_m160-0058.rds","38e4b610935184af4e99d94d4a2c72d5","checkpoints/s07_null_g1_m160-0058.rds",TRUE,TRUE
"study07-results/S07-R1/checkpoints/s07_null_g1_m160-0058.rds.manifest.rds","bee215b7a0ec0390e97ee8a12ffd864c","checkpoints/s07_null_g1_m160-0058.rds.manifest.rds",TRUE,TRUE
"study07-results/S07-R1/checkpoints/s07_null_g1_m160-0059.rds","0d78759b82b00fbdebf26cdc371fe42c","checkpoints/s07_null_g1_m160-0059.rds",TRUE,TRUE
"study07-results/S07-R1/checkpoints/s07_null_g1_m160-0059.rds.manifest.rds","18e53e491317cfc1bbd94533a4894f1c","checkpoints/s07_null_g1_m160-0059.rds.manifest.rds",TRUE,TRUE
"study07-results/S07-R1/checkpoints/s07_null_g1_m160-0060.rds","3e66ce02a93593fa299c90c39edfafb4","checkpoints/s07_null_g1_m160-0060.rds",TRUE,TRUE
"study07-results/S07-R1/checkpoints/s07_null_g1_m160-0060.rds.manifest.rds","dfe006d5d860b9c9671762c36508cec5","checkpoints/s07_null_g1_m160-0060.rds.manifest.rds",TRUE,TRUE
"study07-results/S07-R1/checkpoints/s07_null_g1_m160-0061.rds","e5a4187899773ecb1251825263fb6470","checkpoints/s07_null_g1_m160-0061.rds",TRUE,TRUE
"study07-results/S07-R1/checkpoints/s07_null_g1_m160-0061.rds.manifest.rds","b9085426726593a66acdcfc2f2d8f601","checkpoints/s07_null_g1_m160-0061.rds.manifest.rds",TRUE,TRUE
"study07-results/S07-R1/checkpoints/s07_null_g1_m160-0062.rds","a6b09a051360905582b299e0a6799726","checkpoints/s07_null_g1_m160-0062.rds",TRUE,TRUE
"study07-results/S07-R1/checkpoints/s07_null_g1_m160-0062.rds.manifest.rds","ff3150324a29e71fbf099040e1a9e9f9","checkpoints/s07_null_g1_m160-0062.rds.manifest.rds",TRUE,TRUE
"study07-results/S07-R1/checkpoints/s07_null_g1_m160-0063.rds","cca136f4a2a9de7d7e176ecbb5b0d237","checkpoints/s07_null_g1_m160-0063.rds",TRUE,TRUE
"study07-results/S07-R1/checkpoints/s07_null_g1_m160-0063.rds.manifest.rds","2c8be5db40effa5a1878361cae33554e","checkpoints/s07_null_g1_m160-0063.rds.manifest.rds",TRUE,TRUE
"study07-results/S07-R1/checkpoints/s07_null_g1_m160-0064.rds","259bef693cdf990bbce612195f0090c0","checkpoints/s07_null_g1_m160-0064.rds",TRUE,TRUE
"study07-results/S07-R1/checkpoints/s07_null_g1_m160-0064.rds.manifest.rds","269a3f8a565e4a18e6a5cbc2830f7d24","checkpoints/s07_null_g1_m160-0064.rds.manifest.rds",TRUE,TRUE
"study07-results/S07-R1/checkpoints/s07_null_g1_m160-0065.rds","ed61f7460afca449191c1d28f5a8182a","checkpoints/s07_null_g1_m160-0065.rds",TRUE,TRUE
"study07-results/S07-R1/checkpoints/s07_null_g1_m160-0065.rds.manifest.rds","a867217d07ddbbbc7fa26dbd130e6909","checkpoints/s07_null_g1_m160-0065.rds.manifest.rds",TRUE,TRUE
"study07-results/S07-R1/checkpoints/s07_null_g1_m160-0066.rds","5dded8f05dff94524db11429dc7da839","checkpoints/s07_null_g1_m160-0066.rds",TRUE,TRUE
"study07-results/S07-R1/checkpoints/s07_null_g1_m160-0066.rds.manifest.rds","50ae2c6869dcef7878f81089987a2d53","checkpoints/s07_null_g1_m160-0066.rds.manifest.rds",TRUE,TRUE
"study07-results/S07-R1/checkpoints/s07_null_g1_m160-0067.rds","8657babbe0a1862af923ea34c0d17ee9","checkpoints/s07_null_g1_m160-0067.rds",TRUE,TRUE
"study07-results/S07-R1/checkpoints/s07_null_g1_m160-0067.rds.manifest.rds","1083fa627ebed138085ac3b0022e3667","checkpoints/s07_null_g1_m160-0067.rds.manifest.rds",TRUE,TRUE
"study07-results/S07-R1/checkpoints/s07_null_g1_m160-0068.rds","6bb587901008e0655bdbb50723e0a5af","checkpoints/s07_null_g1_m160-0068.rds",TRUE,TRUE
"study07-results/S07-R1/checkpoints/s07_null_g1_m160-0068.rds.manifest.rds","4562c75b0625ae50abd016fff0f2d388","checkpoints/s07_null_g1_m160-0068.rds.manifest.rds",TRUE,TRUE
"study07-results/S07-R1/checkpoints/s07_null_g1_m160-0069.rds","77b16436cc1cb70f470ef71e2f43fdda","checkpoints/s07_null_g1_m160-0069.rds",TRUE,TRUE
"study07-results/S07-R1/checkpoints/s07_null_g1_m160-0069.rds.manifest.rds","272737082ce62ed11535f318a8727c1c","checkpoints/s07_null_g1_m160-0069.rds.manifest.rds",TRUE,TRUE
"study07-results/S07-R1/checkpoints/s07_null_g1_m160-0070.rds","7e333bbab3ad9648411c1c4931643b59","checkpoints/s07_null_g1_m160-0070.rds",TRUE,TRUE
"study07-results/S07-R1/checkpoints/s07_null_g1_m160-0070.rds.manifest.rds","55c5106b6a48671cd4ed1bdb18b913e3","checkpoints/s07_null_g1_m160-0070.rds.manifest.rds",TRUE,TRUE
"study07-results/S07-R1/checkpoints/s07_null_g1_m160-0071.rds","d3fec99e54ccf5ab63c51aaefb88c7f0","checkpoints/s07_null_g1_m160-0071.rds",TRUE,TRUE
"study07-results/S07-R1/checkpoints/s07_null_g1_m160-0071.rds.manifest.rds","b88e9bdf65f9d7f097326e925d999069","checkpoints/s07_null_g1_m160-0071.rds.manifest.rds",TRUE,TRUE
"study07-results/S07-R1/checkpoints/s07_null_g1_m160-0072.rds","97436ebdfe3c585287dceeedc62e19f8","checkpoints/s07_null_g1_m160-0072.rds",TRUE,TRUE
"study07-results/S07-R1/checkpoints/s07_null_g1_m160-0072.rds.manifest.rds","939c5af56f103377d74f2641d3e483eb","checkpoints/s07_null_g1_m160-0072.rds.manifest.rds",TRUE,TRUE
"study07-results/S07-R1/checkpoints/s07_null_g1_m160-0073.rds","d181fdfadd718d884e3f944465b8af41","checkpoints/s07_null_g1_m160-0073.rds",TRUE,TRUE
"study07-results/S07-R1/checkpoints/s07_null_g1_m160-0073.rds.manifest.rds","6f7b72feed6ea03d79c2c944d6153c40","checkpoints/s07_null_g1_m160-0073.rds.manifest.rds",TRUE,TRUE
"study07-results/S07-R1/checkpoints/s07_null_g1_m160-0074.rds","f313a104321974678a4c1756113b0d31","checkpoints/s07_null_g1_m160-0074.rds",TRUE,TRUE
"study07-results/S07-R1/checkpoints/s07_null_g1_m160-0074.rds.manifest.rds","aa4af6a30caaaca470c5aa491747e920","checkpoints/s07_null_g1_m160-0074.rds.manifest.rds",TRUE,TRUE
"study07-results/S07-R1/checkpoints/s07_null_g1_m160-0075.rds","adcee37bdcb8d50ee684d2acbdd5b67d","checkpoints/s07_null_g1_m160-0075.rds",TRUE,TRUE
"study07-results/S07-R1/checkpoints/s07_null_g1_m160-0075.rds.manifest.rds","5bd3b10bb248ee46467c453609d6d4bf","checkpoints/s07_null_g1_m160-0075.rds.manifest.rds",TRUE,TRUE
"study07-results/S07-R1/checkpoints/s07_null_g1_m160-0076.rds","a9e82b5ba8148c64bbe4d3a5bea5ad9d","checkpoints/s07_null_g1_m160-0076.rds",TRUE,TRUE
"study07-results/S07-R1/checkpoints/s07_null_g1_m160-0076.rds.manifest.rds","bbc78ddd1e7927668ab2485de2224d82","checkpoints/s07_null_g1_m160-0076.rds.manifest.rds",TRUE,TRUE
"study07-results/S07-R1/checkpoints/s07_null_g1_m160-0077.rds","7cdea10245845237ba2e4922cfa821c8","checkpoints/s07_null_g1_m160-0077.rds",TRUE,TRUE
"study07-results/S07-R1/checkpoints/s07_null_g1_m160-0077.rds.manifest.rds","83072511849e7cdc2194eed96cadc21c","checkpoints/s07_null_g1_m160-0077.rds.manifest.rds",TRUE,TRUE
"study07-results/S07-R1/checkpoints/s07_null_g1_m160-0078.rds","460f07fffca3e8c8dc6a5453618f0cff","checkpoints/s07_null_g1_m160-0078.rds",TRUE,TRUE
"study07-results/S07-R1/checkpoints/s07_null_g1_m160-0078.rds.manifest.rds","29c3331eb14b0e5b42354018a27c8bf7","checkpoints/s07_null_g1_m160-0078.rds.manifest.rds",TRUE,TRUE
"study07-results/S07-R1/checkpoints/s07_null_g1_m160-0079.rds","597a951dbaecf3b736610cce8819d445","checkpoints/s07_null_g1_m160-0079.rds",TRUE,TRUE
"study07-results/S07-R1/checkpoints/s07_null_g1_m160-0079.rds.manifest.rds","020b40379dee3a6cd6ba458e7a2e89b0","checkpoints/s07_null_g1_m160-0079.rds.manifest.rds",TRUE,TRUE
"study07-results/S07-R1/checkpoints/s07_null_g1_m160-0080.rds","427c95ad0870dd7d1258e0360b7419b4","checkpoints/s07_null_g1_m160-0080.rds",TRUE,TRUE
"study07-results/S07-R1/checkpoints/s07_null_g1_m160-0080.rds.manifest.rds","f57e4dc7e036862592f224515129d79d","checkpoints/s07_null_g1_m160-0080.rds.manifest.rds",TRUE,TRUE
"study07-results/S07-R1/checkpoints/s07_null_g1_m40-0060.rds","66d925b7318001c55c77c0ba1f8ca2d8","checkpoints/s07_null_g1_m40-0060.rds",TRUE,TRUE
"study07-results/S07-R1/checkpoints/s07_null_g1_m40-0060.rds.manifest.rds","d92ecd25e2bbf35e7058564307a2b5cd","checkpoints/s07_null_g1_m40-0060.rds.manifest.rds",TRUE,TRUE
"study07-results/S07-R1/checkpoints/s07_null_g1_m40-0061.rds","bd11687e384d6457500d6536b2301427","checkpoints/s07_null_g1_m40-0061.rds",TRUE,TRUE
"study07-results/S07-R1/checkpoints/s07_null_g1_m40-0061.rds.manifest.rds","1f3a15e869e20be35ca38cc919317405","checkpoints/s07_null_g1_m40-0061.rds.manifest.rds",TRUE,TRUE
"study07-results/S07-R1/checkpoints/s07_null_g1_m40-0062.rds","c8630643241724d91b9cf254d85c3b92","checkpoints/s07_null_g1_m40-0062.rds",TRUE,TRUE
"study07-results/S07-R1/checkpoints/s07_null_g1_m40-0062.rds.manifest.rds","f969386452479c0050d0d70a38d71dbe","checkpoints/s07_null_g1_m40-0062.rds.manifest.rds",TRUE,TRUE
"study07-results/S07-R1/checkpoints/s07_null_g1_m40-0063.rds","d1b529ecc8157f1c96559f181b978d4f","checkpoints/s07_null_g1_m40-0063.rds",TRUE,TRUE
"study07-results/S07-R1/checkpoints/s07_null_g1_m40-0063.rds.manifest.rds","2173db6894a9ebf6836dd6005952beda","checkpoints/s07_null_g1_m40-0063.rds.manifest.rds",TRUE,TRUE
"study07-results/S07-R1/checkpoints/s07_null_g1_m40-0064.rds","87a3e08f68a25234f89f821f22a360d0","checkpoints/s07_null_g1_m40-0064.rds",TRUE,TRUE
"study07-results/S07-R1/checkpoints/s07_null_g1_m40-0064.rds.manifest.rds","d0780205e7ef915d68fe9a3e882dd15a","checkpoints/s07_null_g1_m40-0064.rds.manifest.rds",TRUE,TRUE
"study07-results/S07-R1/checkpoints/s07_null_g1_m40-0065.rds","49967e10038465ae1922bc94f6307b11","checkpoints/s07_null_g1_m40-0065.rds",TRUE,TRUE
"study07-results/S07-R1/checkpoints/s07_null_g1_m40-0065.rds.manifest.rds","2a1dcb3b1d70c3dc156c07b02db4c77c","checkpoints/s07_null_g1_m40-0065.rds.manifest.rds",TRUE,TRUE
"study07-results/S07-R1/checkpoints/s07_null_g1_m40-0066.rds","87a287cac8a0e4beec99eaa400486621","checkpoints/s07_null_g1_m40-0066.rds",TRUE,TRUE
"study07-results/S07-R1/checkpoints/s07_null_g1_m40-0066.rds.manifest.rds","77a60ce1e463a9dfd8c53f8ed41332f4","checkpoints/s07_null_g1_m40-0066.rds.manifest.rds",TRUE,TRUE
"study07-results/S07-R1/checkpoints/s07_null_g1_m40-0067.rds","f6d23fd9a25b9ccedea7592b62db34d4","checkpoints/s07_null_g1_m40-0067.rds",TRUE,TRUE
"study07-results/S07-R1/checkpoints/s07_null_g1_m40-0067.rds.manifest.rds","3e016723579595172c7094a1ac56b7c2","checkpoints/s07_null_g1_m40-0067.rds.manifest.rds",TRUE,TRUE
"study07-results/S07-R1/checkpoints/s07_null_g1_m40-0068.rds","67bd175634211ff5858936bc0075b0e1","checkpoints/s07_null_g1_m40-0068.rds",TRUE,TRUE
"study07-results/S07-R1/checkpoints/s07_null_g1_m40-0068.rds.manifest.rds","9663ff3065c81495d439c2a92a8496d0","checkpoints/s07_null_g1_m40-0068.rds.manifest.rds",TRUE,TRUE
"study07-results/S07-R1/checkpoints/s07_null_g1_m40-0069.rds","95376945857c70fb60a38c7505b4feb6","checkpoints/s07_null_g1_m40-0069.rds",TRUE,TRUE
"study07-results/S07-R1/checkpoints/s07_null_g1_m40-0069.rds.manifest.rds","41bd1bc3c8e4b0ef37f8168b0207d683","checkpoints/s07_null_g1_m40-0069.rds.manifest.rds",TRUE,TRUE
"study07-results/S07-R1/checkpoints/s07_null_g1_m40-0070.rds","e12177642087875dfe2062a58f9fa668","checkpoints/s07_null_g1_m40-0070.rds",TRUE,TRUE
"study07-results/S07-R1/checkpoints/s07_null_g1_m40-0070.rds.manifest.rds","69269c364b85d7f4bd6c7999e9f4499a","checkpoints/s07_null_g1_m40-0070.rds.manifest.rds",TRUE,TRUE
"study07-results/S07-R1/checkpoints/s07_null_g1_m40-0071.rds","393a272c4b6cddae69413bfa1a716f5b","checkpoints/s07_null_g1_m40-0071.rds",TRUE,TRUE
"study07-results/S07-R1/checkpoints/s07_null_g1_m40-0071.rds.manifest.rds","fa7c639e0197d1a2faa2ef852e47ef90","checkpoints/s07_null_g1_m40-0071.rds.manifest.rds",TRUE,TRUE
"study07-results/S07-R1/checkpoints/s07_null_g1_m40-0072.rds","a9fe2344f7331493229f48714ad23a80","checkpoints/s07_null_g1_m40-0072.rds",TRUE,TRUE
"study07-results/S07-R1/checkpoints/s07_null_g1_m40-0072.rds.manifest.rds","0e917a259e30f12ae340b89c13a4f7b1","checkpoints/s07_null_g1_m40-0072.rds.manifest.rds",TRUE,TRUE
"study07-results/S07-R1/checkpoints/s07_null_g1_m40-0073.rds","42f6d355e1bfa65a5381dcff84ecb8a7","checkpoints/s07_null_g1_m40-0073.rds",TRUE,TRUE
"study07-results/S07-R1/checkpoints/s07_null_g1_m40-0073.rds.manifest.rds","c7a85bca1ca532410bfafc42fef0882f","checkpoints/s07_null_g1_m40-0073.rds.manifest.rds",TRUE,TRUE
"study07-results/S07-R1/checkpoints/s07_null_g1_m40-0074.rds","10038469feda16165d80d79b74cdff6f","checkpoints/s07_null_g1_m40-0074.rds",TRUE,TRUE
"study07-results/S07-R1/checkpoints/s07_null_g1_m40-0074.rds.manifest.rds","ee14f86665a5535740826e17c91e882d","checkpoints/s07_null_g1_m40-0074.rds.manifest.rds",TRUE,TRUE
"study07-results/S07-R1/checkpoints/s07_null_g1_m40-0075.rds","9b26830639cb0e06e2016ddb17e7e020","checkpoints/s07_null_g1_m40-0075.rds",TRUE,TRUE
"study07-results/S07-R1/checkpoints/s07_null_g1_m40-0075.rds.manifest.rds","f771cd0e1f30594a88ddaef380691403","checkpoints/s07_null_g1_m40-0075.rds.manifest.rds",TRUE,TRUE
"study07-results/S07-R1/checkpoints/s07_null_g1_m40-0076.rds","c2c822aef0aa0d30efa9cb8fc98cb341","checkpoints/s07_null_g1_m40-0076.rds",TRUE,TRUE
"study07-results/S07-R1/checkpoints/s07_null_g1_m40-0076.rds.manifest.rds","0e3c64f2be49329494af2a6c6cf12bed","checkpoints/s07_null_g1_m40-0076.rds.manifest.rds",TRUE,TRUE
"study07-results/S07-R1/checkpoints/s07_null_g1_m40-0077.rds","bb83f940c5946d7ccfd9ee899359fa5b","checkpoints/s07_null_g1_m40-0077.rds",TRUE,TRUE
"study07-results/S07-R1/checkpoints/s07_null_g1_m40-0077.rds.manifest.rds","ab7a80e7add5b7fb811428450452e56d","checkpoints/s07_null_g1_m40-0077.rds.manifest.rds",TRUE,TRUE
"study07-results/S07-R1/checkpoints/s07_null_g1_m40-0078.rds","1b8564b91daeb9dc1e956a41ef34ae9a","checkpoints/s07_null_g1_m40-0078.rds",TRUE,TRUE
"study07-results/S07-R1/checkpoints/s07_null_g1_m40-0078.rds.manifest.rds","2fa41bdb05b04c5c04e9ccab377eff69","checkpoints/s07_null_g1_m40-0078.rds.manifest.rds",TRUE,TRUE
"study07-results/S07-R1/checkpoints/s07_null_g1_m40-0079.rds","4c7121830f5eba2552837279fa560d30","checkpoints/s07_null_g1_m40-0079.rds",TRUE,TRUE
"study07-results/S07-R1/checkpoints/s07_null_g1_m40-0079.rds.manifest.rds","4f40670b54f31223cdb49a64f3959e76","checkpoints/s07_null_g1_m40-0079.rds.manifest.rds",TRUE,TRUE
"study07-results/S07-R1/checkpoints/s07_null_g1_m40-0080.rds","653882a7b37669a43d378a61f3292697","checkpoints/s07_null_g1_m40-0080.rds",TRUE,TRUE
"study07-results/S07-R1/checkpoints/s07_null_g1_m40-0080.rds.manifest.rds","747e760c0ca61a368d86d22a485e339b","checkpoints/s07_null_g1_m40-0080.rds.manifest.rds",TRUE,TRUE
"study07-results/S07-R1/checkpoints/s07_null_g1_m640-0001.rds","eec2b116edea2f3014c5c232cc40c1dd","checkpoints/s07_null_g1_m640-0001.rds",TRUE,TRUE
"study07-results/S07-R1/checkpoints/s07_null_g1_m640-0001.rds.manifest.rds","99a047a908401027a91e4e112c460c35","checkpoints/s07_null_g1_m640-0001.rds.manifest.rds",TRUE,TRUE
"study07-results/S07-R1/checkpoints/s07_null_g1_m640-0002.rds","a80e5a8e351b399ea69e3d0cc9970c8b","checkpoints/s07_null_g1_m640-0002.rds",TRUE,TRUE
"study07-results/S07-R1/checkpoints/s07_null_g1_m640-0002.rds.manifest.rds","a42694fc02207b97a3091d7e516a46a8","checkpoints/s07_null_g1_m640-0002.rds.manifest.rds",TRUE,TRUE
"study07-results/S07-R1/checkpoints/s07_null_g1_m640-0003.rds","0fca3904b0668d616fbd6a4845c38180","checkpoints/s07_null_g1_m640-0003.rds",TRUE,TRUE
"study07-results/S07-R1/checkpoints/s07_null_g1_m640-0003.rds.manifest.rds","8bb870a76394f286d39e4a26c94754d0","checkpoints/s07_null_g1_m640-0003.rds.manifest.rds",TRUE,TRUE
"study07-results/S07-R1/checkpoints/s07_null_g1_m640-0004.rds","988431192233f1ad3be0fe7557217f7d","checkpoints/s07_null_g1_m640-0004.rds",TRUE,TRUE
"study07-results/S07-R1/checkpoints/s07_null_g1_m640-0004.rds.manifest.rds","c6639bc293d87bac0f21422b6854e216","checkpoints/s07_null_g1_m640-0004.rds.manifest.rds",TRUE,TRUE
"study07-results/S07-R1/checkpoints/s07_null_g1_m640-0005.rds","a5ad71ec5ace8fb9d06957765a239381","checkpoints/s07_null_g1_m640-0005.rds",TRUE,TRUE
"study07-results/S07-R1/checkpoints/s07_null_g1_m640-0005.rds.manifest.rds","aa294a2fe697ace5fc835b68edae2599","checkpoints/s07_null_g1_m640-0005.rds.manifest.rds",TRUE,TRUE
"study07-results/S07-R1/checkpoints/s07_null_g1_m640-0006.rds","7575a0e63619821a4aeba2e0801169a2","checkpoints/s07_null_g1_m640-0006.rds",TRUE,TRUE
"study07-results/S07-R1/checkpoints/s07_null_g1_m640-0006.rds.manifest.rds","e8c23546655bd1d06432d4dc40cdab60","checkpoints/s07_null_g1_m640-0006.rds.manifest.rds",TRUE,TRUE
"study07-results/S07-R1/checkpoints/s07_null_g1_m640-0007.rds","cf5b39e4210d1b45cbc186e889402efe","checkpoints/s07_null_g1_m640-0007.rds",TRUE,TRUE
"study07-results/S07-R1/checkpoints/s07_null_g1_m640-0007.rds.manifest.rds","2a4aa4d189b3e9df2077f3172e62d41d","checkpoints/s07_null_g1_m640-0007.rds.manifest.rds",TRUE,TRUE
"study07-results/S07-R1/checkpoints/s07_null_g1_m640-0008.rds","c7c509e8f8ad722c9776711fd831a783","checkpoints/s07_null_g1_m640-0008.rds",TRUE,TRUE
"study07-results/S07-R1/checkpoints/s07_null_g1_m640-0008.rds.manifest.rds","6bcc5123261a61d8c4b93dbd2a212982","checkpoints/s07_null_g1_m640-0008.rds.manifest.rds",TRUE,TRUE
"study07-results/S07-R1/checkpoints/s07_null_g1_m640-0009.rds","8fd24cd8903779848b7b367af11743b2","checkpoints/s07_null_g1_m640-0009.rds",TRUE,TRUE
"study07-results/S07-R1/checkpoints/s07_null_g1_m640-0009.rds.manifest.rds","5cb3829edf721fd568fb78ba1c07a475","checkpoints/s07_null_g1_m640-0009.rds.manifest.rds",TRUE,TRUE
"study07-results/S07-R1/checkpoints/s07_null_g1_m640-0010.rds","39c505b753b0859b7b19d830c8c6c6af","checkpoints/s07_null_g1_m640-0010.rds",TRUE,TRUE
"study07-results/S07-R1/checkpoints/s07_null_g1_m640-0010.rds.manifest.rds","eee6e3ef0c8a2ce6cccde7c29643f55d","checkpoints/s07_null_g1_m640-0010.rds.manifest.rds",TRUE,TRUE
"study07-results/S07-R1/checkpoints/s07_null_g1_m640-0011.rds","27385c176be35ebd991318c0dd02b25b","checkpoints/s07_null_g1_m640-0011.rds",TRUE,TRUE
"study07-results/S07-R1/checkpoints/s07_null_g1_m640-0011.rds.manifest.rds","3fd050e784fc69436173def9ab0ec2bc","checkpoints/s07_null_g1_m640-0011.rds.manifest.rds",TRUE,TRUE
"study07-results/S07-R1/checkpoints/s07_null_g1_m640-0012.rds","04a7724f6deef0f95057b82d4eef9a8d","checkpoints/s07_null_g1_m640-0012.rds",TRUE,TRUE
"study07-results/S07-R1/checkpoints/s07_null_g1_m640-0012.rds.manifest.rds","2a61ca745210ac26fb8be7deab8f5632","checkpoints/s07_null_g1_m640-0012.rds.manifest.rds",TRUE,TRUE
"study07-results/S07-R1/checkpoints/s07_null_g1_m640-0013.rds","d6755bd9295bcc7f510e87033fc000c2","checkpoints/s07_null_g1_m640-0013.rds",TRUE,TRUE
"study07-results/S07-R1/checkpoints/s07_null_g1_m640-0013.rds.manifest.rds","73b8e8d1ef7417f976faaf7131d86452","checkpoints/s07_null_g1_m640-0013.rds.manifest.rds",TRUE,TRUE
"study07-results/S07-R1/checkpoints/s07_null_g1_m640-0014.rds","dbead4c4351630e311dec59c59a28ba2","checkpoints/s07_null_g1_m640-0014.rds",TRUE,TRUE
"study07-results/S07-R1/checkpoints/s07_null_g1_m640-0014.rds.manifest.rds","67e83f3701f0ebe3d6c3c4e60a69b396","checkpoints/s07_null_g1_m640-0014.rds.manifest.rds",TRUE,TRUE
"study07-results/S07-R1/checkpoints/s07_null_g1_m640-0015.rds","8530e1b8d946c00bdc993976f127b180","checkpoints/s07_null_g1_m640-0015.rds",TRUE,TRUE
"study07-results/S07-R1/checkpoints/s07_null_g1_m640-0015.rds.manifest.rds","0e1ed93b8829bde6b6cfb5f5c67d7a4c","checkpoints/s07_null_g1_m640-0015.rds.manifest.rds",TRUE,TRUE
"study07-results/S07-R1/checkpoints/s07_null_g1_m640-0016.rds","208ce8fbd8d563cecf6dbf9a4cee1c4f","checkpoints/s07_null_g1_m640-0016.rds",TRUE,TRUE
"study07-results/S07-R1/checkpoints/s07_null_g1_m640-0016.rds.manifest.rds","f6f1a53953b74bf7d57480400e3fed1d","checkpoints/s07_null_g1_m640-0016.rds.manifest.rds",TRUE,TRUE
"study07-results/S07-R1/checkpoints/s07_null_g1_m640-0017.rds","5a8da2b4259980145efac137135f79b7","checkpoints/s07_null_g1_m640-0017.rds",TRUE,TRUE
"study07-results/S07-R1/checkpoints/s07_null_g1_m640-0017.rds.manifest.rds","f23162df284e4d48894a18c460fb3362","checkpoints/s07_null_g1_m640-0017.rds.manifest.rds",TRUE,TRUE
"study07-results/S07-R1/checkpoints/s07_null_g1_m640-0018.rds","92f733880398cd806dafe63f17a82427","checkpoints/s07_null_g1_m640-0018.rds",TRUE,TRUE
"study07-results/S07-R1/checkpoints/s07_null_g1_m640-0018.rds.manifest.rds","e36eadde8f4bba0d360c6c7ecd50c955","checkpoints/s07_null_g1_m640-0018.rds.manifest.rds",TRUE,TRUE
"study07-results/S07-R1/checkpoints/s07_null_g1_m640-0019.rds","ddc1ab2542bc09c23fa112161bf8269f","checkpoints/s07_null_g1_m640-0019.rds",TRUE,TRUE
"study07-results/S07-R1/checkpoints/s07_null_g1_m640-0019.rds.manifest.rds","0d9aca197c35d22fd9cdb4f714517dec","checkpoints/s07_null_g1_m640-0019.rds.manifest.rds",TRUE,TRUE
"study07-results/S07-R1/checkpoints/s07_null_g1_m640-0020.rds","29d9ad5afe87285c8632fc142326c2ef","checkpoints/s07_null_g1_m640-0020.rds",TRUE,TRUE
"study07-results/S07-R1/checkpoints/s07_null_g1_m640-0020.rds.manifest.rds","b818219bafab61c99c9ab3e3815e07ad","checkpoints/s07_null_g1_m640-0020.rds.manifest.rds",TRUE,TRUE
"study07-results/S07-R1/checkpoints/s07_null_g1_m640-0021.rds","e0d2b893cdea2a21c46217454040b181","checkpoints/s07_null_g1_m640-0021.rds",TRUE,TRUE
"study07-results/S07-R1/checkpoints/s07_null_g1_m640-0021.rds.manifest.rds","29e97f76e45d499fb64c20dc7ff18581","checkpoints/s07_null_g1_m640-0021.rds.manifest.rds",TRUE,TRUE
"study07-results/S07-R1/checkpoints/s07_null_g1_m640-0022.rds","a41f955c34885ce0a5ba0432e4a43d73","checkpoints/s07_null_g1_m640-0022.rds",TRUE,TRUE
"study07-results/S07-R1/checkpoints/s07_null_g1_m640-0022.rds.manifest.rds","58c0be148dc658fa758cbfe9080251bb","checkpoints/s07_null_g1_m640-0022.rds.manifest.rds",TRUE,TRUE
"study07-results/S07-R1/checkpoints/s07_null_g1_m640-0023.rds","4e8284146b5c690b76c2812b04af7be0","checkpoints/s07_null_g1_m640-0023.rds",TRUE,TRUE
"study07-results/S07-R1/checkpoints/s07_null_g1_m640-0023.rds.manifest.rds","623cabebbc0e84b3b4f32515fd75cc26","checkpoints/s07_null_g1_m640-0023.rds.manifest.rds",TRUE,TRUE
"study07-results/S07-R1/checkpoints/s07_null_g1_m640-0024.rds","24be68bc1c2dbec775e483c17795ff8d","checkpoints/s07_null_g1_m640-0024.rds",TRUE,TRUE
"study07-results/S07-R1/checkpoints/s07_null_g1_m640-0024.rds.manifest.rds","662bde90fb7ff8891415284b44c673ee","checkpoints/s07_null_g1_m640-0024.rds.manifest.rds",TRUE,TRUE
"study07-results/S07-R1/checkpoints/s07_null_g1_m640-0025.rds","ad3085c03c35dd25ef0b6bc302561db1","checkpoints/s07_null_g1_m640-0025.rds",TRUE,TRUE
"study07-results/S07-R1/checkpoints/s07_null_g1_m640-0025.rds.manifest.rds","e22c2654ca752d6164fb0de5478398ab","checkpoints/s07_null_g1_m640-0025.rds.manifest.rds",TRUE,TRUE
"study07-results/S07-R1/checkpoints/s07_null_g1_m640-0026.rds","7edf6e736fec3a6e5db8637efb8527ef","checkpoints/s07_null_g1_m640-0026.rds",TRUE,TRUE
"study07-results/S07-R1/checkpoints/s07_null_g1_m640-0026.rds.manifest.rds","a03b1c570bb60798a5de258d91b9864d","checkpoints/s07_null_g1_m640-0026.rds.manifest.rds",TRUE,TRUE
"study07-results/S07-R1/checkpoints/s07_null_g1_m640-0027.rds","11309b95ad9bf55692b74c2109ba42d5","checkpoints/s07_null_g1_m640-0027.rds",TRUE,TRUE
"study07-results/S07-R1/checkpoints/s07_null_g1_m640-0027.rds.manifest.rds","2f8fad61a70252707cc505b38a90d855","checkpoints/s07_null_g1_m640-0027.rds.manifest.rds",TRUE,TRUE
"study07-results/S07-R1/checkpoints/s07_null_g1_m640-0028.rds","9c5dd1b46a25861213dd68977eb29f5f","checkpoints/s07_null_g1_m640-0028.rds",TRUE,TRUE
"study07-results/S07-R1/checkpoints/s07_null_g1_m640-0028.rds.manifest.rds","148eb523b3325c597f36baa37524cba0","checkpoints/s07_null_g1_m640-0028.rds.manifest.rds",TRUE,TRUE
"study07-results/S07-R1/checkpoints/s07_null_g1_m640-0029.rds","4e8b694c9913b4608b88e652d54f7210","checkpoints/s07_null_g1_m640-0029.rds",TRUE,TRUE
"study07-results/S07-R1/checkpoints/s07_null_g1_m640-0029.rds.manifest.rds","9d30146191761107a373805a0ab86e61","checkpoints/s07_null_g1_m640-0029.rds.manifest.rds",TRUE,TRUE
"study07-results/S07-R1/checkpoints/s07_null_g1_m640-0030.rds","ec430abc425049128e2347a20f5498e5","checkpoints/s07_null_g1_m640-0030.rds",TRUE,TRUE
"study07-results/S07-R1/checkpoints/s07_null_g1_m640-0030.rds.manifest.rds","762350d496dda54a9eb01b6ec3a2dee5","checkpoints/s07_null_g1_m640-0030.rds.manifest.rds",TRUE,TRUE
"study07-results/S07-R1/checkpoints/s07_null_g1_m640-0031.rds","023f785f1fa30554c95d00b5d73a481f","checkpoints/s07_null_g1_m640-0031.rds",TRUE,TRUE
"study07-results/S07-R1/checkpoints/s07_null_g1_m640-0031.rds.manifest.rds","8bc88b60bfd3bbee1f4ad5f470e65832","checkpoints/s07_null_g1_m640-0031.rds.manifest.rds",TRUE,TRUE
"study07-results/S07-R1/checkpoints/s07_null_g1_m640-0032.rds","5b832b9f836003e8e3d718682242dd32","checkpoints/s07_null_g1_m640-0032.rds",TRUE,TRUE
"study07-results/S07-R1/checkpoints/s07_null_g1_m640-0032.rds.manifest.rds","4b7a361065ad70e6ce9bb63350b011b3","checkpoints/s07_null_g1_m640-0032.rds.manifest.rds",TRUE,TRUE
"study07-results/S07-R1/checkpoints/s07_null_g1_m640-0033.rds","6e06249db827c956eb363391c068441d","checkpoints/s07_null_g1_m640-0033.rds",TRUE,TRUE
"study07-results/S07-R1/checkpoints/s07_null_g1_m640-0033.rds.manifest.rds","2dc035a575ee43b1d849935291efefe0","checkpoints/s07_null_g1_m640-0033.rds.manifest.rds",TRUE,TRUE
"study07-results/S07-R1/checkpoints/s07_null_g1_m640-0034.rds","85f01108985797c0b1b51795633bbf86","checkpoints/s07_null_g1_m640-0034.rds",TRUE,TRUE
"study07-results/S07-R1/checkpoints/s07_null_g1_m640-0034.rds.manifest.rds","7934137b36071134402849e6f7293d18","checkpoints/s07_null_g1_m640-0034.rds.manifest.rds",TRUE,TRUE
"study07-results/S07-R1/checkpoints/s07_null_g1_m640-0035.rds","ed29f24b98a43bdb80dc4564de71adaa","checkpoints/s07_null_g1_m640-0035.rds",TRUE,TRUE
"study07-results/S07-R1/checkpoints/s07_null_g1_m640-0035.rds.manifest.rds","1a474d7c41f8607357527442ede0b790","checkpoints/s07_null_g1_m640-0035.rds.manifest.rds",TRUE,TRUE
"study07-results/S07-R1/checkpoints/s07_null_g1_m640-0036.rds","c203eb6c185674032d665b9a1967cc8b","checkpoints/s07_null_g1_m640-0036.rds",TRUE,TRUE
"study07-results/S07-R1/checkpoints/s07_null_g1_m640-0036.rds.manifest.rds","f98202123c638d8fb202ea247fdd5f01","checkpoints/s07_null_g1_m640-0036.rds.manifest.rds",TRUE,TRUE
"study07-results/S07-R1/checkpoints/s07_null_g1_m640-0037.rds","d21c9ddbc1b5e2a30e1d264fa52d04a3","checkpoints/s07_null_g1_m640-0037.rds",TRUE,TRUE
"study07-results/S07-R1/checkpoints/s07_null_g1_m640-0037.rds.manifest.rds","b19d2aa2128bf596f1cce736633b4843","checkpoints/s07_null_g1_m640-0037.rds.manifest.rds",TRUE,TRUE
"study07-results/S07-R1/checkpoints/s07_null_g1_m640-0038.rds","47ae12eaec42bb2f057788daa798b5a1","checkpoints/s07_null_g1_m640-0038.rds",TRUE,TRUE
"study07-results/S07-R1/checkpoints/s07_null_g1_m640-0038.rds.manifest.rds","c41d53b877a96cc740bf1940e5950aaa","checkpoints/s07_null_g1_m640-0038.rds.manifest.rds",TRUE,TRUE
"study07-results/S07-R1/checkpoints/s07_null_g1_m640-0039.rds","7551b3bdc9286068c5f16e3ed7374913","checkpoints/s07_null_g1_m640-0039.rds",TRUE,TRUE
"study07-results/S07-R1/checkpoints/s07_null_g1_m640-0039.rds.manifest.rds","eeab2ac01590d248ba36d08755bea8a1","checkpoints/s07_null_g1_m640-0039.rds.manifest.rds",TRUE,TRUE
"study07-results/S07-R1/checkpoints/s07_null_g1_m640-0040.rds","27f777a774005da087b6d04130c232e9","checkpoints/s07_null_g1_m640-0040.rds",TRUE,TRUE
"study07-results/S07-R1/checkpoints/s07_null_g1_m640-0040.rds.manifest.rds","c66cb7ac89f08869b311f0d4b75905f5","checkpoints/s07_null_g1_m640-0040.rds.manifest.rds",TRUE,TRUE
"study07-results/S07-R1/checkpoints/s07_sparse_m12-0001.rds","0d2c6b6b62b3274a7a8c692b636ac189","checkpoints/s07_sparse_m12-0001.rds",TRUE,TRUE
"study07-results/S07-R1/checkpoints/s07_sparse_m12-0001.rds.manifest.rds","e4b94f7b571ab1f211768586b6d10481","checkpoints/s07_sparse_m12-0001.rds.manifest.rds",TRUE,TRUE
"study07-results/S07-R1/checkpoints/s07_sparse_m12-0002.rds","02f0cd0e913cd0d88bcbee95b68acc91","checkpoints/s07_sparse_m12-0002.rds",TRUE,TRUE
"study07-results/S07-R1/checkpoints/s07_sparse_m12-0002.rds.manifest.rds","b23c83e94c14fdf973162f8477b4068e","checkpoints/s07_sparse_m12-0002.rds.manifest.rds",TRUE,TRUE
"study07-results/S07-R1/checkpoints/s07_sparse_m12-0003.rds","090fba5ad00c01bec1b67aa13243a18d","checkpoints/s07_sparse_m12-0003.rds",TRUE,TRUE
"study07-results/S07-R1/checkpoints/s07_sparse_m12-0003.rds.manifest.rds","03974e74fe1fc94eb9cfa5a6254c8f79","checkpoints/s07_sparse_m12-0003.rds.manifest.rds",TRUE,TRUE
"study07-results/S07-R1/checkpoints/s07_sparse_m12-0004.rds","83b16b0e470f207e27962eef3da05f27","checkpoints/s07_sparse_m12-0004.rds",TRUE,TRUE
"study07-results/S07-R1/checkpoints/s07_sparse_m12-0004.rds.manifest.rds","65f68a33badf1235a7b2693c20ddbd49","checkpoints/s07_sparse_m12-0004.rds.manifest.rds",TRUE,TRUE
"study07-results/S07-R1/checkpoints/s07_sparse_m12-0005.rds","067a31d84ea0f2b7d96439006283f33c","checkpoints/s07_sparse_m12-0005.rds",TRUE,TRUE
"study07-results/S07-R1/checkpoints/s07_sparse_m12-0005.rds.manifest.rds","2611f58b47679462eab8b5ccd5a24e54","checkpoints/s07_sparse_m12-0005.rds.manifest.rds",TRUE,TRUE
"study07-results/S07-R1/checkpoints/s07_sparse_m12-0006.rds","988f2aa1d4277408ac55f8c6db7d1cf8","checkpoints/s07_sparse_m12-0006.rds",TRUE,TRUE
"study07-results/S07-R1/checkpoints/s07_sparse_m12-0006.rds.manifest.rds","15193a096387b5ec7a20a5c03724a614","checkpoints/s07_sparse_m12-0006.rds.manifest.rds",TRUE,TRUE
"study07-results/S07-R1/checkpoints/s07_sparse_m12-0007.rds","24aa17eaf493c793f75df9e93ebd0191","checkpoints/s07_sparse_m12-0007.rds",TRUE,TRUE
"study07-results/S07-R1/checkpoints/s07_sparse_m12-0007.rds.manifest.rds","c6336b2a53684f1bd973b07419988ae7","checkpoints/s07_sparse_m12-0007.rds.manifest.rds",TRUE,TRUE
"study07-results/S07-R1/checkpoints/s07_sparse_m12-0008.rds","ebbc6a2dde571e6e27f20fa4132eba9c","checkpoints/s07_sparse_m12-0008.rds",TRUE,TRUE
"study07-results/S07-R1/checkpoints/s07_sparse_m12-0008.rds.manifest.rds","58756e01d8b46d193b456a6ffb2fb71e","checkpoints/s07_sparse_m12-0008.rds.manifest.rds",TRUE,TRUE
"study07-results/S07-R1/checkpoints/s07_sparse_m12-0009.rds","905baa8165b39793d1ab567ec19c1351","checkpoints/s07_sparse_m12-0009.rds",TRUE,TRUE
"study07-results/S07-R1/checkpoints/s07_sparse_m12-0009.rds.manifest.rds","7e4dc0fce47ddb6a0a41b718ed410790","checkpoints/s07_sparse_m12-0009.rds.manifest.rds",TRUE,TRUE
"study07-results/S07-R1/checkpoints/s07_sparse_m12-0010.rds","391bdb1715495123aa57a031040b191c","checkpoints/s07_sparse_m12-0010.rds",TRUE,TRUE
"study07-results/S07-R1/checkpoints/s07_sparse_m12-0010.rds.manifest.rds","0b6a49ead126c5939c32f39939f42024","checkpoints/s07_sparse_m12-0010.rds.manifest.rds",TRUE,TRUE
"study07-results/S07-R1/checkpoints/s07_sparse_m12-0011.rds","0d5194ec59c0733408c8bc3b1f6f2ff1","checkpoints/s07_sparse_m12-0011.rds",TRUE,TRUE
"study07-results/S07-R1/checkpoints/s07_sparse_m12-0011.rds.manifest.rds","a52b68fb3a1f655d78a6fb7db3ceb0ec","checkpoints/s07_sparse_m12-0011.rds.manifest.rds",TRUE,TRUE
"study07-results/S07-R1/checkpoints/s07_sparse_m12-0012.rds","0786457823bf810ccb71b76955225036","checkpoints/s07_sparse_m12-0012.rds",TRUE,TRUE
"study07-results/S07-R1/checkpoints/s07_sparse_m12-0012.rds.manifest.rds","0654e6a120f262676ec9234cbed9c847","checkpoints/s07_sparse_m12-0012.rds.manifest.rds",TRUE,TRUE
"study07-results/S07-R1/checkpoints/s07_sparse_m12-0013.rds","f3f2b700eeb204d99839555b160cafec","checkpoints/s07_sparse_m12-0013.rds",TRUE,TRUE
"study07-results/S07-R1/checkpoints/s07_sparse_m12-0013.rds.manifest.rds","fd4322949fbb618dd84a5a3f228ad40c","checkpoints/s07_sparse_m12-0013.rds.manifest.rds",TRUE,TRUE
"study07-results/S07-R1/checkpoints/s07_sparse_m12-0014.rds","1fe81186f2b5784cc12d3ed88490f17f","checkpoints/s07_sparse_m12-0014.rds",TRUE,TRUE
"study07-results/S07-R1/checkpoints/s07_sparse_m12-0014.rds.manifest.rds","abfb211086fad9d7f5181f8871cd41f2","checkpoints/s07_sparse_m12-0014.rds.manifest.rds",TRUE,TRUE
"study07-results/S07-R1/checkpoints/s07_sparse_m12-0015.rds","9883cd042f421e496667735f51c95e87","checkpoints/s07_sparse_m12-0015.rds",TRUE,TRUE
"study07-results/S07-R1/checkpoints/s07_sparse_m12-0015.rds.manifest.rds","27662765ab8e1add077f5f4b80b070b3","checkpoints/s07_sparse_m12-0015.rds.manifest.rds",TRUE,TRUE
"study07-results/S07-R1/checkpoints/s07_sparse_m12-0016.rds","8cbdd836c5f60e673d3b17538c29988a","checkpoints/s07_sparse_m12-0016.rds",TRUE,TRUE
"study07-results/S07-R1/checkpoints/s07_sparse_m12-0016.rds.manifest.rds","ae637f2b499f7cf37ac37872c3b4231c","checkpoints/s07_sparse_m12-0016.rds.manifest.rds",TRUE,TRUE
"study07-results/S07-R1/checkpoints/s07_sparse_m12-0017.rds","24d82af4b81ab7e35bdb3321a0d9c539","checkpoints/s07_sparse_m12-0017.rds",TRUE,TRUE
"study07-results/S07-R1/checkpoints/s07_sparse_m12-0017.rds.manifest.rds","76db4d276b0c10d0d994f2036eab0027","checkpoints/s07_sparse_m12-0017.rds.manifest.rds",TRUE,TRUE
"study07-results/S07-R1/checkpoints/s07_sparse_m12-0018.rds","00bc30b83c7b6486e3e0281be4485680","checkpoints/s07_sparse_m12-0018.rds",TRUE,TRUE
"study07-results/S07-R1/checkpoints/s07_sparse_m12-0018.rds.manifest.rds","19d1b5ba606e021a0696415f0cf4e0a5","checkpoints/s07_sparse_m12-0018.rds.manifest.rds",TRUE,TRUE
"study07-results/S07-R1/checkpoints/s07_sparse_m12-0019.rds","ad2f346d1217ca876db7fdc27a7fc5f4","checkpoints/s07_sparse_m12-0019.rds",TRUE,TRUE
"study07-results/S07-R1/checkpoints/s07_sparse_m12-0019.rds.manifest.rds","5ee3358cbc54557d419a05ac631236d3","checkpoints/s07_sparse_m12-0019.rds.manifest.rds",TRUE,TRUE
"study07-results/S07-R1/checkpoints/s07_sparse_m12-0020.rds","baaee767fd82a6619dc603da3424f26f","checkpoints/s07_sparse_m12-0020.rds",TRUE,TRUE
"study07-results/S07-R1/checkpoints/s07_sparse_m12-0020.rds.manifest.rds","3066b5b277f01ba520f51844399864be","checkpoints/s07_sparse_m12-0020.rds.manifest.rds",TRUE,TRUE
"study07-results/S07-R1/checkpoints/s07_sparse_m12-0021.rds","138d6117339ce1749787f1ba3769ed1c","checkpoints/s07_sparse_m12-0021.rds",TRUE,TRUE
"study07-results/S07-R1/checkpoints/s07_sparse_m12-0021.rds.manifest.rds","c1aaafb3db3f5608d1e1f87a83948b02","checkpoints/s07_sparse_m12-0021.rds.manifest.rds",TRUE,TRUE
"study07-results/S07-R1/checkpoints/s07_sparse_m12-0022.rds","d73d145f6e3bfba0c8d62caf93d6e358","checkpoints/s07_sparse_m12-0022.rds",TRUE,TRUE
"study07-results/S07-R1/checkpoints/s07_sparse_m12-0022.rds.manifest.rds","992e86a5e8405af4d6ce97ada205bc28","checkpoints/s07_sparse_m12-0022.rds.manifest.rds",TRUE,TRUE
"study07-results/S07-R1/checkpoints/s07_sparse_m12-0023.rds","96dfcca98346e5e8914d4bc6fca7a56c","checkpoints/s07_sparse_m12-0023.rds",TRUE,TRUE
"study07-results/S07-R1/checkpoints/s07_sparse_m12-0023.rds.manifest.rds","1354ccf32ca78e859e2d4e52e871c09d","checkpoints/s07_sparse_m12-0023.rds.manifest.rds",TRUE,TRUE
"study07-results/S07-R1/checkpoints/s07_sparse_m12-0024.rds","d34e075a159c6a019462689d599e2e7a","checkpoints/s07_sparse_m12-0024.rds",TRUE,TRUE
"study07-results/S07-R1/checkpoints/s07_sparse_m12-0024.rds.manifest.rds","c281c03818bd6b585b126b56c0cac6fc","checkpoints/s07_sparse_m12-0024.rds.manifest.rds",TRUE,TRUE
"study07-results/S07-R1/checkpoints/s07_sparse_m12-0025.rds","c63163ada37377cc3e052b23361bc079","checkpoints/s07_sparse_m12-0025.rds",TRUE,TRUE
"study07-results/S07-R1/checkpoints/s07_sparse_m12-0025.rds.manifest.rds","d2ba78c1f9fc446dea8cd1060848f8eb","checkpoints/s07_sparse_m12-0025.rds.manifest.rds",TRUE,TRUE
"study07-results/S07-R1/checkpoints/s07_sparse_m12-0026.rds","5eb5fd16e6c80499093b1a01939b32af","checkpoints/s07_sparse_m12-0026.rds",TRUE,TRUE
"study07-results/S07-R1/checkpoints/s07_sparse_m12-0026.rds.manifest.rds","184ea9bc88bd0c9747bfffc7840bad46","checkpoints/s07_sparse_m12-0026.rds.manifest.rds",TRUE,TRUE
"study07-results/S07-R1/checkpoints/s07_sparse_m12-0027.rds","2b6e14fec2b5f48bca8a5e2d6d05a18a","checkpoints/s07_sparse_m12-0027.rds",TRUE,TRUE
"study07-results/S07-R1/checkpoints/s07_sparse_m12-0027.rds.manifest.rds","627053c9d512f43784243ef3755fe522","checkpoints/s07_sparse_m12-0027.rds.manifest.rds",TRUE,TRUE
"study07-results/S07-R1/checkpoints/s07_sparse_m12-0028.rds","06ae7d1cb3ef03701d13fe3a873b7050","checkpoints/s07_sparse_m12-0028.rds",TRUE,TRUE
"study07-results/S07-R1/checkpoints/s07_sparse_m12-0028.rds.manifest.rds","fa2f3e585a66ae64cc255c48f5a6ac8e","checkpoints/s07_sparse_m12-0028.rds.manifest.rds",TRUE,TRUE
"study07-results/S07-R1/checkpoints/s07_sparse_m12-0029.rds","22d717d1ad7663517da1966a59b26403","checkpoints/s07_sparse_m12-0029.rds",TRUE,TRUE
"study07-results/S07-R1/checkpoints/s07_sparse_m12-0029.rds.manifest.rds","ff6b0598ff748e7f718155c67b23cf3f","checkpoints/s07_sparse_m12-0029.rds.manifest.rds",TRUE,TRUE
"study07-results/S07-R1/checkpoints/s07_sparse_m12-0030.rds","0abdf49c82d11949f82edcd02efe37e1","checkpoints/s07_sparse_m12-0030.rds",TRUE,TRUE
"study07-results/S07-R1/checkpoints/s07_sparse_m12-0030.rds.manifest.rds","27226ca1cc82028e3d73c663ec84de33","checkpoints/s07_sparse_m12-0030.rds.manifest.rds",TRUE,TRUE
"study07-results/S07-R1/checkpoints/s07_sparse_m12-0031.rds","47238005d121787fa873658dacda10b7","checkpoints/s07_sparse_m12-0031.rds",TRUE,TRUE
"study07-results/S07-R1/checkpoints/s07_sparse_m12-0031.rds.manifest.rds","52b9b6ee9301bd166b317c9a215d6be8","checkpoints/s07_sparse_m12-0031.rds.manifest.rds",TRUE,TRUE
"study07-results/S07-R1/checkpoints/s07_sparse_m12-0032.rds","0700f10028820c6e768d7a34195eb5af","checkpoints/s07_sparse_m12-0032.rds",TRUE,TRUE
"study07-results/S07-R1/checkpoints/s07_sparse_m12-0032.rds.manifest.rds","dec1ce2cd4a7f03153bfdcd053573bf7","checkpoints/s07_sparse_m12-0032.rds.manifest.rds",TRUE,TRUE
"study07-results/S07-R1/checkpoints/s07_sparse_m12-0033.rds","4a9d78d0ef10c5cf68e90c21e2d33da1","checkpoints/s07_sparse_m12-0033.rds",TRUE,TRUE
"study07-results/S07-R1/checkpoints/s07_sparse_m12-0033.rds.manifest.rds","d81529f0e4363c200e0b5cd83550173e","checkpoints/s07_sparse_m12-0033.rds.manifest.rds",TRUE,TRUE
"study07-results/S07-R1/checkpoints/s07_sparse_m12-0034.rds","955b9186e1b95c8ad7be7d317aeedb1c","checkpoints/s07_sparse_m12-0034.rds",TRUE,TRUE
"study07-results/S07-R1/checkpoints/s07_sparse_m12-0034.rds.manifest.rds","0b7e514e590da573a70e6fd11f550baa","checkpoints/s07_sparse_m12-0034.rds.manifest.rds",TRUE,TRUE
"study07-results/S07-R1/checkpoints/s07_sparse_m12-0035.rds","c53f28d1c7ad6d0d97f2439c67a57bb6","checkpoints/s07_sparse_m12-0035.rds",TRUE,TRUE
"study07-results/S07-R1/checkpoints/s07_sparse_m12-0035.rds.manifest.rds","f311174ba94a5be921597a4036a78aab","checkpoints/s07_sparse_m12-0035.rds.manifest.rds",TRUE,TRUE
"study07-results/S07-R1/checkpoints/s07_sparse_m12-0036.rds","ad03ae1c1ed52a36a5a898e41fe5294e","checkpoints/s07_sparse_m12-0036.rds",TRUE,TRUE
"study07-results/S07-R1/checkpoints/s07_sparse_m12-0036.rds.manifest.rds","a64e3a4dbe23e7a6ae89ce3a869471f6","checkpoints/s07_sparse_m12-0036.rds.manifest.rds",TRUE,TRUE
"study07-results/S07-R1/checkpoints/s07_sparse_m12-0037.rds","69ccfa936578ae0ed6b09c05f932b034","checkpoints/s07_sparse_m12-0037.rds",TRUE,TRUE
"study07-results/S07-R1/checkpoints/s07_sparse_m12-0037.rds.manifest.rds","0182222a09553611aa8aca0e048399f1","checkpoints/s07_sparse_m12-0037.rds.manifest.rds",TRUE,TRUE
"study07-results/S07-R1/checkpoints/s07_sparse_m12-0038.rds","d47cce187c8c800df6c3234e0dfa5231","checkpoints/s07_sparse_m12-0038.rds",TRUE,TRUE
"study07-results/S07-R1/checkpoints/s07_sparse_m12-0038.rds.manifest.rds","b44a3a5b3994d189f00138c9c3c008b7","checkpoints/s07_sparse_m12-0038.rds.manifest.rds",TRUE,TRUE
"study07-results/S07-R1/checkpoints/s07_sparse_m12-0039.rds","182893958b3bc2e7c69b2e513c1f385b","checkpoints/s07_sparse_m12-0039.rds",TRUE,TRUE
"study07-results/S07-R1/checkpoints/s07_sparse_m12-0039.rds.manifest.rds","773ca2608b3af80296393ca721bb86c2","checkpoints/s07_sparse_m12-0039.rds.manifest.rds",TRUE,TRUE
"study07-results/S07-R1/checkpoints/s07_sparse_m12-0040.rds","016c07eceb370b8013396ce3d4a06052","checkpoints/s07_sparse_m12-0040.rds",TRUE,TRUE
"study07-results/S07-R1/checkpoints/s07_sparse_m12-0040.rds.manifest.rds","02b4c4e57d5388fb58ed498a81240d82","checkpoints/s07_sparse_m12-0040.rds.manifest.rds",TRUE,TRUE
