group,filename,bytes,sha256,library_file_id,file_id,version,source,local_status
source_or_operational,driftmapR-S07-R1-Launch-014.zip,6791483,aa8e567af4abd84fdff658ab6b34c7c623c399d0e04b18bb9b6c1a11f69d65f4,,file_0000000010e081f59d449d64f1f80c67,,results/input-identities-and-dependencies.json,not_recovered
source_or_operational,driftmapR-S07-R1-Capacity-and-Fallback-014.zip,180267,6eb24435b0baaf5354549daf0889720022af0e096f59130a8f68fb40d14ea29c,,file_00000000c89081fda59c98a56cb838aa,,results/input-identities-and-dependencies.json,not_recovered
source_or_operational,driftmapR-S07-R1-Later-Phase-Controls-014.zip,318730,bb31129e40305e79cd6164a668b09a2e2038b41faae43096658b69572be6efa6,,file_000000007cf081fdabd771d163eb2887,,results/input-identities-and-dependencies.json,not_recovered
source_or_operational,driftmapR-S07-R1-Recovery-009.zip,15390924,05a4657fbe1ce55b4edc3c21306f8ffef183b3c246d3d47625ee4425758dfa11,,file_000000006fa48230afcb5ee81d7cc58c,,results/input-identities-and-dependencies.json,verified
source_or_operational,driftmapR-S07-R1-sources.zip,6465645,cf5096435d051c4909abcc98562b3ca3425661b5a6a2df2c01feaabf76c4c18c,,file_00000000b4d481f5a800634c14f97498,,results/input-identities-and-dependencies.json,verified
checkpoint464,driftmapR-S07-R1-checkpoint464-011.zip.part001,104857600,08d79fff85dce930f098c30fd71ecf9d7468c340c14ea07edb6b97d7d0a09e33,libfile_3cdacca216008191b8ba8a064ddfd803,file_00000000235881fdabd85e9c2e0698be,0,results/input-identities-and-dependencies.json,preserved_in_verified_reconstructed_archive
checkpoint464,driftmapR-S07-R1-checkpoint464-011.zip.part002,104857600,f7624771fdfb7770d6aa87586a3a75319ae2a871d55ebe1e8220279f36eda130,libfile_a38f9c2b62108191b0a7498905fd5ed1,file_00000000060c81fd911cf5153fbc7fa3,0,results/input-identities-and-dependencies.json,preserved_in_verified_reconstructed_archive
checkpoint464,driftmapR-S07-R1-checkpoint464-011.zip.part003,104857600,d9a095f190bc019dfbdad4efb7e1ea7f1b3deeb06a90a226bec70fe3d660d9f6,libfile_712adca8fd4c819192183aaed48cfdf0,file_000000002ef881f7b90ae3e1730f45aa,0,results/input-identities-and-dependencies.json,preserved_in_verified_reconstructed_archive
checkpoint464,driftmapR-S07-R1-checkpoint464-011.zip.part004,104857600,96bbcbed1f9857bf853e612041d90ca26f09923066b5903be397acae6c45e6f9,libfile_32c517ae932081918b5d51b4770e8436,file_00000000ff8481fd9810cc328e5e18c3,0,results/input-identities-and-dependencies.json,preserved_in_verified_reconstructed_archive
checkpoint464,driftmapR-S07-R1-checkpoint464-011.zip.part005,104857600,3ac398f195049f52438d848f1fa7b1e1456753d0377ef70ed9b7c4355a6aa7e4,libfile_b1f0a82a7cb8819190da5d99b01ac793,file_00000000dea081fdaf5c54e79a22ff49,0,results/input-identities-and-dependencies.json,preserved_in_verified_reconstructed_archive
checkpoint464,driftmapR-S07-R1-checkpoint464-011.zip.part006,104857600,dbb69eb992f5aef8f608e84f91a1577efa7f36eee1a58441388892ecae459aa5,libfile_5c529736fab481919e5eef291b7d6b26,file_0000000088cc81fd8eb46f47ea213d46,0,results/input-identities-and-dependencies.json,preserved_in_verified_reconstructed_archive
checkpoint464,driftmapR-S07-R1-checkpoint464-011.zip.part007,104857600,799e97097b57784b52a59f3f1f4826cbab1c9fcbf66c151a228b7ad02e6eefb0,libfile_a3fbb9ea64188191a1fe801f4f13eff6,file_0000000016e882308f4adb42e89aec42,0,results/input-identities-and-dependencies.json,preserved_in_verified_reconstructed_archive
checkpoint464,driftmapR-S07-R1-checkpoint464-011.zip.part008,104857600,6c1e9d879dfef4d1db1e3dc2204b07979386f934eccc030204a796fc9fc5a62c,libfile_bd49fabbf4f081919a6080c408aca8ce,file_000000005fc881fd943992e3b5ce09b7,0,results/input-identities-and-dependencies.json,preserved_in_verified_reconstructed_archive
checkpoint464,driftmapR-S07-R1-checkpoint464-011.zip.part009,104857600,40c092bef29cb492ee2b936d2aa9e87fcd8aabd445dcde9d2595678a65c30739,libfile_55d9c6d29ab4819186fe8cdc96d9e36d,file_0000000086d881fdba15a215144fa0af,0,results/input-identities-and-dependencies.json,preserved_in_verified_reconstructed_archive
checkpoint464,driftmapR-S07-R1-checkpoint464-011.zip.part010,104857600,347a183a23c13a0f4c329ad99527bb30930b8fc43f88f1fac7b59b570ad5fc90,libfile_65eb3e02c6b0819182ce97093a4e73a9,file_00000000ab1c81fd8b931dbfd5690922,0,results/input-identities-and-dependencies.json,preserved_in_verified_reconstructed_archive
checkpoint464,driftmapR-S07-R1-checkpoint464-011.zip.part011,104857600,7fdb31648c0c26b17b081663addd3a7ba16e2290d74b96c9b2ccc09975ed70f6,libfile_a44059ea62c88191857b83e3e812a759,file_00000000dccc81fd867ac300838bd4d7,0,results/input-identities-and-dependencies.json,preserved_in_verified_reconstructed_archive
checkpoint464,driftmapR-S07-R1-checkpoint464-011.zip.part012,54082779,112b4f13b59cadd6d5ebf28020266afc1b8305503ac24b6398738ff1952b5958,libfile_2b8428d1517c8191a56bf18c63ed1653,file_000000000fcc81fda386aea3747fdd28,0,results/input-identities-and-dependencies.json,preserved_in_verified_reconstructed_archive
checkpoint468,driftmapR-S07-R1-checkpoint468-012.zip.part001,104857600,0c14a5b379154cb729fd4f05940632c2cf5fb183a03baf0db8f8507966b085b2,libfile_6711cad813c88191951a9534cdaea1a3,file_00000000dcdc81f5a66339c8b2042fad,0,results/input-identities-and-dependencies.json,preserved_in_verified_reconstructed_archive
checkpoint468,driftmapR-S07-R1-checkpoint468-012.zip.part002,30806366,166688db8d4c84beeb0089037cfa5fcfaf844737a358dc77786598a19f7618be,libfile_8a04fc87b10081919e6bbdec556fcc77,file_000000003cc48230961b17eb20c24036,0,results/input-identities-and-dependencies.json,preserved_in_verified_reconstructed_archive
checkpoint2250,driftmapR-S07-R1-checkpoint2250-013.zip.part001,104857600,983515388f2d6e8f3afda71305dc93d2aae9ca33b1164126e5659f0a6a4f5f9b,libfile_eac3b32915e881919f8724ad3821641a,file_00000000603c8230af83e610985f7460,0,results/input-identities-and-dependencies.json,preserved_in_verified_reconstructed_archive
checkpoint2250,driftmapR-S07-R1-checkpoint2250-013.zip.part002,104857600,97d96633fa00117a7e7d9ad3dcefb842f1f316aca5b14fca92a66431b09e3056,libfile_0724ee6368548191af038e10ae567b21,file_00000000ef3081fd93229897b47cbac3,0,results/input-identities-and-dependencies.json,preserved_in_verified_reconstructed_archive
checkpoint2250,driftmapR-S07-R1-checkpoint2250-013.zip.part003,104857600,2f4824f4355bc27bb89f0ded4b37b8b14f8eedc234a3ec2c346b2518f18e9ab0,libfile_44a801e87cf881919febacefb744a9cb,file_000000005f6082309bcb529c8e3ba2eb,0,results/input-identities-and-dependencies.json,preserved_in_verified_reconstructed_archive
checkpoint2250,driftmapR-S07-R1-checkpoint2250-013.zip.part004,28563477,449679f6f8924cfeade606d90e97b2e9bebf2686b17c9ee88224a30884f993d6,libfile_8309770904088191bc68709d52ef79fb,file_000000008b6081fdbbc35fee86d9e8e2,0,results/input-identities-and-dependencies.json,preserved_in_verified_reconstructed_archive
checkpoint3915,driftmapR-S07-R1-checkpoint3915-014.zip.part001,104857600,bd2c29ddf9fb7c13d758aa3e05ffa4345cda6525df515a4a55a4f8424fe376a5,libfile_00803a7ce254819199de165e1c71756e,file_00000000e8d081f6aa091953f498aa8e,0,results/input-identities-and-dependencies.json,preserved_in_verified_reconstructed_archive
checkpoint3915,driftmapR-S07-R1-checkpoint3915-014.zip.part002,104857600,fca3aa0730104236fb3efc5ff65c3dc3270e154f2754d5adcb1b4748b5db3776,libfile_4ba1fde2b63c8191a2f9752053e53007,file_00000000bab48230b331f3abb028d1ea,0,results/input-identities-and-dependencies.json,preserved_in_verified_reconstructed_archive
checkpoint3915,driftmapR-S07-R1-checkpoint3915-014.zip.part003,65429895,2f436ac3dc1703104f0a04ba2778b51450ed3e41b6d51869a4a73c54830cae21,libfile_c219920d6dd48191a9db80fc2b95a3e5,file_00000000a40881f58506cd17fad748ad,0,results/input-identities-and-dependencies.json,preserved_in_verified_reconstructed_archive
ancestral_original,driftmapR-S07-execution-checkpoint-part-001.tar.gz,244853113,64f7373aba22a4420e4507614207f1fca903c6bcf8898d402d820be62615e4da,libfile_3f708ca8556c8191b257f1699077d829,,0,references/historical-recovery009-dependencies/immutable-restore-dependencies.json,verified
ancestral_original,driftmapR-S07-checkpoint-02-part-001.tar.gz,246996939,246e07fedd9943d3022be6fc1f6e0d89ed752cdf32cc7fee5cba22a50efcb4ac,libfile_950876ff7740819186b06d77202eb0fa,,0,references/historical-recovery009-dependencies/immutable-restore-dependencies.json,verified
ancestral_original,driftmapR-S07-checkpoint-03-part-001.tar.gz,120461418,155f3318e0e2f8de7ac5554e05c75d894309f0e4e1b826a15070fcf252f277fa,libfile_5964a0ed9cf48191ac0eb008ba012ec8,,0,references/historical-recovery009-dependencies/immutable-restore-dependencies.json,verified
ancestral_original,driftmapR-S07-checkpoint-04-part-001.tar.gz,237562330,124cc734f392d65c63d9ea9a3f46ceabbdf2f9749f46c13818d77a9eba16c575,libfile_7cff6e6fb53081919f8849feef456cbf,,0,references/historical-recovery009-dependencies/immutable-restore-dependencies.json,verified
ancestral_original,driftmapR-S07-checkpoint-04-part-002.tar.gz,118884246,dcea3860831c80eabd5bf84ca488320419955c874fc9ca3203cf2e05ac172a3b,libfile_d0958916fdf08191be1ba38e971416e2,,0,references/historical-recovery009-dependencies/immutable-restore-dependencies.json,verified
ancestral_original,driftmapR-S07-checkpoint-05-part-001.tar.gz,241371161,d03cfdd3d56d935a30770a95d773eb708a1ab077374a081104e34c30b1a8a655,libfile_0ceaec8d47b48191985f9f4e6546d407,,0,references/historical-recovery009-dependencies/immutable-restore-dependencies.json,verified
ancestral_original,driftmapR-S07-checkpoint-05-part-002.tar.gz,159173572,93ece23502c3dbe5213470a7d65c21ce9fa1192286af2ed7ef54460e5db31897,libfile_489e1abc8b4c819193bbaaf51d7dd128,,0,references/historical-recovery009-dependencies/immutable-restore-dependencies.json,verified
ancestral_original,driftmapR-S07-checkpoint-06-part-001.tar.gz,239902267,089fd397be3d339c014d3564b53b05f5f6c8a605b54eb5d78141a779efb85630,libfile_6709d74dc96c8191965c4c2a71eefafe,,0,references/historical-recovery009-dependencies/immutable-restore-dependencies.json,verified
ancestral_original,driftmapR-S07-checkpoint-06-part-002.tar.gz,108886737,22c8d8e32ecab55465f603f17772aae1d64521052eef2038900270ebb871d27d,libfile_831597674c888191a8e1d0263dfb3348,,0,references/historical-recovery009-dependencies/immutable-restore-dependencies.json,verified
ancestral_original,driftmapR-S07-checkpoint-07-part-001.tar.gz,241181955,005dff80c0b2f64dda72a59d183a1a1c1badce0c679d17cbc32a1a975a5701ac,libfile_cf2cb09fd7f88191a0787b91b9ed0406,,0,references/historical-recovery009-dependencies/immutable-restore-dependencies.json,verified
ancestral_original,driftmapR-S07-checkpoint-07-part-002.tar.gz,241273938,7da7f743fe8d39ce38d6cc814ef38e8c3d99e4d380c4ea0bd06969725fdf16a4,libfile_0b4b3d7e8c6c8191a596de4a23112772,,0,references/historical-recovery009-dependencies/immutable-restore-dependencies.json,verified
ancestral_original,driftmapR-S07-checkpoint-07-part-003.tar.gz,150804371,96e191bab89471473797fc2ca22f2457801e7106f1b31d5fab82d88c58f408e4,libfile_ed0a8cca656c81918867657f44276ad1,,0,references/historical-recovery009-dependencies/immutable-restore-dependencies.json,verified
ancestral_original,driftmapR-S07-checkpoint-08-part-001.tar.gz,219609244,df43d20853ad2484622ddffb6858ff497ac742a013b46a5cdd3742a72a535be9,libfile_56bee287c208819193bb782fb210869b,,0,references/historical-recovery009-dependencies/immutable-restore-dependencies.json,verified
ancestral_original,driftmapR-S07-checkpoint-08-part-002.tar.gz,241223028,6e1c5ac846c4e8cc2923d3ab7efbf6c66c1168672b08b87f75717eb688bd3d72,libfile_4c28cb0622e48191a397d72684034987,,0,references/historical-recovery009-dependencies/immutable-restore-dependencies.json,verified
ancestral_original,driftmapR-S07-checkpoint-08-part-003.tar.gz,142446034,1c30ebd92fa24e3f24b5045727cdd873d1522c431a5e8959a43985b515d03acd,libfile_9c89b61836508191a8c8882dc0250468,,0,references/historical-recovery009-dependencies/immutable-restore-dependencies.json,verified
ancestral_original,driftmapR-S07-checkpoint-09-part-001.tar.gz,248304572,dd801c2555fbad95223fdb85904a9b88807f746c81dac5db6efaf95c3766372b,libfile_3782b62203fc81919001d5de9251fa4c,,0,references/historical-recovery009-dependencies/immutable-restore-dependencies.json,verified
ancestral_original,driftmapR-S07-checkpoint-09-part-002.tar.gz,186278080,ea829a43329156d7df3b9abf88f4ca9dc7b8f601b20c4317a1f462a60457bba6,libfile_973632c16d3881919d0e148c8e5cecdb,,0,references/historical-recovery009-dependencies/immutable-restore-dependencies.json,verified
ancestral_original,driftmapR-S07-checkpoint-10-part-001.tar.gz,241013686,b29ac3580f03f859837a5844ae606beee5df4d1411cb04aa5d612c25b49f268b,libfile_01618e4472d4819184a7151bc80dfcdd,,0,references/historical-recovery009-dependencies/immutable-restore-dependencies.json,verified
ancestral_original,driftmapR-S07-checkpoint-10-part-002.tar.gz,246611164,ec42563a2019cb8226f7e6b521d75f646c20736d7c9a7ffef9c5bf4f139edacb,libfile_e812aee7d9e48191b271b09f7eda396e,,0,references/historical-recovery009-dependencies/immutable-restore-dependencies.json,verified
ancestral_original,driftmapR-S07-checkpoint-10-part-003.tar.gz,178266629,b1f93edb30da8412f651ab4c00c958d3d43e595773652c8bf5a515352a571845,libfile_cf8b0d13080081919a11cdc45f86661b,,0,references/historical-recovery009-dependencies/immutable-restore-dependencies.json,verified
ancestral_original,driftmapR-S07-checkpoint-11-part-001.tar.gz,245364536,6fde829911d18ac7b982cfc6c7446c4ec9e753f77c0431705f5554505f43e4e0,libfile_855da073682c81919d1f399400182be0,,0,references/historical-recovery009-dependencies/immutable-restore-dependencies.json,verified
ancestral_original,driftmapR-S07-checkpoint-11-part-002.tar.gz,193274110,057b7f2f9a6f2b32dd134c91732e0d121c752588571b69fa87506e252156786b,libfile_f51e48add74c81918fdc787b78e28d9e,,0,references/historical-recovery009-dependencies/immutable-restore-dependencies.json,not_recovered
ancestral_original,driftmapR-S07-checkpoint-12-part-001.tar.gz,250121953,08abf5ad067452fab1e9d03914df8da2d4c8fc8dbeb9e41b60d2b9078707a878,libfile_fda28241dc1481918e4be838a1b43522,,0,references/historical-recovery009-dependencies/immutable-restore-dependencies.json,not_recovered
ancestral_original,driftmapR-S07-checkpoint-12-part-002.tar.gz,252135469,789cc06332d70a95940ac026c985fa025c34f25bc23336ff135c16403909b696,libfile_0acaa317076c8191a63205cdf20af8f5,,0,references/historical-recovery009-dependencies/immutable-restore-dependencies.json,not_recovered
ancestral_original,driftmapR-S07-checkpoint-12-part-003.tar.gz,90076122,796d80593164fa656504a351d5aa125913473c9d2395bc3615fcd0e6629568e2,libfile_d145a0a719088191afc9220a0ba8e246,,0,references/historical-recovery009-dependencies/immutable-restore-dependencies.json,not_recovered
ancestral_r1,driftmapR-S07-R1-checkpoint-01-checkpoints-part-001.tar.gz,247140729,0d969b35bfe9df7771cf26e72ea2eb095d13b8abd5b7f3cf444eedc61179d6f1,libfile_562fc8e96c148191a22c2a003bdb4b7d,,0,references/historical-recovery009-dependencies/immutable-restore-dependencies.json,verified
ancestral_r1,driftmapR-S07-R1-checkpoint-01-checkpoints-part-002.tar.gz,255525725,f7e8f7d83c76279b4f001aeb2016af12eca40ce6d044d1b5bc2ff6037c7d755a,libfile_3154c074ff948191a6c892990832b9ce,,0,references/historical-recovery009-dependencies/immutable-restore-dependencies.json,verified
ancestral_r1,driftmapR-S07-R1-checkpoint-01-checkpoints-part-003.tar.gz,69528976,49c883461d0dbd600e23fef6c40d57a9cc2cd03003d3a7066b435b29fc0b581c,libfile_d1a50db05ab88191bdce39afab5ff09c,,0,references/historical-recovery009-dependencies/immutable-restore-dependencies.json,verified
ancestral_r1,driftmapR-S07-R1-checkpoint-02-checkpoints-part-001.tar.gz,248157000,6ccac601f9f94a342890bc72df6ee802cc44f357db470bf1cc68b2286a504893,libfile_84211ef3a720819190af64cfeaa97cd4,,0,references/historical-recovery009-dependencies/immutable-restore-dependencies.json,verified
ancestral_r1,driftmapR-S07-R1-checkpoint-02-checkpoints-part-002.tar.gz,248834698,8bfc00a0c71da421cff2e3e7bbec2a677e11fedea1155b283af851066e1ec31f,libfile_4393e5f8866c8191a1de3fd6f05ac28f,,0,references/historical-recovery009-dependencies/immutable-restore-dependencies.json,verified
ancestral_r1,driftmapR-S07-R1-checkpoint-02-checkpoints-part-003.tar.gz,246101649,2f45a7b45d776407f35c9cfef0595fb71bcb4497d70fb83de4f5b6b6a35ff914,libfile_fc7cdd547e148191bdbe3fc2c0be052a,,0,references/historical-recovery009-dependencies/immutable-restore-dependencies.json,verified
ancestral_r1,driftmapR-S07-R1-checkpoint-02-checkpoints-part-004.tar.gz,244897314,0f7e6d1e8ea2abed3ed90fbfaf21190cc591bd681220b4a1ccffafdce4dd6f0a,libfile_0002398d53e4819188686edbe3e84624,,0,references/historical-recovery009-dependencies/immutable-restore-dependencies.json,verified
ancestral_r1,driftmapR-S07-R1-checkpoint-02-checkpoints-part-005.tar.gz,244716437,0c6304de1b0069d5e8bc3323f1101a6b9e8b98958d8b12c0ccee765b43b47227,libfile_5258c553aa208191b7f12b1c7b7abdde,,0,references/historical-recovery009-dependencies/immutable-restore-dependencies.json,verified
ancestral_r1,driftmapR-S07-R1-checkpoint-02-checkpoints-part-006.tar.gz,229136339,be828a2dda4d73184b4630e9f4c6da521df5c88552bcd4f28c8cda2d50e9e84a,libfile_41b9a24d3a048191a5ab18dc276b777d,,0,references/historical-recovery009-dependencies/immutable-restore-dependencies.json,verified
ancestral_r1,driftmapR-S07-R1-checkpoint-02-checkpoints-part-007.tar.gz,237601896,383d387e415b65a018de1179e7bd43b025bcceb5eee20a5681e55601901756b5,libfile_195c48385ff08191b454302d73bb6800,,0,references/historical-recovery009-dependencies/immutable-restore-dependencies.json,verified
ancestral_r1,driftmapR-S07-R1-checkpoint-02-checkpoints-part-008.tar.gz,237749542,0e5960839c2ac8e7631baf983470e27bffcebfa92de72103e776943285a6c5be,libfile_268c7ba17ab481918d53a43212027953,,0,references/historical-recovery009-dependencies/immutable-restore-dependencies.json,verified
ancestral_r1,driftmapR-S07-R1-checkpoint-02-checkpoints-part-009.tar.gz,239850649,0aa3c767e0733d7338b23bdf8bbfb5c463331e2024b921b095a905405030cfd3,libfile_f020918133708191aec2583e578c7308,,0,references/historical-recovery009-dependencies/immutable-restore-dependencies.json,verified
ancestral_r1,driftmapR-S07-R1-checkpoint-02-checkpoints-part-010.tar.gz,243075292,3ae7647d77a6d888112df95370a4cff0bfb3ab95afa647cd9e82f41602942098,libfile_27d39a9677948191b59130215a5768a4,,0,references/historical-recovery009-dependencies/immutable-restore-dependencies.json,verified
ancestral_r1,driftmapR-S07-R1-checkpoint-02-checkpoints-part-011.tar.gz,239411050,0939ee5a292c8da4b2eda3f0c0d2799cbbbc6cca76c34434304bf94485c89441,libfile_fdfcab14fc4c819194e45112407b785b,,0,references/historical-recovery009-dependencies/immutable-restore-dependencies.json,verified
ancestral_r1,driftmapR-S07-R1-checkpoint-02-checkpoints-part-012.tar.gz,241266241,abfcd279c5e443b0f4c18b092439aa148ab4ec83edd4a9c53a23f136ee61cb08,libfile_b3acad5134848191a668ab6b9b1e1800,,0,references/historical-recovery009-dependencies/immutable-restore-dependencies.json,verified
ancestral_r1,driftmapR-S07-R1-checkpoint-02-checkpoints-part-013.tar.gz,241270762,1dbbc07fd67ba914b1816f1dd01ce1e753eabc99165e8af16cafb0e35d042157,libfile_e096eaf2d4b081919b5d737445d744ce,,0,references/historical-recovery009-dependencies/immutable-restore-dependencies.json,verified
ancestral_r1,driftmapR-S07-R1-checkpoint-02-checkpoints-part-014.tar.gz,241343855,8e83f56a7d51b059c64f5a21012bec32ec4e4ad61f1063d016c2157ab2335ab3,libfile_c72238451afc8191916410d181a65e0c,,0,references/historical-recovery009-dependencies/immutable-restore-dependencies.json,verified
ancestral_r1,driftmapR-S07-R1-checkpoint-02-checkpoints-part-015.tar.gz,241307333,7ea726aa4ebc3fd53c5ba6fa33488ef9b3b23d5e1c9b641bc1a686955d38b1f1,libfile_503ae1d10fe081918fa57ce086c27c02,,0,references/historical-recovery009-dependencies/immutable-restore-dependencies.json,verified
ancestral_r1,driftmapR-S07-R1-checkpoint-02-checkpoints-part-016.tar.gz,216193657,11cf3578f032c30b36565b7ecb764241d4825d27ef7d1c3c8d7d762c49fc66ee,libfile_37c73f55a75c8191aba955cadbecc016,,0,references/historical-recovery009-dependencies/immutable-restore-dependencies.json,verified
ancestral_r1,driftmapR-S07-R1-checkpoint-03-checkpoints-part-001.tar.gz,251943627,db42a9ae93f914ecf2d8745f43500b19a6ec7b22165a79a8e46bfe99f3763f23,libfile_8f7ed1060718819194ef4040fa4e567a,,0,references/historical-recovery009-dependencies/immutable-restore-dependencies.json,verified
ancestral_r1,driftmapR-S07-R1-checkpoint-03-checkpoints-part-002.tar.gz,253576286,3bf19cdbf20d7661451bcd93d96beebf81f6a8003593099f42981c257afdc5db,libfile_0eccd44c4bd88191a0aae6952e78cffb,,0,references/historical-recovery009-dependencies/immutable-restore-dependencies.json,verified
ancestral_r1,driftmapR-S07-R1-checkpoint-03-checkpoints-part-003.tar.gz,217100726,7970ac9437acdf7fe53aeaaa081da3dc69c8a6a5012592f272c40c1934c76c17,libfile_ebc2650d0b088191bee249cc4a1db46d,,0,references/historical-recovery009-dependencies/immutable-restore-dependencies.json,verified
ancestral_raw_prefix,driftmapR-S07-R1-r1-final-raw20260921-01-raw-csv-001-products-part-001.tar.gz,52691083,6d43a5aed6af983dbd2687416f62fd59745f3bde26e91a9b4164771d318986ae,libfile_f1e7a0d4efe88191ad0d67498b6c6135,file_000000002ca881fd99888e7571926624,0,Recovery009/evidence/raw/restored-000.json,not_recovered
ancestral_raw_prefix,driftmapR-S07-R1-r1-final-raw20260921-01-raw-csv-002-products-part-001.tar.gz,48577805,bf3dc58b3a851da85fbfe7ff2da6a4ff66ec04361464ccb359d15c441f09d277,libfile_bf2df4119c208191bafd323eeb1bd4ad,file_00000000a6e081fd8de8903ac69039cf,0,Recovery009/evidence/raw/restored-001.json,not_recovered
ancestral_raw_prefix,driftmapR-S07-R1-r1-final-raw20260921-01-raw-csv-003-products-part-001.tar.gz,48603306,e868dcf08fb970e283b379dbd5ed2aff32886a1b2770829ce0c4d9b1895882db,libfile_e87f9d8694848191b917749303506f60,file_00000000e99081fd80734919a345642b,0,Recovery009/evidence/raw/restored-002.json,not_recovered
ancestral_raw_prefix,driftmapR-S07-R1-r1-final-raw20260921-01-raw-csv-004-products-part-001.tar.gz,52115334,ac27a72fbd4e49b5b9726fea389b8eefb3dce22d3380b7b7cb7a24edadd49a26,libfile_0ef9af31ae808191b865722b29a3442c,file_000000000f5c81fd9999b99565b09677,0,Recovery009/evidence/raw/restored-003.json,not_recovered
ancestral_raw_prefix,driftmapR-S07-R1-r1-final-raw20260921-01-raw-csv-005-products-part-001.tar.gz,53839704,ae3bebaec860d0e74af653c1042aba61b883dacb93361f77d922317db99dfc14,libfile_6e1f3db8466081918c74dc02e607ea1b,file_000000005c4881fd862cf216853e4cbe,0,Recovery009/evidence/raw/restored-004.json,not_recovered
ancestral_raw_prefix,driftmapR-S07-R1-r1-final-raw20260921-01-raw-csv-006-products-part-001.tar.gz,22298366,bf05c15b1dbd8cdd25413e4392d3b700036b5e93c31a0f84957f01032f1133dc,libfile_68f2383fdb60819191dfa6b5d70f0cba,file_00000000aeac81fb86822aaad2ea0c5c,0,Recovery009/evidence/raw/restored-005.json,not_recovered
ancestral_raw_prefix,driftmapR-S07-R1-r1-final-raw20260921-02-raw-csv-001-products-part-001.tar.gz,53937057,5dc53711ef18c28f624df06d8654370a851075fca262d2d766aea623dc55647d,libfile_1829b300dfa48191bc8ca70e395dd847,file_00000000bd088230b09759b506651688,0,Recovery009/evidence/raw/restored-006.json,not_recovered
ancestral_raw_prefix,driftmapR-S07-R1-r1-final-raw20260921-02-raw-csv-002-products-part-001.tar.gz,45285644,9113f358a100cf484575bfa858dab5194a94b0e3dab861a27151c9db1be941e8,libfile_21d23f106be08191a883e8c85f97d3ca,file_00000000c55081fd9f1b444cfb4124d0,0,Recovery009/evidence/raw/restored-007.json,not_recovered
ancestral_raw_prefix,driftmapR-S07-R1-r1-final-raw20260921-02-raw-csv-003-products-part-001.tar.gz,48999123,844d60fe37f808596b7c2a747e8f65dce265d9c3ef3ec72dd48a2a331fcc24d6,libfile_9593d45097688191a2c2baf81a33d662,file_00000000dc7c81fd906b1330835c12f5,0,Recovery009/evidence/raw/restored-008.json,not_recovered
ancestral_raw_prefix,driftmapR-S07-R1-r1-final-raw20260921-02-raw-csv-004-products-part-001.tar.gz,34991334,5f9c62bc0d896943c3ec2c71158a31f27632172e573ade5803c5ab6ab5508d9b,libfile_e27cdb4771a88191a29c241fb4ea6df0,file_00000000ca8881fb8b3625df6e69c1b7,0,Recovery009/evidence/raw/restored-009.json,not_recovered
ancestral_raw_prefix,driftmapR-S07-R1-r1-final-raw20260921-02-raw-csv-005-products-part-001.tar.gz,34942853,02027cda04ac571ee018420633f9f266ded05bcbe2d5610f651b597033bbd776,libfile_34b613739a6c8191a60af16dc7d42509,file_00000000c9e881fdb077f5fb0ece45e3,0,Recovery009/evidence/raw/restored-010.json,not_recovered
ancestral_raw_prefix,driftmapR-S07-R1-r1-final-raw20260921-02-raw-csv-006-products-part-001.tar.gz,34939828,648d0cc72c1b202dc96cfcdf4d0406a56d6f7088ac68ce1edf235ec9374f6b37,libfile_d8dd250b90248191a9733a944d644cf2,file_00000000301c81fd83b4dce908847c4a,0,Recovery009/evidence/raw/restored-011.json,not_recovered
ancestral_raw_prefix,driftmapR-S07-R1-r1-final-raw20260921-02-raw-csv-007-products-part-001.tar.gz,20661487,0f90044787a0d24723127200f7024fff15d88bd2c0c602535b27b00213ada8ee,libfile_75bd47c762748191945656c9d828097a,file_00000000f0d881fda045c553df24a90d,0,Recovery009/evidence/raw/restored-012.json,not_recovered
ancestral_raw_prefix,driftmapR-S07-R1-r1-final-raw20260921-03-raw-csv-001-products-part-001.tar.gz,49266839,1c908c412ddfa57bdae0d3bbe043d7ed09145534a511afcc0dc1f1050a79c5f0,libfile_07d09650514c8191aaba0d5af8c97cce,file_00000000d8a481fda34684440636a400,0,Recovery009/evidence/raw/restored-013.json,not_recovered
ancestral_raw_prefix,driftmapR-S07-R1-r1-final-raw20260921-03-raw-csv-002-products-part-001.tar.gz,35060947,6c317a5a7786910657cfc02d1a1324951be65e8d5d9e13ec2a6699a67c0357aa,libfile_ca5464cad33c8191822d5106a8df160a,file_00000000f96081fda1f80c546b4fbee6,0,Recovery009/evidence/raw/restored-014.json,not_recovered
ancestral_raw_prefix,driftmapR-S07-R1-r1-final-raw20260921-03-raw-csv-003-products-part-001.tar.gz,35058074,f5fa51c5432541b5b3b31f67f9f357ae3ae8901f812bb23b5d44a60f532bd1cb,libfile_a214a48b6ff48191bc1b7330a37d41bb,file_00000000708081fbb951d7a5b65e76e2,0,Recovery009/evidence/raw/restored-015.json,not_recovered
ancestral_raw_prefix,driftmapR-S07-R1-r1-final-raw20260921-03-raw-csv-004-products-part-001.tar.gz,35041086,71644b524615369fefb88feb03941fce76599684c1f700424ebb6e0bff456c34,libfile_b6ed4a3df4608191a525a683abaa672e,file_000000005d2481f78e407cbaeda40599,0,Recovery009/evidence/raw/restored-016.json,not_recovered
ancestral_raw_prefix,driftmapR-S07-R1-r1-final-raw20260921-03-raw-csv-005-products-part-001.tar.gz,34970537,d44286230ed3ba563c3b2aa8ab4c551cd4a9d5ea83cc43fa5d246ef76747661f,libfile_ea0b8d1eca008191aeb96ff3ea2f3e78,file_00000000406481fd9c54aca93ea3ca72,0,Recovery009/evidence/raw/restored-017.json,not_recovered
ancestral_raw_prefix,driftmapR-S07-R1-r1-final-raw20260921-03-raw-csv-006-products-part-001.tar.gz,35046158,1243b8e3ced66199557ed317e8fb5d5a5c1fdece6b4b51c6f3b51cc92356976b,libfile_8b030bbcca288191946a01e92e2966bd,file_00000000262881fb8c5268c3d1f65236,0,Recovery009/evidence/raw/restored-018.json,not_recovered
ancestral_raw_prefix,driftmapR-S07-R1-r1-final-raw20260921-03-raw-csv-007-products-part-001.tar.gz,34926636,caa9c4c9e4616acc19aadb585a6a592937ea2c4df6705578dac4f87856711992,libfile_a0f8d5e9fb148191943590e39cb7ba27,file_000000001ab481fd8634d0c9ba7970dc,0,Recovery009/evidence/raw/restored-019.json,not_recovered
ancestral_raw_prefix,driftmapR-S07-R1-r1-final-raw20260921-03-raw-csv-008-products-part-001.tar.gz,20708736,e89fb5a6b5102018ddf7b0b094a9b3f55c67370968ab75d24a6b4d4c07a528a3,libfile_5cba82c495908191963b94da15a26711,file_000000000aa081fd99161d9e28136988,0,Recovery009/evidence/raw/restored-020.json,not_recovered
ancestral_raw_prefix,driftmapR-S07-R1-r1-final-raw20260921-04-raw-csv-001-products-part-001.tar.gz,49340435,55920049f104a7b23a5be4739b817a0b81be81a4ad2dbed3576cbd30d470cc9c,libfile_eba3daeb8464819197800d45423c3bc6,file_00000000763481fd9610f79a9f3da135,0,Recovery009/evidence/raw/restored-021.json,not_recovered
ancestral_raw_prefix,driftmapR-S07-R1-r1-final-raw20260921-04-raw-csv-002-products-part-001.tar.gz,35017413,72f404e293895770b9380d3923f098fb045d1f4d0372b2413bc0e44c1088fac6,libfile_78226e6db4a8819189f92102a459f4a7,file_0000000047e08230a6a797994393b16b,0,Recovery009/evidence/raw/restored-022.json,not_recovered
ancestral_raw_prefix,driftmapR-S07-R1-r1-final-raw20260921-04-raw-csv-003-products-part-001.tar.gz,35013348,5f4982e8000634631903d7c624258f10f01d639b55e1721507327985120ecd1a,libfile_8d4a061c36c0819180715c7e673683d6,file_00000000efc481fd910c827cec6e99a7,0,Recovery009/evidence/raw/restored-023.json,not_recovered
ancestral_raw_prefix,driftmapR-S07-R1-r1-final-raw20260921-04-raw-csv-004-products-part-001.tar.gz,34952185,2838f089c15e61db9749533488884865122d157ac25dc7ffee41cc0e3083ab2d,libfile_07f47342298c8191a20af149e65d4133,file_000000000c948230a4a3f6be871adb06,0,Recovery009/evidence/raw/restored-024.json,not_recovered
ancestral_raw_prefix,driftmapR-S07-R1-r1-final-raw20260921-04-raw-csv-005-products-part-001.tar.gz,35028405,1e3422b84947c18732bdcb107fa5d6b83abe97838f7963fb217f1986a1634a64,libfile_d62c809db17c819191bd70afdb8c98e2,file_0000000033c0823081b0a3f19c1b7182,0,Recovery009/evidence/raw/restored-025.json,not_recovered
ancestral_raw_prefix,driftmapR-S07-R1-r1-final-raw20260921-04-raw-csv-006-products-part-001.tar.gz,47103696,8088800b2d79be09771d8565bb3e58760ea26220eb88685a24217eecfa34b6c2,libfile_8cf87538b0608191bb096923b7cb1386,file_000000006d2c81f7a30c21dd27272211,0,Recovery009/evidence/raw/restored-026.json,not_recovered
ancestral_raw_prefix,driftmapR-S07-R1-r1-final-raw20260921-04-raw-csv-007-products-part-001.tar.gz,26550201,56dd32e6fba1bd627831383f9d03647f6e991e6f3127f4e8c501acbaa204fc35,libfile_9603de1eb4e8819189ecfd3e9658c5b1,file_00000000537881fdab77458788f1b06f,0,Recovery009/evidence/raw/restored-027.json,not_recovered
ancestral_raw_prefix,driftmapR-S07-R1-r1-final-raw20260921-05-raw-csv-001-products-part-001.tar.gz,47659879,3deb3f50b15baf1e670843271e2a1c41ce0f00d534122461acd4aaa0d87f809f,libfile_e858405d931c8191bbd7b39cbacb0bfd,file_00000000efd481fd917a4a3f4272719c,0,Recovery009/evidence/raw/restored-028.json,not_recovered
ancestral_raw_prefix,driftmapR-S07-R1-r1-final-raw20260921-05-raw-csv-002-products-part-001.tar.gz,49311858,4c50f150d1fb58f6fb9022a345b789a38b9de3ee9f60abcc57b2bb5781be79f1,libfile_4aaf0dbe51cc8191ac6b706063ea8846,file_00000000a9f081fd82f44ae0a1d14ba3,0,Recovery009/evidence/raw/restored-029.json,not_recovered
ancestral_raw_prefix,driftmapR-S07-R1-r1-final-raw20260921-05-raw-csv-003-products-part-001.tar.gz,47669194,956cf7b4888eaa848de24152f44bf9c396918f05d298a953603efd267f7fc794,libfile_d40b0d7da5d08191bcd4b295e81f6bca,file_000000003b6881fda615e2aa9566b16f,0,Recovery009/evidence/raw/restored-030.json,not_recovered
ancestral_raw_prefix,driftmapR-S07-R1-r1-final-raw20260921-05-raw-csv-004-products-part-001.tar.gz,49349894,5881b4f13bfdbb60b2640268a4dfd09a60035ce4bee40ce657a2eb0fe0b8098e,libfile_62376461e0a481919084a71c2d438662,file_0000000076e081fbbe317a6f2eb52d9c,0,Recovery009/evidence/raw/restored-031.json,not_recovered
ancestral_raw_prefix,driftmapR-S07-R1-r1-final-raw20260921-05-raw-csv-005-products-part-001.tar.gz,47595738,1af7bdf1174ccc57dee36df7a37651aeddaa0b72deac455e46851fa667e4eba8,libfile_681c4481140c819182d6edbf8c1a6612,file_00000000f96882309d439e74c9c511d7,0,Recovery009/evidence/raw/restored-032.json,not_recovered
ancestral_raw_prefix,driftmapR-S07-R1-r1-final-raw20260921-05-raw-csv-006-products-part-001.tar.gz,31609225,f76a4121000f784d177778cec7495bba163a98ba10d9bcdf86d6a6c0796ec695,libfile_63dc6ede66b4819181b3da2fc69ada3a,file_0000000036a48230b2137f03e49f28f6,0,Recovery009/evidence/raw/restored-033.json,not_recovered
ancestral_raw_prefix,driftmapR-S07-R1-r1-final-raw20260921-06-raw-csv-001-products-part-001.tar.gz,47655484,04033aa9f82215712f1a3f23fe57efd1cef2543b538a6c9cefa326ddf5e7d076,libfile_99cb3c4d3af08191bef1f07e58ce792a,file_000000002c3081fb9b3f10c5465e4b89,0,Recovery009/evidence/raw/restored-034.json,not_recovered
ancestral_raw_prefix,driftmapR-S07-R1-r1-final-raw20260921-06-raw-csv-002-products-part-001.tar.gz,49377315,7adf7d58fd6612759d904980e33a0cf05b73350162912652379431778941ddac,libfile_d4d743e1bc988191bfd877f3c32344fd,file_000000000f6481fdbf532ea27570966c,0,Recovery009/evidence/raw/restored-035.json,not_recovered
ancestral_raw_prefix,driftmapR-S07-R1-r1-final-raw20260921-06-raw-csv-003-products-part-001.tar.gz,52373583,6f6e181ab3dc6e564739dbfce78ed48228c557358a53dc1187d4f01db2761de6,libfile_c30b9e5d551081918dd7bd36e46800e8,file_000000003db081fdb7398fd5f203c85d,0,Recovery009/evidence/raw/restored-036.json,not_recovered
ancestral_raw_prefix,driftmapR-S07-R1-r1-final-raw20260921-06-raw-csv-004-products-part-001.tar.gz,48054493,0fae3e3f8bd559d2d31e99f17a5c452f3cb564d64d14c7d2fc6df56af59ac768,libfile_b9235c2d59508191af1e187135c16d32,file_000000003f808230ad41e49f19e897fa,0,Recovery009/evidence/raw/restored-037.json,not_recovered
ancestral_raw_prefix,driftmapR-S07-R1-r1-final-raw20260921-06-raw-csv-005-products-part-001.tar.gz,39549896,f3030182fa7cf1193ba9ec989868cae5ad5f17d16cb5fa7ea461a507cf325d39,libfile_204493e6d9408191bcc0a276f4dcb75f,file_00000000d15c81fdb25de94a48d0db6c,0,Recovery009/evidence/raw/restored-038.json,not_recovered
ancestral_raw_prefix,driftmapR-S07-R1-r1-final-raw20260921-06-raw-csv-006-products-part-001.tar.gz,33603439,d69fe685173f31e4f6045b05ca39ae23541c0c9c689f3124a33e1170cb759168,libfile_a66232d58f7881918e7b38f4c6eee4c5,file_0000000027e881fda4cf1fca802fe0e1,0,Recovery009/evidence/raw/restored-039.json,not_recovered
ancestral_raw_prefix,driftmapR-S07-R1-r1-final-raw20260921-07-raw-csv-001-products-part-001.tar.gz,47944750,815cc599ab43cba15bb356e4f95cb7771c58014dd97cd62a3d850d313a0e6450,libfile_2a417bd516588191aaf373a409167a53,file_0000000078dc81fb8fe214f2e6bc2593,0,Recovery009/evidence/raw/restored-040.json,not_recovered
ancestral_raw_prefix,driftmapR-S07-R1-r1-final-raw20260921-07-raw-csv-002-products-part-001.tar.gz,33901324,9ca1874da8b995bd93e611feea9cc5e1063cb81336ae283777e7620f8744d153,libfile_795e28f8c5908191a3f2d470215ddb5f,file_00000000522481fbbeb1aa0e549faff5,0,Recovery009/evidence/raw/restored-041.json,not_recovered
ancestral_raw_prefix,driftmapR-S07-R1-r1-final-raw20260921-07-raw-csv-003-products-part-001.tar.gz,33957123,31ee59db77d5227c69f35d99d7471451b73535636cc57b6b0b6fc925d0b801a6,libfile_455cee63b44c81918d44b93a50ea6586,file_00000000d89082309c736b132c69aba8,0,Recovery009/evidence/raw/restored-042.json,not_recovered
ancestral_raw_prefix,driftmapR-S07-R1-r1-final-raw20260921-07-raw-csv-004-products-part-001.tar.gz,33975076,802eaf9caff93ef2174ad6bbce4d2787b33a900b833d6387a962e7a76ee6d530,libfile_8e8bdf99df8481918706aad3b085ab3e,file_00000000a34481fda54ab6b0ab938099,0,Recovery009/evidence/raw/restored-043.json,not_recovered
ancestral_raw_prefix,driftmapR-S07-R1-r1-final-raw20260921-07-raw-csv-005-products-part-001.tar.gz,34021323,9c428e60f2d3f1c2832d01c9cb4a2c1c0ef14230a1d6f7c847c07ca0ffde17a4,libfile_f219b29e88e081919d701a253cc5aeaf,file_000000003b8c81fd8b557639a86f2798,0,Recovery009/evidence/raw/restored-044.json,not_recovered
ancestral_raw_prefix,driftmapR-S07-R1-r1-final-raw20260921-07-raw-csv-006-products-part-001.tar.gz,34024138,6a90b50c17c8e0158abb6132fe62a3c261352482befeb01261cdefd75b171da6,libfile_3b0307d1effc8191886834ab09310ad4,file_00000000d19c82309844afd0cc3b6f2a,0,Recovery009/evidence/raw/restored-045.json,not_recovered
ancestral_raw_prefix,driftmapR-S07-R1-r1-final-raw20260921-07-raw-csv-007-products-part-001.tar.gz,34051081,37ebc3d8126f068867a3809cbe3561666c2f7be78d2f7f8ea13af9467b62d114,libfile_1c14aebc26708191993b47eb447cfb36,file_00000000f63c81fd90f3d4ebb820264b,0,Recovery009/evidence/raw/restored-046.json,not_recovered
ancestral_raw_prefix,driftmapR-S07-R1-r1-final-raw20260921-07-raw-csv-008-products-part-001.tar.gz,19944087,2a31edbfb23e3725f65d6f4d63ad29fd26c3f6ce1e74a25c5f3dc042972354eb,libfile_a910d0dcb94c8191a85e6a956598e7c1,file_0000000025b482309303c11fc5c9ea47,0,Recovery009/evidence/raw/restored-047.json,not_recovered
ancestral_raw_prefix,driftmapR-S07-R1-r1-final-raw20260921-08-raw-csv-001-products-part-001.tar.gz,47999671,9df75d67f6b8b00400f4d0811c5befeb102a27135ad96bbfb37e6652f5639f08,libfile_2f6c8d9f56408191b72660dbf887cbab,file_00000000fe0481fb9c4c2e36d4dc06ce,0,Recovery009/evidence/raw/restored-048.json,not_recovered
ancestral_raw_prefix,driftmapR-S07-R1-r1-final-raw20260921-08-raw-csv-002-products-part-001.tar.gz,33960671,dcf99d3aa8c5d07d9db895a457b1704e7ad95b465f31fddb966262fb0afaa088,libfile_64f1909f50488191a44fa3ff65b34646,file_00000000de9881fd8f1d70efba52f37d,0,Recovery009/evidence/raw/restored-049.json,not_recovered
ancestral_raw_prefix,driftmapR-S07-R1-r1-final-raw20260921-08-raw-csv-003-products-part-001.tar.gz,34066556,daffd3628c33ac7fe9015945f6bbf1370c722440c2e2a892dafe1910b331fdf3,libfile_49e28f97cd4c81918ed0dce18ac9dffa,file_000000000f5081fd910ee90794c3bea8,0,Recovery009/evidence/raw/restored-050.json,not_recovered
ancestral_raw_prefix,driftmapR-S07-R1-r1-final-raw20260921-08-raw-csv-004-products-part-001.tar.gz,34015752,20746492d2d0f947ee0174f041b6aafc60a4ec23084304398d338f4d540d1b98,libfile_62eb438f35f88191977e58d5093a88c1,file_000000007b28823089d65ebb0c3e3a76,0,Recovery009/evidence/raw/restored-051.json,not_recovered
ancestral_raw_prefix,driftmapR-S07-R1-r1-final-raw20260921-08-raw-csv-005-products-part-001.tar.gz,34052899,6a621d14484920a71a0f3a031c86cf16106de1161cc94a6e188fcf7bc0d1599e,libfile_d15be43fcabc8191a3c4932116486672,file_0000000044f881fd9d22bee783f01b83,0,Recovery009/evidence/raw/restored-052.json,not_recovered
ancestral_raw_prefix,driftmapR-S07-R1-r1-final-raw20260921-08-raw-csv-006-products-part-001.tar.gz,33993553,3d42ea6791936d5c81f3f59fc8221947291a387b8d4d82c681bb7d38b4946cb9,libfile_4f2d626e51e081919068ba015f8e95b2,file_00000000ba408230a0377dcc167cca87,0,Recovery009/evidence/raw/restored-053.json,not_recovered
ancestral_raw_prefix,driftmapR-S07-R1-r1-final-raw20260921-08-raw-csv-007-products-part-001.tar.gz,34000933,29357bae9949b5c1dc52bd3f35b24ea816b07868ea6a37eaae7d5f122464c672,libfile_8370b99c5a588191843fa343730f2a95,file_0000000035e481fda5263726ac7eecb8,0,Recovery009/evidence/raw/restored-054.json,not_recovered
ancestral_raw_prefix,driftmapR-S07-R1-r1-final-raw20260921-08-raw-csv-008-products-part-001.tar.gz,33996405,a2ac0609812c221677ea7ecb70d4e385194955b92e81bf28de361a935ac8aec0,libfile_ee0cb4652bbc8191b5ac9bdb3c03940c,file_000000006e088230bb93e61b93000474,0,Recovery009/evidence/raw/restored-055.json,not_recovered
ancestral_raw_prefix,driftmapR-S07-R1-r1-final-raw20260921-09-raw-csv-001-products-part-001.tar.gz,33997223,8785aade1ec2148347ce22ae5d86a306eaed69f85dfb6fb3639bae6009181586,libfile_99de2e8c985c81918fe30ee1938f2365,file_00000000f77481fd8f469be8d312b0cd,0,Recovery009/evidence/raw/restored-056.json,not_recovered
ancestral_raw_prefix,driftmapR-S07-R1-r1-final-raw20260921-09-raw-csv-002-products-part-001.tar.gz,33954741,6086d9d529d98647929294d148ed98e0d106bb1026b0668833d2c9cc9f427653,libfile_e411d09108bc8191a9a7178da4ced772,file_000000000ac081fda4b4ae1a60f9e0ac,0,Recovery009/evidence/raw/restored-057.json,not_recovered
ancestral_raw_prefix,driftmapR-S07-R1-r1-final-raw20260921-09-raw-csv-003-products-part-001.tar.gz,34002141,f2d915837dbb89b0c598b98bc81aac30cb402f85438ac2654d633eff230552d0,libfile_f08dfdd861788191a6631fbe8a5d78c9,file_0000000028ec81fd83bf0cadb18b0b17,0,Recovery009/evidence/raw/restored-058.json,not_recovered
ancestral_raw_prefix,driftmapR-S07-R1-r1-final-raw20260921-09-raw-csv-004-products-part-001.tar.gz,34032085,94198323159c5d60effdd9464bf8dc8a6d7663d2e6ed9bcab847ca448ca54885,libfile_a113ac4b275c8191b3848512818bbe59,file_0000000064c481fd9a74471d8b8c9a74,0,Recovery009/evidence/raw/restored-059.json,not_recovered
ancestral_raw_prefix,driftmapR-S07-R1-r1-final-raw20260921-09-raw-csv-005-products-part-001.tar.gz,34085336,a7bfcc2c42a39be2b2b4b04558e3d263ce68cbb61a835132bf6dd7a9095e06fa,libfile_2c0650a7d5988191bcf5f2807c1070e3,file_00000000d80081fd90253a36f2f654fd,0,Recovery009/evidence/raw/restored-060.json,not_recovered
ancestral_raw_prefix,driftmapR-S07-R1-r1-final-raw20260921-09-raw-csv-006-products-part-001.tar.gz,34048370,d771bf65685b0c06561ff9ac228b37d111b82553d129a1b80a5715b746d93edb,libfile_08f135a6d1008191b8ffed1a3ac48352,file_00000000776081fd973ce3da3a2f9445,0,Recovery009/evidence/raw/restored-061.json,not_recovered
ancestral_raw_prefix,driftmapR-S07-R1-r1-final-raw20260921-09-raw-csv-007-products-part-001.tar.gz,33956609,330425320975226ba7363f537461a99d7ae1481633e706eeb45d3d3af75217f9,libfile_f5eb0b27e3e081918359c101543ca442,file_0000000032f081fd9f7020b056f2237e,0,Recovery009/evidence/raw/restored-062.json,not_recovered
ancestral_raw_prefix,driftmapR-S07-R1-r1-final-raw20260921-09-raw-csv-008-products-part-001.tar.gz,33965112,6d69a1703e70f3043188e69cfbe531ca6f094bafb4ef461146ca24fcfcb224cf,libfile_53282141f48c8191a94bbb8925b1bb37,file_00000000241881fdb29167a1fa95010a,0,Recovery009/evidence/raw/restored-063.json,not_recovered
ancestral_raw_prefix,driftmapR-S07-R1-r1-final-raw20260921-09-raw-csv-009-products-part-001.tar.gz,19377422,b93a4ca3bcdeb7c2ef9c640bb23a99f78af6bd6df4ce439bf5cf7eb7d261c3b5,libfile_36c3535b7488819182ff3225b76b18f7,file_00000000d21881fd86130cd193c9123c,0,Recovery009/evidence/raw/restored-064.json,not_recovered
ancestral_raw_prefix,driftmapR-S07-R1-r1-final-raw20260921-10-raw-csv-001-products-part-001.tar.gz,48595809,3fd093e5059608627ce94882afafaf076fca3baedd80d4bcd07c631b590b8a8c,libfile_6e95bc2e5a0481919ff5dfa330337c7c,file_000000004c7c81fba78d0280f9ffc503,0,Recovery009/evidence/raw/restored-065.json,not_recovered
ancestral_raw_prefix,driftmapR-S07-R1-r1-final-raw20260921-10-raw-csv-002-products-part-001.tar.gz,33941797,fef54d855c604bd0f1890418bbfd90a95f6b03056dfc3944b34eb227d2d81fa6,libfile_78b5ae1752688191a72e5c8633bdd4ae,file_0000000085e081fdaadf4b4e862c0096,0,Recovery009/evidence/raw/restored-066.json,not_recovered
ancestral_raw_prefix,driftmapR-S07-R1-r1-final-raw20260921-10-raw-csv-003-products-part-001.tar.gz,34052865,951b0f107cbc505a8abd5d8a03d06ff58ddf3e1ac962ba530a4cf26bb92d1be6,libfile_92a6514155e88191ada681577f0e1dee,file_00000000a62881fdab26801149aa2424,0,Recovery009/evidence/raw/restored-067.json,not_recovered
ancestral_raw_prefix,driftmapR-S07-R1-r1-final-raw20260921-10-raw-csv-004-products-part-001.tar.gz,34026959,588638b8347588a5be24affe0c94225c0fce2eefaa882d0ac3daa09ed56a20cd,libfile_4d1e8f7981c081919130ea60602bc2b2,file_000000002d3081fd9a0624dd188d1ecc,0,Recovery009/evidence/raw/restored-068.json,not_recovered
ancestral_raw_prefix,driftmapR-S07-R1-r1-final-raw20260921-10-raw-csv-005-products-part-001.tar.gz,33918144,306438a60c82f8d20f780516282083ee560df13be0884d2ee83cfb559f7987e7,libfile_1720c2c777408191ac75fbfabce775cd,file_00000000827c82309130399cd8e0c67d,0,Recovery009/evidence/raw/restored-069.json,not_recovered
ancestral_raw_prefix,driftmapR-S07-R1-r1-final-raw20260921-10-raw-csv-006-products-part-001.tar.gz,34020210,be146b70d5410881df92a67fa4127148e0d497507865bfb6a33fba18020af1c0,libfile_783cfded38148191a25e8ab38f47a4d6,file_00000000a63481fd9bad512957ef80ea,0,Recovery009/evidence/raw/restored-070.json,not_recovered
ancestral_raw_prefix,driftmapR-S07-R1-r1-final-raw20260921-10-raw-csv-007-products-part-001.tar.gz,34014995,1d51cb390cae85b27278ca6e1531db9b215ec71d86e8e1ca0e16e3e4e2996a4d,libfile_8766c50222f881918168bd4d3378cb34,file_00000000336c81fbbdaa99a467861ae8,0,Recovery009/evidence/raw/restored-071.json,not_recovered
ancestral_raw_prefix,driftmapR-S07-R1-r1-final-raw20260921-10-raw-csv-008-products-part-001.tar.gz,33948347,987c7cba134bb92176e72553afaec412bd4d4934818c3d1b3d6f6dde61c94cf0,libfile_b724d410c0048191ba4880a02ba05ffa,file_0000000052f481fd9bf38aacb8959f1f,0,Recovery009/evidence/raw/restored-072.json,not_recovered
ancestral_raw_prefix,driftmapR-S07-R1-r1-final-raw20260921-10-raw-csv-009-products-part-001.tar.gz,19516201,936c817ba87c3d08573451e079516078199cb77fab46410e6160c2a9d1f3afec,libfile_386b6110fcf481919921eed06f5b34fc,file_00000000401081fd8f4203ff07597224,0,Recovery009/evidence/raw/restored-073.json,not_recovered
ancestral_raw_prefix,driftmapR-S07-R1-r1-final-raw20260921-11-raw-csv-001-products-part-001.tar.gz,48537252,2dfbcc722e78117a4a781a64bccb774163b35457ff94981a617f61bd3bc3cb69,libfile_6cf5d83e174c8191b5c4bb35e01deb71,file_000000006e3c81fdb520402e9f80e9ad,0,Recovery009/evidence/raw/restored-074.json,not_recovered
ancestral_raw_prefix,driftmapR-S07-R1-r1-final-raw20260921-11-raw-csv-002-products-part-001.tar.gz,34014842,3098176a5c7c1930dc596749c8b2be7d23a94fc839270892761450f0b82a1c3d,libfile_c18b42f7ecf881918afdd1fbf5d5777a,file_00000000608081fd954265d7ca11fe40,0,Recovery009/evidence/raw/restored-075.json,not_recovered
ancestral_raw_prefix,driftmapR-S07-R1-r1-final-raw20260921-11-raw-csv-003-products-part-001.tar.gz,33962126,84077803279c6b291eba183a6f6b424fa9972274b5521e7ab7335e3d4698338a,libfile_585b3220368881918bc1ad414da4c226,file_00000000233081fdb34e8650252b19dc,0,Recovery009/evidence/raw/restored-076.json,not_recovered
ancestral_raw_prefix,driftmapR-S07-R1-r1-final-raw20260921-11-raw-csv-004-products-part-001.tar.gz,47146042,ccbba939660e5344e84d99a6c5c66bd9f1042a9e51577a941ce2d7fd6e1a7bbd,libfile_ee8d36858f748191891d1003ded10113,file_00000000e30481fd8a9b165c53a159f7,0,Recovery009/evidence/raw/restored-077.json,not_recovered
ancestral_raw_prefix,driftmapR-S07-R1-r1-final-raw20260921-11-raw-csv-005-products-part-001.tar.gz,51943854,90160e069118ef593538d418c7a3710a7781dd82ee279fcdea0784a2cc7cbae3,libfile_4e22f4fdac3c8191a0af0d4e07965e04,file_00000000d33481fdb5e743095866211a,0,Recovery009/evidence/raw/restored-078.json,not_recovered
ancestral_raw_prefix,driftmapR-S07-R1-r1-final-raw20260921-11-raw-csv-006-products-part-001.tar.gz,52027555,ff555a550ac260425e313f9e021d940574e729b814beb4772203babffe787591,libfile_27fa06731b0c8191904de6efc760abd5,file_000000008e2881fd87f746f455b306b7,0,Recovery009/evidence/raw/restored-079.json,not_recovered
ancestral_raw_prefix,driftmapR-S07-R1-r1-final-raw20260921-11-raw-csv-007-products-part-001.tar.gz,2433009,01dcf36f98dfddd57c825ca2835c5e07183f7de3d1ada1ca2f616997b8692e98,libfile_ba388c8268bc819194e0f21dcbaa94f2,file_00000000602481fd8460f7db9657c98b,0,Recovery009/evidence/raw/restored-080.json,not_recovered
publication_support,driftmapR-S07-R1-checkpoint-01-snapshot-part-001.tar.gz,2384066,8470294bfd6de23ace5e13bf2abed5f28454377a052e0cdd59103eb4c1e9327b,libfile_abb0c858143c8191892d586e9f24bb38,file_0000000088a8822fa1e6cfad73429188,0,references/historical-recovery009-dependencies/PUBLICATION-INDEX.json,not_recovered
publication_support,checkpoint-01-archive-receipt.json,3488341,16b476b694ef63d17b2071e76941821982c801fc9afba74c0b9369d7aef3a0f1,libfile_5b06644a23988191bf19ad1c3b872270,file_000000003ee0822fa9204088933e2401,0,references/historical-recovery009-dependencies/PUBLICATION-INDEX.json,not_recovered
publication_support,checkpoint-01-cumulative-immutable-catalog.csv,1134194,32e9f917955f3cb02741560cace1060477e501d5b7145e3f61493fc0d90c84ae,libfile_eb5615d391808191b925257de6cfe3f4,file_00000000aa5c822f8de581ef30989772,0,references/historical-recovery009-dependencies/PUBLICATION-INDEX.json,not_recovered
publication_support,driftmapR-S07-R1-checkpoint-02-snapshot-part-001.tar.gz,3437549,26eb39a230c5f73f3f5a24f766d2fd72f190c6542c70e572cef7d943ee08428c,libfile_736cf509d3488191aab1db9816b8e641,file_00000000c14481f5943ab0d42060e942,0,references/historical-recovery009-dependencies/PUBLICATION-INDEX.json,not_recovered
publication_support,checkpoint-02-archive-receipt.json,247210,3b6de1f0696953cd438bfb49bb239bcfbdbc907ed39672a5d03b120cfe798e37,libfile_d33a7bd6d3d48191ad31281234d9abcc,file_000000005d5481f59252219e68aa7ffb,0,references/historical-recovery009-dependencies/PUBLICATION-INDEX.json,not_recovered
publication_support,checkpoint-02-cumulative-immutable-catalog.csv,1210952,d838c8cabcc3f28998dc8d7b42f1aeaa78d232fb31f1d7402446d65cfe48b7c7,libfile_856fb66dba38819195cb697cdf92052d,file_00000000968081f584e596a03961c1b0,0,references/historical-recovery009-dependencies/PUBLICATION-INDEX.json,not_recovered
publication_support,checkpoint-02-postpack-verification.json,4141,6da8f574f64591581da12a50f05d1e23350a66fe4bbcac0250118de4227cf158,libfile_44849caff7a08191959f255f2d8b4daf,file_00000000fe7081f5a76f546cab7e5d18,0,references/historical-recovery009-dependencies/PUBLICATION-INDEX.json,not_recovered
publication_support,driftmapR-S07-R1-checkpoint-03-snapshot-part-001.tar.gz,4430816,a015db3dbbcf8874b3131e29fed81a80c118e5345de9f4382f30466291e5f001,libfile_8583e0f6dc6881919a4be726f93e7376,file_00000000179081f598f3b0b8e026630e,0,references/historical-recovery009-dependencies/PUBLICATION-INDEX.json,not_recovered
publication_support,checkpoint-03-archive-receipt.json,3218123,0d01abf41f2919fb3c17aae3a83538a836b293b7c6cb25ab23615d5f42621093,libfile_f8ecedabd3c08191919fb84ad4a8ea35,file_000000002aac81f5801f645150efb15a,0,references/historical-recovery009-dependencies/PUBLICATION-INDEX.json,not_recovered
publication_support,checkpoint-03-cumulative-immutable-catalog.csv,2262690,9ad0c789ab581bb0acf009c7a5a1226b27d2f5ee274563397b22a987cad88fd8,libfile_cf443351a2c08191a7900694e18d294f,file_00000000a4f881f59be61b12e490c9fd,0,references/historical-recovery009-dependencies/PUBLICATION-INDEX.json,not_recovered
publication_support,checkpoint-03-postpack-verification.json,1451,a10c6e3b115cb394b5aedd2728b8458897b6e4a027c54c8317dd40edf021a2b1,libfile_7e1c162c5d5c8191b5f6ba940dfccbbb,file_0000000009dc81f5a52130b2854ad103,0,references/historical-recovery009-dependencies/PUBLICATION-INDEX.json,not_recovered
published_raw_candidate,driftmapR-S07-R1-r1-final-raw01-raw-csv-001-products-part-001.tar.gz,52691401,2f33cf7aa32c0911e882fe0a0ffe7e75728536f05f8ee093beb8051102f5ba2a,libfile_05930c0067448191be9034d994345ebf,file_00000000811481f58cfa0c5fae54aa2f,0,references/historical-recovery009-dependencies/PUBLICATION-INDEX.json,not_recovered
publication_support,r1-final-raw01-raw-csv-001-archive-receipt.json,2631248,860a860678d07c65197037ae8805d898bd1f53a20ae4c10d24f04056e9593a43,libfile_20b3dd84b87c81918cf54dcf93d05ac7,file_00000000870c81f58b1edc834bf520ad,0,references/historical-recovery009-dependencies/PUBLICATION-INDEX.json,not_recovered
publication_support,r1-final-raw01-raw-csv-001-products-catalog.csv,712125,5cfa955be9148bd9a7f57e3924d0c41aa69a8137e56f0cd541dd468b659bd7a2,libfile_6b9dd7ef36fc8191a922f8c6a99cdcee,file_00000000de3081f5b88ee8108b082fa5,0,references/historical-recovery009-dependencies/PUBLICATION-INDEX.json,not_recovered
publication_support,r1-final-raw01-raw-csv-001-input-binding.json,470253,d7d3d329123f4ce872b2383963d7c1cdf5716597ca5842d1e1c3d6e9897e7010,libfile_f8f150f79638819191f9bc9062ac3921,file_00000000339081f5abc24ee831c91f5d,0,references/historical-recovery009-dependencies/PUBLICATION-INDEX.json,not_recovered
published_raw_candidate,driftmapR-S07-R1-r1-final-raw01-raw-csv-002-products-part-001.tar.gz,34879151,3914b3ef371970c207cd7a55a9bb82646bd47fd0ac19eb05865a647a1a7302ed,libfile_14142b1ae2a88191bb90f2534aa58570,file_00000000ee2881f59f520cf0434da942,0,references/historical-recovery009-dependencies/PUBLICATION-INDEX.json,not_recovered
publication_support,r1-final-raw01-raw-csv-002-archive-receipt.json,2101783,c4971a22abf7f254d6212a0c30b880fd2d17dba9975c28800edc058b97d965a9,libfile_e0a787da4d0c8191be7e92a9da95e022,file_00000000961c81f59d8546153ea9879b,0,references/historical-recovery009-dependencies/PUBLICATION-INDEX.json,not_recovered
publication_support,r1-final-raw01-raw-csv-002-products-catalog.csv,568733,1c5e2b89d752718f27ffb810ce16403f01f8948b1804adf50a7fb56eaf8f0e7a,libfile_27a262115a5c8191b7015809a1b58a29,file_00000000327481f5b12c6bd66d08e17d,0,references/historical-recovery009-dependencies/PUBLICATION-INDEX.json,not_recovered
publication_support,r1-final-raw01-raw-csv-002-input-binding.json,375771,6e62de4348bdc439305f5a5eaddf15117f3f27f76a10624e4a29b898d9431bad,libfile_24ee36098aa48191a6a6d96a83594ccb,file_00000000637081f580c4b3f26106279a,0,references/historical-recovery009-dependencies/PUBLICATION-INDEX.json,not_recovered
published_raw_candidate,driftmapR-S07-R1-r1-final-raw02-raw-csv-001-products-part-001.tar.gz,52578609,148b27a7cb3c80c79255deb7f4b9210fbd1bcd271e421d2347c2047f546e6b4c,libfile_66aca66b95a88191898d023351336ea1,file_0000000025dc81f5ab8257d728b48b4e,0,references/historical-recovery009-dependencies/PUBLICATION-INDEX.json,not_recovered
publication_support,r1-final-raw02-raw-csv-001-archive-receipt.json,2631248,419f8035ce095d78c31a8e91ac5289a4f92c723083d5d5e24ae23a6812042858,libfile_04de4d754be88191bd38b0241759bb48,file_0000000014cc81f59168f3b03d5ef08c,0,references/historical-recovery009-dependencies/PUBLICATION-INDEX.json,not_recovered
publication_support,r1-final-raw02-raw-csv-001-products-catalog.csv,712125,6f569660e4513ae38b2007d2e5ea77c33e9ac0d9f9e4a1d06f1a90a8de73870b,libfile_be9ff46a58b48191abc10b329fa660f6,file_00000000fe7c81f59431faa2d5d7d705,0,references/historical-recovery009-dependencies/PUBLICATION-INDEX.json,not_recovered
publication_support,r1-final-raw02-raw-csv-001-input-binding.json,470397,99a1425503b418718ba5d236fe59158b03a95ecd94102b2c3ae899906e65d5b3,libfile_e712c744a14c8191b882c635ac5c13ca,file_00000000452481f593d4301e70287ee4,0,references/historical-recovery009-dependencies/PUBLICATION-INDEX.json,not_recovered
published_raw_candidate,driftmapR-S07-R1-r1-final-raw02-raw-csv-002-products-part-001.tar.gz,48669930,484a5b83c08bd0b7d5c850a016623055aa08007b227c7b96415f9f88488a38d3,libfile_8cdd4d46aad081919f834742560ce5d9,file_00000000ce4881fd87e7e5dfc3f42e25,0,references/historical-recovery009-dependencies/PUBLICATION-INDEX.json,not_recovered
publication_support,r1-final-raw02-raw-csv-002-archive-receipt.json,2629287,5e9e421ab96ecc7e9102814d1931d8d67f9f400dbc3f349b162f0036733efa60,libfile_8380a8cff3e08191922b45c69a96faad,file_000000002ebc820ca3a38f7ee91e304d,0,references/historical-recovery009-dependencies/PUBLICATION-INDEX.json,not_recovered
publication_support,r1-final-raw02-raw-csv-002-products-catalog.csv,711586,8e6bf56f51253e2f420acc8a8531dea90ced1311e426613bb15699d74ba2bda7,libfile_a2a7ead2a2c481918f6657672c2d7e2f,file_00000000496481f79af09e91e42e4c35,0,references/historical-recovery009-dependencies/PUBLICATION-INDEX.json,not_recovered
publication_support,r1-final-raw02-raw-csv-002-input-binding.json,470049,f044515c8b1117ad37ee429eacea04643b33b2bb17cb5f10604480645f38f216,libfile_54eb94c42da48191b9b8243d57ab8a1f,file_00000000df0881f58d9ef7bdb222f7ae,0,references/historical-recovery009-dependencies/PUBLICATION-INDEX.json,not_recovered
published_raw_candidate,driftmapR-S07-R1-r1-final-raw02-raw-csv-003-products-part-001.tar.gz,52478213,75a802789c2577cffaf6b2953f09aa058f4fdd8e666dd46ced06ba75be558c68,libfile_b253c218daac8191920b374f90f38196,file_00000000732481f5aae0d1ef229d0412,0,references/historical-recovery009-dependencies/PUBLICATION-INDEX.json,not_recovered
publication_support,r1-final-raw02-raw-csv-003-archive-receipt.json,3102026,25c718c216d1b5acfe1afb11520589d57cd5fb3b255d90d8d3dcb6fdc8b9c7b9,libfile_03c0cbe657408191b648809b1acec7b1,file_00000000968881f5ba2bc21c90722515,0,references/historical-recovery009-dependencies/PUBLICATION-INDEX.json,not_recovered
publication_support,r1-final-raw02-raw-csv-003-products-catalog.csv,839727,59683f865bc433e1d695ce27bb7fe458618ceda4b1b1c6f8a4bc6211e0f20e4e,libfile_59c1a9a9cf8081918d65568819f6a7f2,file_000000007e8881f5a44baf4c0ccd52db,0,references/historical-recovery009-dependencies/PUBLICATION-INDEX.json,not_recovered
publication_support,r1-final-raw02-raw-csv-003-input-binding.json,554381,1df54802139f984bf6994e1739d17eec4b297e265510690f4d0524ecc08ba723,libfile_c013c4b9c1b88191a7b8736d6ded66da,file_00000000ffac81f58c5f6c5e9fc66646,0,references/historical-recovery009-dependencies/PUBLICATION-INDEX.json,not_recovered
published_raw_candidate,driftmapR-S07-R1-r1-final-raw02-raw-csv-004-products-part-001.tar.gz,53911293,eca4856a16f8c4fd36204d0903c49687139e775ab7f0066d4011d124ab36db98,libfile_f8a4fd3baf0881918310388b0c7c5e46,file_00000000d17c81f5a02d4c98fab416af,0,references/historical-recovery009-dependencies/PUBLICATION-INDEX.json,not_recovered
publication_support,r1-final-raw02-raw-csv-004-archive-receipt.json,2870648,68c6e53f0898187e8cbf75052e384dc16180bf7333922fbd65408d241fb9e1f1,libfile_e145afe104008191aeffbe254c0ca276,file_000000002c7881f5ab34fb16cc286611,0,references/historical-recovery009-dependencies/PUBLICATION-INDEX.json,not_recovered
publication_support,r1-final-raw02-raw-csv-004-products-catalog.csv,777093,b72a922f0e6c2d2b8aa8e2604648b2af892dfa8b974b2d66ab0c30c75e61fce1,libfile_2896f99f43788191959ec18d4b4442d6,file_00000000a8dc81f5b80e248ff16f3d40,0,references/historical-recovery009-dependencies/PUBLICATION-INDEX.json,not_recovered
publication_support,r1-final-raw02-raw-csv-004-input-binding.json,513085,d9d469166fa2d79f2ad2cbfc245fe3ea93104513f226cea2518acfbe75a46db6,libfile_f852fbc75ce0819197e32b156e883178,file_00000000ade881f7aa3427f937e24f0e,0,references/historical-recovery009-dependencies/PUBLICATION-INDEX.json,not_recovered
published_raw_candidate,driftmapR-S07-R1-r1-final-raw02-raw-csv-005-products-part-001.tar.gz,47223128,9d12103476d12e94166b255d6237c56c8b4adfd258dced003ce8ee08eaad7f14,libfile_2bddf8314f9c8191aaafe554c5f60203,file_0000000031e0822fb5e5e1c5809e3ba0,0,references/historical-recovery009-dependencies/PUBLICATION-INDEX.json,not_recovered
publication_support,r1-final-raw02-raw-csv-005-archive-receipt.json,2689596,67faf7f300b8a841bc8124fa26f5eb861470b1d4f5cd2e90ca27e2cc54f3466f,libfile_e2409cfa1b3c81919452fc4972f0a4f0,file_000000006f4c822fbae6aed2945d6890,0,references/historical-recovery009-dependencies/PUBLICATION-INDEX.json,not_recovered
publication_support,r1-final-raw02-raw-csv-005-products-catalog.csv,728050,f186523a812dfd93afe5d64b4d453ccd18d4dcbf2d6a97128d9d4bb5298696c3,libfile_04b486462fe0819183224a665255d885,file_000000001ce4822fabbcc09da06d8739,0,references/historical-recovery009-dependencies/PUBLICATION-INDEX.json,not_recovered
publication_support,r1-final-raw02-raw-csv-005-input-binding.json,480779,b98c30eaaad5df945826784bf0f85fc6da539f8f19ce203b8917e3b0aa360632,libfile_d5727f2c8d348191bb9c8b8b5b0bac5e,file_00000000887c822fa8dc79cbb98783ff,0,references/historical-recovery009-dependencies/PUBLICATION-INDEX.json,not_recovered
published_raw_candidate,driftmapR-S07-R1-r1-final-raw02-raw-csv-006-products-part-001.tar.gz,34620418,2736f802fbe624d3dc765118d482a2eb3f9f77a62a53180fbe374805c421f886,libfile_d8bd651b64e081918e5ec65b64bde1d1,file_000000005c4881f79197c05f685ad508,0,references/historical-recovery009-dependencies/PUBLICATION-INDEX.json,not_recovered
publication_support,r1-final-raw02-raw-csv-006-archive-receipt.json,527410,8f0572f00c458328f8dac8eb77909677e6c26ffbd891fb9a699149078868c2ea,libfile_471e6a7d9c8c8191a3292272c6b899bd,file_00000000d1b881f7a810dcd7a3ce94ef,0,references/historical-recovery009-dependencies/PUBLICATION-INDEX.json,not_recovered
publication_support,r1-final-raw02-raw-csv-006-products-catalog.csv,143573,64256a1c57c66ece86800a2252d17d709d2beadcb8c059920279ffb298a1d888,libfile_f6c374f39a108191b7a579feb3096f93,file_0000000053c881fdaecd6b71ab293b32,0,references/historical-recovery009-dependencies/PUBLICATION-INDEX.json,not_recovered
publication_support,r1-final-raw02-raw-csv-006-input-binding.json,94673,57919520215a3b4b755e92b28435449a56d91315ed2b3c793b2995542726eb22,libfile_32ee3adaeb2c8191ac06511446b6d9de,file_0000000046c481fb816ebe59e18f8a5d,0,references/historical-recovery009-dependencies/PUBLICATION-INDEX.json,not_recovered
published_raw_candidate,driftmapR-S07-R1-r1-final-raw03-raw-csv-001-products-part-001.tar.gz,49303606,1b7ac7eceda7a815554abf8223cd76f0405b90bb795a70cb3dfeb395b18994a9,libfile_58030e760dcc8191913598068c0f58a9,file_000000004d4881f5880c23476a9d998b,0,references/historical-recovery009-dependencies/PUBLICATION-INDEX.json,not_recovered
publication_support,r1-final-raw03-raw-csv-001-archive-receipt.json,530349,c23c57c2d3bd039a2f3dfa649db1dfa4fa8a94ada11128e1d14437eb6cdd6459,libfile_48a9da9fcf048191bb37f7f8e42ab618,file_00000000861c81f58d5731cde540bffa,0,references/historical-recovery009-dependencies/PUBLICATION-INDEX.json,not_recovered
publication_support,r1-final-raw03-raw-csv-001-products-catalog.csv,144379,a0d9345b1ebf5238ebf2156773171ecd143ab4b8f40e1189abd30f301f4398d2,libfile_4638e1b533b881919b3297703b0d186f,file_00000000117c81f58314063a67a02eba,0,references/historical-recovery009-dependencies/PUBLICATION-INDEX.json,not_recovered
publication_support,r1-final-raw03-raw-csv-001-input-binding.json,95267,345ad68b2e06eb56466439ec0bae7da4bdbc780e20114d796119c34ed54c4245,libfile_36345096e4248191a57bfd14e93944f7,file_00000000107c81f5a2bdc2b730e2d2aa,0,references/historical-recovery009-dependencies/PUBLICATION-INDEX.json,not_recovered
published_raw_candidate,driftmapR-S07-R1-r1-final-raw03-raw-csv-002-products-part-001.tar.gz,34992614,6f57623ce2a80472cc99890dcad1fef5ba34e8cefe557e94bc42755dad14ab15,libfile_12a2b4c27d5081919741f2979dcbb622,file_00000000be8c81f58ff125ac858cd43e,0,references/historical-recovery009-dependencies/PUBLICATION-INDEX.json,not_recovered
publication_support,r1-final-raw03-raw-csv-002-archive-receipt.json,528715,e5f953564b185b40c0d21ee21e1211d0e72fabce99cb82555063a0b30745aa0b,libfile_a23f9242249481919e9d299cde81d094,file_00000000639c81f588f1381bcd3bae49,0,references/historical-recovery009-dependencies/PUBLICATION-INDEX.json,not_recovered
publication_support,r1-final-raw03-raw-csv-002-products-catalog.csv,143930,2622e5c78989a1bc170a0c85cf2d1880af4b0e570856fc776bceb8fb42f3fa33,libfile_933079649d908191ab475a53bd4dfdda,file_000000008af481f58921a2e06e429bcc,0,references/historical-recovery009-dependencies/PUBLICATION-INDEX.json,not_recovered
publication_support,r1-final-raw03-raw-csv-002-input-binding.json,94977,b99452c426c161cccb8f75901992171dba242956ef3c314ce8d5e14178506167,libfile_f641eec390d08191aefa8b4f8ca5b5f3,file_00000000970481f5befa63804a6a801f,0,references/historical-recovery009-dependencies/PUBLICATION-INDEX.json,not_recovered
published_raw_candidate,driftmapR-S07-R1-r1-final-raw03-raw-csv-003-products-part-001.tar.gz,34942622,61bdad8d3456d41c512eec0af6655af9fc4f2a3bb2c5919d6035124673902489,libfile_992b4827489c819182aeafb210156be3,file_00000000198881f5958a94abebf340b4,0,references/historical-recovery009-dependencies/PUBLICATION-INDEX.json,not_recovered
publication_support,r1-final-raw03-raw-csv-003-archive-receipt.json,528715,ea432545426bc0819828795800110b73318ca8f59bc42ab2db6fd0ed99ac2ba1,libfile_303f7ecacd3481919247a16733d5ebd0,file_0000000017dc81f9820952c308396812,0,references/historical-recovery009-dependencies/PUBLICATION-INDEX.json,not_recovered
publication_support,r1-final-raw03-raw-csv-003-products-catalog.csv,143930,538e9450734239e87e41336c895b71810df91baeaa552770306039496ffd7dde,libfile_6637ff2dbf0c8191ba315b74b38c1160,file_00000000cf7882309e252ce02bb09ce9,0,references/historical-recovery009-dependencies/PUBLICATION-INDEX.json,not_recovered
publication_support,r1-final-raw03-raw-csv-003-input-binding.json,94977,8d2743af48785e97f9894794387c63f637de9a1e1579d18670b0d74a2b178361,libfile_02f6821d57cc8191874dfb85bf417222,file_00000000495481f79bd64bf14b091e82,0,references/historical-recovery009-dependencies/PUBLICATION-INDEX.json,not_recovered
published_raw_candidate,driftmapR-S07-R1-r1-final-raw03-raw-csv-004-products-part-001.tar.gz,34940318,bef110dee7c359ed9309957a7b1c9927b5ef0796892af49bf9da992ddd68bebc,libfile_d546d27310b8819180ee8d271b9cacb8,file_0000000023e481f9b3402d47cc2c72f9,0,references/historical-recovery009-dependencies/PUBLICATION-INDEX.json,not_recovered
publication_support,r1-final-raw03-raw-csv-004-archive-receipt.json,528715,63a6c9d1f160eaaba5f89565faee955a4133972aed3a0cf428815c04783b1d8a,libfile_7aadeda436cc8191a62670d07621995b,file_00000000d76881f99cff9b9d529da756,0,references/historical-recovery009-dependencies/PUBLICATION-INDEX.json,not_recovered
publication_support,r1-final-raw03-raw-csv-004-products-catalog.csv,143930,6992848ae166e9099fc0327a1ca9733f841a42c0fbbfa11521dcc6ebb6b4a879,libfile_9e9ae31e3c2c81919664ed2d7f69f5f2,file_0000000013d881f9b57b31e764347915,0,references/historical-recovery009-dependencies/PUBLICATION-INDEX.json,not_recovered
publication_support,r1-final-raw03-raw-csv-004-input-binding.json,94977,2240880a842f7410a477cc1187688aea754e0aaa6be4120358fb7bb0d736de67,libfile_257fa0bd692081919ed8bf2b8181606f,file_00000000525881f9ac82dfa6d28c3372,0,references/historical-recovery009-dependencies/PUBLICATION-INDEX.json,not_recovered
published_raw_candidate,driftmapR-S07-R1-r1-final-raw03-raw-csv-005-products-part-001.tar.gz,34955028,8248f9756c021cd7caca180acad63e757e8f1ad2889fa6c2eb035202db3b95e1,libfile_8544f95e7c0c81918caff120c7285661,file_000000008f5081f5a83065304525d2dc,0,references/historical-recovery009-dependencies/PUBLICATION-INDEX.json,not_recovered
publication_support,r1-final-raw03-raw-csv-005-archive-receipt.json,528715,a9be43c32b8de29b19c87983e3192a2858cadf35a730d4a37f4fb6fc76232f30,libfile_f522fbd30f2081919dad17e6ad4e4308,file_000000009bc081f5b82538124d5d3b74,0,references/historical-recovery009-dependencies/PUBLICATION-INDEX.json,not_recovered
publication_support,r1-final-raw03-raw-csv-005-products-catalog.csv,143930,cd3a4c60f3d8a84b9aa81ba2bb6659e31099cc623c8a55bdce33eb14dff29c54,libfile_5e2bbb5f24248191acdd1fe667872bc1,file_00000000514c81f596e5dea3d4b3e323,0,references/historical-recovery009-dependencies/PUBLICATION-INDEX.json,not_recovered
publication_support,r1-final-raw03-raw-csv-005-input-binding.json,94977,e94d20306d17d7c750ad5b11a7a41c4c3bfce55916bace30db0ea0ed6b8bcaef,libfile_db5a092c57048191ad5e40c8617b522d,file_00000000a49c81f5bb665b0283d746ac,0,references/historical-recovery009-dependencies/PUBLICATION-INDEX.json,not_recovered
published_raw_candidate,driftmapR-S07-R1-r1-final-raw03-raw-csv-006-products-part-001.tar.gz,34977175,cf834f90eda69da87f94b6b29e737fb3e0d239669642cb68ab360e9d6381e373,libfile_782ed16365c0819196d6c4e56f7d9cab,file_000000001ef481f5b21ab0a8fbbdf2f3,0,references/historical-recovery009-dependencies/PUBLICATION-INDEX.json,not_recovered
publication_support,r1-final-raw03-raw-csv-006-archive-receipt.json,528715,ebcd880d1352bbadd26e96d27032f9dbcffa18f7b9babd31cbb24025e8127493,libfile_dd65e8874f008191b90727bf627d6c39,file_00000000892c81f5bf2eff02d0774c6c,0,references/historical-recovery009-dependencies/PUBLICATION-INDEX.json,not_recovered
publication_support,r1-final-raw03-raw-csv-006-products-catalog.csv,143930,c3c2ae7b971cec2f59fdb06f3357554122ab6386d0a03d5d10783962cd87a799,libfile_ba897a66fbc88191add846d1e02770ba,file_00000000657481f5835f04be1b8dda1f,0,references/historical-recovery009-dependencies/PUBLICATION-INDEX.json,not_recovered
publication_support,r1-final-raw03-raw-csv-006-input-binding.json,94977,583549b29c2dcf795e8aa000370daeb2a27f579f2dccd479537fac7fd50a19a7,libfile_958be8bc30fc81918a400cc1928d9218,file_00000000a57481f586c414edcc09615f,0,references/historical-recovery009-dependencies/PUBLICATION-INDEX.json,not_recovered
published_raw_candidate,driftmapR-S07-R1-r1-final-raw03-raw-csv-007-products-part-001.tar.gz,35060304,139f12f990d28bba82bcd00f8be9e78acd395085f5734983dfbe65e83c44e844,libfile_497ab492402081918f102050d8fb6318,file_00000000de6481f5988c3c8745a6912b,0,references/historical-recovery009-dependencies/PUBLICATION-INDEX.json,not_recovered
publication_support,r1-final-raw03-raw-csv-007-archive-receipt.json,528715,cd4a8aed5594ed91f66f84773ceca2458cdd0242acf431941b408fada5056c97,libfile_3ec32e02cdc8819190be9885c8a31dc4,file_000000002db081f59c29cb157ea63196,0,references/historical-recovery009-dependencies/PUBLICATION-INDEX.json,not_recovered
publication_support,r1-final-raw03-raw-csv-007-products-catalog.csv,143930,507ec20a34cfcd3615e0532dd7962baea8acc4789c79e6fc18293a340f53373c,libfile_ba8b25aa79048191b1410eead6789aa5,file_000000009c2881f5a0b0a1d64308fe25,0,references/historical-recovery009-dependencies/PUBLICATION-INDEX.json,not_recovered
publication_support,r1-final-raw03-raw-csv-007-input-binding.json,94977,260f9247d0a33dc974c3ab0990b9c983945d2c0b65853c7f8506559d06c5181e,libfile_d8260a39f16481919293cb5baaa04c55,file_00000000412881f5ad40dd913f5a9ade,0,references/historical-recovery009-dependencies/PUBLICATION-INDEX.json,not_recovered
published_raw_candidate,driftmapR-S07-R1-r1-final-raw03-raw-csv-008-products-part-001.tar.gz,20691947,31fb468678cdf475bc8425760676b4ef9047aa2090a61570261476f7bb370f0a,libfile_5e45418ad7fc8191ad0005259fa48a8b,file_00000000c15081f792ad39320ea80a08,0,references/historical-recovery009-dependencies/PUBLICATION-INDEX.json,not_recovered
publication_support,r1-final-raw03-raw-csv-008-archive-receipt.json,527081,0c1223986f288f7ea0d526fb54ab9f020a40f8b7a993bdc911719b0b51481c44,libfile_bb3fd1190a508191a42a7f54cc0995db,file_00000000c44081f69b9452895ebe2ee7,0,references/historical-recovery009-dependencies/PUBLICATION-INDEX.json,not_recovered
publication_support,r1-final-raw03-raw-csv-008-products-catalog.csv,143481,a735de90840292d76c5b4a098f3173e5e196503bf15be813b9f49aae9ed5c10c,libfile_8e168c7974b88191992a92d4d90ba7f8,file_00000000546c81f7b24761d15e9a7f7f,0,references/historical-recovery009-dependencies/PUBLICATION-INDEX.json,not_recovered
publication_support,r1-final-raw03-raw-csv-008-input-binding.json,94687,fb58577c6dbd0c08ad3cb80c434e427bc56de66bb33b2e435822ee5e47b3aab0,libfile_75d5c872384c8191929acdd28b100e65,file_00000000cab881f7a5f6bb2159a81800,0,references/historical-recovery009-dependencies/PUBLICATION-INDEX.json,not_recovered
published_raw_candidate,driftmapR-S07-R1-r1-final-raw04-raw-csv-001-products-part-001.tar.gz,49410927,53284d7ad84d63e829d1fd6f59e65a9fdf5fb0c653ea9b28faf980c88c4469ac,libfile_44ccd9b5a1e0819183cc833072ccdbf9,file_00000000215081f5a67ce930dcca4536,0,references/historical-recovery009-dependencies/PUBLICATION-INDEX.json,not_recovered
publication_support,r1-final-raw04-raw-csv-001-archive-receipt.json,530349,1ae56ae06d0e4bff5d62d33e2b40bec97e7f3a3e8c216c32379fa74e05baaba5,libfile_d51b17b79a3c8191b45ffbe30c3f5537,file_00000000472481f5b82bad04e29eac24,0,references/historical-recovery009-dependencies/PUBLICATION-INDEX.json,not_recovered
publication_support,r1-final-raw04-raw-csv-001-products-catalog.csv,144379,f9ad5702c0b3325ecb146c17cdec38292e10c7b272171932c1b27e314d1d24be,libfile_f20031f0116c8191b6b463996e071976,file_0000000035dc81f5ac611f447169e05a,0,references/historical-recovery009-dependencies/PUBLICATION-INDEX.json,not_recovered
publication_support,r1-final-raw04-raw-csv-001-input-binding.json,95267,ac7bf7bfe851fc6a3ed3555fc991e06de48c65d3907b4a6f68b6778e4c29bff8,libfile_3c7848edd9ac8191addde6a6a2c7760b,file_000000004efc81f5968d447bbd4ef6c9,0,references/historical-recovery009-dependencies/PUBLICATION-INDEX.json,not_recovered
published_raw_candidate,driftmapR-S07-R1-r1-final-raw04-raw-csv-002-products-part-001.tar.gz,34969177,7a37b50a71e967e2b4688bd98d1614a1a01eb223b0d9bedc22cc5067b4ad81a8,libfile_a1b66a8dc7c08191b6db7c8271369cdc,file_000000007e1481f5a9ba713ca488bebe,0,references/historical-recovery009-dependencies/PUBLICATION-INDEX.json,not_recovered
publication_support,r1-final-raw04-raw-csv-002-archive-receipt.json,528715,203599e4e228046828586e53366ebe4d377bb97847bdacd87751c37860734f7d,libfile_c2b72928154c819193b4e5bde5e0f9e2,file_00000000997081f5b533241aa1caef05,0,references/historical-recovery009-dependencies/PUBLICATION-INDEX.json,not_recovered
publication_support,r1-final-raw04-raw-csv-002-products-catalog.csv,143930,85f64df54f58a1ac9bafa0c70c5d4c52b09bbb4d60e8664825a185b42b70bbf7,libfile_223d76de5984819196e2f1ca87896a82,file_00000000075081f5b69eb7bb57ef04e9,0,references/historical-recovery009-dependencies/PUBLICATION-INDEX.json,not_recovered
publication_support,r1-final-raw04-raw-csv-002-input-binding.json,94977,e69d2359c763f9409d36d60ede09c294e6bd8a75b364e604b22084ca8385230c,libfile_44667e28ccb481919d4f0bf4db1ebc0e,file_00000000dbd481f5ab95c174c55b1893,0,references/historical-recovery009-dependencies/PUBLICATION-INDEX.json,not_recovered
published_raw_candidate,driftmapR-S07-R1-r1-final-raw04-raw-csv-003-products-part-001.tar.gz,35046768,3837e3ddcb0ae855df063b2de7433340b49942597b20cd439145d7f1013cf110,libfile_77022126107881918a63424b591c76a9,file_00000000f3c081f78a6e5b6be6ee31d7,0,references/historical-recovery009-dependencies/PUBLICATION-INDEX.json,not_recovered
publication_support,r1-final-raw04-raw-csv-003-archive-receipt.json,528715,9a09b60a9c903287211dbae88fe369080484cced3d9e253eba8179d8a61a8df0,libfile_945809d01f0481919b0bbaf59c41cf47,file_00000000ac3481f78a729166238aa708,0,references/historical-recovery009-dependencies/PUBLICATION-INDEX.json,not_recovered
publication_support,r1-final-raw04-raw-csv-003-products-catalog.csv,143930,40ded4b5119b574a8e77a5be7722fcee23908f980ae8085fe6c7a870bbee5359,libfile_a921c5fae36081919db4700f1893153c,file_00000000d72881f7a34bb06875af6f4c,0,references/historical-recovery009-dependencies/PUBLICATION-INDEX.json,not_recovered
publication_support,r1-final-raw04-raw-csv-003-input-binding.json,94977,bb32615bf873b63f52d23cc5bcee46ccba82dcafedfa2f4963665738f7be7f0f,libfile_bb4b2b4b90188191a8c19f04aa0cb4a7,file_00000000819081f59f02ecd4471f12ee,0,references/historical-recovery009-dependencies/PUBLICATION-INDEX.json,not_recovered
published_raw_candidate,driftmapR-S07-R1-r1-final-raw04-raw-csv-004-products-part-001.tar.gz,34926614,031aa5bd54d9ec5fe00dd54d9af2062fc94dba24f30fc7d4463064e62a2f64a1,libfile_ea1b832d12b88191ad3999cad58766f5,file_00000000bac081f5bd6e38fb052f68cc,0,references/historical-recovery009-dependencies/PUBLICATION-INDEX.json,not_recovered
publication_support,r1-final-raw04-raw-csv-004-archive-receipt.json,528715,26c55f46c4b59eb6ed196eb657d5a775701c41fdff650b381df014461d903987,libfile_d58970716dc4819191ee66273ef5ad15,file_000000008a9481f594e39201da960d69,0,references/historical-recovery009-dependencies/PUBLICATION-INDEX.json,not_recovered
publication_support,r1-final-raw04-raw-csv-004-products-catalog.csv,143930,bd9822c2e19c0853d2ab77b4077a07bb861e1e4a2c3026182a22fa09070e675e,libfile_bf95cf569a148191a38d772e14798cc7,file_0000000049a881f59547a7bb19b28da3,0,references/historical-recovery009-dependencies/PUBLICATION-INDEX.json,not_recovered
publication_support,r1-final-raw04-raw-csv-004-input-binding.json,94977,8c489d596fed3bfbaae4a1094cb3f012f1b5ab78dbb260ee1d8728b56cb3bf0b,libfile_7e90f2cefb9881918b362792a5e4fe78,file_0000000054e481f5804b303269edaae5,0,references/historical-recovery009-dependencies/PUBLICATION-INDEX.json,not_recovered
published_raw_candidate,driftmapR-S07-R1-r1-final-raw04-raw-csv-005-products-part-001.tar.gz,35066731,c53aa3a7c928d3bb88043dc1188cd2243d3df1b2ee2c2dd67f8d2ef326de1eca,libfile_758bab134d908191b472f5ae685748b0,file_000000008a8481f586930d2d9646ca3e,0,references/historical-recovery009-dependencies/PUBLICATION-INDEX.json,not_recovered
publication_support,r1-final-raw04-raw-csv-005-archive-receipt.json,528715,ce8ca31c2f6270307a9b5d003fc45b90795a68485f2e1669d115f1db660d4436,libfile_c993e928939c8191af17eae5d7f24328,file_000000001f7881f598f99573e44291e6,0,references/historical-recovery009-dependencies/PUBLICATION-INDEX.json,not_recovered
publication_support,r1-final-raw04-raw-csv-005-products-catalog.csv,143930,5669304884bda5e62f9d111c0f30e9f2be7d99abd67082fab702658540abe511,libfile_82b8ec4708d08191b7e38bf6647a0ec2,file_0000000045b481f5974a897289a56cd5,0,references/historical-recovery009-dependencies/PUBLICATION-INDEX.json,not_recovered
publication_support,r1-final-raw04-raw-csv-005-input-binding.json,94977,50905f4c71f0ed1396ff75970181b09652ea612c3c0519f955968dc63fc6666e,libfile_4327f6375804819185196bbab005f121,file_000000006e0c81f5bbbe0126d40fe51d,0,references/historical-recovery009-dependencies/PUBLICATION-INDEX.json,not_recovered
published_raw_candidate,driftmapR-S07-R1-r1-final-raw04-raw-csv-006-products-part-001.tar.gz,34985739,1eeb35c0d1b4b17a48dbb4d0e98a5d0d98ca881dc055972a5b3f99f443784b5a,libfile_45673b13ed70819187fe048988dfcf58,file_00000000981c81f789aacd7e09a50225,0,references/historical-recovery009-dependencies/PUBLICATION-INDEX.json,not_recovered
publication_support,r1-final-raw04-raw-csv-006-archive-receipt.json,528715,14c5194afe7b1f22b78b2363f80d43c7dc737545a91744dc8cbb8d14ead9c4f3,libfile_5fcb82e3b8108191bdeb2e8bcdf689c6,file_000000006dd081f58e007e1ff7ee68a8,0,references/historical-recovery009-dependencies/PUBLICATION-INDEX.json,not_recovered
publication_support,r1-final-raw04-raw-csv-006-products-catalog.csv,143930,996ebb5d9bd1cc5b7b619ca4008acdcd549c57629f27f59920ebc061bdadd8d3,libfile_5a32955355148191a5d6687cae5a8aca,file_00000000911081f7831a71fbefcd63ff,0,references/historical-recovery009-dependencies/PUBLICATION-INDEX.json,not_recovered
publication_support,r1-final-raw04-raw-csv-006-input-binding.json,94977,566a63bbb702e95378ab733a6eba59e040c41834aa8dad88d6087b34c1298466,libfile_d925f0e80774819190222f54f535a1ef,file_00000000621081f79935dd4de58720bd,0,references/historical-recovery009-dependencies/PUBLICATION-INDEX.json,not_recovered
published_raw_candidate,driftmapR-S07-R1-r1-final-raw04-raw-csv-007-products-part-001.tar.gz,35017544,22d1a6aa52e74ba2f85bcf5607e12683cb2f5e2052469e30e30f4b81167d5388,libfile_74197297ca748191ada62a81c3004572,file_00000000659081f5a8bf6a21a02d9ce4,0,references/historical-recovery009-dependencies/PUBLICATION-INDEX.json,not_recovered
publication_support,r1-final-raw04-raw-csv-007-archive-receipt.json,528715,b589b33a8e1ba94e8bd8e2a7fab1ecb833f94314a3889e6b76851b700e11dc06,libfile_024a6e817c54819197f6015bba58f9f4,file_000000002fe881f5b0ce8f0027d2eac0,0,references/historical-recovery009-dependencies/PUBLICATION-INDEX.json,not_recovered
publication_support,r1-final-raw04-raw-csv-007-products-catalog.csv,143930,73c75d4ddb20f5410f62afa287f079f36ce44edfa0dc425574c7f3c59d80597c,libfile_60998d6e161c81919ea44a9659ab0592,file_00000000277081f5b928292a525e0e8a,0,references/historical-recovery009-dependencies/PUBLICATION-INDEX.json,not_recovered
publication_support,r1-final-raw04-raw-csv-007-input-binding.json,94977,aeb4c8442744fe8b478b1b210e8dcf7a8f983811609ad11c88320931253c8e27,libfile_b848745461588191ab55165e40ebfe45,file_000000000c6081f59100945804794674,0,references/historical-recovery009-dependencies/PUBLICATION-INDEX.json,not_recovered
published_raw_candidate,driftmapR-S07-R1-r1-final-raw04-raw-csv-008-products-part-001.tar.gz,20635164,b666dd7599bfe95188fa371a155b13c08485fb71b68c5b028abb58b18a874bec,libfile_a30b5ae3c5e88191be397bf6ea58d14c,file_0000000089bc81f5a4fbcca139077d7d,0,references/historical-recovery009-dependencies/PUBLICATION-INDEX.json,not_recovered
publication_support,r1-final-raw04-raw-csv-008-archive-receipt.json,526754,6c7389c71dd9654f850ef43d67c928d863260ef98535697a5f4b82a03052e1a7,libfile_a502f48ec7c881919731f3506acb5cca,file_00000000b76881f59aa863660f928313,0,references/historical-recovery009-dependencies/PUBLICATION-INDEX.json,not_recovered
publication_support,r1-final-raw04-raw-csv-008-products-catalog.csv,143391,e4043be2f368e7f4370f2fc17b13892f8433ba8b39cf7414b1b1ef9628f534d2,libfile_f63007f14848819198109405f550485a,file_00000000353081f588135e734a286790,0,references/historical-recovery009-dependencies/PUBLICATION-INDEX.json,not_recovered
publication_support,r1-final-raw04-raw-csv-008-input-binding.json,94629,fecb1535d0c6ef83decd7a8c74ffa2eb672a5236323893a54dcb50443dd10d8d,libfile_7f6435d3a9508191ad5e3e3380d3eaa5,file_00000000ce9c81f59845a3d49354d55f,0,references/historical-recovery009-dependencies/PUBLICATION-INDEX.json,not_recovered
published_raw_candidate,driftmapR-S07-R1-r1-final-raw05-raw-csv-001-products-part-001.tar.gz,49330310,266600ffd1d777e942f7fbf052dea8fdb3651077f1d9a703f9b2730d4eb46c81,libfile_20f6256d40688191903a7cb219eec864,file_0000000006b881f6b6dccc19e49a1907,0,references/historical-recovery009-dependencies/PUBLICATION-INDEX.json,not_recovered
publication_support,r1-final-raw05-raw-csv-001-archive-receipt.json,530676,b9cfd1243ee98ebf2ce2b2797abd094dfd4f1deca3671e8469b54473bd9644e1,libfile_34a03eb4d22c81919653143b6f88cc24,file_00000000243481f6a41bbd22ff733d04,0,references/historical-recovery009-dependencies/PUBLICATION-INDEX.json,not_recovered
publication_support,r1-final-raw05-raw-csv-001-products-catalog.csv,144469,a6a02c03cd552102ab620f0dcfcf3216e53a79ccbebf213fe9c75b69eb7efa0d,libfile_a92f1768e840819184c03da1661249d2,file_0000000088cc81f6aa977914ab6dd069,0,references/historical-recovery009-dependencies/PUBLICATION-INDEX.json,not_recovered
publication_support,r1-final-raw05-raw-csv-001-input-binding.json,95253,777db4ff9797213165223bcfe087f4613ff11e28fcd44a1176b834508efbdbc8,libfile_7297fc13b6148191b5a83c53ee99aeb6,file_000000009d8c81f6b17603cbd97daa51,0,references/historical-recovery009-dependencies/PUBLICATION-INDEX.json,not_recovered
published_raw_candidate,driftmapR-S07-R1-r1-final-raw05-raw-csv-002-products-part-001.tar.gz,35029003,43b956edaa6703c0d762723a1ba5286b16a374ce010354beeea6286d5f2efc7d,libfile_025232ce55008191b19db6c4fbd0a2b9,file_0000000071a481f5a63eedf3bb16fd00,0,references/historical-recovery009-dependencies/PUBLICATION-INDEX.json,not_recovered
publication_support,r1-final-raw05-raw-csv-002-archive-receipt.json,528715,47f8006a5d7282771578ab5807253239bfcffc6467db32100bf098dd6d5cc305,libfile_66ad5e770b548191ab2ebeac5de0bbaa,file_00000000c06c81f595fc1cda4983d86e,0,references/historical-recovery009-dependencies/PUBLICATION-INDEX.json,not_recovered
publication_support,r1-final-raw05-raw-csv-002-products-catalog.csv,143930,17636f936dba61b2c9e43d6037a1ff35eb4c4edd6f59f509c69c765799c9923f,libfile_ce448ec23bf4819194fce75aa5e501ed,file_000000004d7c81f5b1f899346f975de1,0,references/historical-recovery009-dependencies/PUBLICATION-INDEX.json,not_recovered
publication_support,r1-final-raw05-raw-csv-002-input-binding.json,94905,268183375a7cad773d7222810eb5da16094b867e8b3a3aea9af823133a825923,libfile_2426010a33ac8191997088053e31f541,file_000000002ac881f5a51ebe1d5d599e34,0,references/historical-recovery009-dependencies/PUBLICATION-INDEX.json,not_recovered
published_raw_candidate,driftmapR-S07-R1-r1-final-raw05-raw-csv-003-products-part-001.tar.gz,47105107,f2a22a4c3a39ad2466142c2cd000a0c49a66a471bdbf153722e9446ff3d2a5d2,libfile_31db84fd9128819185f59fa4efa5469d,file_00000000db50822f9123dcd9507d4003,0,references/historical-recovery009-dependencies/PUBLICATION-INDEX.json,not_recovered
publication_support,r1-final-raw05-raw-csv-003-archive-receipt.json,932947,199b2fcb24fe325675546cb74a1f2fbf65711e667b34848eead43b8a85961dd6,libfile_6d7cdcad2c30819181de353717b6887c,file_000000003b84822fb5143faa02cf6b04,0,references/historical-recovery009-dependencies/PUBLICATION-INDEX.json,not_recovered
publication_support,r1-final-raw05-raw-csv-003-products-catalog.csv,254282,1ea4be3326acd55794827363d7bc5c796a07c22f51f0da4edc32a60e303d4093,libfile_dec6b3986c408191989285c2b8edc36c,file_000000002ebc822fa125cb310fa261b3,0,references/historical-recovery009-dependencies/PUBLICATION-INDEX.json,not_recovered
publication_support,r1-final-raw05-raw-csv-003-input-binding.json,166825,fc5cfc2b3cfba38fade504a47f7789b8ad6d749640d4e250218c34b922ff34c7,libfile_b3eccdb430a48191959eb522ecc27425,file_00000000c874822fb52e2d098073d2fc,0,references/historical-recovery009-dependencies/PUBLICATION-INDEX.json,not_recovered
published_raw_candidate,driftmapR-S07-R1-r1-final-raw05-raw-csv-004-products-part-001.tar.gz,47821262,f6a77d312e0a4d7761c916e3099b5e93595b99c67d65e8ed408e4b6f0ff2eb27,libfile_47232309a2cc8191b94b911217e7643e,file_00000000297481f58cb8c65f25d73854,0,references/historical-recovery009-dependencies/PUBLICATION-INDEX.json,not_recovered
publication_support,r1-final-raw05-raw-csv-004-archive-receipt.json,684867,a881ef6a8b553d890652ee36406937e890d72be25650ae70a872b024b57b1fbd,libfile_65fd470f19bc8191b4572a1d7437aa07,file_0000000023fc81f587ba12a196f0aae2,0,references/historical-recovery009-dependencies/PUBLICATION-INDEX.json,not_recovered
publication_support,r1-final-raw05-raw-csv-004-products-catalog.csv,186559,0be0fde836a7a2aadcbb2c396dd48d4aba107e9e21c964550832c55f5559583d,libfile_82e470e12898819186752e4e809841e5,file_00000000142c81f58be4461c4144cc33,0,references/historical-recovery009-dependencies/PUBLICATION-INDEX.json,not_recovered
publication_support,r1-final-raw05-raw-csv-004-input-binding.json,122687,098dd75a8946fbc7d0d2883529ddf6b27aa31981a60f8d7ec06b7da087397227,libfile_30caf785c888819191f8a5a9324972be,file_00000000d78481f5935b30d6d9fa3fa3,0,references/historical-recovery009-dependencies/PUBLICATION-INDEX.json,not_recovered
published_raw_candidate,driftmapR-S07-R1-r1-final-raw05-raw-csv-005-products-part-001.tar.gz,49229504,155e460baaaee48b094a4f3cae836a133a1ce4195f1d4878d963bb136132bf31,libfile_10212cf2e94881919c797a3b89a0dcec,file_0000000093bc81f588994503ad650e29,0,references/historical-recovery009-dependencies/PUBLICATION-INDEX.json,not_recovered
publication_support,r1-final-raw05-raw-csv-005-archive-receipt.json,816889,9412c00f955dbcd4ec98070ff74b43277a6be53af733685283e64e5f08d7ecf4,libfile_2aa3dd8c4b74819183726f36e71bf29a,file_00000000629481f59034771fe821c542,0,references/historical-recovery009-dependencies/PUBLICATION-INDEX.json,not_recovered
publication_support,r1-final-raw05-raw-csv-005-products-catalog.csv,222596,23b803f5c737c6a1bba3efb9edfca7552c8c770550a1dc72e65916aa13898f88,libfile_d5787309e2548191903fab2ab233bbf4,file_00000000d4bc81f58a99c526b1bf3773,0,references/historical-recovery009-dependencies/PUBLICATION-INDEX.json,not_recovered
publication_support,r1-final-raw05-raw-csv-005-input-binding.json,146177,03bb8a41d0a609ac0b1e594af76647c51c7200faf080dfaf440deb63981f5994,libfile_d17e94bc62988191883d69dd7fc8c6ad,file_00000000fea881f5afc922881a5226c8,0,references/historical-recovery009-dependencies/PUBLICATION-INDEX.json,not_recovered
published_raw_candidate,driftmapR-S07-R1-r1-final-raw05-raw-csv-006-products-part-001.tar.gz,44002152,52d9daf2b9aaf929579ce77e2795ce9a3dc4eb9cc7b3e7a3fc443faa9340b6cf,libfile_8d634fc5429c8191be14d607ad6b90aa,file_00000000c03881f585e6da9165c277f4,0,references/historical-recovery009-dependencies/PUBLICATION-INDEX.json,not_recovered
publication_support,r1-final-raw05-raw-csv-006-archive-receipt.json,679972,c886031161f86e8e37846f887fb16e2faee488278b04b2ae7ec909b67219724d,libfile_379d813354908191b5b73cd88f80681c,file_00000000395481f5af8425d67f146679,0,references/historical-recovery009-dependencies/PUBLICATION-INDEX.json,not_recovered
publication_support,r1-final-raw05-raw-csv-006-products-catalog.csv,185219,3ddc11b188a2a12f5f005b5dab8ca95f70d51f3bfe6c15f81ef9bd2fb7d6b4bf,libfile_dfab20ab42048191b51405659b399cef,file_00000000cef081f5862609c09a38c6be,0,references/historical-recovery009-dependencies/PUBLICATION-INDEX.json,not_recovered
publication_support,r1-final-raw05-raw-csv-006-input-binding.json,121817,bc5e5731790b191288ef735cfab2f31e43c700641d1e9f27cfd6058f374f79e9,libfile_c51e8d12f84c8191b546132a9163f2cb,file_00000000e84c81f585d45e756701d914,0,references/historical-recovery009-dependencies/PUBLICATION-INDEX.json,not_recovered
publication_support,r1-final-raw20260921-01-raw-csv-001-archive-receipt.json,2631302,d89a55f54f619988ad8d0b022d866fb1daaee4942b4ce8c433db18ad98fc717b,libfile_b630693afeec819189b0b3530aff5cdc,file_000000007c4481fd97e8f662f0a24c82,0,references/historical-recovery009-dependencies/PUBLICATION-INDEX.json,not_recovered
publication_support,r1-final-raw20260921-01-raw-csv-001-products-catalog.csv,712125,53b1e4c8f29ddcde9e4363f9b28e47feff727bfe6af065776627dabd70c66ef9,libfile_54f5e2ae58ac819185808ad137f21b10,file_000000006c2c81fd9db1f29301c892d4,0,references/historical-recovery009-dependencies/PUBLICATION-INDEX.json,not_recovered
publication_support,r1-final-raw20260921-01-raw-csv-001-input-binding.json,470487,896c3b1794ceaa37672f2721e5db3b9f29596c38ffba1a3fe688342f30572f05,libfile_fe33df065e0081919c4f425e266f80d5,file_00000000a0c881fd93957d6886b68839,0,references/historical-recovery009-dependencies/PUBLICATION-INDEX.json,not_recovered
publication_support,r1-final-raw20260921-01-raw-csv-002-archive-receipt.json,2629341,a10bab58b9ff90fcd08a54afe61d28bcf381c9652d178d1cf0a56e032f60fa06,libfile_0e12c284180481918897846bfce00985,file_00000000e01881fd811bd2f68daf4e0b,0,references/historical-recovery009-dependencies/PUBLICATION-INDEX.json,not_recovered
publication_support,r1-final-raw20260921-01-raw-csv-002-products-catalog.csv,711586,eeadcc81eae18b0697267a17d6194a1752e6ee3d94976bde7ed440c6fbb4df66,libfile_b4f234747f1481918d6d2bb62d77fa77,file_00000000f56c81fda2e7a062573d432a,0,references/historical-recovery009-dependencies/PUBLICATION-INDEX.json,not_recovered
publication_support,r1-final-raw20260921-01-raw-csv-002-input-binding.json,470139,1df33d074fa13f08ccb877217bb301f96888d11871b3b452642860a69b81da1d,libfile_ab5d881cecac8191b5ddccf3d3b9dfd5,file_00000000b70881fd9660283514a019c4,0,references/historical-recovery009-dependencies/PUBLICATION-INDEX.json,not_recovered
publication_support,r1-final-raw20260921-01-raw-csv-003-archive-receipt.json,2629341,d48817ddd4c884bbb372db79a63c7cd45d0146bda2abc70263ca9958074900d2,libfile_f3bacdf668288191bed5615c605a5847,file_00000000803881fd8c99ea49e61bd58f,0,references/historical-recovery009-dependencies/PUBLICATION-INDEX.json,not_recovered
publication_support,r1-final-raw20260921-01-raw-csv-003-products-catalog.csv,711586,a5fa0e6a04f214375542803ae262a4cd3b43f217f711cae7fbd8c583f18dc7b0,libfile_66c54d4b21648191b25faf749a088545,file_00000000817c81fda4bd35ca6657e912,0,references/historical-recovery009-dependencies/PUBLICATION-INDEX.json,not_recovered
publication_support,r1-final-raw20260921-01-raw-csv-003-input-binding.json,470139,43ee8424039b0093699512b68b2ea934922a006c891cbdadddab8349b85dcc1e,libfile_ccc5e20c888881918de1f28062601ae6,file_00000000532881fdbe0ca3754bb1e80d,0,references/historical-recovery009-dependencies/PUBLICATION-INDEX.json,not_recovered
publication_support,r1-final-raw20260921-01-raw-csv-004-archive-receipt.json,3035628,5fccf9cfa6d3d0c980f9a88fbf98788e711c4276f154b2f40dcf261b260aa33c,libfile_0b0106e65a588191b9bc1fbc68477451,file_000000004ad081fdbea37368bee043ad,0,references/historical-recovery009-dependencies/PUBLICATION-INDEX.json,not_recovered
publication_support,r1-final-raw20260921-01-raw-csv-004-products-catalog.csv,821623,74d8dec0b0b001d875477790e38a91bf201c9d8dc71a75a8577fdae22e5247e2,libfile_b876f401b7e481918c4a3cb85ecbb33f,file_00000000c13481fd825052991039e356,0,references/historical-recovery009-dependencies/PUBLICATION-INDEX.json,not_recovered
publication_support,r1-final-raw20260921-01-raw-csv-004-input-binding.json,542639,3fbf6139e7bbe26c6b224c671c5cbf1c8048c1b14d8ab28dd81c88756521ccad,libfile_30ff430610608191bbb07ce0a958374e,file_00000000dc9481fda903a21dd936f413,0,references/historical-recovery009-dependencies/PUBLICATION-INDEX.json,not_recovered
publication_support,r1-final-raw20260921-01-raw-csv-005-archive-receipt.json,2883702,eb58ea305b114ad50eb4085c073612c45de93d306d87be55c3af02ef3b7dfd3d,libfile_dc0064328acc8191be60299f83e385d8,file_0000000029f481fda968d2a606c37c64,0,references/historical-recovery009-dependencies/PUBLICATION-INDEX.json,not_recovered
publication_support,r1-final-raw20260921-01-raw-csv-005-products-catalog.csv,780613,a4277defbef1f91d033800c80df8c955dfacf44b4e80e2ad086377764907c18c,libfile_8f6889c2497881919ab00dddf5f0a31b,file_00000000cc8081fdb3fc0d29c6f5df46,0,references/historical-recovery009-dependencies/PUBLICATION-INDEX.json,not_recovered
publication_support,r1-final-raw20260921-01-raw-csv-005-input-binding.json,515495,e3dd3eda4b4a9eee8e0fb77974a53270271b469e2da38facb114aa4c1d7d2114,libfile_50fabb21161081919b235b4db4c76e71,file_00000000892c81fd98e63f04631dad06,0,references/historical-recovery009-dependencies/PUBLICATION-INDEX.json,not_recovered
publication_support,r1-final-raw20260921-01-raw-csv-006-archive-receipt.json,1319953,d735bb723695f7a7888a649fd6c4bfc33b943f33d8fd7b0097fcc7ea3809e7d1,libfile_fa0e015ab13481919d05a14b85b9a4e4,file_000000002d2081fb9033f24261e9d719,0,references/historical-recovery009-dependencies/PUBLICATION-INDEX.json,not_recovered
publication_support,r1-final-raw20260921-01-raw-csv-006-products-catalog.csv,357072,7ac855e0a6e0573394277851f8fe0c706545136777da3b39fe4ffb54742ad87d,libfile_5dd82d9f2924819189ab5af9e5ce0182,file_00000000d80c81fbbcb70f21b5f96638,0,references/historical-recovery009-dependencies/PUBLICATION-INDEX.json,not_recovered
publication_support,r1-final-raw20260921-01-raw-csv-006-input-binding.json,236456,28c56bf4c936ff4d7aeadcee0518458a233cf39ad0723f0845c73195551fcae1,libfile_df87221ec9fc8191a556d616c98bc317,file_000000007c4081fba8dc5dc79edb58f7,0,references/historical-recovery009-dependencies/PUBLICATION-INDEX.json,not_recovered
publication_support,r1-final-raw20260921-02-raw-csv-001-archive-receipt.json,2857057,bf81182c1dbbcb3508f4315cc01defa233bee9ea481d2afd421e72715e7cd268,libfile_798d67a46684819193c0d4537e8bc26b,file_00000000b15881fdba3b354619efad83,0,references/historical-recovery009-dependencies/PUBLICATION-INDEX.json,not_recovered
publication_support,r1-final-raw20260921-02-raw-csv-001-products-catalog.csv,773402,16846f85351c4a59833845495e04f3e5ace40d8b377be0807f4cb0c5e5f89375,libfile_5655768d886481919d4934386d935be9,file_000000002d9c81fd8a3c710678d31113,0,references/historical-recovery009-dependencies/PUBLICATION-INDEX.json,not_recovered
publication_support,r1-final-raw20260921-02-raw-csv-001-input-binding.json,510784,8ac4d99ea3848d87264337efe5518ad42940b7b137e55f62784b9953483b6d23,libfile_7d7e483472f481918ffb9943fa0f134d,file_0000000011c881fbbbb7720c6e152cc4,0,references/historical-recovery009-dependencies/PUBLICATION-INDEX.json,not_recovered
publication_support,r1-final-raw20260921-02-raw-csv-002-archive-receipt.json,1198658,7bc6d9c7da95d0b642fd6fa230ac8826af5077280e8937479f631138b878819c,libfile_6d559083ec4c8191b71f54cc196de1ce,file_00000000686c823098e32a8d1d168461,0,references/historical-recovery009-dependencies/PUBLICATION-INDEX.json,not_recovered
publication_support,r1-final-raw20260921-02-raw-csv-002-products-catalog.csv,325362,e7dfa12b4ddf259101175709dd445864ed4e48dd1dbefc95495e3d294f653c03,libfile_e734743e06a08191a5158e9517e74b9c,file_00000000394081fd9ac560217ab32494,0,references/historical-recovery009-dependencies/PUBLICATION-INDEX.json,not_recovered
publication_support,r1-final-raw20260921-02-raw-csv-002-input-binding.json,214578,e90436fa0bee423a9a7c6cff9fe63671c5de7e3d35929cf3f44e8ae1b4b2b505,libfile_46aaedc5c65c81919965c5729b716706,file_00000000d3488230aa4cd14697f0a955,0,references/historical-recovery009-dependencies/PUBLICATION-INDEX.json,not_recovered
publication_support,r1-final-raw20260921-02-raw-csv-003-archive-receipt.json,529098,995ee5be86ba31837bf6ff0dc63da6787752d7fd4fe2ed09dea372acc72ce954,libfile_144abe15b58c8191aa77df92cb7ba995,file_00000000d1c081fdacf32832af70783b,0,references/historical-recovery009-dependencies/PUBLICATION-INDEX.json,not_recovered
publication_support,r1-final-raw20260921-02-raw-csv-003-products-catalog.csv,144022,104f386b52f2751e9c5617a3ad0870a5acff404974a92fec2e9f22fcf50638eb,libfile_3b4f3168264c8191b6d3cd0c59f3e1ec,file_00000000ea648230b57a81ebf6adc5c4,0,references/historical-recovery009-dependencies/PUBLICATION-INDEX.json,not_recovered
publication_support,r1-final-raw20260921-02-raw-csv-003-input-binding.json,95098,cccb4fe8bae566da8292c79ac84478ed680b5acd3a2e2fcdb97ebd4eed465a9b,libfile_6e7aa28e80d48191bb1dfa770477ef28,file_00000000e38081fd9e97ab77309b8a20,0,references/historical-recovery009-dependencies/PUBLICATION-INDEX.json,not_recovered
publication_support,r1-final-raw20260921-02-raw-csv-004-archive-receipt.json,528769,7992b49ea1eb14c3a4cabfb7c99f31e304e5855aca1ca242349fe0565883d649,libfile_d46ea710d8c4819191d06c80eb115d04,file_000000004a5081fba54db103e37a0c24,0,references/historical-recovery009-dependencies/PUBLICATION-INDEX.json,not_recovered
publication_support,r1-final-raw20260921-02-raw-csv-004-products-catalog.csv,143930,d82b0525578203e5884f2bbacb2e2b4cab9a4f02024dc2158ebd801623d57980,libfile_718efeddbe5481918f3fbe6560309b57,file_000000000de882309192059ce1be42a2,0,references/historical-recovery009-dependencies/PUBLICATION-INDEX.json,not_recovered
publication_support,r1-final-raw20260921-02-raw-csv-004-input-binding.json,95040,5ff0b5f05eb98d928b42ef62906c3479f1c1b780e86e3ab2984a7b059097362a,libfile_09ff905a5bb08191bbcf63ddf1efeea2,file_000000003528823095a0e2c80f2ce086,0,references/historical-recovery009-dependencies/PUBLICATION-INDEX.json,not_recovered
publication_support,r1-final-raw20260921-02-raw-csv-005-archive-receipt.json,528769,1da5be774fa550b5180daabef736d86ae82e619fe787a2bd519d557827ed9190,libfile_cfd2729b95988191b15c66bfad09256e,file_0000000061f88230926e8052bd259905,0,references/historical-recovery009-dependencies/PUBLICATION-INDEX.json,not_recovered
publication_support,r1-final-raw20260921-02-raw-csv-005-products-catalog.csv,143930,04fa64cdf971fc643539ae90815b3f08e99678f17459c956f1fc75575857ef6f,libfile_02e7ebf77e408191bee3991190da3709,file_00000000997881fd84a03e4910ef985d,0,references/historical-recovery009-dependencies/PUBLICATION-INDEX.json,not_recovered
publication_support,r1-final-raw20260921-02-raw-csv-005-input-binding.json,95040,365f981b78ea37b2d7ea044b1b517ebdc4bfd2f8c6447b2cd70d3e8e1342321b,libfile_1a02556b395081918cd74cbe27d95805,file_00000000ac8081fdb2d601686de7ea04,0,references/historical-recovery009-dependencies/PUBLICATION-INDEX.json,not_recovered
publication_support,r1-final-raw20260921-02-raw-csv-006-archive-receipt.json,528769,fb707be2ef32bac5ad3d9899c5f887aebf74e75d92afa55535ad36ecfbe60955,libfile_cc9604f2caa881918c4f5c7cbbd6f42b,file_00000000968c81fd9862cc8a504bbd59,0,references/historical-recovery009-dependencies/PUBLICATION-INDEX.json,not_recovered
publication_support,r1-final-raw20260921-02-raw-csv-006-products-catalog.csv,143930,412c3f3cf241ec33c55ac72a316464d65b11be5b2ea4e5ee76df12d0093929b3,libfile_3af08fee954c8191912ec50ca5455379,file_000000001bf881fd8e77a533ac52734a,0,references/historical-recovery009-dependencies/PUBLICATION-INDEX.json,not_recovered
publication_support,r1-final-raw20260921-02-raw-csv-006-input-binding.json,95040,e384a51fba6b2e5ececb95f26fd93118d7599d89517a2dd3b2a515813fe889cd,libfile_640b979a1e0c8191be8630c038df9f66,file_000000001c8481fd89b13fcfeb984a81,0,references/historical-recovery009-dependencies/PUBLICATION-INDEX.json,not_recovered
publication_support,r1-final-raw20260921-02-raw-csv-007-archive-receipt.json,527135,5767f982be1aa6ebbac1fdb863ec5b575c032f5fdc5c8d0823ecdfa63e0ef3b7,libfile_e90c13519ff48191bea1a4cf5b8130f1,file_00000000102c81fd981e351420426b2e,0,references/historical-recovery009-dependencies/PUBLICATION-INDEX.json,not_recovered
publication_support,r1-final-raw20260921-02-raw-csv-007-products-catalog.csv,143481,ed0e831300bc4b4bd81f27ff246d2734a9cc2080286af0aa0ae6b8f7939a1413,libfile_1a9a3c163f8c8191a71159f1b734b650,file_00000000fd0881fd9627114ce2ed63ad,0,references/historical-recovery009-dependencies/PUBLICATION-INDEX.json,not_recovered
publication_support,r1-final-raw20260921-02-raw-csv-007-input-binding.json,94750,082724df2492cb49252b5035693d9ca30b9f4bb5b2ff4b08724e6a6fd3bafb7c,libfile_33faedf1cb18819194f022f2ecb049bb,file_00000000320881fd98c74948608d4301,0,references/historical-recovery009-dependencies/PUBLICATION-INDEX.json,not_recovered
publication_support,r1-final-raw20260921-03-raw-csv-001-archive-receipt.json,530403,95b8744af357c210b2a3d07f1a7cfbfa24091447eecfbc60289f643b7c706ec7,libfile_bda3aa13fbcc819199eeb537abddfdfe,file_0000000029848230a887fff8ea35fc23,0,references/historical-recovery009-dependencies/PUBLICATION-INDEX.json,not_recovered
publication_support,r1-final-raw20260921-03-raw-csv-001-products-catalog.csv,144379,8554b99d022bf6161a2135894ce91b5d5ba27fb11d674c1c6c24c1bf2adabff8,libfile_0bd4262e93208191a314858d7f44f36b,file_000000000ac081fda4f1ba54caf47ffb,0,references/historical-recovery009-dependencies/PUBLICATION-INDEX.json,not_recovered
publication_support,r1-final-raw20260921-03-raw-csv-001-input-binding.json,95375,19b39e9d2cae7074e5fd50da726a05e28d02919f89f0f998a53021f12f316430,libfile_1af630598ec48191a826044603eaa55d,file_0000000062a08230beb7acd011e5e227,0,references/historical-recovery009-dependencies/PUBLICATION-INDEX.json,not_recovered
publication_support,r1-final-raw20260921-03-raw-csv-002-archive-receipt.json,528769,d6ce9dbe535be0a714c0eaf746efa5c8aaf0672bc1554aba3b78df1bc6e2cbe9,libfile_3af4a2cc50e48191a4bbe288c9499528,file_00000000046081fd9b3bd4e0633e3def,0,references/historical-recovery009-dependencies/PUBLICATION-INDEX.json,not_recovered
publication_support,r1-final-raw20260921-03-raw-csv-002-products-catalog.csv,143930,b4114adf6020bb11884433151c7c8e6aaaf8f303663ae35a63bd4db421ade4f2,libfile_55d347abebf8819195074f03eac01674,file_0000000049b081fd9447ecc6303064a4,0,references/historical-recovery009-dependencies/PUBLICATION-INDEX.json,not_recovered
publication_support,r1-final-raw20260921-03-raw-csv-002-input-binding.json,95085,7cb8b430f5ed4dc4c4ac976717ae2d5df514633861b7a62473917921b502a54a,libfile_751f235a46a081919dea7e158374b101,file_0000000069fc823093c1090aa5492cbf,0,references/historical-recovery009-dependencies/PUBLICATION-INDEX.json,not_recovered
publication_support,r1-final-raw20260921-03-raw-csv-003-archive-receipt.json,528769,1257ff6fa06d437837e9f7564d4d09baef83be430629b01fe51169b29987dbee,libfile_ae8ad5bc8a6c8191aecf08b7f509acc0,file_00000000e30881fbb978b0456df8f812,0,references/historical-recovery009-dependencies/PUBLICATION-INDEX.json,not_recovered
publication_support,r1-final-raw20260921-03-raw-csv-003-products-catalog.csv,143930,179e40dbc5c1e8a5f157c9bfd8f72f106622ef75ae325f50d8b22516d199803a,libfile_9d2e425d8b708191ad37bd22a2dacc4e,file_000000009e1081fb865695449831c6a6,0,references/historical-recovery009-dependencies/PUBLICATION-INDEX.json,not_recovered
publication_support,r1-final-raw20260921-03-raw-csv-003-input-binding.json,95085,b0c2dfef49118304dde5cefd7b75b6bb54f82f04373a350a2aebf2d83936dbf7,libfile_8dfcd1e053f08191b87f84dbeee616ec,file_00000000dcd881fba441d6ad6c9dc995,0,references/historical-recovery009-dependencies/PUBLICATION-INDEX.json,not_recovered
publication_support,r1-final-raw20260921-03-raw-csv-004-archive-receipt.json,528769,9835437b57ab2e87d89d249a69b1345ea601958be4df4ce91706241a4649fcff,libfile_57e44dd1a6e88191ae8d2ebeafe8eb0f,file_00000000dd4081fba738269819e258de,0,references/historical-recovery009-dependencies/PUBLICATION-INDEX.json,not_recovered
publication_support,r1-final-raw20260921-03-raw-csv-004-products-catalog.csv,143930,d27d5db52d12c80617353ff3256907aea2190816ed5b71d2499af50446b9b9dd,libfile_f7fac5be7cf08191b20ecceb702913c6,file_00000000d9ac8230b6f9b40f0c1f742a,0,references/historical-recovery009-dependencies/PUBLICATION-INDEX.json,not_recovered
publication_support,r1-final-raw20260921-03-raw-csv-004-input-binding.json,95085,10a77e54d025629a11b9ba2aed667fdeb927f55a7bc72cdd03b1ed90f5bcba0c,libfile_37182978ff4c81918ce6bf662939a69e,file_000000001c388230bbdcd5bafbcaae7b,0,references/historical-recovery009-dependencies/PUBLICATION-INDEX.json,not_recovered
publication_support,r1-final-raw20260921-03-raw-csv-005-archive-receipt.json,528769,9476a57e6fda6d39ce31685c2cc484972154ccd1c1908c9a01158afb2061996e,libfile_9370e33aec5c819186f1884483620327,file_000000003b0c81fda7ae74a73d2914f3,0,references/historical-recovery009-dependencies/PUBLICATION-INDEX.json,not_recovered
publication_support,r1-final-raw20260921-03-raw-csv-005-products-catalog.csv,143930,b32a8d0872769e2c3fa9dee1688dcdc720a435af4f850d90f7be7be4f0023e3d,libfile_2bba4795e80c819191ab43ed4fb9d6d0,file_00000000bf9c81fda7ffb0d35afc27ea,0,references/historical-recovery009-dependencies/PUBLICATION-INDEX.json,not_recovered
publication_support,r1-final-raw20260921-03-raw-csv-005-input-binding.json,95085,9a4f19ddacbc05bb6f13662a2d97df76ecf1610eea82c42f86871cb792b9a288,libfile_b6a56ea541f0819195dc58314df28859,file_00000000311c81fdba504e291fa244f0,0,references/historical-recovery009-dependencies/PUBLICATION-INDEX.json,not_recovered
publication_support,r1-final-raw20260921-03-raw-csv-006-archive-receipt.json,528769,eecccee28861a8ec4dbac07d11a670b2bf0e4da1da7142d4ce45c77468eb7b87,libfile_ecc7d4bda124819199428f97c4e1bcd5,file_00000000b3ac81fb9dd96c18a436f78d,0,references/historical-recovery009-dependencies/PUBLICATION-INDEX.json,not_recovered
publication_support,r1-final-raw20260921-03-raw-csv-006-products-catalog.csv,143930,56d9c6afcba42fc6a77e55ec8c988804701fa08871ed48bc9e312dc3bcd90a53,libfile_d9c56ab7dc148191868a2aca97b2b158,file_00000000b19c81fb802f4f219d8d7d4a,0,references/historical-recovery009-dependencies/PUBLICATION-INDEX.json,not_recovered
publication_support,r1-final-raw20260921-03-raw-csv-006-input-binding.json,95085,b4384b9f8c73c47eaf78f1ab4e94521f5bf8460b52bef74b3ce57515c6adc84d,libfile_60cee95dac188191bf347783ab61c783,file_00000000e03c81f5a17ef082fdd46a86,0,references/historical-recovery009-dependencies/PUBLICATION-INDEX.json,not_recovered
publication_support,r1-final-raw20260921-03-raw-csv-007-archive-receipt.json,528769,e32d7efbcace493766ccdb1d367cba7d9d540b992c1c14ad9113840b4111d825,libfile_8a1080d80cf081919448046bbe5b5abc,file_00000000f0ec81fdb79e72b3f6040ecf,0,references/historical-recovery009-dependencies/PUBLICATION-INDEX.json,not_recovered
publication_support,r1-final-raw20260921-03-raw-csv-007-products-catalog.csv,143930,fb6d6e3a39b920ca3ab92aa089ff624d6bb5d512bbefec65fc4b7adf3fa0779a,libfile_1f982b2cfb448191a087c61289c5fd13,file_00000000d7fc82308d5eeb9a2f41145e,0,references/historical-recovery009-dependencies/PUBLICATION-INDEX.json,not_recovered
publication_support,r1-final-raw20260921-03-raw-csv-007-input-binding.json,95085,6cfaecb7ce2e9f851f1b880ebcffdebf5ff829dfb7eba872e2689c477970e19b,libfile_e9da1954a88c8191a13aebf5b200492d,file_00000000194081fb883537a551cd1256,0,references/historical-recovery009-dependencies/PUBLICATION-INDEX.json,not_recovered
publication_support,r1-final-raw20260921-03-raw-csv-008-archive-receipt.json,527135,9592daa4a536e37ec792ba04449216cc6478673adeec37480c6f41d4e0bd2623,libfile_c48a1eac706481918bd09ba5cd9b254e,file_00000000a6e881fdb929d81409e33cdb,0,references/historical-recovery009-dependencies/PUBLICATION-INDEX.json,not_recovered
publication_support,r1-final-raw20260921-03-raw-csv-008-products-catalog.csv,143481,3b99df223f47ef37a2b642bebdb6433e18c7a12af3d591813ef858ab1f07b081,libfile_60b6e88bd3508191baa264987ac53d16,file_00000000b89481fda53c378f5c48b7d2,0,references/historical-recovery009-dependencies/PUBLICATION-INDEX.json,not_recovered
publication_support,r1-final-raw20260921-03-raw-csv-008-input-binding.json,94795,9b86f7450fa91e6c9402ef1a8e75b39470fef9e386c1bf9ba3effda008419f91,libfile_a0cc388ebca08191af049b17fe52094c,file_0000000078388230946e24519c75ddfa,0,references/historical-recovery009-dependencies/PUBLICATION-INDEX.json,not_recovered
publication_support,r1-final-raw20260921-04-raw-csv-001-archive-receipt.json,530403,435039dfc0df30bea9abcc1c3c96c71b616d0c9f2a707094ae8a7058bc1f46b3,libfile_0fac742b33dc8191b8437d57966f0aaa,file_00000000598081fbb847a857f26ecff5,0,references/historical-recovery009-dependencies/PUBLICATION-INDEX.json,not_recovered
publication_support,r1-final-raw20260921-04-raw-csv-001-products-catalog.csv,144379,7a9c49437c8e525465c7a1765d1bc9e13ca03129802c2758b9c0fc575121155a,libfile_90524151afe481919342ea4707e65a9d,file_0000000022e081f7b414732f216b20bd,0,references/historical-recovery009-dependencies/PUBLICATION-INDEX.json,not_recovered
publication_support,r1-final-raw20260921-04-raw-csv-001-input-binding.json,95330,c6bfa75bcb895e606db05e73acd66303d9ffe56f252e179aaef0df23171f3c19,libfile_b552cc2986fc819193c67d501b748d0b,file_000000006d3081fdb719bb241daa3a25,0,references/historical-recovery009-dependencies/PUBLICATION-INDEX.json,not_recovered
publication_support,r1-final-raw20260921-04-raw-csv-002-archive-receipt.json,528769,c472ecc3a4cefa00b3a157849852fdb448ef8888027d43e17406a84eb02501e9,libfile_9710c9ab5638819195d98fa63ada1a70,file_00000000feb4823085481071e99fa64f,0,references/historical-recovery009-dependencies/PUBLICATION-INDEX.json,not_recovered
publication_support,r1-final-raw20260921-04-raw-csv-002-products-catalog.csv,143930,f792695d2b8a716cd3ae35433a150e84f099a8d426fe43148e6fa1cecd91c595,libfile_32de4498a0688191ad9f08b91c0b3742,file_000000009074823093024c2e2c1ff5c6,0,references/historical-recovery009-dependencies/PUBLICATION-INDEX.json,not_recovered
publication_support,r1-final-raw20260921-04-raw-csv-002-input-binding.json,95040,06f2c5d2f6f2b2e24733f028773450ecac70b9bfdbdaaa0d81bdae13fbf3c728,libfile_132a6f28c7dc81919cb27cac39539583,file_000000007b4c8230acd16524eb42d5b8,0,references/historical-recovery009-dependencies/PUBLICATION-INDEX.json,not_recovered
publication_support,r1-final-raw20260921-04-raw-csv-003-archive-receipt.json,528769,73e38f4d481ec6341fa452d46d62a0c14352f09bde06439f93254ca382842e08,libfile_74419781887c8191987724495914695f,file_00000000733c81fd9a904f3c99f529a2,0,references/historical-recovery009-dependencies/PUBLICATION-INDEX.json,not_recovered
publication_support,r1-final-raw20260921-04-raw-csv-003-products-catalog.csv,143930,aa051a1987293e1ac1d56bb91225c39c58f38ba6d2d46ab1d769aeae9d3a6c38,libfile_8654fd7c6d388191b19ef351ab91b3e7,file_00000000843882309a00620b0170662c,0,references/historical-recovery009-dependencies/PUBLICATION-INDEX.json,not_recovered
publication_support,r1-final-raw20260921-04-raw-csv-003-input-binding.json,95040,3e4420fef375b88b38e6c7b9daee4977a1858ba468dc232eba35d50cf237146c,libfile_dfa36c43ce18819199a3f2023fde0e0c,file_00000000971081fda2baa500cd82155e,0,references/historical-recovery009-dependencies/PUBLICATION-INDEX.json,not_recovered
publication_support,r1-final-raw20260921-04-raw-csv-004-archive-receipt.json,528769,cdc344587954c66eb0ae82034c0aaa21b427b2e85f2c06601cdb664a0a597fe7,libfile_10697160bff081918f9291fe280ab0a9,file_00000000bc8c8230b8c1765cea3db094,0,references/historical-recovery009-dependencies/PUBLICATION-INDEX.json,not_recovered
publication_support,r1-final-raw20260921-04-raw-csv-004-products-catalog.csv,143930,6f6f0c769e87e48d19333213c5d65bb5c46c931dcc49c81282611dc0e656fd70,libfile_2d89483da2048191b408ecd1a50a121b,file_00000000deb88230b91a1fc5bdd8e77b,0,references/historical-recovery009-dependencies/PUBLICATION-INDEX.json,not_recovered
publication_support,r1-final-raw20260921-04-raw-csv-004-input-binding.json,95040,f37a58d3ecd998b7a06b689165e973820db6225cada297d827359531c7d7a7e0,libfile_56e029a2d1c08191975ff967c63f038b,file_00000000674482308ed4e3fcd1090f45,0,references/historical-recovery009-dependencies/PUBLICATION-INDEX.json,not_recovered
publication_support,r1-final-raw20260921-04-raw-csv-005-archive-receipt.json,528769,af40d119a016da84d8112e25279368bd5c9088a3d89abb1f431efb65ca19d5ad,libfile_2075c1b20d90819195e2bbdb3e23c562,file_000000006dbc81fbb78bb9498cc7490b,0,references/historical-recovery009-dependencies/PUBLICATION-INDEX.json,not_recovered
publication_support,r1-final-raw20260921-04-raw-csv-005-products-catalog.csv,143930,d020bb0967847c9d41cf7910f8d1a0ae64bf52e948d09b2ff7c8a9bc139c9f81,libfile_7e89fde39d0481919d7fb2e23bfd9817,file_000000000c2481fdb4a0232e50e70837,0,references/historical-recovery009-dependencies/PUBLICATION-INDEX.json,not_recovered
publication_support,r1-final-raw20260921-04-raw-csv-005-input-binding.json,95040,45c71c22eafb09ce3a819b0842c7f55923654efe112dfdd8eeecbac772cec148,libfile_cbf8e2f8df4c8191bfae055807dacacb,file_000000002f9c81fd942b9ce2dd81bd8d,0,references/historical-recovery009-dependencies/PUBLICATION-INDEX.json,not_recovered
publication_support,r1-final-raw20260921-04-raw-csv-006-archive-receipt.json,933001,b6ff67580fa05459323baacfb615ad49466a4a9badb1d3f794aba244fb372545,libfile_4f61a04aa26c8191ade37a73630567fa,file_00000000ae5081fbbce1457d6ca4f0a8,0,references/historical-recovery009-dependencies/PUBLICATION-INDEX.json,not_recovered
publication_support,r1-final-raw20260921-04-raw-csv-006-products-catalog.csv,254282,60065b5e336b6dce34995a48bae6ee3258b4d643ae850cec173bac04bc549b8b,libfile_bb8a07510d6c8191b56b2fcff44d2fb6,file_000000005d2481fdb005d620b2553a0b,0,references/historical-recovery009-dependencies/PUBLICATION-INDEX.json,not_recovered
publication_support,r1-final-raw20260921-04-raw-csv-006-input-binding.json,166960,f392d4ec8fec5e75cc57c1ddd30c474c2b1be96eae247cb53a1b880e8a760483,libfile_b8c64e4be3248191a49836faca63acf4,file_00000000dccc81fd942860442e314a6c,0,references/historical-recovery009-dependencies/PUBLICATION-INDEX.json,not_recovered
publication_support,r1-final-raw20260921-04-raw-csv-007-archive-receipt.json,411405,30279b3d7040e760ff40b7b0c7eb4ee7ea601e49ebbb5d4f5a4e45fa528091c2,libfile_ca1b84504cbc8191941610b493f061ae,file_0000000056d481fd91dcb6eb5cea44e7,0,references/historical-recovery009-dependencies/PUBLICATION-INDEX.json,not_recovered
publication_support,r1-final-raw20260921-04-raw-csv-007-products-catalog.csv,111886,77c437b482850f913902918e721ae4ae86bf344dced9e8adb3f69dfa7e4a9de5,libfile_94c7a502e73c8191994426258a4ceb1c,file_000000005a5481fd842f04543207e8ab,0,references/historical-recovery009-dependencies/PUBLICATION-INDEX.json,not_recovered
publication_support,r1-final-raw20260921-04-raw-csv-007-input-binding.json,74160,9fb5f8c919703e1b3c1ed4b3263b9d4ea8eab3ef90b4ccdf873f738c3a3cc26f,libfile_54cfcd6a04748191a723636f5bd48676,file_00000000ae4881fd89ed2c604c7d8e88,0,references/historical-recovery009-dependencies/PUBLICATION-INDEX.json,not_recovered
publication_support,r1-final-raw20260921-05-raw-csv-001-archive-receipt.json,682965,5fb4ab10bfe8a942e1fb7713257cba8818c7ac21f7055a947497b438e32dd6bc,libfile_a924e266f0a08191a803c32318d6cee6,file_00000000539482309c7db75acee61e7b,0,references/historical-recovery009-dependencies/PUBLICATION-INDEX.json,not_recovered
publication_support,r1-final-raw20260921-05-raw-csv-001-products-catalog.csv,186025,3445e4af47e32b75fe3009275bcc23a3d45ed3a8d134ee9ab0e75a2d31bb8ef7,libfile_d2db8f46888081918b2dc3a86ea86c75,file_0000000032f482308ae59a8dfdbe9d6e,0,references/historical-recovery009-dependencies/PUBLICATION-INDEX.json,not_recovered
publication_support,r1-final-raw20260921-05-raw-csv-001-input-binding.json,122429,67c81955395fe397b800fd8a632308b373d4b99448e9042153bcee0ace226dc3,libfile_81a2ea966af88191a70da47849cd840a,file_00000000392881fdbc92167ce3b7b673,0,references/historical-recovery009-dependencies/PUBLICATION-INDEX.json,not_recovered
publication_support,r1-final-raw20260921-05-raw-csv-002-archive-receipt.json,816943,84218c0012d97763c8e9706f0ef52950523a567f0417c478c89ba559a443005c,libfile_98a4dfb213bc8191954243ca1f9fd9c9,file_00000000f75081fdb30491577c46c4ed,0,references/historical-recovery009-dependencies/PUBLICATION-INDEX.json,not_recovered
publication_support,r1-final-raw20260921-05-raw-csv-002-products-catalog.csv,222596,86d82f53001347c3338fcd0132a0e5f498797d3242c5fa814f12cecc47e55932,libfile_20f7ce5568d88191a598214f46160021,file_00000000331881fdbc6d6cc167ebf538,0,references/historical-recovery009-dependencies/PUBLICATION-INDEX.json,not_recovered
publication_support,r1-final-raw20260921-05-raw-csv-002-input-binding.json,146267,66d0af510aef52c4797cb7c8f00b18f3bc63436d8d8479e5ec070c7e06e4d2aa,libfile_88d89f9810cc8191a9bd312ffb17eedf,file_00000000791081fda089ec4ecbe4e8b9,0,references/historical-recovery009-dependencies/PUBLICATION-INDEX.json,not_recovered
publication_support,r1-final-raw20260921-05-raw-csv-003-archive-receipt.json,681660,728787f8719f2e823985796e4df03d82e4262e69a877050b728dab7f6c0f6238,libfile_eb346202884c8191b44e78b674c867e8,file_00000000a33081f798005522eb50e343,0,references/historical-recovery009-dependencies/PUBLICATION-INDEX.json,not_recovered
publication_support,r1-final-raw20260921-05-raw-csv-003-products-catalog.csv,185668,95f1148db04512e3c77b5db386120fe08d56aa01547982f182c07622efba552e,libfile_263934b8a4b8819199499a3b7d40396d,file_0000000009cc81f7b3557aaf834d9b77,0,references/historical-recovery009-dependencies/PUBLICATION-INDEX.json,not_recovered
publication_support,r1-final-raw20260921-05-raw-csv-003-input-binding.json,122197,d7c47e07f7a4cd2dd9c85efae9d327e141f9d8aead70e4536fa3aca7ebd53fd7,libfile_871c07bc30d48191b043e6d426760005,file_000000008e4c82308ab9bf878cfed58f,0,references/historical-recovery009-dependencies/PUBLICATION-INDEX.json,not_recovered
publication_support,r1-final-raw20260921-05-raw-csv-004-archive-receipt.json,816943,4741f6248c0856c94ffecc2ab4471fb278cdd05129e03b728d9791b28e10bb24,libfile_55ff8f5790448191a90323173e2c70e2,file_00000000630481fb8941490db6823a46,0,references/historical-recovery009-dependencies/PUBLICATION-INDEX.json,not_recovered
publication_support,r1-final-raw20260921-05-raw-csv-004-products-catalog.csv,222596,dcfc4857ab95307e788af76e3c2b6921c2b4f2acd25347d24dd263c5a4f7266c,libfile_8b2071bd016481919de0c601ecb020e5,file_0000000037a081fbaf5a3b86fff49e8c,0,references/historical-recovery009-dependencies/PUBLICATION-INDEX.json,not_recovered
publication_support,r1-final-raw20260921-05-raw-csv-004-input-binding.json,146267,ceafb232160f15dd8a8b028f0c9b35539aaff7d8a39a2596f6f011dbd0f9ad06,libfile_df0a276599d481919f977e32e1d319bd,file_00000000f0d881fb99fbb332398698dd,0,references/historical-recovery009-dependencies/PUBLICATION-INDEX.json,not_recovered
publication_support,r1-final-raw20260921-05-raw-csv-005-archive-receipt.json,681660,fd78199b67e6160e9bc9c1708c51894a9788822002a0e8d2a9aed3b8ea8f1c54,libfile_60dab8ef3c788191bdc59c44827dc551,file_00000000724c8230bf49025d0dd983d5,0,references/historical-recovery009-dependencies/PUBLICATION-INDEX.json,not_recovered
publication_support,r1-final-raw20260921-05-raw-csv-005-products-catalog.csv,185668,3a3a01a61386a149751258ff065c8d26c41df9688e0d9688e77643ee535cc81c,libfile_b3107809c0508191b456b934f793be73,file_00000000969081fda6aad319bf511f0b,0,references/historical-recovery009-dependencies/PUBLICATION-INDEX.json,not_recovered
publication_support,r1-final-raw20260921-05-raw-csv-005-input-binding.json,122197,6288e55c69934d716ba6551ebeedf174e681276625c9e4bbc360ca74606f2a28,libfile_5f2e468fdf8c819195136616026f4381,file_000000005c1c823086e14744da5b0304,0,references/historical-recovery009-dependencies/PUBLICATION-INDEX.json,not_recovered
publication_support,r1-final-raw20260921-05-raw-csv-006-archive-receipt.json,543756,60d9587146e834119f05415e7c61055bbbfe5edeeada2c13c737cb7fdf3fe78e,libfile_e99d9d06c1ac819185e7015cd197afa0,file_00000000ed348230878f0ae234a4f99d,0,references/historical-recovery009-dependencies/PUBLICATION-INDEX.json,not_recovered
publication_support,r1-final-raw20260921-05-raw-csv-006-products-catalog.csv,148015,554962a1af084298c1ff636158e8138e3f70b5f452cda33381b2554e01c78743,libfile_65b84de4e72081918a9d890097fee381,file_0000000016e88230bdd1b621a90a9b34,0,references/historical-recovery009-dependencies/PUBLICATION-INDEX.json,not_recovered
publication_support,r1-final-raw20260921-05-raw-csv-006-input-binding.json,97663,937000f93a128d3a76942083155110bf2b4360e5fe1da2ccca26847dfe248eed,libfile_78c0da80efd08191921d89192a662319,file_00000000db40823084059a1d6e71ce76,0,references/historical-recovery009-dependencies/PUBLICATION-INDEX.json,not_recovered
publication_support,r1-final-raw20260921-06-raw-csv-001-archive-receipt.json,682965,71e346bf56db59a9668f36c67c7eeab83ed53f89f9094965629c1445540cbc6d,libfile_3a2313d3b06881918bce236e90e67eee,file_000000009b4881fb861a5929d120d12d,0,references/historical-recovery009-dependencies/PUBLICATION-INDEX.json,not_recovered
publication_support,r1-final-raw20260921-06-raw-csv-001-products-catalog.csv,186025,9509e0cebf9f81535b3e71165d06f7e6915601f13f301eb84466689e16b046c7,libfile_1bc2df0a697c8191bf14dbfa0f9cbc75,file_000000005818822f9584b55da59aca7b,0,references/historical-recovery009-dependencies/PUBLICATION-INDEX.json,not_recovered
publication_support,r1-final-raw20260921-06-raw-csv-001-input-binding.json,122429,08fabfc23419929559c0f7d221e777ced1724f775be711c2c3343c31c9b0ab55,libfile_83201e436fc08191b6abe4b80fb8c21c,file_00000000b73481fba7d0168f7ed6070c,0,references/historical-recovery009-dependencies/PUBLICATION-INDEX.json,not_recovered
publication_support,r1-final-raw20260921-06-raw-csv-002-archive-receipt.json,816943,49dd99a7d6bb52f72aa01cf4bc0eee1a35e3b0c9a7950f94eab94def29be1a19,libfile_092abc03187881919ce0239b99f5a646,file_0000000012cc81fdb2b02067c01588b9,0,references/historical-recovery009-dependencies/PUBLICATION-INDEX.json,not_recovered
publication_support,r1-final-raw20260921-06-raw-csv-002-products-catalog.csv,222596,372443fd938b056a6dbcaba27ea17d64b63050a6a37b045d236cfac13c37b025,libfile_9cbdb599d70c8191a5ccc8de08c37c8b,file_0000000052a081fda5393d0651b4c57a,0,references/historical-recovery009-dependencies/PUBLICATION-INDEX.json,not_recovered
publication_support,r1-final-raw20260921-06-raw-csv-002-input-binding.json,146267,1da724f19fe48eec35c3bbcbf300c177e510b8d358ef0c02d2a06897ead02183,libfile_43ae804f77cc81918b64f8ab0b52c725,file_00000000b4dc81fd9f9f0d8da8768bc2,0,references/historical-recovery009-dependencies/PUBLICATION-INDEX.json,not_recovered
publication_support,r1-final-raw20260921-06-raw-csv-003-archive-receipt.json,682962,8509cf68c6bd7c86dec9941f2353289c2273954c903386121749571779c35de9,libfile_9f66a82e225c8191bbeeede0ea275df3,file_00000000443881fdae8261dbfbc743ad,0,references/historical-recovery009-dependencies/PUBLICATION-INDEX.json,not_recovered
publication_support,r1-final-raw20260921-06-raw-csv-003-products-catalog.csv,186022,fcdf7580cc06cb2abb36f57c3714336e752cdec0b09153e7f12a702b1ea8a4c8,libfile_ec4985c66a988191bff4bd093b2f2d0f,file_00000000c6b481f7be90b9af366f4735,0,references/historical-recovery009-dependencies/PUBLICATION-INDEX.json,not_recovered
publication_support,r1-final-raw20260921-06-raw-csv-003-input-binding.json,122429,1fbdfe8b71540dbdb544e0aa2ea9d2367898531853d2e2ea3639a82cb10849cd,libfile_dca063de72c881918e11db0008730705,file_0000000058a481fdb546242c6d2d393c,0,references/historical-recovery009-dependencies/PUBLICATION-INDEX.json,not_recovered
publication_support,r1-final-raw20260921-06-raw-csv-004-archive-receipt.json,815970,0e66029a89ddc2a760c24fcb8af656f058e4c810ba6ffc878ee71287c4b0f174,libfile_be36b0d38ee4819194d20b0b56aabde4,file_0000000042e881fdb362229d3401a339,0,references/historical-recovery009-dependencies/PUBLICATION-INDEX.json,not_recovered
publication_support,r1-final-raw20260921-06-raw-csv-004-products-catalog.csv,222334,bf13fa2b72239094c31d8e17cba2121ea06ce016e8a25a63924113673c2d2312,libfile_d04b8a5332ac8191af06c28dd23a4be8,file_0000000074c481fd8fa7a5875e1ed54d,0,references/historical-recovery009-dependencies/PUBLICATION-INDEX.json,not_recovered
publication_support,r1-final-raw20260921-06-raw-csv-004-input-binding.json,146093,6ee41ea9b4cb2d8ed6b6f578bb81a7b93caad35033ed4781f71584de49eadc43,libfile_0afde7387ff48191a881308c27d42265,file_00000000a2e881fdbc1de8900a040fc8,0,references/historical-recovery009-dependencies/PUBLICATION-INDEX.json,not_recovered
publication_support,r1-final-raw20260921-06-raw-csv-005-archive-receipt.json,273185,071c69236a861d85ba3b44299c7fed647f5be78d653ab625cee5c2fc95e0d210,libfile_5c95811034688191bdbd89574bc1a46a,file_0000000057c081fd9b4b77948677cf0a,0,references/historical-recovery009-dependencies/PUBLICATION-INDEX.json,not_recovered
publication_support,r1-final-raw20260921-06-raw-csv-005-products-catalog.csv,74156,446b8ac002d34942300d68457c4745b9fa9f63bcfac768428cd593cc1d1f0903,libfile_dc2b8cd7e5748191a54accc85360f5c2,file_0000000052a88230a0173754db7adc41,0,references/historical-recovery009-dependencies/PUBLICATION-INDEX.json,not_recovered
publication_support,r1-final-raw20260921-06-raw-csv-005-input-binding.json,49522,15f691b0c614398035004cd22a67fee2869895eae6ee96086342d60e796c2fd2,libfile_d13a7a401e0081919e66a9f621e1180f,file_00000000323881fdbce728cf3c2dbed5,0,references/historical-recovery009-dependencies/PUBLICATION-INDEX.json,not_recovered
publication_support,r1-final-raw20260921-06-raw-csv-006-archive-receipt.json,136261,d6a4627b614b3210ba4eb9481e51e63f5b341e7e47eb64843f9c7d8efabdb9bb,libfile_f656f7c176608191aa93ccf74dd59547,file_000000001e0c81fd8f88d9ef44486684,0,references/historical-recovery009-dependencies/PUBLICATION-INDEX.json,not_recovered
publication_support,r1-final-raw20260921-06-raw-csv-006-products-catalog.csv,36772,ba0b82cb11e5af1d98086f92ac3cac5a5aff31eb26f00c9db7faca9098989a0f,libfile_94b489bd27208191bbd59a177731e1dc,file_00000000497481fd86dc57232cd8dd84,0,references/historical-recovery009-dependencies/PUBLICATION-INDEX.json,not_recovered
publication_support,r1-final-raw20260921-06-raw-csv-006-input-binding.json,25162,00c092730be914d4a5bdf174697a028df2443dfbfdb224ea463cdb1aafbd9e8c,libfile_c040345c8fec81919636380c4767c21c,file_00000000647081fda9e9f4b2b0ba0832,0,references/historical-recovery009-dependencies/PUBLICATION-INDEX.json,not_recovered
publication_support,r1-final-raw20260921-07-raw-csv-001-archive-receipt.json,139206,250026278efcf2c087bf2aafd232b0c503f0ad36f55f77299e3c22093a4daa9f,libfile_cd899844cb788191b2120bcfc01e0822,file_000000007b6c81fda392dd822622c1cb,0,references/historical-recovery009-dependencies/PUBLICATION-INDEX.json,not_recovered
publication_support,r1-final-raw20260921-07-raw-csv-001-products-catalog.csv,37584,bb86c2bd2fc95d287b2265620ac8ef4568858be870e32f4f3a73720cfcb0859a,libfile_68fa9775f6fc8191a5827e01639180ef,file_0000000079108230b938d211c2cd1ed6,0,references/historical-recovery009-dependencies/PUBLICATION-INDEX.json,not_recovered
publication_support,r1-final-raw20260921-07-raw-csv-001-input-binding.json,25774,682e2f97a1d1dc78322ed517e9423f8bcc11817a4860a9910c6bae02dcb6bca9,libfile_1433df4159788191a318f6dd6fdd10e3,file_00000000d74881fba9f8a4f0cabcafe5,0,references/historical-recovery009-dependencies/PUBLICATION-INDEX.json,not_recovered
publication_support,r1-final-raw20260921-07-raw-csv-002-archive-receipt.json,137569,f5b9ecca623833be04f1217c8376921b2ce59d86b6f60e311bf15bbfa8d074d9,libfile_84a34937218c819191514cf353d8f4c1,file_0000000061e4823086772529ab0c92f4,0,references/historical-recovery009-dependencies/PUBLICATION-INDEX.json,not_recovered
publication_support,r1-final-raw20260921-07-raw-csv-002-products-catalog.csv,37132,f10ce86c2f25e4450ed3fa54727638f05729efd0b39bb69d43a43a6b8c35f18e,libfile_f296fe82188081918ea5f991ee868c7f,file_0000000007a081fd80766f35a41af48d,0,references/historical-recovery009-dependencies/PUBLICATION-INDEX.json,not_recovered
publication_support,r1-final-raw20260921-07-raw-csv-002-input-binding.json,25484,58c475bc96dccba30191c89d3a9ec831ecc1f29aa62a1f912854f7deea4389db,libfile_1c9430a334f88191ade2e382bf3a384c,file_00000000ab0c81fda9f8536a1f2da1e1,0,references/historical-recovery009-dependencies/PUBLICATION-INDEX.json,not_recovered
publication_support,r1-final-raw20260921-07-raw-csv-003-archive-receipt.json,137569,3928c336ac9c1558cdea5ff7c399bd006146b800d0d9c701248300650a2a1f35,libfile_199672f578c4819187053cf4024fd516,file_00000000440081f7b057ab2e0583e4d5,0,references/historical-recovery009-dependencies/PUBLICATION-INDEX.json,not_recovered
publication_support,r1-final-raw20260921-07-raw-csv-003-products-catalog.csv,37132,c51202ba44ac7239569671407b3dcfee7f5b616883600d841cf7e11c4d178f49,libfile_36ff5ed38a2081918d897d2f0dc99e31,file_0000000006f882309f25bbeb8c3760c1,0,references/historical-recovery009-dependencies/PUBLICATION-INDEX.json,not_recovered
publication_support,r1-final-raw20260921-07-raw-csv-003-input-binding.json,25484,219aedec0ebd759bbbd285e02ff3a7f68db9f735ba3ea5738b2af9ad014a7fae,libfile_cfe98daefe2c8191be2b33b5c58c3011,file_00000000c1248230ae1667a811b35a36,0,references/historical-recovery009-dependencies/PUBLICATION-INDEX.json,not_recovered
publication_support,r1-final-raw20260921-07-raw-csv-004-archive-receipt.json,137569,5a843e366cf00d38c3bad3340074db13928f2e2884220258a06bd2a4027d4521,libfile_657cb9b6aa0c8191afcd0c21aecc9f99,file_00000000524481fd9f6c9f07b09e9943,0,references/historical-recovery009-dependencies/PUBLICATION-INDEX.json,not_recovered
publication_support,r1-final-raw20260921-07-raw-csv-004-products-catalog.csv,37132,ee720b3300c4aca048908f0451970aa9f208cc2d24e7b0a08960ec1af6fc0f91,libfile_2b87a30de204819195c0c940740d50b1,file_0000000034d881fd9083db1ccec84a2d,0,references/historical-recovery009-dependencies/PUBLICATION-INDEX.json,not_recovered
publication_support,r1-final-raw20260921-07-raw-csv-004-input-binding.json,25484,db27af8b655fafb819a72a7f83150b44ef36a8e375cf154879001fa569b9a196,libfile_80096f2c64a88191a8e175e955f55fd2,file_00000000cce481fd9220e8511e00b187,0,references/historical-recovery009-dependencies/PUBLICATION-INDEX.json,not_recovered
publication_support,r1-final-raw20260921-07-raw-csv-005-archive-receipt.json,137569,6e85a3537f3c08d8956c662fa73b51bba797900c4eab24f813c9b418586a7d7b,libfile_b402e9ea760c81919b97523577053360,file_00000000337481fd92515585409aa337,0,references/historical-recovery009-dependencies/PUBLICATION-INDEX.json,not_recovered
publication_support,r1-final-raw20260921-07-raw-csv-005-products-catalog.csv,37132,ee2ab0080fe51dc82c38a95f4e3ec74c4f03bbe1ddb4ba95e23fcc92b8289ba2,libfile_66dd62ddb4a48191807a183c0403bbdc,file_00000000c14081fd9780179724b8970e,0,references/historical-recovery009-dependencies/PUBLICATION-INDEX.json,not_recovered
publication_support,r1-final-raw20260921-07-raw-csv-005-input-binding.json,25484,c151d694c21d01e01a956a66d74c24870952e96f4f458fb920ee93a54ecea2e3,libfile_f899da79565c8191a92099da623428b1,file_00000000b20081fd9a99da7e32e3173e,0,references/historical-recovery009-dependencies/PUBLICATION-INDEX.json,not_recovered
publication_support,r1-final-raw20260921-07-raw-csv-006-archive-receipt.json,137569,24bd9bb823ff557165f2f91b6caa3c302713467121366c1e4eee956a3b95ccbc,libfile_17e5a71878108191bf1ce0cc95a815cd,file_00000000181081fd9c1475c86c5ba0ae,0,references/historical-recovery009-dependencies/PUBLICATION-INDEX.json,not_recovered
publication_support,r1-final-raw20260921-07-raw-csv-006-products-catalog.csv,37132,5fa65d8d87e97a9c739524684afc6b2e9dd361521cae669444d5509d7052f0e5,libfile_4776edeb7ee08191b57d84ab25e6dafc,file_00000000c22481fda84a6469b3920684,0,references/historical-recovery009-dependencies/PUBLICATION-INDEX.json,not_recovered
publication_support,r1-final-raw20260921-07-raw-csv-006-input-binding.json,25484,8e6c9763a6e520f7f57fc2278d7f1f52c264792d12c89d1f5ed7517dd49aa4cb,libfile_13ad915f4eb0819191ef9a30dcffa13d,file_00000000b05481fdb89f2266ee4be565,0,references/historical-recovery009-dependencies/PUBLICATION-INDEX.json,not_recovered
publication_support,r1-final-raw20260921-07-raw-csv-007-archive-receipt.json,137569,4deb91e446accbaace71fafa42cd2e614616b5804461c13563b206da53320a35,libfile_20e408c9b0f88191ac377933ad678f6e,file_00000000021881fd92c816fa79789349,0,references/historical-recovery009-dependencies/PUBLICATION-INDEX.json,not_recovered
publication_support,r1-final-raw20260921-07-raw-csv-007-products-catalog.csv,37132,b050aa018d101fbfbb9f94d399d866d86c11f7617dde5cbc95d036d75405b17c,libfile_14a552d6af688191a8cff87f0bf308f3,file_00000000163481fd90620c89de3caad3,0,references/historical-recovery009-dependencies/PUBLICATION-INDEX.json,not_recovered
publication_support,r1-final-raw20260921-07-raw-csv-007-input-binding.json,25484,99b1135be3e1f870f780b166f7c15a8a762bb3bf06df6a16c72e162411fdc9cb,libfile_27a99d499eb88191be827a812d92922f,file_000000000c6481fdb4ccb1dde1d7e5fb,0,references/historical-recovery009-dependencies/PUBLICATION-INDEX.json,not_recovered
publication_support,r1-final-raw20260921-07-raw-csv-008-archive-receipt.json,135604,ba2c1c585359a3fbbee68d0b2748c6bf09f1322966aef13abb6fb9146f1abc5b,libfile_e79670699ca481918c407596d947faec,file_0000000016c881fb8e6f6ba01f84c7c5,0,references/historical-recovery009-dependencies/PUBLICATION-INDEX.json,not_recovered
publication_support,r1-final-raw20260921-07-raw-csv-008-products-catalog.csv,36590,832842f46f2b6a93155cadf480c8bf3d4638063bf7cbe6321349e5eb60b75959,libfile_528b24b88c0881919923bb8ad0ff7872,file_0000000007ac82308f0d8a93799eb0bc,0,references/historical-recovery009-dependencies/PUBLICATION-INDEX.json,not_recovered
publication_support,r1-final-raw20260921-07-raw-csv-008-input-binding.json,25135,114faf2e5b39146691f95cb4e175a686f35bac4eb25d62890c34dc2ce57b46e3,libfile_0f9dc39424f4819182d0723592640c66,file_00000000a9e481fd917c5e390f1e8b0d,0,references/historical-recovery009-dependencies/PUBLICATION-INDEX.json,not_recovered
publication_support,r1-final-raw20260921-08-raw-csv-001-archive-receipt.json,139533,04fe1b44d153db5f57f919ad1b7d24c84fc2d85fcf0ffc4e3f5b593f26248207,libfile_0e7cb6a7808081918aec5d89d807ef00,file_00000000aa9081fbbb1b145b1a6b8534,0,references/historical-recovery009-dependencies/PUBLICATION-INDEX.json,not_recovered
publication_support,r1-final-raw20260921-08-raw-csv-001-products-catalog.csv,37674,5b24f971367892654fe3e797030e7ac14032afbe5f8280d92fddf232cd43dbf5,libfile_78a31a9698b48191a53de3fb7a840dc2,file_00000000b77481fb8b503f3e03bed7cf,0,references/historical-recovery009-dependencies/PUBLICATION-INDEX.json,not_recovered
publication_support,r1-final-raw20260921-08-raw-csv-001-input-binding.json,25832,8a1df3295eb601bcab7dc0e73898438a51443b4494680733dfa9ff119f9de3b7,libfile_2f6936b40ce88191a22e1688f95231e8,file_000000003d6c81fb9a79b40236e86b56,0,references/historical-recovery009-dependencies/PUBLICATION-INDEX.json,not_recovered
publication_support,r1-final-raw20260921-08-raw-csv-002-archive-receipt.json,137569,1b238ca6ae0739774c5724a7404449361df5163258b60fa8ac5f2697c24001bb,libfile_9ddcddc7e820819189e50117a226df68,file_00000000f0d88230abf34974f3fa6365,0,references/historical-recovery009-dependencies/PUBLICATION-INDEX.json,not_recovered
publication_support,r1-final-raw20260921-08-raw-csv-002-products-catalog.csv,37132,ed2c6bda358b21fcc8f3d8d439b09bb31087469542fed0b722f42cadecbf8dd9,libfile_d63d917111dc819182313ccd402a9ed6,file_00000000207c81fd92c5b222e2556e04,0,references/historical-recovery009-dependencies/PUBLICATION-INDEX.json,not_recovered
publication_support,r1-final-raw20260921-08-raw-csv-002-input-binding.json,25484,5b109b9c6028739839fd6292515eba95b33c2a31d6784f9bf2c094445e18b868,libfile_0e17a2ab32a88191897743f3ad17904c,file_000000007f8481fda9ff1f01469f7500,0,references/historical-recovery009-dependencies/PUBLICATION-INDEX.json,not_recovered
publication_support,r1-final-raw20260921-08-raw-csv-003-archive-receipt.json,137569,536c6795d23663ec6e18857b56c063f9c3208ffec9575d7d217e423eae4b6586,libfile_9709d73c455c8191aaf965329a7b9e72,file_00000000b0a481fd82c007b19b957327,0,references/historical-recovery009-dependencies/PUBLICATION-INDEX.json,not_recovered
publication_support,r1-final-raw20260921-08-raw-csv-003-products-catalog.csv,37132,8d7667c29090ff0f9d71387d3e606483eec4ae2dd678006a4044dcc649f81517,libfile_ee5ac6d725f48191a8e241e1c7cbe413,file_00000000890c81fdb2ef00b2bce09661,0,references/historical-recovery009-dependencies/PUBLICATION-INDEX.json,not_recovered
publication_support,r1-final-raw20260921-08-raw-csv-003-input-binding.json,25484,49e58f36a15ee642d22d797e944fc5a539eec307a96022493f6dda039442396e,libfile_721076ce5d64819186d5f9a9e9654bf8,file_00000000866c8230836875ae4332d057,0,references/historical-recovery009-dependencies/PUBLICATION-INDEX.json,not_recovered
publication_support,r1-final-raw20260921-08-raw-csv-004-archive-receipt.json,137569,9db0afdc6ea05105afdc0bb76e564bd4d15cf1910397ee936f55b92af0e1fbf8,libfile_e9d41e0954288191ad4aaf36f0e8fe5d,file_0000000075848230ae52de26bac88e5b,0,references/historical-recovery009-dependencies/PUBLICATION-INDEX.json,not_recovered
publication_support,r1-final-raw20260921-08-raw-csv-004-products-catalog.csv,37132,8041699ebdfe7557042c561a0a96f1f58f025f9480abec7253f921c78e0c8910,libfile_a796b4e26028819182fd4fac5f67b818,file_0000000018508230b34af1755f6141c9,0,references/historical-recovery009-dependencies/PUBLICATION-INDEX.json,not_recovered
publication_support,r1-final-raw20260921-08-raw-csv-004-input-binding.json,25484,86ceaa4d58f8c0af311be765751a4e68bfc6620097268ef2c476b75258d872f8,libfile_59fa7bbfab5c8191a99a6f48b8257c3b,file_000000008084823080c3d2df2d2585e2,0,references/historical-recovery009-dependencies/PUBLICATION-INDEX.json,not_recovered
publication_support,r1-final-raw20260921-08-raw-csv-005-archive-receipt.json,137569,a21cd9b9f6bcdf137409c180a7fb3c67473763fec8463ccf4aedc4372f5aa8f6,libfile_382de59cad3c8191a9bde395c28cd116,file_00000000b9d881fd9c3278479eb76b22,0,references/historical-recovery009-dependencies/PUBLICATION-INDEX.json,not_recovered
publication_support,r1-final-raw20260921-08-raw-csv-005-products-catalog.csv,37132,2cd119cc564036d6c127535082eec6d6b74a366d45a8dc5f90d91af209c58292,libfile_d869ad3da1e0819189e59a1e4aeeda96,file_00000000eb1882308d95df7853ac673a,0,references/historical-recovery009-dependencies/PUBLICATION-INDEX.json,not_recovered
publication_support,r1-final-raw20260921-08-raw-csv-005-input-binding.json,25484,41cc7c5c6cfb94d7ce217e62b664c13a631c4e9168051391465310a8ac97c908,libfile_1b6e1c7af9bc8191a3766c77f0506ad5,file_000000000a1481fdad692ea1eedd8008,0,references/historical-recovery009-dependencies/PUBLICATION-INDEX.json,not_recovered
publication_support,r1-final-raw20260921-08-raw-csv-006-archive-receipt.json,137569,a2d8ac1cc0694bededf613a50a5225741b69386bf0b4681db00b5c4acf857f6f,libfile_18b140c2825481919098e412481d40dd,file_00000000d13c82308f7660a07c98f8b6,0,references/historical-recovery009-dependencies/PUBLICATION-INDEX.json,not_recovered
publication_support,r1-final-raw20260921-08-raw-csv-006-products-catalog.csv,37132,d6181801e7cfa08d85aaa48a57040269cefc7006fbc39f443c6452845723f2a8,libfile_0566edbc5ae88191bf76a68353498bfa,file_000000007c50823091bddd5f81a0cb99,0,references/historical-recovery009-dependencies/PUBLICATION-INDEX.json,not_recovered
publication_support,r1-final-raw20260921-08-raw-csv-006-input-binding.json,25484,21c6c31b4ab0f5ccc9d8386d670a25a2acbb5d498c9bd6adcb66d6f1806d3f29,libfile_bfe1b84839908191b666522fadd8312a,file_00000000c11482308e11e5aa031e53c1,0,references/historical-recovery009-dependencies/PUBLICATION-INDEX.json,not_recovered
publication_support,r1-final-raw20260921-08-raw-csv-007-archive-receipt.json,137569,b34f2d6b4b8ecad735b53c3389e19ceedb86bc570797f42d5c1b7bb7fd834f16,libfile_b284a715ab90819180dfdad961a55a0b,file_00000000ec488230b69ac40960d1bd9c,0,references/historical-recovery009-dependencies/PUBLICATION-INDEX.json,not_recovered
publication_support,r1-final-raw20260921-08-raw-csv-007-products-catalog.csv,37132,978aadf47de27bd272b1e50c3ba85448b346f483c349986eff9f0e2a408f8c3e,libfile_1cfa1e527c348191aaeed026e4facf7f,file_00000000274c81fda26178dd538d526e,0,references/historical-recovery009-dependencies/PUBLICATION-INDEX.json,not_recovered
publication_support,r1-final-raw20260921-08-raw-csv-007-input-binding.json,25484,72a6b61a92fd6c218fa99790c62262517d750cac45b29f1ae1e6ffcecc20c2b8,libfile_7c3e80988638819195b3ece6df50bc9b,file_00000000312c81fba8b141ef5c830f65,0,references/historical-recovery009-dependencies/PUBLICATION-INDEX.json,not_recovered
publication_support,r1-final-raw20260921-08-raw-csv-008-archive-receipt.json,137569,152a18047ee3838de8849a5ec37a4b3f49ed01b42f6fbfc08d73e8e60e02dd1e,libfile_bf3e1b4a9c748191ba640a9c27877dda,file_0000000013808230b40df05db9ab6804,0,references/historical-recovery009-dependencies/PUBLICATION-INDEX.json,not_recovered
publication_support,r1-final-raw20260921-08-raw-csv-008-products-catalog.csv,37132,2c7947d9e920f03a0066a431177e5e895d75acd32a9141a640e00b723c519b6f,libfile_675e043835cc8191b58ce9c72826f96d,file_0000000055e88230a748442d3d6819ab,0,references/historical-recovery009-dependencies/PUBLICATION-INDEX.json,not_recovered
publication_support,r1-final-raw20260921-08-raw-csv-008-input-binding.json,25484,52ef9258a924148327704a4f3163baa14fcfedce0d526cacabc89e450ce217eb,libfile_ead6e21e6db481919d5eaa7def74a6a6,file_000000007c748230b4fe8166c2057fe3,0,references/historical-recovery009-dependencies/PUBLICATION-INDEX.json,not_recovered
publication_support,r1-final-raw20260921-09-raw-csv-001-archive-receipt.json,137569,91d82828cd470ecb5b76a369e16067df07fab09a59b6595e9c37384b226c39b3,libfile_906ad624cf3081918c4e57b75e8a4fff,file_00000000d83c81fd83210874b8f12481,0,references/historical-recovery009-dependencies/PUBLICATION-INDEX.json,not_recovered
publication_support,r1-final-raw20260921-09-raw-csv-001-products-catalog.csv,37132,efc61ec215ee277bc313b5bb0d15fc364d7a2a8212b8f760bc5bc33755c4d486,libfile_ed6edb3bba248191ac65cd8cda48d89a,file_0000000065bc81fd85c25950b6f1b2b3,0,references/historical-recovery009-dependencies/PUBLICATION-INDEX.json,not_recovered
publication_support,r1-final-raw20260921-09-raw-csv-001-input-binding.json,25529,c8c4f6453f0f04b2012ed8004db991d645ae1a09b7e1c05f3938142c99dbd5bf,libfile_3a9743748cac8191b57460162d30f096,file_00000000d270823090109042cde03c77,0,references/historical-recovery009-dependencies/PUBLICATION-INDEX.json,not_recovered
publication_support,r1-final-raw20260921-09-raw-csv-002-archive-receipt.json,137569,4b86db5c640f5da18852af7b64b6106463701d8fe8eaab7a5561ce4f3d9df1bd,libfile_9ffcdaa58b488191b5bc32a4cbbe925b,file_00000000fc4c81fd8a524ff3681100c9,0,references/historical-recovery009-dependencies/PUBLICATION-INDEX.json,not_recovered
publication_support,r1-final-raw20260921-09-raw-csv-002-products-catalog.csv,37132,f6646716604fb73e093d647cc9c06bbd7411323dadce001b56b38ddad460bb94,libfile_98529a6221c081919c130848ace46d86,file_00000000f9cc8230a6040ae61b57f002,0,references/historical-recovery009-dependencies/PUBLICATION-INDEX.json,not_recovered
publication_support,r1-final-raw20260921-09-raw-csv-002-input-binding.json,25529,c2f756c46e2ae7c23014da3faa10f319a9b8cfd89884c9000955cba5268031f4,libfile_2eda0e5c9ed0819183e6d7ee0e4b810a,file_00000000316481fd86ac6770a2c59036,0,references/historical-recovery009-dependencies/PUBLICATION-INDEX.json,not_recovered
publication_support,r1-final-raw20260921-09-raw-csv-003-archive-receipt.json,137569,70423b2d9e8b6edcb0c9b292e793686146e6b895cafa1455d50e1363559101ec,libfile_faf5754a027c8191a5581b2d626e1014,file_00000000eb0881fda63a8a55c5bc483f,0,references/historical-recovery009-dependencies/PUBLICATION-INDEX.json,not_recovered
publication_support,r1-final-raw20260921-09-raw-csv-003-products-catalog.csv,37132,136ae1e4a35434649921d250181f8be9e4bbc2c2906032e6caa4164c87537f23,libfile_190b080320fc8191b1c39429ed58df22,file_00000000ca9481fd8619556e5de9d13c,0,references/historical-recovery009-dependencies/PUBLICATION-INDEX.json,not_recovered
publication_support,r1-final-raw20260921-09-raw-csv-003-input-binding.json,25529,87948325ec57f915f6d5bf13f6a82197d1e00e923c1071f01dc677f82db0372d,libfile_fa84509957cc8191941c3a974a4b6138,file_0000000065b481fd892e6ebab4fbf3da,0,references/historical-recovery009-dependencies/PUBLICATION-INDEX.json,not_recovered
publication_support,r1-final-raw20260921-09-raw-csv-004-archive-receipt.json,137569,aac96a1070775292a5c4fe279f1863ce62e1a30d2fca45d589334f289ba839fc,libfile_0ed489a0dedc819185bf916672107d61,file_000000005f3c81fd952bae85769bac92,0,references/historical-recovery009-dependencies/PUBLICATION-INDEX.json,not_recovered
publication_support,r1-final-raw20260921-09-raw-csv-004-products-catalog.csv,37132,85a1557cd425455770cbb8aec9df8ef83fa708934cefcaa588eaec6d790b9345,libfile_dbd9a02557c081918b132c3a216716e0,file_00000000daf081fda0e5fcf47dc7aa8d,0,references/historical-recovery009-dependencies/PUBLICATION-INDEX.json,not_recovered
publication_support,r1-final-raw20260921-09-raw-csv-004-input-binding.json,25529,f44813a1983f15c688b577caa00e3a2d1a28d5468a223bd6f477a02f27a79d42,libfile_40a0044fc8a4819187cafc25ee1d2dd5,file_00000000c18081fd9e892167111bcabb,0,references/historical-recovery009-dependencies/PUBLICATION-INDEX.json,not_recovered
publication_support,r1-final-raw20260921-09-raw-csv-005-archive-receipt.json,137569,246c55eae542674c474860c5dcccaf1e2793236808bb501821c85c41e04e477f,libfile_f39d33ecb9dc81918b27172633fa1190,file_00000000860481fdb8beb4cd8908128a,0,references/historical-recovery009-dependencies/PUBLICATION-INDEX.json,not_recovered
publication_support,r1-final-raw20260921-09-raw-csv-005-products-catalog.csv,37132,19f14a21784207b97b03ffb8da87c5ba045de0deaabc57e8ec8ce9f628423519,libfile_7c31eb6fe8b881918a767c40499745df,file_00000000a33081fdb2c454c96fb840ae,0,references/historical-recovery009-dependencies/PUBLICATION-INDEX.json,not_recovered
publication_support,r1-final-raw20260921-09-raw-csv-005-input-binding.json,25529,1fb86f7ce36a7ca85004701ceb6f6dd7e4b6f3e3a4cdb698f9ffd43fffe03bab,libfile_634b85bbe1b0819191b718c3e832755f,file_00000000503081fda00c6c9a9fec2210,0,references/historical-recovery009-dependencies/PUBLICATION-INDEX.json,not_recovered
publication_support,r1-final-raw20260921-09-raw-csv-006-archive-receipt.json,137569,71ccafab6529327367c4b101ac1045bd4467f2fb89eb66abd57c675e7922c614,libfile_165bc8fd4c18819187b86ff263382f73,file_00000000de6081fd86f66a8084d26366,0,references/historical-recovery009-dependencies/PUBLICATION-INDEX.json,not_recovered
publication_support,r1-final-raw20260921-09-raw-csv-006-products-catalog.csv,37132,2a1b249e708be2ada5dc7a751a27746390fb1e87bae77bcbe41474794dfb73e1,libfile_6854f70b61b08191a3bb9976094739d9,file_00000000bb6c8230a00de414272abddb,0,references/historical-recovery009-dependencies/PUBLICATION-INDEX.json,not_recovered
publication_support,r1-final-raw20260921-09-raw-csv-006-input-binding.json,25529,486fcedb81bb32d0d2073e69be4ab46bdb7fbfd43bfc85abde084ed3188e9a1f,libfile_489299607e30819189f1dd2d4a73b319,file_000000005ffc82309cdcd6d4688b5676,0,references/historical-recovery009-dependencies/PUBLICATION-INDEX.json,not_recovered
publication_support,r1-final-raw20260921-09-raw-csv-007-archive-receipt.json,137569,abae6b139ec156f7a2bc40c269d83ee4c72f7c59b0e4a8cecbafdcad2b6257ea,libfile_37723c80907c8191a4fe7411081950a8,file_00000000e6f48230a2d3339db5180e34,0,references/historical-recovery009-dependencies/PUBLICATION-INDEX.json,not_recovered
publication_support,r1-final-raw20260921-09-raw-csv-007-products-catalog.csv,37132,87e207c385cb5117d814bc5c5ab30426a5024ccd52e007edd7f8f9804ac10e26,libfile_1a4be8d645648191931dd36d080f29be,file_0000000026a481fda9e43c8541352945,0,references/historical-recovery009-dependencies/PUBLICATION-INDEX.json,not_recovered
publication_support,r1-final-raw20260921-09-raw-csv-007-input-binding.json,25529,00596494a775cd2e8dc2af6d481b641046dd3f38a67113b18652b567ffc38ed3,libfile_98b640fbe5388191975fc48ba7d0cb3b,file_00000000649c8230bb8ac85cce6dbb0a,0,references/historical-recovery009-dependencies/PUBLICATION-INDEX.json,not_recovered
publication_support,r1-final-raw20260921-09-raw-csv-008-archive-receipt.json,137569,21a8e78cca0de1d3d4dab250a11a792e50e2be9e7e9f455570a86dd2e54405b6,libfile_0e89e138f3448191aed4e45a9e1a40d1,file_000000003ab881fda544193fcdfcc6a4,0,references/historical-recovery009-dependencies/PUBLICATION-INDEX.json,not_recovered
publication_support,r1-final-raw20260921-09-raw-csv-008-products-catalog.csv,37132,5104a1259b1b0a30d648e958a287b43009f0b88eb460a291ff99ba5c800fdab1,libfile_3e4834625954819193f00ef4528c7fa2,file_000000004df081fdb3e44eb44dfbebba,0,references/historical-recovery009-dependencies/PUBLICATION-INDEX.json,not_recovered
publication_support,r1-final-raw20260921-09-raw-csv-008-input-binding.json,25529,e430b3586768b3cf4d411372c15c8055b4614e24eb5097773e73659f6cf05a29,libfile_291a5941aa0c81919554167ac1858225,file_00000000bf448230a01c72b7e4db5ee4,0,references/historical-recovery009-dependencies/PUBLICATION-INDEX.json,not_recovered
publication_support,r1-final-raw20260921-09-raw-csv-009-archive-receipt.json,87030,1c6772a12c4f48bf4178dab1fb38589d8a40b76515f9c03fb40bb5486c75eb15,libfile_4811deec8dbc8191887819495ffdd9a7,file_000000000ea88230b2a9750665f2f441,0,references/historical-recovery009-dependencies/PUBLICATION-INDEX.json,not_recovered
publication_support,r1-final-raw20260921-09-raw-csv-009-products-catalog.csv,23329,ca67c28f123295b8fb75bfde4638d79edf279a7018d84056e072c1e9e79561d8,libfile_a213f70f85d48191ab49073a9d014fdd,file_00000000e0d081fd9a0dfc0f38beaf7b,0,references/historical-recovery009-dependencies/PUBLICATION-INDEX.json,not_recovered
publication_support,r1-final-raw20260921-09-raw-csv-009-input-binding.json,16538,5061f87c5df1ba3602ea34f252cd5d4c1e3d0c6b77ab383cfd278b8a1b7ec0f4,libfile_ee474e5988b08191a2a887ad6c458572,file_00000000120c8230ae2740af46645faa,0,references/historical-recovery009-dependencies/PUBLICATION-INDEX.json,not_recovered
publication_support,r1-final-raw20260921-10-raw-csv-001-archive-receipt.json,188107,7e494f89358f27bc1294f383133839fff3df189c93cc1d567e3431155d3abe93,libfile_300350e320948191b9bdb83513e70bac,file_000000001e6881fdb0f6fe0517db6a73,0,references/historical-recovery009-dependencies/PUBLICATION-INDEX.json,not_recovered
publication_support,r1-final-raw20260921-10-raw-csv-001-products-catalog.csv,50935,e18acebd0fc2ecec6f6f5bd336894945b55ee4dff5b3dea8dce59b09160eebb3,libfile_ae48da25de388191bc6bf4415d6e7ccf,file_00000000524c81fdb76830c17f25b72e,0,references/historical-recovery009-dependencies/PUBLICATION-INDEX.json,not_recovered
publication_support,r1-final-raw20260921-10-raw-csv-001-input-binding.json,34519,cd40716f0745aa486bc0fdba10dfb55cd81816ded360269d62f7e4e62c342da9,libfile_a23f15d172ac81919cc08d44c5d00301,file_00000000e67881fd8252aff534dc27ba,0,references/historical-recovery009-dependencies/PUBLICATION-INDEX.json,not_recovered
publication_support,r1-final-raw20260921-10-raw-csv-002-archive-receipt.json,137569,1c4f018948d3f8ef9adad2ecd1210ac687a6395d40d815e3b5cb8aabd444b2aa,libfile_ef25bdb783b48191955141398dfc7d3f,file_000000009e1481fd87aca83905b561fb,0,references/historical-recovery009-dependencies/PUBLICATION-INDEX.json,not_recovered
publication_support,r1-final-raw20260921-10-raw-csv-002-products-catalog.csv,37132,d8f44487278f9e97d5cd1e6a980320821b97d5c6c267bd4097001f83ea53797f,libfile_754c32e681fc8191b758b338f095c18a,file_00000000968481fd9d797af5ce16ce3c,0,references/historical-recovery009-dependencies/PUBLICATION-INDEX.json,not_recovered
publication_support,r1-final-raw20260921-10-raw-csv-002-input-binding.json,25529,7f60ae2f25db1e86cbd8e5438dd2ffaba51cb6dc9d4c4f58d0dc6409a388aa00,libfile_7e57302271a08191a943a9203ef44a81,file_000000003b1081fd9088f761d76f7807,0,references/historical-recovery009-dependencies/PUBLICATION-INDEX.json,not_recovered
publication_support,r1-final-raw20260921-10-raw-csv-003-archive-receipt.json,137569,038f0ad950c6c2c17dd81138c97ce985e5472cb0185c69151068bc99a8614757,libfile_8894f142c4d08191994f2ed31c52430e,file_000000003cf881fd9062e4e579dbb771,0,references/historical-recovery009-dependencies/PUBLICATION-INDEX.json,not_recovered
publication_support,r1-final-raw20260921-10-raw-csv-003-products-catalog.csv,37132,8eedc54379c6bfa48a29b2572621f46b31ceb2aa26a651c06d5d46e37762c829,libfile_570942d53c0c8191b93a45b1b6afc7d4,file_00000000f31081fdb58bfe993ab654f6,0,references/historical-recovery009-dependencies/PUBLICATION-INDEX.json,not_recovered
publication_support,r1-final-raw20260921-10-raw-csv-003-input-binding.json,25529,069ce269d4a0c156b52fc77943bb0f3394661a39d657678bf3b1fe1977d94605,libfile_85985fad75188191a13447ef73265a47,file_0000000038b08230b31817e514f45c46,0,references/historical-recovery009-dependencies/PUBLICATION-INDEX.json,not_recovered
publication_support,r1-final-raw20260921-10-raw-csv-004-archive-receipt.json,137569,0ce612e444a61a4e185d3e7669d33e4bfe16328f49c3724565602cc83e4ee96e,libfile_3b9a1e68c3bc8191a2b1c5bff6ae1c04,file_00000000497c82309bf55123d46c0cac,0,references/historical-recovery009-dependencies/PUBLICATION-INDEX.json,not_recovered
publication_support,r1-final-raw20260921-10-raw-csv-004-products-catalog.csv,37132,f5110b332ca420f3522fd510371f0d136b094efb040aaa3c397d676b25c71a7f,libfile_31fb51fd7a7481919dfdfc4dc9b5d3ef,file_0000000086a082308191e1a99a0bb1e4,0,references/historical-recovery009-dependencies/PUBLICATION-INDEX.json,not_recovered
publication_support,r1-final-raw20260921-10-raw-csv-004-input-binding.json,25529,92f3c476472ec7390ed5e729d52d3dca1d0604d927ec391140da6396ab6eddb9,libfile_b626a16c36788191954d737648033853,file_00000000e1ec823080cca18e6341b53a,0,references/historical-recovery009-dependencies/PUBLICATION-INDEX.json,not_recovered
publication_support,r1-final-raw20260921-10-raw-csv-005-archive-receipt.json,137569,e4bc1793bbff95c8fbca6ee1b0baead4cdb363c24e20b347c09f071aba757088,libfile_801cf04bb81881918934f47c5cc4b1ca,file_00000000bd7c81fd9088874ea1384669,0,references/historical-recovery009-dependencies/PUBLICATION-INDEX.json,not_recovered
publication_support,r1-final-raw20260921-10-raw-csv-005-products-catalog.csv,37132,4ef8eabc69b28b15568d497e00b7ebf27a2b8cbc3a1d36770231ff2fe737e2ea,libfile_4c94e2c68168819191be1b1235f5d1a2,file_000000005ca081fda04ba8bb2333987c,0,references/historical-recovery009-dependencies/PUBLICATION-INDEX.json,not_recovered
publication_support,r1-final-raw20260921-10-raw-csv-005-input-binding.json,25529,962e5a48c74f266667aa9a46abfe5b0c9bef8fd732431c7885a4426062a3aac5,libfile_572d2a226e208191aa66deb3da403f5f,file_000000004b1c81fdb367c07720a1a6c9,0,references/historical-recovery009-dependencies/PUBLICATION-INDEX.json,not_recovered
publication_support,r1-final-raw20260921-10-raw-csv-006-archive-receipt.json,137569,2269b069a0c9cc4f51037e780bec411e253b9545efcebfa43693a55a3d8fee2d,libfile_124c5c775a2c81918155587090eb75d0,file_00000000491881fd820c61c781b2a2ca,0,references/historical-recovery009-dependencies/PUBLICATION-INDEX.json,not_recovered
publication_support,r1-final-raw20260921-10-raw-csv-006-products-catalog.csv,37132,8961a39cde1bcc747f876a65ab328f85b39c2b2fd8c3c31f4c2ee86b33fa6dfb,libfile_531c6921c5c08191849cc43d4a37c62b,file_00000000eab881fdb5cb750f31caf353,0,references/historical-recovery009-dependencies/PUBLICATION-INDEX.json,not_recovered
publication_support,r1-final-raw20260921-10-raw-csv-006-input-binding.json,25529,1029a4f814353cc76391732850b2d5c4f7a5bc2acb9c8d4ffbf70007ac4d043d,libfile_3cdf3e95c8208191924601f6cab75fc2,file_00000000d0d881fdaa082b7d4b1049ff,0,references/historical-recovery009-dependencies/PUBLICATION-INDEX.json,not_recovered
publication_support,r1-final-raw20260921-10-raw-csv-007-archive-receipt.json,137569,890cc8494c5b8065a5a77edc1145728f358b420f874c75fc6c72edd5ccf005b2,libfile_f96c22d844a48191b6d732fdc2342e4c,file_00000000043c8230b75c54c818477e91,0,references/historical-recovery009-dependencies/PUBLICATION-INDEX.json,not_recovered
publication_support,r1-final-raw20260921-10-raw-csv-007-products-catalog.csv,37132,246eb4a3eee8ab38fe28d8885629352123a4460c0b69bcbd89145723680533e3,libfile_7a04f2e5ee68819185306722d7239b0b,file_0000000036e481fd8de21c15e6bce961,0,references/historical-recovery009-dependencies/PUBLICATION-INDEX.json,not_recovered
publication_support,r1-final-raw20260921-10-raw-csv-007-input-binding.json,25529,146803defcffea9c8d3eb228ad7fdd262650a8a37cf070e7346006591e344a1d,libfile_218ea3497f9481918d2bc945b7ba9232,file_00000000c97081fda6282a548834bd39,0,references/historical-recovery009-dependencies/PUBLICATION-INDEX.json,not_recovered
publication_support,r1-final-raw20260921-10-raw-csv-008-archive-receipt.json,137569,aca35f0696ed6acb38bb41060d0c919f5ad5d9fab785e555304463b8a1b4aa17,libfile_46ab3e70f31881918207308ee291606e,file_000000006f3081fda1134b50935c29fa,0,references/historical-recovery009-dependencies/PUBLICATION-INDEX.json,not_recovered
publication_support,r1-final-raw20260921-10-raw-csv-008-products-catalog.csv,37132,2c1ea4ab454b086c2b699d302b3f02687880df0d473a2701815aeed167987108,libfile_209e42164af08191bb332f91aa0cbe25,file_0000000064d481fd9290bc0b9f0eb7d1,0,references/historical-recovery009-dependencies/PUBLICATION-INDEX.json,not_recovered
publication_support,r1-final-raw20260921-10-raw-csv-008-input-binding.json,25529,f4c4e855aee1c8dd4bfad98f0b3349ef5159dec91fe5578649dc846123f91703,libfile_2e13e34498448191a0a1f15fb815fe51,file_000000001bf081fdaed4ec60d2e090e7,0,references/historical-recovery009-dependencies/PUBLICATION-INDEX.json,not_recovered
publication_support,r1-final-raw20260921-10-raw-csv-009-archive-receipt.json,96158,c634d40bbd20db98b918808dbaa4ba1296e61f31446ae4f1a546573ae9ec2a95,libfile_dfe7ba6725a48191ac00646eba8dbea3,file_00000000983882308a33ceed79adc08b,0,references/historical-recovery009-dependencies/PUBLICATION-INDEX.json,not_recovered
publication_support,r1-final-raw20260921-10-raw-csv-009-products-catalog.csv,25821,f3a291458ad119d8d97d9b16e7fb3d768ac861f911c18ab58bd424ea9278f341,libfile_295db2265ca48191aea199a1ac1a84e3,file_00000000d1b881fd8c96cd89f42acfca,0,references/historical-recovery009-dependencies/PUBLICATION-INDEX.json,not_recovered
publication_support,r1-final-raw20260921-10-raw-csv-009-input-binding.json,18162,90fced4501050120572ec516e1a51a034e3cba2ef21389990f164c38028d5d31,libfile_8bbddfa6fde48191a15aedff86f96e47,file_00000000769481f799fb040f233fc946,0,references/historical-recovery009-dependencies/PUBLICATION-INDEX.json,not_recovered
publication_support,r1-final-raw20260921-11-raw-csv-001-archive-receipt.json,178979,4a2cf0aed4452d22dfb1578bdc303c80d733e5525d186f50210bb7e2c9e8d2d7,libfile_1672246dd7e88191bbe690f8346b2d9c,file_00000000dff88230b8634f141a94d019,0,references/historical-recovery009-dependencies/PUBLICATION-INDEX.json,not_recovered
publication_support,r1-final-raw20260921-11-raw-csv-001-products-catalog.csv,48443,56644caeced7264f031cdd624267f64f96abd4d225db03a9861be68c9239cb12,libfile_92ed545aa3f08191a92ae5cf8050ef47,file_00000000cae08230ab8c1cf0bc432a5b,0,references/historical-recovery009-dependencies/PUBLICATION-INDEX.json,not_recovered
publication_support,r1-final-raw20260921-11-raw-csv-001-input-binding.json,32805,6747deec72710d660b8073099fda5913f5a292b08c656825ab7b95223e69afb8,libfile_8464fc328e3881919f2f839805ccd235,file_00000000826481fb889dbc29e78d04d0,0,references/historical-recovery009-dependencies/PUBLICATION-INDEX.json,not_recovered
publication_support,r1-final-raw20260921-11-raw-csv-002-archive-receipt.json,137569,2398eea74c8e6f401377873afab90ced449015e28132c22c76ae699c6deb5a4b,libfile_6565d68f8ac88191a278c006798ee80b,file_00000000472c8230b0a86a43212ddb45,0,references/historical-recovery009-dependencies/PUBLICATION-INDEX.json,not_recovered
publication_support,r1-final-raw20260921-11-raw-csv-002-products-catalog.csv,37132,0bb90f09c26353bdbd8c7916bdf6d560a69e0211ebd6cace7580afb9261b4db4,libfile_73febfe2a4508191abb9179d415f9652,file_000000003a3c81fdbb4d413b8aed8917,0,references/historical-recovery009-dependencies/PUBLICATION-INDEX.json,not_recovered
publication_support,r1-final-raw20260921-11-raw-csv-002-input-binding.json,25439,aef62c637bdc7697d7b52171cbc1afaf036d05fdf251864f122bf7066d93433e,libfile_380fc41528708191a7ee0e49b09b2660,file_0000000043cc81fba6d9c816e40bac79,0,references/historical-recovery009-dependencies/PUBLICATION-INDEX.json,not_recovered
publication_support,r1-final-raw20260921-11-raw-csv-003-archive-receipt.json,137569,ddbcdde745fd298052323540aeb4372ea3f8dae6903f207500d4ad7ec8509605,libfile_3193a538d1248191bd11d7aefb8824ce,file_00000000269081fd81af04df8de4b63b,0,references/historical-recovery009-dependencies/PUBLICATION-INDEX.json,not_recovered
publication_support,r1-final-raw20260921-11-raw-csv-003-products-catalog.csv,37132,f279e90f142a2473b1f86654776ac64603d513465785c326e086610ad35e2cf1,libfile_da339cfaecfc8191b3a3820fdd1c5f3a,file_00000000c11c81fd8c20c3866b6e76a3,0,references/historical-recovery009-dependencies/PUBLICATION-INDEX.json,not_recovered
publication_support,r1-final-raw20260921-11-raw-csv-003-input-binding.json,25439,1712bc6c3c8797069eac4e8db5915cb17044e4d87c8eec5cc17f4974ce014fba,libfile_b83a830629188191b16bf6efb81f81ca,file_00000000ffcc81fd93793859674389d5,0,references/historical-recovery009-dependencies/PUBLICATION-INDEX.json,not_recovered
publication_support,r1-final-raw20260921-11-raw-csv-004-archive-receipt.json,1628167,a4be612dac36ee924ee63a972cebaa4151886a11cffca65df85c8b60379c413b,libfile_617fdbbfb0c081919804b8036f1b1c21,file_0000000028ac81fba5b25932693582b6,0,references/historical-recovery009-dependencies/PUBLICATION-INDEX.json,not_recovered
publication_support,r1-final-raw20260921-11-raw-csv-004-products-catalog.csv,440846,d465514e79280f933c3c3cf430a61214922c1caa0a09a61cf964be3eed445506,libfile_fec0e21c92dc8191883476c88c3b5a6e,file_00000000176081fdbc62c5bda47b8633,0,references/historical-recovery009-dependencies/PUBLICATION-INDEX.json,not_recovered
publication_support,r1-final-raw20260921-11-raw-csv-004-input-binding.json,291428,dbead237e8c70f58a82dcdf57b457843615da3057063035fafd7655ae72bc994,libfile_32b47b98582481918e9e322781a327c5,file_00000000f72481fdb5cb860c093013bd,0,references/historical-recovery009-dependencies/PUBLICATION-INDEX.json,not_recovered
publication_support,r1-final-raw20260921-11-raw-csv-005-archive-receipt.json,2846966,855b4584e2f4044e2d31e89865082f6d10bc8fabbef0ba57bd5364513994ffdd,libfile_bd2b572b04ec8191be02aadcf98e49a2,file_00000000ef9082309f78404acd280676,0,references/historical-recovery009-dependencies/PUBLICATION-INDEX.json,not_recovered
publication_support,r1-final-raw20260921-11-raw-csv-005-products-catalog.csv,770658,872b0847da6de3bf4a7f80e821b729ecd0c37d0efbb89ae611fe25dba9fe4206,libfile_2fb9c0340a3081918ef2f198bd816766,file_00000000258c8230b3a79fa358df27fd,0,references/historical-recovery009-dependencies/PUBLICATION-INDEX.json,not_recovered
publication_support,r1-final-raw20260921-11-raw-csv-005-input-binding.json,508986,20f8076ae45e765eca14cd92e4caa66c85cb759efe0807f6e831e7ff72c8b11c,libfile_17612d6de7fc8191b35c1b892d21ec8b,file_00000000ff388230a50ce5454da0acf8,0,references/historical-recovery009-dependencies/PUBLICATION-INDEX.json,not_recovered
publication_support,r1-final-raw20260921-11-raw-csv-006-archive-receipt.json,2847293,6e14737b808d59a134e0d336d7f15aab0358f82c2dcd1a262afd9a249cd94c82,libfile_bdc5df85b9fc8191a4342a5d7b9b638b,file_00000000a4dc82309c8a6bb9c4076bb4,0,references/historical-recovery009-dependencies/PUBLICATION-INDEX.json,not_recovered
publication_support,r1-final-raw20260921-11-raw-csv-006-products-catalog.csv,770748,3d41cd5ef7862579c0dcc71d7df4bd223529622af4f9d307976b23228fd01a1c,libfile_647e769ac2cc8191ad5aadef1baf47c4,file_000000000da081f7850ee8e81b21183d,0,references/historical-recovery009-dependencies/PUBLICATION-INDEX.json,not_recovered
publication_support,r1-final-raw20260921-11-raw-csv-006-input-binding.json,509044,ae533d854cb7bf22a1022739904410e56512c11f0a50852ca3888f276aa0035a,libfile_97b66685716c8191bd8df50467e70647,file_00000000732c81fd8919af97a83a2664,0,references/historical-recovery009-dependencies/PUBLICATION-INDEX.json,not_recovered
publication_support,r1-final-raw20260921-11-raw-csv-007-archive-receipt.json,81910,23c26f80a2951612a7cc25acdd7ee683c88a0e71bb3cfdf080b5270c6bbf027d,libfile_83e962649e00819199679a40ab974aef,file_00000000062481fda996ab03b40a2cc1,0,references/historical-recovery009-dependencies/PUBLICATION-INDEX.json,not_recovered
publication_support,r1-final-raw20260921-11-raw-csv-007-products-catalog.csv,21766,4e3877b5b29ab1b80286c27ee196efb74650f55d88c835cdfebeceaad57dd839,libfile_f5d7d9547d848191a3478568271f1c4b,file_00000000d0cc81fdbd1d3320d17131d7,0,references/historical-recovery009-dependencies/PUBLICATION-INDEX.json,not_recovered
publication_support,r1-final-raw20260921-11-raw-csv-007-input-binding.json,15577,89a559d2f736dddc5ba36bec918b694cdf8d8d6c894a3505758eb4f701003f76,libfile_00748bcdf27c8191bd4797351ea19adb,file_000000009ff881fdba9f0e2e8698a43a,0,references/historical-recovery009-dependencies/PUBLICATION-INDEX.json,not_recovered
checkpoint361_support,driftmapR-S07-R1-checkpoint361-008.zip.part001,,,libfile_7c51dbc2fb0481918b38fbb3aac566cd,file_00000000466081fd92fde1c2daca987a,0,references/historical-recovery009-dependencies/checkpoint361-recovery-index.json,not_recovered
checkpoint361_support,driftmapR-S07-R1-checkpoint361-008.zip.part002,,,libfile_7173209c6d7c819181e549d4564c6bbf,file_00000000361c81fba2031d3fb7404883,1,references/historical-recovery009-dependencies/checkpoint361-recovery-index.json,not_recovered
checkpoint361_support,driftmapR-S07-R1-checkpoint361-008.zip.part003,,,libfile_1c9444d4848c8191b425439e39c05102,file_00000000fd7081fdbf99be08316d5b9e,0,references/historical-recovery009-dependencies/checkpoint361-recovery-index.json,not_recovered
checkpoint361_support,driftmapR-S07-R1-checkpoint361-008-manifest.json,,,libfile_1488f44d32e88191b32cf3b719a4c4d9,file_00000000ffec81fd9bed8b4a7b0b67e2,0,references/historical-recovery009-dependencies/checkpoint361-recovery-index.json,not_recovered
checkpoint361_support,restore_checkpoint361.py,,,libfile_a4d2af469d9881918cab720f34092322,file_000000001d2c81fda7306800d40bd050,0,references/historical-recovery009-dependencies/checkpoint361-recovery-index.json,not_recovered
checkpoint361_support,driftmapR-S07-R1-progress-20260922-007a.json,,,libfile_582fe89882b88191910bd1bdac26fc46,file_00000000519c81fd8220b124f42d97a5,0,references/historical-recovery009-dependencies/checkpoint361-recovery-index.json,not_recovered
