key,checkpoint_md5,sha256,committed
s07_null_g1_m40-0001,92b266b69227da7d1a67d44ab454a66b,181d590f0cf3789cb935598f3f0f94f84b506c37d3a0da5e7194be46f471b1cf,True
s07_null_g1_m40-0002,39ba20a6e584647f3bef845ba7fb67da,3d16dadd1df4b27055ab00a153b0dc53f668825be71705571872f9e490117836,True
s07_null_g1_m40-0003,ac3a69bb032fd97be86c9d09ecc6b3f2,40971c006fdbea7e5841a7e4ea9f810625093f9f8f58adb85bd3dc85266f3888,True
s07_null_g1_m40-0004,7cbb925f051b0cced2f65a0d21e55447,4ea766b44b1d569dace7a7ed5e9f277916f70af91668df8ea260fe6cb195d812,True
s07_null_g1_m40-0005,9d7f4dadb1a63ec7f03be3f1e01b7139,e67943b98ac8719e7a5132a7331160fbfb827d93c99c7b753fa9691838c83734,True
s07_null_g1_m40-0006,682ee19cc95254f246eb16f68f8435b0,a5d6c00b5db15a7d051035f172e1dc0501f79b36ace79597dae715026971753b,True
s07_null_g1_m40-0007,6e06fdfa76ab21d47a6a791c870a7cf3,5b2e5eb23d6141dd4eec0454fe6710c7674c9031766552388e6604a40ae265cd,True
s07_null_g1_m40-0008,4bb9287d8c71de3e9fa42902503a795b,2054a7831ca4b39ffb1645faf5f3fd29b1e1b2cca450fe660bc975a55a2e55b3,True
s07_null_g1_m40-0009,a96cd0e2fa383f1f56f1dff2a6b18e82,997e9e9b78d14a4ca26027ec8066023664fff1354abe62cd531d4d87282d294b,True
s07_null_g1_m40-0010,e195b348e9380427532dbd60032e75fd,d9c32bbb46552253b302fdfed4383829b44f94d6fd4e2f7ada6708d79d419c41,True
s07_null_g1_m40-0011,bd8c6b64b6298fb1c2bbc18296389390,b78f382a1547ff135d28936225a01b22ae38b1399c433e2ea15ef278d8db0a8f,True
s07_null_g1_m40-0012,e64aef8adefdc42ad4635c50732b55c5,04096d46af67c98e7c327ffac32f4a6faf0e127edbf80fdd532ddd600afb5d57,True
s07_null_g1_m40-0013,820e403d21272bb0df9ea8bfb0221ba5,4ab2abbec75ea454b95a86573e3b8f2c3434b41b30d36531ae41b15d3a4b372a,True
s07_null_g1_m40-0014,09527ebb0130a15937cd2f711ad75d33,500fa9d0e692de1ad02a8c0101be133fa12a7ed98f38f2f5a0b9db66bdafe630,True
s07_null_g1_m40-0015,2b55d45ace1f5d0b9d2ecf2dfbdcb802,c79179e7ca70ece5d7942dbc6a838016f40754df2ab459c61d4bf2cbd9ea3e61,True
s07_null_g1_m40-0016,33a6aa6c48fdcf4b1fb3ad19f6905d00,70083cc8cf06d322f919a9141c2b5dcf65db372db8f89949346b19eeff06af24,True
s07_null_g1_m40-0017,3a828c6121b7ee8359f0799a4ee311bb,aa0a06631af896334f02c870d5543f1931c12efa0616951c5817f223088a58d6,True
s07_null_g1_m40-0018,cc0871cec0e553ea48ba8d360346c1c4,50000abddf9cffd0cdd36c684feb9b832a3e7d927e7902b06381d6b687879ced,True
s07_null_g1_m40-0019,f5a13317cfb80157722e0c88a1c4a766,105fd2f0aeb94dea6c4a1967e6a9d2ea792421c1649732efb32137bd0caad5b9,True
s07_null_g1_m40-0020,ea6708e462cecc04116883c1aaa36a79,a8ede2b8719c56b46ddefa5ad34837d436296d8c2a037c772f7651947ee9a1d6,True
s07_null_g1_m40-0021,5ca2f541032a345ee56eb8f9b1fbe4c1,ebd52d5715a72a4f0e0b25ab42226a827c2c4a673c2ca506ff78988a4c4040ef,True
s07_null_g1_m40-0022,13c4b17c951f811c566e1564f1db0aae,8ac0f357136ee723b3510cf893bdf1b9e6bf0759c1f8b30768f3ca3b2cfea78e,True
s07_null_g1_m40-0023,190a369dab02ce70d3eb7cdf9fc61bba,2caef5ddc15164cfd50d4967f2abb92b6867365866e290ebbc1831fa69656ffa,True
s07_null_g1_m40-0024,6c907f1594c1bee42f5f2a9b529970ad,8fce7a3faf14d74044eba178d7b2adb5d78cc23c51f242b4ad3420c2052593ff,True
s07_null_g1_m40-0025,25ebe87f5f22aa02d33ea4cc6db77954,b2d3783dd95cea654ac57eb20bfc13708ddc30a0bd3003639a52014712dfc32d,True
s07_null_g1_m40-0026,38159c39686678331e51d3e65d65c937,4a23c3c1b0b17848e9476d683fa4a7f4280ff2c3c29b65367e920e5cb3abe688,True
s07_null_g1_m40-0027,d015a1a7c6c5270abc87aa0c023e9dba,66c6380b10dcd0b02544f7de3b5e0877ee0a0b816d8f6e7e013c3e4e4826a6b0,True
s07_null_g1_m40-0028,805f11a2358f90d9461ec2110e5691de,31c2bc7a0e33c931dc88c6ad3ff24e704561df487aa4b7df2e9bae0a743e00c9,True
s07_null_g1_m40-0029,e2b09c8e65e0c3bf4de2758a3314c092,b7d11506db27e7e2f24b32f3d8d8e9a83a1fada05fef7657bcf9e6d915131cae,True
s07_null_g1_m40-0030,9978a2ee34b9f4753140ae20979830a2,7cde5ecdfc4a9a5842818879d8b09e54e1d4982124fb7f72271e07bcd277e250,True
s07_null_g1_m40-0031,4cabff98d9d17889310e10e6fc43d101,3b066651410c5cd64df02e51cc27c21f3e353de121c0c5c4400d2edb58425a1c,True
s07_null_g1_m40-0032,b8823c589c690497e493398e90e3a575,bd21641250cbe01f327830a5b3e5200930db8036731c48781ba80e99096b25e7,True
s07_null_g1_m40-0033,7ae44da4ec2f88b32cb552c536439bc5,ab070668df6090b5093a74f281e65de8a9f6ab58213af15049f7f928f1236a37,True
s07_null_g1_m40-0034,acd90b5ec104c96e30ff7ada124b3aa2,3c8984df58acc4e3c2f5a8054667d71d5580d9d3f7c5d77d6abdfada2c82d37b,True
s07_null_g1_m40-0035,e6b6d007416aeeec535dfb2e54d8cd44,34cb924251cc45327a15e385f95b7cb1c77fc188b3dd275406b95871e006823f,True
s07_null_g1_m40-0036,95d3c0cc11062b349fde985c6d0efe22,470960caec437a546f0f8444e88b902c8b407ac77f5e71b529362361a2727421,True
s07_null_g1_m40-0037,c8db26276a9ca6bb0d061f3ad8aa201f,d6a5274327439d0b80197c47d0762b6ba47c4e6236e44182f4af5f9c71c263d2,True
s07_null_g1_m40-0038,ae723dc4c236972311712d93317c23a1,4be044f1203660123896182dac1cd4cd8cd0c07b47efd5a00939d9b60834bda0,True
s07_null_g1_m40-0039,0e89debf62922a453d0d7e562ff9fe91,a07cf33308d6d9dac128e2ca2a70ed6f817220cf498ebe064e2e452c383914e6,True
s07_null_g1_m40-0040,12dff24d01f58d08b7530983c66880e3,1fcd9eebccf8c055b1fa82b694cb88d8c6c1079bdf8125b0cd1eacd2c0a7b6b6,True
s07_null_g1_m40-0041,e2d28842be17ff6ebac9f3f16bcd9c44,080810eca793a1317a79ddc2285ecb93ce8f7cde2161c1c78c58bf8f2d5283ce,True
s07_null_g1_m40-0042,e77fe2554f36350b171c15089a73df53,5cc65123d00d578801e2e791134c140c7568b592f4b5b45faf3780d97e32e4a7,True
s07_null_g1_m40-0043,a78a3bee89c23dfb22d86ccb09228b1b,41675b8f402a6c8ae0e0d4b6df71dcfbbec6f73c85ae42be51e10dca6d1883b3,True
s07_null_g1_m40-0044,3981e5b182553031dee96e779ced4245,e663d93b5f562a531b6ba1893f34b61af10b3d2b0237d767adf1eb49755e4d1b,True
s07_null_g1_m40-0045,6fa69c26ad65df7f80d34c01aed21055,8b9ad17b946113d56825eeb58fa2880fcec18895622ecba2c50fd028817adfe1,True
s07_null_g1_m40-0046,e28ffd6de3214a110f926ab0406059f9,9e01d451103efe7f11dd349316c4246d5fb5be0d3251d39c807a5e5a592811ce,True
s07_null_g1_m40-0047,a85c23613f13264e3406f9d34d8dd39a,b3a505064b5dbeecd24e5f94caf03a5819ce8d49436969211366d90c6dd9a517,True
s07_null_g1_m40-0048,ea25e5611cdff7e333d02a47206036fe,f59ae20e0889fcead246ec4db40c4c550958d46fd577ce229e535cf6a5a234cb,True
s07_null_g1_m40-0049,21520c89440eda0d4b9fc5b78067de1c,a342a3617f5005ecc42fadaa035aecb230e6d31fbb4349a5ecfba472f29589d5,True
s07_null_g1_m40-0050,a099cb68ced8109bdc32697f097db62e,09560f349094a91a1b1928fb3d3c6af965b12635a0b1e62c9b819b7dfa3c5c93,True
s07_null_g1_m40-0051,e6a6716ce6f813d88d2f19472f14242a,1b393daae9abe9982f8905f01218e3df47f5dcce3005c3169e0fe88cadeccd55,True
s07_null_g1_m40-0052,e25cee90dff3019a57b2b36214444849,ff446e7071ce1f7d51c02048485468cfc11f1da23cfa564cbe4b5363c1ceef1a,True
s07_null_g1_m40-0053,745671a8dfebda88c80976b726133347,e6e8e82df8d5d73c76df0eb881c05b80e321e8cba8ad1dfa5a288197bacf029f,True
s07_null_g1_m40-0054,3929de4db1a198829b6d42030afddf19,abb0fe37138e2eaf48c2cd21c352b274d342ab5f17382bcf8fda37ae1e4318a6,True
s07_null_g1_m40-0055,4efcce2cb66edd65fa4de2950deb47d2,364ff880bc5f9589a8d25f2eeb962b5bf3b60903b2fae62af9a309410cb75a17,True
s07_null_g1_m40-0056,0eaa9baa575451177d6561c810b11434,156a65350764e52fc4398eb988babc928f3e6b0f0273b8504687e5432c201626,True
s07_null_g1_m40-0057,a0b8411d6a76e11ea8f80e05fd8d13f2,2a711ff11dd616613f8962d9964bef8f0fbb89b4b688cd3a26033c8ed65493e1,True
s07_null_g1_m40-0058,3c9dba23171910598b8c3ff7790d9634,94ab6be7abcfde1b5d361630b4c2a52c193fcc516558a1d13acccf11a21c9f08,True
s07_null_g1_m40-0059,e944111abb5d83704ca6a32b9c9437d0,44dfd8ea5171f0437274b659934b0988f82e3e53359be33159f877ef791e09bc,True
s07_null_g1_m40-0060,66d925b7318001c55c77c0ba1f8ca2d8,1fad9a45364ab3157cd2344baf51709576de8f1e704f018e395d118f26d5bae0,True
s07_null_g1_m40-0061,bd11687e384d6457500d6536b2301427,904d6fc2c7a115735a32d1f645a3bf99d885692ffd86c7e27f92a65e4518db27,True
s07_null_g1_m40-0062,c8630643241724d91b9cf254d85c3b92,71241df30b6572b8ecdd1843b417ac31a2fdf273073bfd2a405972ca3a8a29d1,True
s07_null_g1_m40-0063,d1b529ecc8157f1c96559f181b978d4f,5445396804d449a10e4d03f17df07d508ecae92082d3a07f479d5b25a612bd90,True
s07_null_g1_m40-0064,87a3e08f68a25234f89f821f22a360d0,27cdf23323c5285b36520254cfc60949b083278e67acec8d6ec11e4d8ab9bd7b,True
s07_null_g1_m40-0065,49967e10038465ae1922bc94f6307b11,2b0306de6440d3bf2a365164c3d3fbc54b2fb79adfc348bc924d33e11729fe59,True
s07_null_g1_m40-0066,87a287cac8a0e4beec99eaa400486621,b70f67fe232213a5c650c61e477ae7f716c0bd4cd2a762dcdc5375823b852086,True
s07_null_g1_m40-0067,f6d23fd9a25b9ccedea7592b62db34d4,89c9c96abf5d027473a21be9c99674f8ca5be6ad0c14c89bf0590aaf2c355905,True
s07_null_g1_m40-0068,67bd175634211ff5858936bc0075b0e1,dfca0dafb7df0c865f9daed9deec0a4fefaedc6699200212c53d2e91b1c8c128,True
s07_null_g1_m40-0069,95376945857c70fb60a38c7505b4feb6,e5fd15fdd4b52575873d03e9979dc8102bd15251f0e865f1a8f7a7d97a510727,True
s07_null_g1_m40-0070,e12177642087875dfe2062a58f9fa668,17e8d134b2b76e0c332c2cedde09568ef435df23de1a51d0e5e2a550ab47f3dd,True
s07_null_g1_m40-0071,393a272c4b6cddae69413bfa1a716f5b,7e090e8f66f09f2692e29d16e2311fcd5cdd19a59bc90c1e5eaac577fe548b89,True
s07_null_g1_m40-0072,a9fe2344f7331493229f48714ad23a80,a605edbd362c8d64fcc70fe28b8c63954450309e313354e63066ab62231cc2e4,True
s07_null_g1_m40-0073,42f6d355e1bfa65a5381dcff84ecb8a7,01ba9b8cee397c6ee71c9b7d41d3a8060d79cfa76963d88accb3bbe7900ee4c1,True
s07_null_g1_m40-0074,10038469feda16165d80d79b74cdff6f,dac65ab9790473dbf0946a2c7ee3ebddf056cc76a636f1a5e18d64e05152d847,True
s07_null_g1_m40-0075,9b26830639cb0e06e2016ddb17e7e020,a66290ce0a6f4652c90aa096c219219fec87c835b68858e4c2276272d0e025bb,True
s07_null_g1_m40-0076,c2c822aef0aa0d30efa9cb8fc98cb341,b4ae278df17d1890f922ad65f28819935998580ead0fc91252fa415a15497ddd,True
s07_null_g1_m40-0077,bb83f940c5946d7ccfd9ee899359fa5b,6faa796b4c1395046e6d26f6363704cf3d902e082f8865ced7a294a2bb12b0f8,True
s07_null_g1_m40-0078,1b8564b91daeb9dc1e956a41ef34ae9a,18b2456e270259cd1ef25ab8a25f5f1bd9e66c78b8006784a38a66e1b1bee46c,True
s07_null_g1_m40-0079,4c7121830f5eba2552837279fa560d30,ad851f1b00d3fec2a73592523f2c89b8be4233b4ebf302c1f7e6ca020041e014,True
s07_null_g1_m40-0080,653882a7b37669a43d378a61f3292697,cdc34c7852a84488cd74ee0c35e7270ae7b8b6fa980f29170e69ad38cbe92dcf,True
s07_null_g1_m160-0001,aaf79ec3f4245034f9a2962854d2fa00,a88670329e7bf741cd6943c3671c5c3bd7b0b06639fea19af873c8c372b25e7c,True
s07_null_g1_m160-0002,b72b2b9018911191aa0d06018cb83ece,4758c0cf3070b627d0ab0122578fa00a6aec27f4db5d233fcc2aee4217a5198d,True
s07_null_g1_m160-0003,406cca97185bebcd1dc344b1850f88a1,8811b024d2825d676396bf1cb5aa75fcc88cac9cab647a0412718aa8ac924475,True
s07_null_g1_m160-0004,1128bf015c8d61df410e9991b2c6d3e8,e1be2a7c7f66a0811c6c0cbf8775c30ad008c6d5dbec7a8aba5a39c5cca2071e,True
s07_null_g1_m160-0005,afddba4e953951d210f72ab4cf177724,e8e5d660baf12feaacc477f976d5303f2b2f2188ce6ea54939ed8b115e531e1f,True
s07_null_g1_m160-0006,c885260c2e361f7a901c3b50e2dba25d,033c6c37dcdc97afc99c1435320620644c2a83a1b8f2aa6b3e580a338229c716,True
s07_null_g1_m160-0007,fe3e1ae1cdb36b149dbd2587488f8f66,3eb490da3f7440800d72d1cb2f91a58b768b1c351593a7b9dc91e0f126ea04dc,True
s07_null_g1_m160-0008,87cf9b5ed6387d8a782a3ed5d8962a5e,3b728d71674e86abbf8c2e94270afe9463d6f5a212728a6886eb8d75d193c089,True
s07_null_g1_m160-0009,4235a3bd21a5344e318d4a8dc1ec5663,89e5935d63b0ff1bec9667eb7e33d7432fa4768365034dc3670097f6edbe2fdf,True
s07_null_g1_m160-0010,f6a31b8c4a5029bc548db3a03c5207ef,84ee39812883fa3a0aade92d3ecfcad82da0dc875b603fa9d71a2b1311cd2d58,True
s07_null_g1_m160-0011,0042f15b5779cb58aaf389a7b9996290,a3e930c69341b47e8eae4c65a3b48ab34d9358201b4a6437cde83e6fe1e3941b,True
s07_null_g1_m160-0012,08e993821b893a2356b9a8f9ca152c0f,8e384de28dac69fa91f7eca4d70735046e9d1db7950a5f376369a35c2d43d040,True
s07_null_g1_m160-0013,29059d43eeaf6684006cedd175252044,6ce307578f6882f4e6c3e3ccc53ac15ee0b8e95aa6f244c39111528421e12dce,True
s07_null_g1_m160-0014,eb04c715631360d90c203ea0d22860d6,08e2350b5b1fb5792700866b3718c2bdd3893ad5be5087782363d95b331de1cf,True
s07_null_g1_m160-0015,b01fcf73c3bca3ef4d35684d5d5845a1,48ccd854b7eee8f46bf5195ddb8f05120d6af592c971d5cdb31d79f1db4dfdc4,True
s07_null_g1_m160-0016,730ee3d7eacf0461506eb906479b75c7,861baaa23a728acfd66b9b0bf3076344d4160c2aeab0bc6dc32ca0eabb3f7d81,True
s07_null_g1_m160-0017,f8dce2f12ae8ff38886519f95dba1ee5,934222a7cba74c677ebeab0be83ad0e80595f5b9e1db57a3f9caa40f76a8ecb1,True
s07_null_g1_m160-0018,ff9fc703c3614946529e40cbf8a632a8,b54d7a934093da037873446791245f3675343988317f109a9e9c2d1947b0c62c,True
s07_null_g1_m160-0019,ad7c25457ecc0f753af14e1c8256acc6,00f075ebec2bbdee1c70553be1fb96a943f88b233cc1620e1e3f52b397cf022f,True
s07_null_g1_m160-0020,c5444e962e7b2687a3a57f6f619089d1,3d53a796c9439b71d2728dcd52dc19ade39a7bf3e010be979ac99d138e5c7fc1,True
s07_null_g1_m160-0021,7f86e7f5ccedf311c5fdb7ae376806f4,ae9adb92a6eab8dafd66de1bf947f11247d65806f495345ec155c66144773d6f,True
s07_null_g1_m160-0022,4ce1c14c091dfeb84eec3c60c9928dba,a873bef09b2c37c3bc5188e2adef8593aa3bbcc01ab8d0e39c4ce15cbccabe8d,True
s07_null_g1_m160-0023,8a7a12b909f4ab5388abb55093783e2f,edee5184b2780f918f9b483dee1f46bd66261973f0bda129e3711bcae4a2e069,True
s07_null_g1_m160-0024,b4c13eecadf5cf68164f1ea064785526,f0c3a274dd835180ba4a4da5c948c59e0a6df98f451e98710807839079fea01a,True
s07_null_g1_m160-0025,f79754eae03b407728a78a30ce0f8fa5,6a7ca8a3b6f7ae6be04c5e3de2f500aea09a76eedb4c352c4ce1b79d12d1ab5b,True
s07_null_g1_m160-0026,63d7c1464e009f9430700c1e0e4ce710,7c6a81fc8c394815afb97023c68648371957322e5c1dc5da60943a2d7f19fade,True
s07_null_g1_m160-0027,d1454edc5357d0e42da1a1ffe4382cb0,62b3a1b10fbcbf8d6936bdb4d62e6624b16e05436b3c12e415c8d49bda9e8c3a,True
s07_null_g1_m160-0028,f290886b3b8e9d20ec2fdfac25766d48,70786bc7a0db3f625ffa6a825053af3174aaf250684a55a7af79a49a14859b12,True
s07_null_g1_m160-0029,a18db50e147caa0165e38f5586066019,bb5a316d9f736c9e903f5f2c3a9553bf9fe077e895ba4f585560add4cb73e60a,True
s07_null_g1_m160-0030,e864ca9de7b032f8f893824565406064,99761925f78863004d6b6fc8e37ae59b621cc0af1092537acbb2d575c8578150,True
s07_null_g1_m160-0031,5a33c83bd8463ec38e821f7a4778fd81,c8ebfe4ec7303582a35da7d4ad0a2b0dba03607b6bf896581a82f286fc662067,True
s07_null_g1_m160-0032,69c1a273de3716537865805930409c67,5069858d87cd13bb8b038c833427002d9299e36f6e364a4f5e715e36126aa664,True
s07_null_g1_m160-0033,5044c20ce71b8ea362399e0200fd486c,241431f755ddc72c979b860a12cc6a502a2557e8012a11d97954f2ddc87cf0c7,True
s07_null_g1_m160-0034,dc2cab3e85ee4aa268171367aca4c983,4063eb5d11469002826dd49ebc5e52d2cebffed758ea6174530e3133a92e0867,True
s07_null_g1_m160-0035,b95fa7674e435688e511a464d05c9466,d236c79d318662f2374c89874582ce14b52e85634a9cf558b3d594fd5a78e0f8,True
s07_null_g1_m160-0036,f1c420daa0512c124679798b4836f532,dfa0d8f6899a749b8ffaeeaf6f7c9d77e1bd69b94283e9662aff8ab539c62ce3,True
s07_null_g1_m160-0037,4523f07a06cb1bdb7e29691e1d4bcf22,8ea9f0258404484efb28189be6917f83ff76d1000d37905bbffc645bbb50f96f,True
s07_null_g1_m160-0038,c4b62a04f9ffe8efcb7497a49bf544de,2c3ca2ba80594a05e75d2dee74c8ce75124a0ca8e14fff7cea5df9e6516e2d97,True
s07_null_g1_m160-0039,e5144f3ec845a6a6867674a3e3469ad5,74a13c71d2dc3cc93e36453aa685a42b9dcc9f21e73ddc794289f93aa5ca1524,True
s07_null_g1_m160-0040,651abc4323f9140a358fca67ebf2fdad,b7b60c0b5b356cbf1c817c4f82ea66c810033c8ca3ffecf6650c9ec0daeb9819,True
s07_null_g1_m160-0041,f7631d2ce7cd22730098d5196bff46d7,ae4e7cafaa00f49d609065c53e5bd188be606963facf3260981658442347ae04,True
s07_null_g1_m160-0042,d69662c7f4dfdcd52d103424d288963d,41b8a727ffdc8f09d281e6cca6c17497df48b9d5f94dd6ce9f490c41dc50eb37,True
s07_null_g1_m160-0043,b39fd82230b2c800c88aaa437750db55,b39aa353d9071e04c451296d9b6423bfcddea173fe799647f076c65c59b15986,True
s07_null_g1_m160-0044,83c07e9e4d9047a2b6cd82cd9c5e323f,233fb686b0033d685d6e385f13d9c37cfde2f74d21d0870f06a43c065b910e59,True
s07_null_g1_m160-0045,879a5856bba4540b8afd8e2a807df5b1,14075f610d2d3da796dd73fe36a370b32a0f6e1c8bcfe15e2adef10e98d0a611,True
s07_null_g1_m160-0046,12311bbe3b003e26d95e23eeb0a3849a,cf752ae29e46fcce7413e7071a045cf930b2cfa4b9757a4df9ec57a1b7041d9e,True
s07_null_g1_m160-0047,dad715a7f422dba75137d77ec2397a26,d3d1064edbb86e4a70b51ea04494b1236955a19b5294c59a5a643649d6f56da5,True
s07_null_g1_m160-0048,443420f35a8de6a568e2465d377c9ba8,0130986c1825c8c8b2583f6dc8f8d5e62b050e6ef4fbf17c6dcfabf859f186c0,True
s07_null_g1_m160-0049,83a9340c7166ecff89795283b2ccc1c9,7fe6ed85b16795cf2eb01fa2df006c5e80b714911948f3b583c6dc96e7ade43c,True
s07_null_g1_m160-0050,b012499d74efeafc8948a4bbb4b2da0a,0e0fd557d4340655ddc9d6b4241d6b6d7cf47f938b9d91174fc34a4bdf2bfd1f,True
s07_null_g1_m160-0051,cdf9e92d5ca6d07ec8e24e3d8de0b513,7fc9107eec005a76948a7699abd8234d0cc388e2e0b6e45ae3ab353cd4641d1a,True
s07_null_g1_m160-0052,e137910923915ef073c337a45fbc06db,fca37b3ade51c222d8d6e8f654c290565477d52c640675182abd86520754db82,True
s07_null_g1_m160-0053,46f7f38849c57e751f2662e47246b09c,aa3249dfa5581dd1f27123a7b9c57888afa8ac85814cf5a12eab5d02f02400c6,True
s07_null_g1_m160-0054,2a4bc3ca99564d81ed4658aac97c7237,b384100e9484c84fadb2c0f3627c15a50662a366362011fc8b319150558af71e,True
s07_null_g1_m160-0055,c04e304254d8ec4307dade804ee159d2,6058c047b13621f20de8dc92bb7a4bfffd32a816aea12718fb0fada708c11d7f,True
s07_null_g1_m160-0056,39ce99498a72f85376b5980a1ce16816,93bc8b0712af84a083fbd0f85fcb3cece8b2dd9521df84ad2452255e6e2b3b22,True
s07_null_g1_m160-0057,73fd3960af1e7d254f1a82aacc285709,1bfceec1cccd83636087ffc657dbe9d8a0e5c0ae473822d042e2df19b22ecd82,True
s07_null_g1_m160-0058,38e4b610935184af4e99d94d4a2c72d5,1161b1d64453a406a33c2603367ff6c845f46667e315c387be39f7d316f1c969,True
s07_null_g1_m160-0059,0d78759b82b00fbdebf26cdc371fe42c,e64a7218bbbd4d3c40471ef5431d6248703b9e6606ed20810104219fa3c06a5e,True
s07_null_g1_m160-0060,3e66ce02a93593fa299c90c39edfafb4,902655d76dd40a1b4e99736b7082305694e70d119a17c44788afc6817752f440,True
s07_null_g1_m160-0061,e5a4187899773ecb1251825263fb6470,c2db8e5e0f0f24f57e155050395342a837deac35b59f61a4145be7b2f97f3ee3,True
s07_null_g1_m160-0062,a6b09a051360905582b299e0a6799726,c396c8311acfe7f78d1573a736dd56aaa8458605c910e9c22c3cabbf4c364f91,True
s07_null_g1_m160-0063,cca136f4a2a9de7d7e176ecbb5b0d237,2c2e863ef49e1b568a96bc2848990d183b8d492e9e97da8e8bf0d78eb7931c78,True
s07_null_g1_m160-0064,259bef693cdf990bbce612195f0090c0,02b5331ba04269274d2f28779cfd7c746375f63ede45399a784a84ae9464d1b5,True
s07_null_g1_m160-0065,ed61f7460afca449191c1d28f5a8182a,0143936c260a64f3ad44bcdc593a06e462686ca670b64b48a621d75b034826da,True
s07_null_g1_m160-0066,5dded8f05dff94524db11429dc7da839,9e05fc88cd32318c59a1feccabaa7b6f423adac081d703f7df4d651ad8bfe5c2,True
s07_null_g1_m160-0067,8657babbe0a1862af923ea34c0d17ee9,c4275259b8af66b152d2636318c40ee7cd0d0b086d8d1d704a507ce14573501f,True
s07_null_g1_m160-0068,6bb587901008e0655bdbb50723e0a5af,bec12f45ac427cbd6966b86646f9b0f05777ffa88f35189296d2b97ada8e8842,True
s07_null_g1_m160-0069,77b16436cc1cb70f470ef71e2f43fdda,5d5653cf121dcbb929b73a56d229fc4849b4b025899948436a88a4df5a79e8fa,True
s07_null_g1_m160-0070,7e333bbab3ad9648411c1c4931643b59,52b2f2fedd4e999fed3ad633a55605e1021138a905846bf5758e89f3a1118232,True
s07_null_g1_m160-0071,d3fec99e54ccf5ab63c51aaefb88c7f0,88534c9fc2396c61152ebe163a090495706d4092161d3b6bd68cb4909a644dd1,True
s07_null_g1_m160-0072,97436ebdfe3c585287dceeedc62e19f8,09bff81da6ed3b04e2f3ac4fb19223a64f51871b3ed4c98d87d65f6a6abf96f5,True
s07_null_g1_m160-0073,d181fdfadd718d884e3f944465b8af41,1253dc2064fcc3ab27f82cf6c2f63a51d340a1d9e6c986ac99acfa4b65030c27,True
s07_null_g1_m160-0074,f313a104321974678a4c1756113b0d31,6760637f9d8892787dc6afc63927f888562e5e3a9fd8010c7f3b600bbebcfc52,True
s07_null_g1_m160-0075,adcee37bdcb8d50ee684d2acbdd5b67d,4accfaa1045d55006f08675537d2e9cd31bc0d03a02343ddc68d5d4136448de2,True
s07_null_g1_m160-0076,a9e82b5ba8148c64bbe4d3a5bea5ad9d,96c7fa8fb1a45861cc0fcd63ca63b8be5dd20d40b747fc9eb1659ccbd8be965b,True
s07_null_g1_m160-0077,7cdea10245845237ba2e4922cfa821c8,8029282cd6ed3c67ab092deaef66fe45abee6e39c82ca8c9b66bf69e17b677c8,True
s07_null_g1_m160-0078,460f07fffca3e8c8dc6a5453618f0cff,eb7b59e3430c5c4a6b419231a6f688c735f533619c4ee9d660386c40e64dd7b0,True
s07_null_g1_m160-0079,597a951dbaecf3b736610cce8819d445,68c7c9f1d07992c751fe70ad0890b04019fac7dc7bd07169fa3052cab4d41efd,True
s07_null_g1_m160-0080,427c95ad0870dd7d1258e0360b7419b4,7e5c5986967a2d6a53886981be00b8c4d0c2b1ebc6250a467abab17f263c3e6d,True
s07_null_g1_m640-0001,eec2b116edea2f3014c5c232cc40c1dd,7c262980dbee633fd8a9f3d2634330c8668a53b1c0f63a8b979bbb522c76bcb9,True
s07_null_g1_m640-0002,a80e5a8e351b399ea69e3d0cc9970c8b,b8c6e2fce9b38d9faf3f837372a3a2f65c0fe20dd07966b349adfcf689bee905,True
s07_null_g1_m640-0003,0fca3904b0668d616fbd6a4845c38180,1a4cedaaefecd05a84d6282270e0a51ab00e2431e70ea770fd3608a43b348619,True
s07_null_g1_m640-0004,988431192233f1ad3be0fe7557217f7d,f202f04afba163ba74a980ca11d94eeee6b3e0dd04f730152d877edb15e0bb44,True
s07_null_g1_m640-0005,a5ad71ec5ace8fb9d06957765a239381,6332997ee61a02bcd9fe83a48ef61d193d89139a712f6e121a8be8cc2a3b5c92,True
s07_null_g1_m640-0006,7575a0e63619821a4aeba2e0801169a2,54a7292cada9ce1dc2454bbdfb0dd207b26c7deb62a2a5687b6a7017a1f6235c,True
s07_null_g1_m640-0007,cf5b39e4210d1b45cbc186e889402efe,2964f112cb69eba182279677c0238b0bf5034dbd5c2940cc68f91d093497482b,True
s07_null_g1_m640-0008,c7c509e8f8ad722c9776711fd831a783,cd63303fddac6a11440483f7e1b77ab41131ad17235c1190b89bfea4893b76b0,True
s07_null_g1_m640-0009,8fd24cd8903779848b7b367af11743b2,8da6dcefb1f3c57fe306df21b8c252d7de00eb40c8d03393ccf3cd8cdb5dd66e,True
s07_null_g1_m640-0010,39c505b753b0859b7b19d830c8c6c6af,0fec2dfb20f1d1a7905d9b044c6734638036f20c22b58222fcb5947132f07ab0,True
s07_null_g1_m640-0011,27385c176be35ebd991318c0dd02b25b,300efa613b8bb9b867557904f22dba1cff64dd6ef83dd9b8180beb07735904fc,True
s07_null_g1_m640-0012,04a7724f6deef0f95057b82d4eef9a8d,92c0edbe7c5f334f1dacf7b59e8cd52a0e8beee482f520e204754efbf915232a,True
s07_null_g1_m640-0013,d6755bd9295bcc7f510e87033fc000c2,fd5af354ee47afc5d865b2114c2e6d79571dac70fb010f387c8353f9880edad4,True
s07_null_g1_m640-0014,dbead4c4351630e311dec59c59a28ba2,1e6f39a1f4bc8a537a87987159f1679f5b4873e97294e22e7e58dce3d192ff25,True
s07_null_g1_m640-0015,8530e1b8d946c00bdc993976f127b180,465cf0965fe56601784cc32093a2afd0f10b1b8b94418da1cd35b17f03f962aa,True
s07_null_g1_m640-0016,208ce8fbd8d563cecf6dbf9a4cee1c4f,7825af2465b3d9f2bcd042505076bed479611b3fbe4782ee59cb413b776982d5,True
s07_null_g1_m640-0017,5a8da2b4259980145efac137135f79b7,1b5ed7a4dbe5a99d67f7c65590e20bf8fcf1dc7aac2b0a44e496c9de131e9d7c,True
s07_null_g1_m640-0018,92f733880398cd806dafe63f17a82427,6f48a48b940a9514703a2fce05b1af45cebbbe1639edbfc37581d8909e806141,True
s07_null_g1_m640-0019,ddc1ab2542bc09c23fa112161bf8269f,866a0bce321cc1e0a9c2a8b0cae8ff1ad7540dc483607496b908c8217ec53465,True
s07_null_g1_m640-0020,29d9ad5afe87285c8632fc142326c2ef,1dbc9b2d1b0147469f86b8e1578006be08e5ed4c68849e1ed24675e6c251fb70,True
s07_null_g1_m640-0021,e0d2b893cdea2a21c46217454040b181,c8a01b8b1f89218e0520a8f14b6f005aa260721bc20ed77b052a4a2e2bd96854,True
s07_null_g1_m640-0022,a41f955c34885ce0a5ba0432e4a43d73,b0dc7be766bb54d3235d8bc93c4e7fb259300ca3d2e257c0f5533c77212ab974,True
s07_null_g1_m640-0023,4e8284146b5c690b76c2812b04af7be0,21f8a9fedea2cbc944939456d07a09af96b0fef22e0703e5dfd1ea6fa58be2b9,True
s07_null_g1_m640-0024,24be68bc1c2dbec775e483c17795ff8d,753d53784e6ee886e211740a6aeb4d0c98dc5d649884c5e26232b674481f5e4b,True
s07_null_g1_m640-0025,ad3085c03c35dd25ef0b6bc302561db1,579055a84d0d80f73413093c28b297c89ca592b81abb83c6e2a2f839fb50f773,True
s07_null_g1_m640-0026,7edf6e736fec3a6e5db8637efb8527ef,bbad32083110758c6f146bc5152a389b1a3ab37d02cfde286de8c7a88995a3bd,True
s07_null_g1_m640-0027,11309b95ad9bf55692b74c2109ba42d5,7c057899cf80584775a5bb786db7eece4439273f9ce90c1ea96197738554b721,True
s07_null_g1_m640-0028,9c5dd1b46a25861213dd68977eb29f5f,ca7431ee82951eed531ecf559be26def8f89ba28c1b25526fb5a38732ac789ae,True
s07_null_g1_m640-0029,4e8b694c9913b4608b88e652d54f7210,9c61922cf2e72c932f7bb7a0ff525d6256cf0a12ff90e9a66321ba2ce716f18a,True
s07_null_g1_m640-0030,ec430abc425049128e2347a20f5498e5,ada240b7d02e06a0bdfef513085db4967b4fcb76d1d38512e9e3abdab6ead524,True
s07_null_g1_m640-0031,023f785f1fa30554c95d00b5d73a481f,2185785addc91df13f4cedffc46c91f0bbb4366f1f315bf271f6fdd5b002cbd8,True
s07_null_g1_m640-0032,5b832b9f836003e8e3d718682242dd32,38b08a1736d19820195c5c0e6866dcc4fbfc7c55d2b7ed1fe907a6ec989d190c,True
s07_null_g1_m640-0033,6e06249db827c956eb363391c068441d,669685882a33aef237449c120e2d3287804289c2991fba799e05ede869d28c77,True
s07_null_g1_m640-0034,85f01108985797c0b1b51795633bbf86,1e6b41ef151a8a5515bf3aa29479c2520f7cb5939aa05e9c931610877549f5e2,True
s07_null_g1_m640-0035,ed29f24b98a43bdb80dc4564de71adaa,e67f2b42bc4fb81e6b26576920da83b1a4ff31d97e2ccfaa6f16fbec0800a252,True
s07_null_g1_m640-0036,c203eb6c185674032d665b9a1967cc8b,2c2347b2b25d3493b912fadc7b63aaa993c662cbec841d30121e063cf6665b61,True
s07_null_g1_m640-0037,d21c9ddbc1b5e2a30e1d264fa52d04a3,437144d84d8958b08a6335b2d7ad56f146962951aec923afb89056cdf8ad5d86,True
s07_null_g1_m640-0038,47ae12eaec42bb2f057788daa798b5a1,4a6f5ff367c451d5f0731123c7a7f2405c5fea6e9758a4e9f828c97d8669a3c8,True
s07_null_g1_m640-0039,7551b3bdc9286068c5f16e3ed7374913,774beb9b588ccb5ffc163cb28eed328dfcdf00cb777dc4a5f548eb0b6e16c44b,True
s07_null_g1_m640-0040,27f777a774005da087b6d04130c232e9,39cd6053aca4419fcfef20d95939549f1b4dda1cb1b54c7056063382537edf78,True
s07_anchor_g0p1_a0p25_m40-0001,eb31630130d9759f24f05347ca7da333,d48edca6bd53718dbbdb1f3b63430a0ce91f786da4f2054cee6250511fe728bb,True
s07_anchor_g0p1_a0p25_m40-0002,58bc5e9c593a2372358ec382298fdf76,54f471798440dd022b26efe46f0c1f03c5e499cdfcfccb0e06699aa358d23212,True
s07_anchor_g0p1_a0p25_m40-0003,ec362c827db086a51e02314c275db97b,b0c67d891fa29862f3433130f328c4e59a18d4d692e9e919aee59d416d0ae98b,True
s07_anchor_g0p1_a0p25_m40-0004,9783512bc33a620b827575a887cc16b0,0b51f28385ace27d429d3c38edbec1c7b77af306585725d6b68e6ea9bff7b0d4,True
s07_anchor_g0p1_a0p25_m40-0005,e965b97c2961a6d7d2a99e6a385b9a41,cd8f53d7ef1d5479dc7bf3e783c323d67ba3fbf12d7ef044ddde6d8d3cb8bd0c,True
s07_anchor_g0p1_a0p25_m40-0006,6f8d9b0a78ef74f7490deea2cba6b72e,8955469295a6ba976d42865dcbb22a159d57653d4e8b6f298fd3d7f75b7a3a73,True
s07_anchor_g0p1_a0p25_m40-0007,8a3ac9839359695c9eda4c71c238c8f6,00ecee3ab30074bc64a8297d358422da7e06fa224efe3eb086668dff7a8f2d5a,True
s07_anchor_g0p1_a0p25_m40-0008,251a0075434ef1dc15f253efe73ef93f,2b4f4804b7b98f606553f4356c52fd51da992581f4235e423ed32a7524880d1c,True
s07_anchor_g0p1_a0p25_m40-0009,0d5e37fd18c8f452dc5e5bd22f60ee40,f009727bc7198a2e1a923ec5aaa71d8aa0ab469fcbd41cfd3dd38e7bb964efbf,True
s07_anchor_g0p1_a0p25_m40-0010,174b9103282a84a0e590a0309a5845f7,da85e714741b90cf56db23fb868261fd1e7b2f90b920c78a7708e0e7a3563abd,True
s07_anchor_g0p1_a0p25_m40-0011,0f36d7c0798ef37d66e5dd6c36627749,aefaee82b80ccd861c79d599804c0fa320fb021634adbf7dca40972448e1b627,True
s07_anchor_g0p1_a0p25_m40-0012,e215088fc05117ded21a50ee5c29dd34,c7fd69f61ff69fcd720f8247f3d0be593a3f96ad992ff7d63648961e9b5fc4a9,True
s07_anchor_g0p1_a0p25_m40-0013,c1b8409adffb0275c90da74740a3c759,94572206ac6fb938a4227591031de67147b08fb0fff4c927757d445488e812e6,True
s07_anchor_g0p1_a0p25_m40-0014,cc0c443b2542a130b1de4852f2794526,e2f920af170f399d932c16aa4ce73e78c6b9d6e182b45614a80af708c6c4792f,True
s07_anchor_g0p1_a0p25_m40-0015,bfb284488f15753c2ccadd7a0c651e81,95b086d8a206f44f716176852f8d6fd93f52f58ec2b4e15c22ee525598257748,True
s07_anchor_g0p1_a0p25_m40-0016,eba1519ba803d649bd4b056c19474fb8,824b45fba1289f93480cce2f2eb55ef90d8e18f877ae6d0e978d3d936c3e416e,True
s07_anchor_g0p1_a0p25_m40-0017,3eb4824f632fd1b0188a3be34071f140,7ee9b3b7eb97d293947b049610bf232fdd91d311a53a1a3f6e139bc3cc10a418,True
s07_anchor_g0p1_a0p25_m40-0018,97004bdb710c860c1b27664bdbb01652,0d7373cbcd44ca9156a2131e65bf1423cf406d0a6f8ff1add619c8fbf3c3c05e,True
s07_anchor_g0p1_a0p25_m40-0019,2b5d5c3f8e7b26f73b6069b81cab218f,243629428b090cfdbb26853d71ce14376c386a2c86e594e01d24fdde26a8f415,True
s07_anchor_g0p1_a0p25_m40-0020,218c6090c1b234e1d416f8e843402224,321482615d40407993582d0bc5a1f023dfcfa89b676cc0582f380b33e296f639,True
s07_anchor_g0p1_a0p25_m40-0021,0fe01e70191baf12770aa660d3920987,e5736ded59e88e73fadb2d92fef01543659593a15770ae4fae271d0bc574e897,True
s07_anchor_g0p1_a0p25_m40-0022,7cf5a73fa780ba52af9b708851d5ce9d,d8e490506720f4390f7b0a5c9b6b6dd1868912cbb6ff50ca8cf9cc085315c0e9,True
s07_anchor_g0p1_a0p25_m40-0023,1616a857a674c3c31ba9c22aa4d48ee5,b439d5f845cb34f4ef81930ffabed56ac470f92f4f51447e65e269904b5ea78d,True
s07_anchor_g0p1_a0p25_m40-0024,eff9583771689239922eb34cb9891026,96cd6f81d5820fd46c52aec7d0b81eb965a051fb48a29e56738d4dc688e174a1,True
s07_anchor_g0p1_a0p25_m40-0025,38328e6f55159308568a66d3143d7bb1,a587da609ef58827df7409ab4ae49086493245e508746e5385a06572ff1aecca,True
s07_anchor_g0p1_a0p25_m40-0026,204bc0dd6606416a2c73b76b284e4546,c1115884d70a3c44887d1855dd6de778d557733260bbbf13cf6374cfc4ff7a3c,True
s07_anchor_g0p1_a0p25_m40-0027,a3c64ae71fe9ed11d166c39f7b515de4,675d4eb33aa91925cd452cbd4a5a5ead03353f4ee8087a1ba552ed5be9c54654,True
s07_anchor_g0p1_a0p25_m40-0028,34c97d0d9c1172fd9c642f9586f1a2d0,b46be479bdecb581b18b61006dc98fe903a1a491eb32cc75619af3abdcb5e816,True
s07_anchor_g0p1_a0p25_m40-0029,4090692b767f866602b4ee2b58efdefb,1a9974d256ffed7acd0ea2122ef3fe0890d58bc3c5db3d9d69fa7342abe67960,True
s07_anchor_g0p1_a0p25_m40-0030,f6977425e44d11d334abbb268097f818,ae8ae1ad3ca1b308f31dcee489a274fee1c001777027fbc7022c82d5c525f589,True
s07_anchor_g0p1_a0p25_m40-0031,a50c7e5733bc17211ea3f367998c5ebd,316fe4bb63dda3f0c10bdbb9c453589a39f000d23a1652eabf8c7602bf7d9a12,True
s07_anchor_g0p1_a0p25_m40-0032,2fc86f5596cf16c93abac1cf687da0a4,555bc95795fdd5acc7e95241b4618127da5cc951406bf51bde91bbfe5cd8a1ca,True
s07_anchor_g0p1_a0p25_m40-0033,45d3d34f8693884d45f278d675bc499b,529b725feebcf2f4d17d08946324ad81d8a22a027e2787f43a75b6e26e0c7a86,True
s07_anchor_g0p1_a0p25_m40-0034,aa2e31c8e5d3017e67d443d996e03d48,e4441f75949548969326f969784e02d39836b69a3448920e8c2def5f0dec3a44,True
s07_anchor_g0p1_a0p25_m40-0035,eb38893249139a78c145e2cc911bd6c9,240c5fa9b475c39b9642b8e9f3adf21ce288ed136f8cdb9cb096ac66631b44cb,True
s07_anchor_g0p1_a0p25_m40-0036,8c56808849919667681a2c73abd7d035,5987bbdb11f9286998e9fced7590b84313488748026f8cb0c204f8b71d1fc57b,True
s07_anchor_g0p1_a0p25_m40-0037,d22da401a4aed12527487182acef7fdc,c46a25b7f1f84ed1fac5591da7e2bb74ccc37b9aff44e7563d561f4d99ce5c11,True
s07_anchor_g0p1_a0p25_m40-0038,86d9022653656b4cb0e991242345ddcb,7f479a15e199899d353ad5ded3fca1e8283a551215ec0e61600ed76a74b71a86,True
s07_anchor_g0p1_a0p25_m40-0039,e0e09cd000b4027856013eeb22d6247e,0d9c12540aa945d5b41395b3c996af429bf74659cbfb581b0ee5eb473aff23cb,True
s07_anchor_g0p1_a0p25_m40-0040,5a036d01fdf48c9cf92840f2ea60a29d,14566e5ca3fdcd75fa8506130a0b028b071a9e941401fba25c48f8648f40cee4,True
s07_anchor_g0p1_a0p25_m40-0041,b36e04c5c0962d15500e1a69963420df,8839e5d4e7032da4e6b35aee4ae27e368668739e5ce401a8286be2cd842b52be,True
s07_anchor_g0p1_a0p25_m40-0042,a8c5cc954e7cd8ecb9f04aa7ec7e9f16,2be3cf08dc8875f3e9dcd05177f1c2a924342240b8c71e7b7b911e39a4177ac9,True
s07_anchor_g0p1_a0p25_m40-0043,a14552e03f6befc691c9fb172667a5c0,d2415bb558e49eb7f6e9001543edde51efd3c44085943722ac02bd814927fd27,True
s07_anchor_g0p1_a0p25_m40-0044,5a7af47d5fe306309a6c0eaaaf6f594e,dc292c12946404e47fb6d58e4f59494190cd791d56ef8ca6edb6071dd12c7fc4,True
s07_anchor_g0p1_a0p25_m40-0045,71651e20957eaef812d98fcdc9c1469c,00461790baf0a1968f7a6b6a6e3fba225fbecd2edc0819b161a948c923a2f790,True
s07_anchor_g0p1_a0p25_m40-0046,3fcf0a29ee9d0669ffb23064c239a67a,cadf1a7201c79630ea71026bd64671322be2f2c8a468dd6761db5b52083b735c,True
s07_anchor_g0p1_a0p25_m40-0047,cb4a492ad19c4589ea2da6ee5a8f2363,b474a91cde2f479a8f7e030e4705dd46bc3ca3d7baa8a526403409866c2cfc6c,True
s07_anchor_g0p1_a0p25_m40-0048,bf6918abf897f3a30e8ae1ad93fae3f0,6fbe95cca002e884aa1755658fbf2f0e9d7f2e41b3dfc74974dbbc9726bc9eb7,True
s07_anchor_g0p1_a0p25_m40-0049,8bafccc1bc1b51b86b69e872e8a2e861,ab6dad81489c623bfdbbcf8c5917ab31ac5f314e42ad277926b0cb5db7b97f16,True
s07_anchor_g0p1_a0p25_m40-0050,400bb68b5856000a1d2c00ed3db3bedf,85f7e3366f9daad382538114b387bcb083eca42c2f4c463e2faddb57691cca04,True
s07_anchor_g0p1_a0p25_m40-0051,8f379e2535680b7f4e374126cc5dcdc0,9c13864d6135e54312292e9746510f2a113abb959fdf70c41830a6f9cbee75f3,True
s07_anchor_g0p1_a0p25_m40-0052,8051c70a78b0b55c9a98225cca4d439b,3a0f223ca9136a55f508b7241cd2794dcef5e7a8d75f4014a3bab5a750978839,True
s07_anchor_g0p1_a0p25_m40-0053,e3e8f639d576bac2e6bdd1459c51ab5b,bfa5961a5a3e79001f27156e3cb722330807964a1d76f713f9aaf012d39b173c,True
s07_anchor_g0p1_a0p25_m40-0054,0bf97004baa64277c856d96dd2a9132f,f2c12fd3b20f939f1a965c90889d2d1db90815a779b1850d6ce675c2278be5d0,True
s07_anchor_g0p1_a0p25_m40-0055,b62658d66ba88e67d6902f2e2383bb02,c5483ab49dc5832a03cb498bb5b6295901803d43912abe35dcc8d143fa3dd86a,True
s07_anchor_g0p1_a0p25_m40-0056,f6200987555e71d860a4053b273190cc,0b8cb6e3ca37ea68d8de22db13de9eddc2bb6dec71e15f85764d5f82fd35c483,True
s07_anchor_g0p1_a0p25_m40-0057,eee2f17a9b6ff9d68186de4c73574282,a198278a5c6908de557f093151d14949bfcc08ccba2f4cc121bbd355eb1c03a9,True
s07_anchor_g0p1_a0p25_m40-0058,3af0c7a6f16b5895b0d08ba0537d7dea,8affcfabbd96e22e0f9baf5d5e09e3df0de2f35fda7c3d9f30a18f01eddfbcf0,True
s07_anchor_g0p1_a0p25_m40-0059,1e127d2a72a725aae4c9c67fd6886e8b,f9a4ae7db550719d0c8ab9b3381c050bf6aba1fe94f9b5020208925cb1b91f02,True
s07_anchor_g0p1_a0p25_m40-0060,241ad5da29ad4275cba0d26bd6334f75,460d39102214f3cd77e61b0b6d2578a662d0b234785ebba5d3eaafed073b49e6,True
s07_anchor_g0p01_a0p25_m40-0001,3d2086ce04701a86b6e192145721913a,927447612092686063312e3152179d639c3697b52a8edd30f9390dd8497541b3,True
s07_anchor_g0p01_a0p25_m40-0002,0e1ff60b04a4220b1b43467258e44dcc,0b799fea2082270f25a263ff88012b7f8a462d503722f7f1b95c0a08b92e7dfc,True
s07_anchor_g0p01_a0p25_m40-0003,6079cebb62855dfc06136d5f7b524190,7c1dadc9a98269357287f8f37c133391c97b9db693d9004d6eb91ab8e8897e90,True
s07_anchor_g0p01_a0p25_m40-0004,8dd5a2bada93e027aa1b16bc9b4873ea,b751d4692850252c5306a594a6b48ff0f783dc21670754e4a3d408b87331cbdd,True
s07_anchor_g0p01_a0p25_m40-0005,126251eca9dfc3a4b79160892b19747d,472e9fa4d04bf60d0eb9ddce41e7bdd72d5893bf4a9dd4260ca7596f9754c033,True
s07_anchor_g0p01_a0p25_m40-0006,8565c1b3b4980c84706038150b29777a,367a01c842df530adb07ae1531096cf11d0d81f7e775a142056f3284d75e8038,True
s07_anchor_g0p01_a0p25_m40-0007,74526dcdcfd500be513f0e946f3706c4,b1ccaf2930236983f2b60f10f6c3d199075cc25b9cd52eee7e70d7391f60574c,True
s07_anchor_g0p01_a0p25_m40-0008,43c58fd890b08c12e240fe3d7169e8a5,dcb356cfa4fc96722aa0d9574f8c0c3996db913c21bf5479b9b6c8325f8ec7ed,True
s07_anchor_g0p01_a0p25_m40-0009,1cc7c7b56ba504e51f007918ac0c0eb9,688356fc8777255f766e0a4d582147371144b4b8b62032d6f57d2a751c9e9e7c,True
s07_anchor_g0p01_a0p25_m40-0010,a9a09969e471a607ad16f4b103795645,65e79487d7240da61441a5a9dcd32b109ccd4d2187bdf87bd997c2ff2cbac651,True
s07_anchor_g0p01_a0p25_m40-0011,d7062e13cd34656e14563f0c3b77cc59,45d958623a01d020cffa8bd57631004340fbc7797e438e581b3a1128ef0a7618,True
s07_anchor_g0p01_a0p25_m40-0012,c517b0dc59105b05c8d594a7edd14625,993fba9be18d098521f64ab648b81959a55112c063b9aa4a233ac1a68fcb8bbf,True
s07_anchor_g0p01_a0p25_m40-0013,ec3c915e992b59a1b45cd758cef372cf,6bd6e52f87fe5b6cc607773e49ef9d66753d291d19d01a26668c0fd078e60091,True
s07_anchor_g0p01_a0p25_m40-0014,0b2b6ae463c504fd6bb6b0ccf7977962,429855e1b1bc7e80d5761baffb8593905d9a07e174e8c5dcd40bf3df75289b8b,True
s07_anchor_g0p01_a0p25_m40-0015,56e8972d03ef8420fce228d086ffdf81,0ed75eb830859c56fe6cf3f3a29300fc95c7bf9ee3bcc21e196de0c8152f6ec8,True
s07_anchor_g0p01_a0p25_m40-0016,b22c1b47e25013ea5c2985c0a3e09bfa,0bd0aa56bb2147f523067695995e8bc320b52d15eb07f5989f3d1f86d95fb3e0,True
s07_anchor_g0p01_a0p25_m40-0017,2fa89cd1cb8d50c86f7c627b029d91be,412c6cb2156d9eacd5d45785788ee2048c2a0a45fe813ff6410ab16f675fb60e,True
s07_anchor_g0p01_a0p25_m40-0018,6385fb87a3bb5b2269623d264ae6f0b9,c157756e64c8b90f727fc8986fbe6c2fd8780c811fed62c084f448fd7c785a46,True
s07_anchor_g0p01_a0p25_m40-0019,91bff276ac11e95d2f1b2b4c54d7cf41,c6568503970c70e3974df9e27bbda4bd31c4dc80a2e598e0f109e6720aef90e0,True
s07_anchor_g0p01_a0p25_m40-0020,3748944ba6fba9c1a3cdc6a02388dc37,febc7478a4c3c03691f3f3a2604a14ba9bf61b33889f2838c0cdbec64a78514b,True
s07_anchor_g0p01_a0p25_m40-0021,3594c03dc864fd68306ad5b861e1acb8,7e7ebe3781a180c945da5e8e0da69ad29806449bb51bd5b03fd3c2af52d77e12,True
s07_anchor_g0p01_a0p25_m40-0022,072c676ec0863d34dd8437508341ea6e,43891e0ada3f2bcda762e9070fc8b8610534c52fc878edeedebe9f9d452103d8,True
s07_anchor_g0p01_a0p25_m40-0023,4907f05ed57be5514f979242c17584f9,2c5ab0dd3a363b3529e200a082ae563859c2be7a82f463b4cf0760a3cbde6028,True
s07_anchor_g0p01_a0p25_m40-0024,cffe173e19b65d25c604f401ddf6cceb,0b51eb80a2508f7a3a5b347e91989c46fd350ac2e4b2819797ebb79c8994a619,True
s07_anchor_g0p01_a0p25_m40-0025,a7b31376f5031256eb9b98eca169a8ca,b221ffc6754b0084a907edfaccaf7a5495907f76650d2afd239d5532a63d1a9f,True
s07_anchor_g0p01_a0p25_m40-0026,8688b6e03f7f4f49cd4332f0865977ff,280185e5ddf95b4a20daec7d9684e25b38115e6bd859dea63487cb39fa943cb4,True
s07_anchor_g0p01_a0p25_m40-0027,9ea86edec1a7849c2933297dd989b45b,a90494dd6a5fdf9d435ff27bab8370a81af71fee7460940ea0323ed144e670ef,True
s07_anchor_g0p01_a0p25_m40-0028,060c7883ead5c186c9a30100ffd6183a,612623380639c2b607daf06d3e34df48f2fe37dec77822f47928d7d11cb5b624,True
s07_anchor_g0p01_a0p25_m40-0029,f3d3c235e804f118bbc713e7775991e2,b813ea7757413f9bb6709cb0da41c4bdbd0bb2a722a9243b5c4c7a3338f6e6e3,True
s07_anchor_g0p01_a0p25_m40-0030,63237fdd86efca6c3604a2da923398e0,a9a5892e6db8dff90364377fdef9265793fe97b5adb3061c440aa3b3416b2f39,True
s07_anchor_g0p01_a0p25_m40-0031,19d574b6c67b55ac74a4e85278690462,4e045bef7e89a79b95a1efabe84f264fc64ea49d7a0ab8e4a38745aff31f86ef,True
s07_anchor_g0p01_a0p25_m40-0032,5f5c2b32cbad55c0fe692d33c3144a9e,36644e069ce8938bf83d76ba52b3dbeed18a3d2621b41d1a732cea4ee8d19126,True
s07_anchor_g0p01_a0p25_m40-0033,997574f3ef5f361dccd3095ae313447a,a749590233bbfc818113dcc028329a880ab210e71049edaf6ad39f72a3cfd0bf,True
s07_anchor_g0p01_a0p25_m40-0034,d90909c575f502a82c86a79c0dc39975,b5504f5c3a92875e9e985443b4b782b88b77cafe817349799ceab8c232ec2149,True
s07_anchor_g0p01_a0p25_m40-0035,44a1de9579eca27a42e8b4dcd0f52cec,08c8cd711a7d32db70e2410cd5c493e0b1e67b5a1955e85310e83253d17b0050,True
s07_anchor_g0p01_a0p25_m40-0036,8de7634aee615abfa66b1f236d4a7d15,4254e1a016e2d372c4109d291cb60fe0c7c0e3f3874f62f0a64793343000d9be,True
s07_anchor_g0p01_a0p25_m40-0037,7e6b504eb5301d06ecbe98b7594adeaa,7408645ee648b29768d3549fde310f0c4273307d84cd4a61ede87fa7c7368ed7,True
s07_anchor_g0p01_a0p25_m40-0038,6ddf1d7ee0fed01960c49547f238a2c7,2520309c85992a34dffee8d264eed43b5ee10f4dabc6b4d5243aaecfe820f64a,True
s07_anchor_g0p01_a0p25_m40-0039,fb7344780f96fcd19da25d17651a9b1b,d5f82898ef77be8db9041d5431383430998ae71b4d92e8e6ab13291171d42996,True
s07_anchor_g0p01_a0p25_m40-0040,036dbf133c26a45ed157d41272e912d0,38958ad1a9ed7fd5f9eb5053aba830499f498c3559b4b78abff3868db6de196f,True
s07_anchor_g0p01_a0p25_m40-0041,6c04290a3216435981379f2ad4f2ab21,04e6b7d8bd6c17129ed26de727eab1bc8876fe15a638f151f92dad213c18727c,True
s07_anchor_g0p01_a0p25_m40-0042,0f5236c03818881c7edfffe7426ae5fe,7a2cdd0d6541435ec3e918d804cd0158c9493910d46a3512041eb511829197f2,True
s07_anchor_g0p01_a0p25_m40-0043,134ad2d361a19e81de239a3855b76f9f,0936e04626b5b2f513e11657e0a877c68d8764ca88bb22facb9c5dc5f0f53a6d,True
s07_anchor_g0p01_a0p25_m40-0044,206609b494eeddd185713a229c94826d,7cdae610d3642a7e4354bcd8f736e378bf0ba11a1ef4274fb2385ee87f5b501f,True
s07_anchor_g0p01_a0p25_m40-0045,20f5d86b1ced7aba19596d4027f88d91,53034a2334fb8ed56b51dfc1f8a2e9b7d19942616553fbc3d6a1524672246455,True
s07_anchor_g0p01_a0p25_m40-0046,830993f16dc692b156d30af8721c3e8f,8612a398faf3bbf69955b4744d50d7f99f86de2fb383353f9d990fab775cd1f9,True
s07_anchor_g0p01_a0p25_m40-0047,922a17708bdfd0aa118c1d4be007e020,1781f0c8baee7db314a7182fb33438b7726cdba997c26145c2d610ada47a7e30,True
s07_anchor_g0p01_a0p25_m40-0048,c09cfe7b0da3ab178624a591f4b5f2db,9250010c59b840acedf6fdd76012f618e2161a4ab47e6975e868fd5135c67d61,True
s07_anchor_g0p01_a0p25_m40-0049,4cc1a489361362140114a50e0dfbc4d2,28b9f8e740c6a3a9f83fbc999175c37705d2d3b38836a2dc46d0e18f9fe223ab,True
s07_anchor_g0p01_a0p25_m40-0050,1790475af4ca5ebc9a663af1e0799f82,6dd2350e63cd523e81226ea7d324b9b169bc2df7f6c88d9ce485d9d171c0b598,True
s07_anchor_g0p01_a0p25_m40-0051,8402f9212bc0c2825781576273e4e86d,728117d5f802f7f3f9139914017ac75387990e4ca3b364d2b15355d4f705d29b,True
s07_anchor_g0p01_a0p25_m40-0052,ac5be7d9c32a27c446c0773e42a260d2,097bb986a24be51642ede5c46553637697dbdb5005db1b5cf14404033a6d998b,True
s07_anchor_g0p01_a0p25_m40-0053,8523aaedda9a5a38d62a9c6ecfb06e3c,05d092d88d87b190416ef85d1f646ca3ab0ca7b47f0e2ccb1235e03535e9c0cd,True
s07_anchor_g0p01_a0p25_m40-0054,120e15912f05b94439f2130b77f1598d,b91add1fe1ba1be7f453774c8fb41bfdddd87777fb05c72dc763004e9b612f42,True
s07_anchor_g0p01_a0p25_m40-0055,823147c6d8eb2a1805883f25532ce94e,d8c1d23abd91d40f9213c06cb3a8b086788b2b82517fbcfee75c78849d864381,True
s07_anchor_g0p01_a0p25_m40-0056,3a8030a71a6b6caf9a33d5f7af355ea8,ff84e19c17b83ce7605b24e19681b06351084048f71d79bbed2a4f96b9d94d04,True
s07_anchor_g0p01_a0p25_m40-0057,4c67f19cc76f7b3096344098dd4f3b1e,3a8a7f1c996549e70acb5b8f4a98ca50468d93629345dabefd7a135d71ce38df,True
s07_anchor_g0p01_a0p25_m40-0058,0799a64ce6bd1a80ecac54f87121a925,ce7261f65ee490cbbc66c75a4c364b938c40a82f2197d15d5ae3f3d0eaee1f69,True
s07_anchor_g0p01_a0p25_m40-0059,4b6d92845b0ec90d413b488f367390b6,8d8f14af5493e8d327cbcd1445861fac651fbf3bba41692548f341245154f964,True
s07_anchor_g0p01_a0p25_m40-0060,0145f59d3ff5c9738f25541aae0d2718,8d679062a2a9471c90aa8e0e84354fcf60dc44c210678905bf103b2f14e52504,True
s07_movement_g1_m160-0001,7d0c4bcce082d6b71eee19dfa31349f3,1cfb559ffea1cf6f9b1f9a011b2271f29f85d244a2de9ecd4b5265d45cd3c6e5,True
s07_movement_g1_m160-0002,ab4c3b1faf32e22d38581aa56c09a445,60c4cc504d89672e85d9bac3cb0cc7d108aec2f73a7d17e4cfa51a2c44279f22,True
s07_movement_g1_m160-0003,e92d50d3cbad41fd95c4dc3476f8b8bd,6ec09a46d7a85586cb90dfd2523f585366a1585a948f8630cd49f13b3d35a746,True
s07_movement_g1_m160-0004,ba91152dda2e2a142df1f29da88b591f,de98612a33496e37aeadc52e019dac30c6e733f87520fcca0e840e3355becbc3,True
s07_movement_g1_m160-0005,63f82de13c3662fe5d2f2f6a132fa09a,84301823f3322a352ef949508757f451a574064c1f3225e04adfea34aff21fef,True
s07_movement_g1_m160-0006,6829ad32fa6875062b7d5bd7202c388d,800f4a9f896f130e5e9b179eb6b6544637b3215c516cbeed6fa62b6902777493,True
s07_movement_g1_m160-0007,bb704c28004b67a7e97f07c432fb3110,d670f6f73e76ce1b781d58319e70f0aef11f7bdc6fcf3f6994a628dcd5152b0c,True
s07_movement_g1_m160-0008,1be70860575d3409f64da8bc017bd461,b387cf9dd13448771e94c254b9dc93dfda408fc50b4c2c877c9a5953cc8c4058,True
s07_movement_g1_m160-0009,ede4d235e12e058a808a923a5beff467,e9e4ce53aa1d73b1cb0d8009d7079b984381e559532d9d3ff4d21aed84d885ba,True
s07_movement_g1_m160-0010,de1bead9dda004f6a42b4efeeff2da65,09359995dcbecfab9aecad6f9cccb1f1038755998f5690d91ff807efd81dd96b,True
s07_movement_g1_m160-0011,c0be068852fe69f26dc3191915948baf,5d232d7935a6585ef8a84c1ef774e1e38901f6610114b8ca0d442f0fbf0a7f33,True
s07_movement_g1_m160-0012,157320aafe8b1dfef02d3a34c517f560,c9d61a49d4d7b383c715fea04358d450877888877dc93c48e3f05fc1545e2583,True
s07_movement_g1_m160-0013,0cc2b45fd17b3741c67ecb87c9d8ccac,5a460f551d8164ec1f83c09e8eb78fdbd62fd8ea56045c109dd9d1802c0652f5,True
s07_movement_g1_m160-0014,98f4c3433de3b282ca396d1d9727844d,5a035d2311d891b59097cbba46483780be343970f0e6d26be870adb09c8485bc,True
s07_movement_g1_m160-0015,d49b03b1713a786f9ba39e6a7c3c629d,531d554a6d7be038fcd51b6a620d7f1db1eb2314321a40f8da9acaad980c7485,True
s07_movement_g1_m160-0016,5e55e38db19aec7465302a09efaece04,8ff314f60dce478d280c4cfdc8e60d32fc3e63d2d916441bf3a3ab192ae3e96d,True
s07_movement_g1_m160-0017,ea5feb5ec5b9b59698106e644ed1d1cd,413a976c7dfb7a6a41e8be2d210686800fe1beec221a603a6a0858db725dc4fc,True
s07_movement_g1_m160-0018,4b86c9bb66808719c487123bfa615c7f,13e9606fb954d0a0ac26bbe7f9f68ca3d35a5863f98dc0d49f6ffc32de393658,True
s07_movement_g1_m160-0019,3a489c614c8649678e5d928c3a0b289d,177fab4ef9faba61b5c67295a796a983cb24930875754f58384dc2d8152ab7f0,True
s07_movement_g1_m160-0020,9b1143453c3c5e3077eb5f66805b35a6,634668ec869f1d79ea4eb6d635eaea5319b17a933cf4138102628187ed69395b,True
s07_movement_g1_m160-0021,e8395ba38a21ad996ef5986cc6732a40,c753be349407c458d82fa85ce83d8d6fc870f3acb4db2eea6aa84e7415487841,True
s07_movement_g1_m160-0022,dd100c4d0fa873756dbeeba7938976ba,53d7fefb343855f0eab4185a947aae7bd8e52ecd6c30cc25a6d33bb78997757e,True
s07_movement_g1_m160-0023,4e856fd1cb324eb20654cfc696d8fb0c,d12f5601570e39104bc86b92a7f47ff40e3d0cf3b432ceb3f34255af5b8328bd,True
s07_movement_g1_m160-0024,ec1f97d2e295b8bf0772549e4ee16e11,8978c39b6045a1777e00f9794764ce4fa11e3c42838d8b5719fef950efd8040f,True
s07_movement_g1_m160-0025,125e153640b04ba74c31c21365240854,d5e8c85ed3c090028cc9e2ebed511515ce48eca9a3d8816f5c90b61f24b9715c,True
s07_movement_g1_m160-0026,ba0f44cf0585f1086036a333865877a1,168feb4e833df99b3cd39f14482d70b98bdf929ecbb9094c8ac9d88b94483000,True
s07_movement_g1_m160-0027,762c86d5bb417ae34b44ca479ba88908,cade8f6447e04cc82b5a36b8760eb25670705aa1a73bd05f7758ebcd6fae0a50,True
s07_movement_g1_m160-0028,09c0d4aa1404410e23bfc41581e621f1,c8d135a2a5063496749bca150d6126d6c6dc17fe0317f32fb35679cb4b3259c3,True
s07_movement_g1_m160-0029,f487e82d4ee84cce4ec7757563d27623,9e87bb55f5056d4ceb9a14958a50454d8c3acc405789a1a5b3bfff709266201a,True
s07_movement_g1_m160-0030,2c6ce93d8f68848b2ffba537eef3ab82,63c6c769f7381b49777a57863305adc9db2dfb1bfe057b3fe9591a54bc480752,True
s07_movement_g1_m160-0031,ae030f9bc3f3baedc1e3f428a59f2dc0,e73d969177540a1dea1b2d1be57692d52fc14fec7c57a7fe5ee5a46b7046e6a0,True
s07_movement_g1_m160-0032,4b94f3aec80609a487ebe69f8edcfc94,7f2bc222fb34b47688a6f59c2bc0a000b541dce91caae0634e270dc151e4cf77,True
s07_movement_g1_m160-0033,52227b738736d7418bed264b79a767a6,cdc772eecbfb466e57ec95245c5f0d31c0c37dbd06a37d2dd9ff220194eff600,True
s07_movement_g1_m160-0034,56f6755c930daf1dc797ddead03ccc42,9b6b421d95318c22e287d1c695b001a888b6d85a4615e0bd5e3e055c03e870a9,True
s07_movement_g1_m160-0035,f219060191321e4f4dcd7a9a8759f9c6,bef06166234224e400caf741240e8fb00dcaa8a97393ea10273b1dae58b47efc,True
s07_movement_g1_m160-0036,2e03d4f1249d5859bfd93a44c739d862,532b7d0f454c1093ac799409ea61eaa052fd4edbf8f185cb9acbc9c193252a5a,True
s07_movement_g1_m160-0037,47d13ae7a864e2428f9071549adf925a,989337b2744922d7f4fd3c5dd9ddccf61f17d4f9f695180b84965715a5ae4de9,True
s07_movement_g1_m160-0038,4a3219ebe0849531094956582eb8f4b8,0ee9955c8143614369c9e71da829cdc4c9b5d57ecfbe50216ec2652a7f98ebb7,True
s07_movement_g1_m160-0039,78d203f6c4b32b6513795b4e4a6d182c,1545f015a89ccb037b5713dcd7df6186cd9228e58a95658cf2bb14dc4a5e1c77,True
s07_movement_g1_m160-0040,44d2a27b75fb03c2c712b6de7af531c1,2d7b32dc787a75d76806ff1cd7ce221a131ae304153f374de5d9ca9cb2c3b9df,True
s07_movement_g0p01_m160-0001,8450e37f1212304251ce752ad8eff67e,4558aaf2f0af3b03d8e2799f0b58f26642a201982ddb0fa4863a43b8e8cfaa1b,True
s07_movement_g0p01_m160-0002,bbeb670bace00c130c608ae83ecd5108,b987fa2146d01224fd41f0241ebf4263a7390a2bc315d1e5a41f9bfa88ff8bc3,True
s07_movement_g0p01_m160-0003,9bc18e79f8ea924696356ebebe9418e2,f18f839cdd7db89054f47a95c6a7b37f7991ef703c9bd021798034367a832d4b,True
s07_movement_g0p01_m160-0004,37f25a7aeefcfd43db7ae278ace15272,744eada9c3074e333261ce31accab90ad36f153ead5b8dae5164b722bce2016c,True
s07_movement_g0p01_m160-0005,19932e385f1ef4fa5f33a385c54d2796,a5159a9705b7d799013cfb3be2dd18b4e7d16768935439640250f5e5a5cd57aa,True
s07_movement_g0p01_m160-0006,59cc8041a7bc7624f07f717b633cc574,abca7f3454df37383598f68a7b9e8d1ef8abc23085c56a8b420eddd42a5035f6,True
s07_movement_g0p01_m160-0007,9c4cb2f5f9f41812dc8d94fc19c27d7c,5bf755e04bca2195a07a04700f747525766fc2132e1c10a0750be7964e3bd0a6,True
s07_movement_g0p01_m160-0008,1d70e9f120090a5e68f3d11b9ea43ecb,49b24268c71da1a5244e4bca0c1b42b1620077b9d9ab2b3de191962c89593f35,True
s07_movement_g0p01_m160-0009,ec8b6fb04b024643d651f4b39fa3544d,8d94f684cbe1d0bcbe4fba53e793679ffb11aa15b3607679d8906606b5d20273,True
s07_movement_g0p01_m160-0010,cc8126f8f4505f2ce86f7f6004c13230,c00ef868dfa3dc99476b65cf28315594c066aad254c5e337863ebd96c51c8c0f,True
s07_movement_g0p01_m160-0011,c298e111786144fbc5b1d3b628dac2bc,39bcf6fe20482b177908c4ff5ba39de7d6a033db5d8e63b75c3a1df97cb1fe23,True
s07_movement_g0p01_m160-0012,32126c792260a276ff95c827d5ba7172,7bca080765f62457e0d8a5e9e69ae754faf3641ce5a41537572a3e9208753b94,True
s07_movement_g0p01_m160-0013,6863d2d2965c916a1cb036d1ed84c83b,097bfad844bafef3458b44d6f2399396523996f6ee25786d287893e401e009c7,True
s07_movement_g0p01_m160-0014,ba67fee390c9337bea4df7897d5d47cf,a68ef4fe0ee1280f1d6786f0cdb58dee428a4a431bff3ade3ebb4226de4bcce5,True
s07_movement_g0p01_m160-0015,a2bda03f24df04c179b589d96e44b8d2,149afb00f53dbe96de744fdb820d9f5bd13815237d4758a75c4e9a5980fb222d,True
s07_movement_g0p01_m160-0016,ea454eeef9453eaf1aa4dd8bfd1df161,029a310a3b5ce4ecf7d844ca5b62927a7804d6b0c277da5edd3f885072967ec6,True
s07_movement_g0p01_m160-0017,ea89c982f1ea14a9e6364830d40a810d,34fa5585d186ba49c143cf4996918ae6bc35fb4efa4466de01cc5011f075c57c,True
s07_movement_g0p01_m160-0018,08e0c15b1b381b03bbfb18191e9affbc,3080bf64acb659ab16ec1a90796b2ed5dfc1322f0f1d67c92256c06a622b6183,True
s07_movement_g0p01_m160-0019,d486b84d159e2b2346aa92f4e8133f00,b35e2f600cee83705750e521b3c2b614ed3d0f008af1796ba2fe7a4e3860e13e,True
s07_movement_g0p01_m160-0020,de0c269689e71b9fe849d0edab8e18b0,41fe9f8c59ab39fb4cc03011abb44b4d4e99b0880f8c10540d9c503a3a9e30a0,True
s07_movement_g0p01_m160-0021,7122f86a3522ed7351f75b82b3bc54a7,35a22ba4d81a5b271d8f410bab84505103e4df9066433141534ebedd650849be,True
s07_movement_g0p01_m160-0022,d67c1d8786b1aaec49cdccc6d58749a2,efcf96748d2b5342aaec0cae3dd867f40ebdfe39885dfd1ee0efcd31dd38b4c8,True
s07_movement_g0p01_m160-0023,5396b56e81e339ae4020bb4e763e5f0d,3edf760b3ac8b26d6a003976e3d896508f4bea13bd32672ec01fcf68e6cf7049,True
s07_movement_g0p01_m160-0024,3bc819d349241c84f02ede2faf8c42be,c8fce928bca72f664d03e841afc4d6d9ee8a96db34a8e8dbed0c9716e9a83ef3,True
s07_movement_g0p01_m160-0025,0614b4b7388f929978ba97a0330d64e1,1a10036e8bdc452183d9920f905002ce7e9a5f7f0b631e7d4f4a88d8393c5c38,True
s07_movement_g0p01_m160-0026,ef695478081eff332f4c3f5d962ff7a3,388e473afb9c581104e27f7a686edb54259d52600c030fa7affa82d30e4d1c06,True
s07_movement_g0p01_m160-0027,44c8c35100fc08cc775c2032b0e2e555,3b8d3bfd82afa7a7cc3fa7db028afcba5c86ff4add338143145d62b6052f8eec,True
s07_movement_g0p01_m160-0028,ffac2e96e35d8569db761c27b92ce8f7,9a05442104bf90072b995145be7b7b97ab12178271ac1a4c84e106e994d5cdf4,True
s07_movement_g0p01_m160-0029,65d6afec53f1f5c08df84e63a9b35cc5,bea3d2544a8e21a542fe4b555f606f4474f4b6f2696db4488da218c47a559019,True
s07_movement_g0p01_m160-0030,2f6cd7f63b785cd08951e3f4cca348b3,5b92d1780596614532bb58baf138f14d1ec4558707e28f25ee45df2fb776c563,True
s07_movement_g0p01_m160-0031,5e0f69709d63ffbeebf885037e1d2839,ddf55ebd90b8ce413bf61e76ae6f5e9ddd40b3debc0ab78aea39db48a2413c44,True
s07_movement_g0p01_m160-0032,79807f30288226531be6f73471c8ebe3,402b7cfbbc4ba1f98f5a6e7cecbd9044858929ebed0c20704c8241347beee616,True
s07_movement_g0p01_m160-0033,7f4145e3053e1c675a769c7e27ab3e17,a798f0682bc343dc665f9eacc2791d5c0fc8c2d38f1ebdb6bad4471c3b8470f7,True
s07_movement_g0p01_m160-0034,8cf146a553780e19fc66e473548dbbf9,b3330586690fe7c565897ea42872a7a2f08334e802a53fea5ae262e94462e955,True
s07_movement_g0p01_m160-0035,112243702dff4e4f1186003153b9ef29,a6bc44e22af52a77b894f136f568fc46c6ae6eba19f1bbbf93984117decb1dfa,True
s07_movement_g0p01_m160-0036,6b1f51adb586137dc54feb904bceff7f,d9f1e9e9c5d35d027dab9681d6590e2238d4074a64b17ac6c89bfb1980e7ffeb,True
s07_movement_g0p01_m160-0037,8a417ec8b24439b0f696335befc8437b,aa84d21afceb55db74d6bdfb22100b7fc0fe971ae9de6759d89628f3a9132ca7,True
s07_movement_g0p01_m160-0038,f46a78e78d24145dffb19ee530476cd1,2256068c81bd0bce1277e18fb0130f3f13ed582dccb09957071b9c3aaacd6336,True
s07_movement_g0p01_m160-0039,101deb5c445acaf4478d32cacdc1d52d,4c68d02c0c38fd405d6c4855818ca5b3575cd988957c44bfba87cf356e535b45,True
s07_movement_g0p01_m160-0040,2db3e182e6668752237d7e98849a77d6,3edc6737f9c2dedebb4af791f512418da8acb643f4d00048b4168509d796b809,True
s07_sparse_m12-0001,0d2c6b6b62b3274a7a8c692b636ac189,3b137783d273a609a4382d51aed73b20bc58800c57c221a408b42cb9f42bfa25,True
s07_sparse_m12-0002,02f0cd0e913cd0d88bcbee95b68acc91,637a2290466f353ff391d65d63b3f6daeeccddea0cc7298956e0dc540f6a1529,True
s07_sparse_m12-0003,090fba5ad00c01bec1b67aa13243a18d,f140c7d7e3ffa0f4e2228956664b76d17ee23804901c2b9d8729a08848252a57,True
s07_sparse_m12-0004,83b16b0e470f207e27962eef3da05f27,69d1956b74b679dd4490ca44d6ecf677cb0eea0391b417080ea12e095079d48b,True
s07_sparse_m12-0005,067a31d84ea0f2b7d96439006283f33c,d99068e942317873f40b4f4727734920ff9c072cbe2367511940c3d3524f0dcc,True
s07_sparse_m12-0006,988f2aa1d4277408ac55f8c6db7d1cf8,c7f41bd1e33c4b9be77d86115fbf7608e0230c1d94c779b41f6e4bc3cfb67a1b,True
s07_sparse_m12-0007,24aa17eaf493c793f75df9e93ebd0191,96a89013a0b4f57f4f17fdd8b5f728faf0502de153df07dbab6533ce56dca134,True
s07_sparse_m12-0008,ebbc6a2dde571e6e27f20fa4132eba9c,9c6d61cade74cc29580c07831fdb8654e791415ed90d20c5738b9f37300fb618,True
s07_sparse_m12-0009,905baa8165b39793d1ab567ec19c1351,1129615f398a1e7882fd19f09f301aed3d42c6f5353a137c763b981803dbee09,True
s07_sparse_m12-0010,391bdb1715495123aa57a031040b191c,57a6c37820a4b22267a706a97778731d8e5a98e1fb0c514e2033e27efd0206ca,True
s07_sparse_m12-0011,0d5194ec59c0733408c8bc3b1f6f2ff1,49674b67dd9323095c6748ec1313b1ef388ae45b8f0c5269c75f6247dfa2587d,True
s07_sparse_m12-0012,0786457823bf810ccb71b76955225036,f9a4a9e9ee0df88f084e8eade1b397f2ef077cd970e5bd2dbd6fd9b8c87a90a0,True
s07_sparse_m12-0013,f3f2b700eeb204d99839555b160cafec,a846eec1dffae8cdc2ca5037bfc6f0871af43ff509be9f9932be2bc6dc3de66b,True
s07_sparse_m12-0014,1fe81186f2b5784cc12d3ed88490f17f,f5dd05f568583de5b1772e79cbcba4c92711741bcb1e50f9a812d4b6fafa3699,True
s07_sparse_m12-0015,9883cd042f421e496667735f51c95e87,00f8e0c79c4ddef31b53261c8018928974ed58e95a6e27bb7832ed8423100223,True
s07_sparse_m12-0016,8cbdd836c5f60e673d3b17538c29988a,d0c4d354cdcb5ec66d11e581e2ec7f2c0e84c0a485cf95f45b2e16d6e16de5e0,True
s07_sparse_m12-0017,24d82af4b81ab7e35bdb3321a0d9c539,23d35f9bab7f9c087fdd75c096b813e4d26110db01b9a50f1c295c4b6165fade,True
s07_sparse_m12-0018,00bc30b83c7b6486e3e0281be4485680,0d35fd67992e257646f69dc3fdc02432ac4300ca552ec9ac0b8f24a18a769465,True
s07_sparse_m12-0019,ad2f346d1217ca876db7fdc27a7fc5f4,b3e5a71a09cb225506b25893068cbd1f4738f8d0c444e0b3bab27d3d63cee5a8,True
s07_sparse_m12-0020,baaee767fd82a6619dc603da3424f26f,ac98d06db8cf8414dff012ca4c5b1320a172f7956295ee84c5624459440ddad5,True
s07_sparse_m12-0021,138d6117339ce1749787f1ba3769ed1c,e4574430dc4acc0fb2bce402b11669c7ba9849126cf2f949a65c2d9cce1447d0,True
s07_sparse_m12-0022,d73d145f6e3bfba0c8d62caf93d6e358,e11a28d8bfff3b35587eda5cdb24d650a61afc1057e7e26905b9232d86c398ec,True
s07_sparse_m12-0023,96dfcca98346e5e8914d4bc6fca7a56c,5937dfd9544fe221c2584858fe139e0d0e37245869c4e9057574e5c06b781934,True
s07_sparse_m12-0024,d34e075a159c6a019462689d599e2e7a,d92ffb703cd7670357dbe700cca98a6664cd3fefc61026c7e97961f684696db7,True
s07_sparse_m12-0025,c63163ada37377cc3e052b23361bc079,6827dc56ef4f9126a90bc2ec12eb921fa398cc42a771ab5a7637ac1cd65d9a65,True
s07_sparse_m12-0026,5eb5fd16e6c80499093b1a01939b32af,12625947f6de220db66646ed0c4d8858f3d573c22d85d4daab5553430eab1a5d,True
s07_sparse_m12-0027,2b6e14fec2b5f48bca8a5e2d6d05a18a,d199cc8a11b3c0917043664cb8c47f05f20ae08a1e87a03c7567a86c40ca57f5,True
s07_sparse_m12-0028,06ae7d1cb3ef03701d13fe3a873b7050,abe475dbb7c0e555ef28d98a6070975ec03b1a71f9ef73562102aa6c90c8a818,True
s07_sparse_m12-0029,22d717d1ad7663517da1966a59b26403,175b6b83a8831cae91459ee2f20ee7d91efd3cbdf6028d8c9cdc9112ac3b25a9,True
s07_sparse_m12-0030,0abdf49c82d11949f82edcd02efe37e1,65785e69b8ff01917e1528cb4efd77efc41f86ecd13694e696da6d8ace26a224,True
s07_sparse_m12-0031,47238005d121787fa873658dacda10b7,8b8a76b26efff62e9089f6efaa4d8f922210b820529191aa04cd38d63c4eea06,True
s07_sparse_m12-0032,0700f10028820c6e768d7a34195eb5af,ed29aafdb3a956557b94e6c7f01d26ba66ce6fb2290602dbd6de04374af3e167,True
s07_sparse_m12-0033,4a9d78d0ef10c5cf68e90c21e2d33da1,06fc9b85a7c0df337dfccf4d63a31aabb01a506332f3620b35186dca47022a06,True
s07_sparse_m12-0034,955b9186e1b95c8ad7be7d317aeedb1c,557dfd498fb127ac9f3ad46acbe55d3b5a13396395025119bc72dfaa875a8b58,True
s07_sparse_m12-0035,c53f28d1c7ad6d0d97f2439c67a57bb6,b4ba32fb0c6cc7eda30b1f5763748648fed89de091757c2729e336fea611cbdd,True
s07_sparse_m12-0036,ad03ae1c1ed52a36a5a898e41fe5294e,73e69e1034b768959a3d81127487a390ccb82bb9dbccc3c3bc5a5bc703b266fe,True
s07_sparse_m12-0037,69ccfa936578ae0ed6b09c05f932b034,ea093bc34e9e3f0af93ba17b7d2f00e73446ce082c0254513f85823a505f51b5,True
s07_sparse_m12-0038,d47cce187c8c800df6c3234e0dfa5231,8d4804f3e04c14299bc6fb19848b0ceb17a3cd7911b89687f776340a75f79829,True
s07_sparse_m12-0039,182893958b3bc2e7c69b2e513c1f385b,f262b85902ce27467ff821b06e0b8d8b3f705a4d96ac1f5e99767301a9f00fc3,True
s07_sparse_m12-0040,016c07eceb370b8013396ce3d4a06052,bfac9d282f443fca44ed0a0a9f9da67f30d77f503c979544f38ac0dddd164310,True
s07_ar1_g1_m160-0001,665b0d528af78dfda7e2cab01d247396,11d2c745e3457591fd6bb389025980c5f276bd75d48b7bd11b6cd0554c1f014b,True
s07_ar1_g1_m160-0002,a33be8445ee99ba3ff298adb5058f348,ab6ec183c93427ed62acc99e01f647c6023961b1b83a6b728172d9d5944db60a,True
s07_ar1_g1_m160-0003,1327b2e46e0135fd19960e8f7b20a686,3528e78bd52d86100b42afeda05597e9e77054f22357e92a3e3ff70803b4e794,True
s07_ar1_g1_m160-0004,bf4997788d2c83f86082f407fbaed1ad,dbe9990561cfe3abec4429b0ddd6bc35fcbe72266fbd6bdfd85772187725c616,True
s07_ar1_g1_m160-0005,8f7aea27becbb2546ccaaf67277c569f,d0d1c2f0d8ddc09a1833b16c90fece018392fb43668c26728a06b7e351c4b7dd,True
s07_ar1_g1_m160-0006,0b9ee635cfcd105cfc3408197e46d9b1,924e16f7f5420df65529d2a740db93f3c1cb70afe7a3d5a4d92492b868144b95,True
s07_ar1_g1_m160-0007,32772d525ae1d5bc030468dd54333daf,4baf0e63f48ac21f3b91a0e86ad24005fe3072660a395f56782d9301ca23a647,True
s07_ar1_g1_m160-0008,f702f6b3ae87399e1af1241f4c2d2965,8a1ae6544cf10ea5e9f927f272ff9532e5287ed94b3b814e3589cef236776d28,True
s07_ar1_g1_m160-0009,3c921f15dd836217b9602ce6caefba0f,33c6b3314eb7a1a0e71eabd369ab097971858f44020e166c0b1a184793c1c7eb,True
s07_ar1_g1_m160-0010,ffb90e6dcf06e060117bf8e312e99b12,9a4077044632585d1418a7e3bc5adbd54b90947582b6acd53db0b2c5fac0b264,True
s07_ar1_g1_m160-0011,47206dd25acba5326aea518bc56edc48,7430d5cd2ba727d53844aac2a557a01aeb2ac48ae1cb0e9239b1a71a28003dde,True
s07_ar1_g1_m160-0012,4d5c4500e7fba7b7f883db11f8191903,be5528d477ffeed163b29161ba089c2437b1ff006d6485ed827fe9a4f166b906,True
s07_ar1_g1_m160-0013,43db1bca3dee10489e916e50a18884c6,bf6b5b3bc35169ffc7a5f0d7c1299b444a12130398e111c9058056e8ff3f2db8,True
s07_ar1_g1_m160-0014,93aacc3b9aafd5dbe632a6d6b9ddca87,7654817d65946aedb636433cf03bf4f2ee484ecde73d9e95238c897c112bf6d8,True
s07_ar1_g1_m160-0015,126b35dbc8dd3202f308e98d4d95a84c,417cc58f6d0a88bcda4ba87c47e8c16fb94fb326f6a208c6eb6bdd8f3e862d36,True
s07_ar1_g1_m160-0016,f827f8dbc00166e4ca0585b9cb9ae6c5,624e8f94c373a7349af3d87d67477595c7932c853f9b30b3c31aefa985232201,True
s07_ar1_g1_m160-0017,3e443331b97138099a5bbc960626f538,50710965e4c9a3eb56f5fd965ab5bb8718a19a6d7452315427aabf416990d17d,True
s07_ar1_g1_m160-0018,4aed50414a982f13aa0e67d4d43813a9,b7335599fe0e4f0f5198587b43a996aaa136a7d131591f8c7b20611b27f3e10c,True
s07_ar1_g1_m160-0019,7560d930a4ef6f7960d0c92cc9ec69a5,4bf3077d81147e06094b828b40686ae97e1256dbd71318a2679119f6b780626d,True
s07_ar1_g1_m160-0020,570825bed1c8e16d0d63c77e6c1e4d4a,503da3b46301b410c994e2b8869db139ad1730170530a4895d031c63eac4d9b0,True
s07_ar1_g1_m160-0021,62be9a0c29d9e8fef1e441df16ce55c5,dd0d79a62245f14c01f45b9c1a9bfb2c6013b222a87e9dc0d11fead30c3e95ea,True
s07_ar1_g1_m160-0022,ae7ca71074ff90778c835d98e854d13f,0462191c3f0166941cc46506eb6ff37d3a640ef90d3ec2e217b7ce014c8771ff,True
s07_ar1_g1_m160-0023,07e835d380b2bc6b9a0e2db1e467a857,b83b34ee865ba91ba582d8bd71c504e676497eac1bdb75838e3bf3fae62e0ca7,True
s07_ar1_g1_m160-0024,af2018a99e0598231cf9a406b28a55b3,ac981472f87ec696d6662eb40b309e0f4f8d91b238e7d36e9351a0ed7f73a100,True
s07_ar1_g1_m160-0025,15bb33059682d46b602e5b083570231f,4d8b8d09b0e8b2400e8d60e29c0fd3135fbf983bb572e051c7bd11210b736300,True
s07_ar1_g1_m160-0026,d2acdbebd769a3c68c929a2d6644792b,393db6eef38ce96ae525291161d07505ec49c5aa9a4b8c7406480e78e69cace7,True
s07_ar1_g1_m160-0027,59e607f664ab192cf650ec836c7c4f2a,8dde277f89c7e8e0a281237a04c3a8f79e9b4a3a028b9eec5ffa5af375728c65,True
s07_ar1_g1_m160-0028,8a29e8c9a0cb6b955551186f78512ec4,8ca2d14ea88c5b35bbd968cb8b6c3211e3ec5af07a6585e0dac225bc3548b5a0,True
s07_ar1_g1_m160-0029,d48c268bcbfd6395bdf11195b53da2e0,ba75cdd64cd7a9aa1643a416484d8da53c44d29ada2c42ed7a67d7bafc7de832,True
s07_ar1_g1_m160-0030,821822a30c474a05e9c8b58a5b56b4b9,6d752f2c0b75551f76d78c9d36f58bfdd4c8103a5d50750b229bf03b6c233822,True
s07_ar1_g1_m160-0031,2a0cec6f81bdddede46d7cc31f1e78ee,d531dbb0dbb5a1a2c5456be32fd48c529165b8b9e48a8c7b4d9a893887a63019,True
s07_ar1_g1_m160-0032,b75b4fd36ff95622f5a308f59d2a748e,3f2a95ac7fad54bbafe1dc6c83fe73498e25d30db3c092fcbc966c4ea1dd6fb3,True
s07_ar1_g1_m160-0033,f28b6303e9b62e6b3972fa829f778af8,47d8c8be6f0f7f94c8249b290792d4e8bec4824e28fbfd5ee517fb3a148d3df2,True
s07_ar1_g1_m160-0034,fa5a7cff0ca96daf8a157d49da689851,ee4f1007ba533a62a5308610bb4b54ad2e61fb75cb9f2b3e3f52f8e8ed04c921,True
s07_ar1_g1_m160-0035,7e731a5514e71e7a190ef3de48e908a7,c0b902d7036e0697625983db201356c0c1b50a0ffbe58ed349684a7f17f86aa1,True
s07_ar1_g1_m160-0036,b89775661fb817709debb6840f95d800,1802ccc96e45d3cdc3967837d149ffca104b524888cadd4dc72a9d02c5b45962,True
s07_ar1_g1_m160-0037,1bcc85285a96b789e944712f4f264a9c,87e9d3c5ab263e8bf96ab700e061e904855f7f89a944282d7b32afd0390eb1d0,True
s07_ar1_g1_m160-0038,388375792dd01136da45d0f7bd4a6111,4d9f801e2f943b8f333366705eedb187179d5242954506cb7df47c564a50b32a,True
s07_ar1_g1_m160-0039,66f093af7cc7adce77181238f48f45f8,0576bcee7616295855f7d5b938c14d183a69f826d4af3f044db2cccd75c76724,True
s07_ar1_g1_m160-0040,24c6267b3f1830d4f98fc3240db77eee,ca89646d4a2577677b2b5557e373996d0c5ba8634b98d756ccb3243c1aa0a687,True
s07_normal_mean_m40-0001,59f51a1c4313d52ed0d1a571e56fe5ed,64b2844ed068fa9ce63b1c56245b46ddced4f8d8e5edda6130f6c1d4ffb828c4,True
s07_normal_mean_m40-0002,a79312fdee548d34d2992bd601c566f1,8e2f27f2788b2b290fbd5cf6fb49c5f2a34897435bf1f586e58a4692e77e3db9,True
s07_normal_mean_m40-0003,7b1f618bc50a3fe46493235217ab756f,e080094b68d322f3de2e4f118412310f3dbef5d524ccfafb4c977b1d547ce020,True
s07_normal_mean_m40-0004,674f157886b640c8dc13749d3ce6e872,ce47b1c87385771e7281949cec59e61d49e1d6e9a77e3967296f121b8bc02ea1,True
s07_normal_mean_m40-0005,c969ee45e389767edb20805f55a66c0d,5cdd8674a6bf7a2d3bc10b6afb74672dbbcc6c12f97050f1fa5c145a97d1293f,True
s07_normal_mean_m40-0006,a77d4213f017a34a1867b30cd7041cb9,8f8e7e8cf4e90896fc202957de3e2a2ec9bc0455e6e4abf871fdb3668c0b5f9c,True
s07_normal_mean_m40-0007,843303d74cc3b79ae55dfe5372929ca0,d0ac582dc757b3d9a1f41b32dc0f705932d034cf47266e67308284ce9700e6b2,True
s07_normal_mean_m40-0008,2abd4acba9467f83b88e9fd687dd6419,b884f3141b090980af4f1a75d749ddf253d1f858da41b5cecd4c47e17a99a211,True
s07_normal_mean_m40-0009,8aac2119ac830c1a7888fcd3b2dfb4b0,11c0353731396ea65263192b9c6eedee416ac7bf68f143c7d924c2905fb9c357,True
s07_normal_mean_m40-0010,0e1a06d0648fa02ab35e19abe20229bc,5fbd5eaf0f9fcaa20c7ffc45b7bf3188962bb5df4dc2f319ab6914480016879d,True
s07_normal_mean_m40-0011,258157d07b770762cfaa8319d4a5189a,cf2b8f555adb30855b3f6df6c77646d78bb55874b0b667bd04eae3d2d5110947,True
s07_normal_mean_m40-0012,11608e7743cfd82a2419ae3989e26d5c,42ebea715c16da30fb94a827851a8e6bf4e04bd784330c2704a797f98cd64b1d,True
s07_normal_mean_m40-0013,5e2942711b3eafc07e0b4149891b99b7,d8a3939cfdc4eb5d7174af08789f6d85631d90571685dec9f03cf75ef7419969,True
s07_normal_mean_m40-0014,5aa6ad958c3a97eee9fcece1ff871aa8,96bd98bf3913d3c20cad7bbdecd7a6364d8174351e47735ddaa8201ec5d7517d,True
s07_normal_mean_m40-0015,95a10e2916ce68067bed563dc65d406b,d3e5d1bca240f45e7b5544dd4d6831045208fc5704c27d5090084eda7f410713,True
s07_normal_mean_m40-0016,877485329b45d21dcbcca345de8d8626,64acb774ec41714d41133b23b65c082f33959cb4d0d4ccdf8fb6528e27739807,True
s07_normal_mean_m40-0017,6a12fdf9449cd5d334172d0b7ab7530a,e51853c5a792cb48e05983ffb15077d3dd1b7ce770b00a0dffd0b25282f029e3,True
s07_normal_mean_m40-0018,6b107d166e8f2a2be1efc46885668bac,1fcb40e4f1372016ed18e6e2dcb0feb25e62ba5f4facaea02763abd56d970376,True
s07_normal_mean_m40-0019,1772fae0472b6cc9de9d7bf439382ed3,6fc5f48d54eb97df2fcbfd42f762e641f44119d545e6d31362518e2c1b536501,True
s07_normal_mean_m40-0020,fddfd04653997be55d2c439996417613,5f28320fdac47471dab8d884b07d673ff29fad088e2f782c73ece999327bdb56,True
s07_normal_mean_m40-0021,3b3a8993104fe966563bf179dce344d9,5f79047cc4e128cb6524739deb9c4200e7ca4d2eafc899d26d969a26d5bce00f,True
s07_normal_mean_m40-0022,1f6a84e17cc1bf5800ec3ab9ad01367e,dd1962f0661cca3cff263125954b03fb8669ed394959ada867b0dd738f61964a,True
s07_normal_mean_m40-0023,08af6f86fe5d962f6fa862f3e58e0ed2,414775dfaf69e09ec59e4b7043aab45607ddde24aaca5ae0b9fc20c1773bc485,True
s07_normal_mean_m40-0024,5a0a3805b79d673e794675cdb91d98fc,ad84cb808a3e2d6a94346c3025bb3f45aaa5a3bbae88f68ce44035f05cb0caaa,True
s07_normal_mean_m40-0025,450d3749a392f644a8858ec5c9d925fc,a175679a393ccfaf3bef8277523716281cfb57f30a79e623507e75100038d174,True
s07_normal_mean_m40-0026,318f284f0977110fb6fd030b9dbed3e8,980904d0a0cb55b771f769fc9df5fc81a93ce417224aff97916777b9c875d4a1,True
s07_normal_mean_m40-0027,4716e2769122d3b3bc1a989c111a4614,8459bd8cc089b05c3e4966e06f8e20ccb9fe086c0202495797d853124745eea6,True
s07_normal_mean_m40-0028,f8ac1172b100991aaf79fe19007e5fc4,0f9dafe9e32e264f9d5c2fd5be7dfe2370208358c8efff6b5a970e290060e328,True
s07_normal_mean_m40-0029,4236ade7981fcde752cb2eb6630a0633,bb262f990654837e9ffedbbee86c542a632f3f3e42572e5bed84af2e2c9295fd,True
s07_normal_mean_m40-0030,c4109ae7174628f8203211653dbd3d18,694db1c12ad91a8ccd98a4bb2320cadc1114c6eb3e6fccac7352c30f77fda75d,True
s07_normal_mean_m40-0031,945246a570135a658253bca1d98813f9,2423cea1ca51b717766cc5af2add548e2808c4e5d13fab467c9a1d3e1c24900e,True
s07_normal_mean_m40-0032,8496189df0689e08f166bb418129f930,482ed9497c39bc006d5c089563b5f37320f3ed21eaa7aa1ff35528f1615f4966,True
s07_normal_mean_m40-0033,4de63dba7a711782287cb6bcc7ae5dfe,aa178c43179045ee1d21fc34177a51a19d5ab1b7eb0690dc089e323f4dd7bce6,True
s07_normal_mean_m40-0034,973058f44661647a982fe1a9f2a7fc34,26fda8cfae36598db7afccc5e5d27fddd5d5d2da15b0657d909cc14352286ef4,True
s07_normal_mean_m40-0035,d6525eed58e6d518f3cc4ebcf0e809a2,5798e5b8d215ba731563ae37e7efc3c512e01e2049de2da71a8aa09df91f1333,True
s07_normal_mean_m40-0036,72a26a7b4f99f3cedc3abc8163b0a484,b325d08e395bbfa246ce99f6cef1ee757d41b7c7a564d72758ce5d38d427a800,True
s07_normal_mean_m40-0037,874a7db48df889ddfb42425f43044bd4,01a9278b9d1391abfc4551bcac635eb0d4793b5511782d0c651cbce110b3eadc,True
s07_normal_mean_m40-0038,1a7aaca047000b25af8dea7082612373,6f17674d92901864247f5cb191e94b34faf8670c9479507b6b10fd35c94d136a,True
s07_normal_mean_m40-0039,4699d9f27202aa063b84abefced6405d,523755caf9759d0a39d769098b065e8c34a718bc6bba8ec0698d3303b48ca5c5,True
s07_normal_mean_m40-0040,3ebc279972f69d17da0fdc68215ea399,5ea591a67703bcbed4be7f9c5f45a7d00b062948b2c30579a3374fd5a5576791,True
s07_normal_mean_m40-0041,a61a9e3c5d067c648f3ab252a6f52391,de3e5fe5af0455553708316cad381da3d7790d490cfc8c4585bbb9b913c79410,True
s07_normal_mean_m40-0042,23e5a8d11e605a75696516cabb81b9d6,a9beccee33a322ad4c0d8c4126fe8cd1b8f442371a57f5109a3d0c4ecba954d2,True
s07_normal_mean_m40-0043,0b28f37776fb76bfdd30107cb45dd2fd,d8d366221e4ff20613280bd49714b79e55a55d09d06f829c458285a6b7b3850f,True
s07_normal_mean_m40-0044,f1f3ec3fd0c11cc7035892264e01d2ac,fb1e95361e049142d0098af37239f3cdf08e1c8062f8677f63a3817e762f179f,True
s07_normal_mean_m40-0045,4396cdf71bd95fd0470355915196f9c9,27e5c99d4b38f28a67342b3f9fa8ce345ff1cfa510329ed1b55b7d2170dc9a32,True
s07_normal_mean_m40-0046,3c912d086146aa4f7da5926d883f3ce0,b832460c0f47afb4e030f50b87ac88e85092aa3521106e6d83e92edb9c827cdd,True
s07_normal_mean_m40-0047,7d6d5863801ccc54ca28315c6699e5eb,122ad920ee3949d5bf8eb3604931ca90073f9599eec618869da0533781732095,True
s07_normal_mean_m40-0048,f22e48d93826c93464905916ad889a6f,d4fc2e6bec6e2104aeacbce3b90e3dab64b467ed328718af8b9105db98c81a73,True
s07_normal_mean_m40-0049,4b73e2e1541679fcad0fd0012592853e,62930b394b73f5289dc207fafdde04739619b66151b1e22efb0d2427744ea39e,True
s07_normal_mean_m40-0050,712fb74af969c2ff6e459d7ab6bc14d4,1d2a6f4350e7e46cc71ba6e06cd3b9f823f31d5b70e14f9bf62ec87b4a5d6b72,True
s07_normal_mean_m40-0051,1eef5ad78bc8d44b3c9f662f3b7aabd9,10bfaa2020d893afc9fa21c64d8adf7e1842a99b05f082225e782945a632700c,True
s07_normal_mean_m40-0052,6edb9f5e43f5bcbeed3ed4fd98007f26,fffea9ca7645db3b180dfc74f913aa5a20d0cbffdbc785afdba5b3ba637e9aca,True
s07_normal_mean_m40-0053,3cf7c3442e8fc95db15acefbe248f4fc,fb6f7c0852a6b4c009208e0936820d1e6d0a771c28c3456b8aa208b4e703e4ea,True
s07_normal_mean_m40-0054,8c5040753e65e7740a2f4c6623bc0859,63c187e8930ae272db1e6933d871eed7e50201bee9c2e1bb3f7515e845eb3a32,True
s07_normal_mean_m40-0055,8df5847b5bdd339e4a673ff864dabb54,173c7f183ad060fd8ca9c1b461a74527fade73d1cd419d7179613516293ec966,True
s07_normal_mean_m40-0056,a9227f28774e4fd0c5988bce3dbf484b,fa3cb681d371a1d305ff660e5e04ab67bb24b308101cb198b5e6986be69dc636,True
s07_normal_mean_m40-0057,cc40836c55e7e3acb8e6956c75e4b65d,14e3c7a7fe486ddfcba2d9553248842d222e89bbaf52b4f1095b83cea824404f,True
s07_normal_mean_m40-0058,4a44499e5147b1e6b66d6b1b2a6c09e9,17289399704945f06edfffcc50d316abf94baeb2950501b992dd3a013e572829,True
s07_normal_mean_m40-0059,fccb8de4ffc45163da4c90119f49c7a4,cf2ad93e285a2c87f5793ec589a0cc76c4e3ce4aba838bde90010bce7559f79d,True
s07_normal_mean_m40-0060,dd6ff438af12bf92d3758501b91d9d1b,4d9474cc8c1edfa41f62a7c9d8ab1f83b22444ec63357efc1bb02abf5901b746,True
s07_normal_mean_m40-0061,12963f3302c254c6fd4a828548b70473,c5e76a8dceda790bc538984def2de9fddf054a5aec38bf281ccf3732e97cfe82,True
s07_normal_mean_m40-0062,16d0416999b9703118ffde577c1ddd20,51ac482da9890b6ba3f5081260d576dce8a984a2712d197d8fa15ba50f557f8a,True
s07_normal_mean_m40-0063,d58b3aefa68a01c922c70649505f7f91,9d2d1a5ea3e4b889e9747fabdfe140670574136d22b42d0de9e7cffd09e47d5a,True
s07_normal_mean_m40-0064,2c8fe35bd8a0492ab748c73db5528d54,55f0ea83c602f75e68bfc48705d422c13ed2a597c860e4be0a3f4aea7a668be3,True
s07_normal_mean_m40-0065,caed2afed4ffc245aec14d2796c5b7ec,89654040857a1873a1163cc20677982d7dd98c8dddaf1687b3d844b622863688,True
s07_normal_mean_m40-0066,08f310b9a99b0e32b2994186df4bd4d6,3be0c21d409cb88ef3bde9fdc688337356f063c9d9f9ddaa52512526c30f236f,True
s07_normal_mean_m40-0067,e228fc413a1ca801d33f4f71a92c61a5,8cd61c93f8af7195a76836fbb045ff564daaca691f3014240c418f331ededbc7,True
s07_normal_mean_m40-0068,c20bcbabcb6400b69e6c5a63410f2f25,ca43fdee46ba48d387702031f73ec0dd03c9abfc5a9dc558bfcb1fce452938cc,True
s07_normal_mean_m40-0069,2ba2d4d13559b8f41e269303f94f4e2c,509cfa7657f8e38cc7b206df27a7d2d261329d43c96fd8de82cccb40062a7bbe,True
s07_normal_mean_m40-0070,2ae1aa8db11ab856135f0d13bbf5c366,9e2a74f022684b738452b03ee759ac2c4d8977248aa9debd21f5d5c2e3fee269,True
s07_normal_mean_m40-0071,5429ae3f90294b91fe49db4b9c3782ca,e7dfb1f1610ed6d1f144a31546083c667ec817f497e89dfdd0eaf678963794fc,True
s07_normal_mean_m40-0072,e5ed48fcea087ff13f90e77c6af2af35,90a187934c3855ed5f33a0bcd014eb7a595a6303575c7fdd12ebd6c33810559c,True
s07_normal_mean_m40-0073,b00962da954cfabb53f7a47a71da85ab,08b6b08276dab6f28485b5c5a5e339dd93c12843fe0ff2b6cb17506c748094d0,True
s07_normal_mean_m40-0074,d6cbb9562583553e01c2a3a0cbeaf18c,6eff1ab6edbe4fed81fd5c744466fcdef219cf521e773f3160f8ded63957005a,True
s07_normal_mean_m40-0075,ceebca4b67c0578700567ab6b9546c6a,0e2abc9829056a4373040dcc22cf972c1bf23356340c56179954550d0d06f77d,True
s07_normal_mean_m40-0076,d6db0bccd9285e429f18d459ece26913,2ecc6c8daed8f84b25c83845049db2634dec913a9eb4750bf02d168128a5cddb,True
s07_normal_mean_m40-0077,4383fc6da6d0d6d8c569d932a0d80e03,daf40602e002dcbf03927e807b6efe6788b39a588b6a71334fd5cacb6a0e137c,True
s07_normal_mean_m40-0078,5e4e13016d690fcd126d0408c575fe86,392d288daf25cdbda102ea2a33a323c60e84b29bbcaaacd52974ccde2fb520a3,True
s07_normal_mean_m40-0079,f33cb48026f602ef5a22f5d4bc850995,1422398df2b70eae234a1d1f71bacb58401dfad2e132a342141dd0e761c63852,True
s07_normal_mean_m40-0080,f47a4f70daabff49ac8990bceeb0daba,bce64c0212c306d28ccbbc014afc5ecf2418ec1ad0c36278d4a852c191c7142c,True
s07_normal_mean_m40-0081,e82ccd7c70ec91e1fc6671a2f4d45a10,510c56234b3fd25e934e10cabf790a615bde03b297a95a2ac6b53409fb0668f2,True
s07_normal_mean_m40-0082,0fb70583fa75f8e77de49dba8f7c2691,85cd1df0a3c458e2d32dd95d1dd1c56d81693f2cd03043d62c0c04759b6c1270,True
s07_normal_mean_m40-0083,8a5314dc9d78b9439312a1fd22ef0189,f8e4409a923ed25633637bbab7817d4d212e9897da9af1869f82a1df31b7d002,True
s07_normal_mean_m40-0084,08e97b2358dba1446aa62de957e152ea,863657fb74e8bce26542b1058d5d249cbbcf9ce7db197043049a0b454138cda6,True
s07_normal_mean_m40-0085,3880dac1749dcc0afc263b8fd87ab826,a37e51a105cf5114d0356195940c741a9e3dbe0a689fba27f2febb8726454d0f,True
s07_normal_mean_m40-0086,79573b25eaf3ebc3f781811153e8dd98,ae0ddbabbb398310d359381e0790b70873a8606a31e69d0ecb8d7c759417ce65,True
s07_normal_mean_m40-0087,5bb13703af0682e9374b77a44b7aae74,8cc95c39e0150afaa50fd9c78c5a8cca151741eac04c1db3f90e196de02c2b4f,True
s07_normal_mean_m40-0088,e0046f1fe46a4a30f7207cfd8e1ee0a8,bef345a93a0405b4adb84c3cbf06ad88164e797035cb7dc05d7bf13ce0e985f4,True
s07_normal_mean_m40-0089,ca930ba2afe983857c1551bbd9390243,e961f986a10bb1f03165b4f23b4b513ccbaa494cbfb9fa8d88c86b90dae02745,True
s07_normal_mean_m40-0090,4eaa88a47a4a9939c6ce89bd29e64245,32e99616431b38b511b60cd5f2e324886a5bb4fad9b1134a736521a4b2bb5182,True
s07_normal_mean_m40-0091,c2182be59d16577fcc43152e31ad60d8,440253b7104c8531400d5eff4293a2d70d4098bf08596a17e8fe27d6320aab43,True
s07_normal_mean_m40-0092,6ab28a499b478d149b91e53defe77770,ff2fe4e6830f3bbc563f0eabf1899f2d25c878184685e8ccded5cb9a461faeae,True
s07_normal_mean_m40-0093,4afea53c1a06e6e1e34f59bce9e8246f,b53ef3d65c730009b9fd477392ef71c1420e748c77344d0ba82a8bec479a346d,True
s07_normal_mean_m40-0094,265973e6ccd84a49a0932219124eb65b,1d96a3e54609115b388e12108fe964beab7ae033057452b835917e005a27b5a6,True
s07_normal_mean_m40-0095,1b0d82399467571a51a7d4ec7435a647,ced9b93219c78bf108ee3ce5b9c3e53087ab86a2fd2f406cb01ba94ff77b8596,True
s07_normal_mean_m40-0096,126dfdb62aed864928e2c556938d2a74,630a3fef2d51a32b95aad480e32a24e18b44fb7a1b175cbef29a4a5725a5088b,True
s07_normal_mean_m40-0097,ab0ba829e344aed22748d2e7d065a9c1,c310249984d07866d6b74236e66033ed5632a7bae86e26aafd8de3d0443f2404,True
s07_normal_mean_m40-0098,3dcb93a2e2153823c86bb1047ed45e0d,91372359e4570e72866c02081221577e413f47967858381c85dd39bdbdc90329,True
s07_normal_mean_m40-0099,0fa822878ff29ba97b1e4ea1caf44e79,0f70513a00a72c481073148d654f2b66ab1c84c457ed648df5cc2071836c6144,True
s07_normal_mean_m40-0100,f2b3a920ca4beda8eea15e0a8ea43fae,87cc4845f364b9ab2e594687f6c10db70c8852f0fe465582320cdbf9066e9a5e,True
s07_normal_mean_m40-0101,80e07110b798a64b6d6639f569135878,515ef22f6e4219a39906ad29cfc4ce7b526cbf2232d2364dc3363fc96d1ed75b,True
s07_normal_mean_m40-0102,f98f965691a9ce6a679d8c91b125e84a,5b147b0739dd6bf033938917ec2441a85031609d79e067ca161e3ba9da07303c,True
s07_normal_mean_m40-0103,a1602974bc87409f053a2400164ca3f5,ebe613af69aa32574533406ec2eeadda4f780873f97c5cded86e109b51cfd8b2,True
s07_normal_mean_m40-0104,75d7be8c951f4b248f12954b33e95cdd,4a47e1c8690e35f6d451003d3ee57c780279e624b56e0b3d7b831a9ae9c8694b,True
s07_normal_mean_m40-0105,890e2937b0f7ec83bde6d8f6c67b0987,c73db3224eaf22802d861a68718bfa67e39bab4859c08c5982b5f4e1302552b4,True
s07_normal_mean_m40-0106,eee13f3b9638ae9c16d54a27b8f35950,ef75696dfc2edc0a0a1c80b8ec689156ce2270b8610cbf567fa2bfb2fbd27207,True
s07_normal_mean_m40-0107,223d526e09249c8245faa770370d2a07,4707fbcdba5ff90af2a87626564ef662d1738b9b9104ce2dbd2a3e2d05901068,True
s07_normal_mean_m40-0108,2b5bb05a40921a8dfe3332a90e083fcc,ca670cd7c2ee5b50977c3c50aec08f6b05e3e4da49f7ac44d392272b03b85df6,True
s07_normal_mean_m40-0109,6fb6cbd2188f7f54339500d2cb78d720,4c9be6742a5b6a60c4453cdd919b659003b0e955ad202a3d9b9e7d559adabb53,True
s07_normal_mean_m40-0110,1aa47aa3009cfaf1fd5c6f3e1af12c6a,da4e4d2d23b73006d0c3d667d3d0150a6549fdf93e19faa2e075b69294a56023,True
s07_normal_mean_m40-0111,5c506ddd75076ccbb2da09e8928fcf3b,af314f2c99baaa908b4fc2b4e1cad83eef86bfee2709ffbb7789e0bad68eae1d,True
s07_normal_mean_m40-0112,bc82ca924848ac6d0d22ede01a16c1c3,6321a154137af98d22d30129b9e73282d83e258a5e35e9d38941fdbcbb05f9ee,True
s07_normal_mean_m40-0113,1e7b9fa5e96f85f13656ef96371d126f,8def92b431dfc0ba48713e59b0008135593ea23bbbc778d69d28b51392f6cf2b,True
s07_normal_mean_m40-0114,b0ea6a59f64fe386d802a179011cdd35,159214fd3cde4f6b7f25b56054eb81ee57e79883463c22b093e2d5d2c0c2a326,True
s07_normal_mean_m40-0115,6d1a3d3c69f63b66c9ac310eb8e7f7d8,7504d5b6df647095c48a6c6941e285bafa2ea9de13a31c052efbbc9bca0aa333,True
s07_normal_mean_m40-0116,7a2bf4a8c01469e8e634f5c70b9c1a60,50c42f4a5d3a0c37ab519bb78c905fdb39be21f9bd85da034aadc7ac9ca4334d,True
s07_normal_mean_m40-0117,caa74c440278f643f71f277d7f876e33,a2574eb53bf7b2c9e85701cfcc98faecccc5d4c8d5d0c244f703f2fcea6edf58,True
s07_normal_mean_m40-0118,80008840361b14cf1f5b81685b4f6ee8,bb4a3bf8f7c870044f8c793952761bf920ee429906e27695b5f117d5658f459d,True
s07_normal_mean_m40-0119,f2c7c9922524a8de8e25bfe7939aef37,561d6b35d12f969c3992a6d3a47cf2621667b3653491a0a73236f4d916d80ae1,True
s07_normal_mean_m40-0120,6a3ba546b19265f4a76a1f22d3f83e4e,662c707a86ce7a6450b19937f74312a22af28bf572d47693835f6347672a1c12,True
s07_normal_mean_m40-0121,07b3a3483dae143f92234dbca7402d32,6602d64dcb9cfebb90a79be45ac690eae23eeddcb039b22f28f732fc9e7b8813,True
s07_normal_mean_m40-0122,cbee6851c06a50eb75c869e3428c184d,72c7dd7b8079bb0f0dc064253a4eec53a087000c94c1fb46d4e5cab08397fcc8,True
s07_normal_mean_m40-0123,d73d5ad595321705f19c53cf4921e5ff,10a2dec9c77029291ab12eabcd3237785f332787f87e6dfcd08de877072e1516,True
s07_normal_mean_m40-0124,5614ed7d576ed29a4b9027a27b5260b5,60b86e4d2f77e4dccc2d65bbb726f5fd6484364301a70b0b75b130a343dc3186,True
s07_normal_mean_m40-0125,ef6571621c68dfef211cf16f70664c60,5f847d61162beb393ddd9bfa33f5ddf1b23f1731d8711868a37a36ca65580973,True
s07_normal_mean_m40-0126,52503563f2a5f3d9f8b15c9bcd379b90,3ca05c0954582efd8802909316e6fe389d89266be00a985014f753864b23a487,True
s07_normal_mean_m40-0127,794b0a0ebb3fc2110004275acdaafc2c,2cee8c71abd935b81bbc4b87289c78c38e9be7e6dbad20113af91e0257fd44b5,True
s07_normal_mean_m40-0128,4e11b19d3c3ac0e27b3cdfecdb4a3c60,55d403879bd7a7ff2a424990cd31d621c055ba9071e37ab26f083d659a6b4e61,True
s07_normal_mean_m40-0129,b29096c8d12861525b196d694363f226,b098eb554bad86abe573888e1f39dc8b33e4ea437ca09fb7d62d53a9cfa0451d,True
s07_normal_mean_m40-0130,39ea3384202bfce7fac5be6194fca275,3140048bbac8f9371841895eb7b4f7e055beaa9990c8bc9a49cc0a6069cab72d,True
s07_normal_mean_m40-0131,f6756976fa7134560fcf0bfe0f0e3d7c,48c52b294582eb202045885a3e3118143e9963e9ce4c6febde3daaa74ee72308,True
s07_normal_mean_m40-0132,91d95232b4e3db4d5271ce72f1e764e8,70e7b2a34a1a1101111fd3d3d6b0bb3466b4ddf81e0ceb56478ca464ec9a1c2c,True
s07_normal_mean_m40-0133,82691c8e9a3e4219dcbb2464f8923d80,eb4bacb79a07c74db0d268d2cc4e91a3fc98974ea175af7415cd3adc382fe88e,True
s07_normal_mean_m40-0134,3db0b924631de7aebfd9aac83f11df60,578ece2e91e195ff21179cb220007f5b0ac7ba5bf9a289b62e7148de7d7fa797,True
s07_normal_mean_m40-0135,fff2d3ab62a118e8b6811d85f620a277,846b8df182a817e32ba39c56b4a8b26f8e04a23c1a45b34b146b6824f7653d91,True
s07_normal_mean_m40-0136,08e7ee5e3e4e2cbfe6cd8612abb0bb0d,6cdbdb771e08784d2124cbd756dfe277548ceeef99279981ac64b77cb4698f0c,True
s07_normal_mean_m40-0137,720e96c5440a36f9c443fea646c52767,0202346da01d82ae12d0ea40b17213473c61ed3923771852b84c1e41ed4b2d3d,True
s07_normal_mean_m40-0138,2aed236278e1d0e9b503e3c4d162dd5c,658f21b906c59f7869ced27b797be8882bf4cad753f6a0cf916003a5d4a9f86d,True
s07_normal_mean_m40-0139,bad3db8c3088c43928919d3ef2b2869c,943a8bdff62a82fc68615d45d61b3075e967456fa0e0fa530ce8af851810ac17,True
s07_normal_mean_m40-0140,916e2a9f26010751b38c3a60426189ae,8e6f80dc96da42c96afb1dcff855f3df322b01892dcb40daf929a2eb7b703b2e,True
s07_normal_mean_m40-0141,f2cce05ab98998e777e439f44b0098a3,7172f306a4bd3bd0b82dfa60aaeb9dae9de34c94e9bf95b1b10aeb45df61319d,True
s07_normal_mean_m40-0142,7eb98654bbd347a92c3bb3816b11c0db,1348d97aa3a23286e2742f8c8178adab94f4b7d8ff4f88835f0f78850ef6d6b3,True
s07_normal_mean_m40-0143,6c487cd649483eaffcec2a3c41acd5f6,8896be9d9e9ad804bc65cd4c07d34fe9ba0dd6d1504aa47d7c0016e7b94e953e,True
s07_normal_mean_m40-0144,334d789401414913219de2fc3d86843a,ef2aa1d8554bf139f4dce0ac97919c4f9c1af8829d24ff1477ada265b92608fe,True
s07_normal_mean_m40-0145,30086c93f7daf0e5c8ab489d94631e67,618ec9110875818ddf344297e025ce4b0f030cd049464f0c3bd8c93a28c4e5f3,True
s07_normal_mean_m40-0146,036cc9cd519a636d8f5dce2431b66168,2d747c22ed86158daab5436c311c4df74954dd95b831fab679d8d2f1d7533dcc,True
s07_normal_mean_m40-0147,f6ee577967c4bc3dc661cc84ded17e60,3bd427457655e0cf2045a390bb4c7db10b5e4531a367801c2ae73e0953264360,True
s07_normal_mean_m40-0148,f03b5ec3df841b36cdadb663b3ad2798,5fbc4694e0b6e25586d0f00529cf80cfff3984cfa0abbf61c618f6308331611c,True
s07_normal_mean_m40-0149,a3cb00e07360fb1b432b4eb5d64eccf5,afd4a0967ba683acb9750374c3213683c04cbc01adf3d6979cd757743663be6c,True
s07_normal_mean_m40-0150,9547c0f31633ca3b1d2f11b14bc1509d,93f0a8064e9971b94357491b2b718ffad8112cbcbe02e656a049d45db7a7c789,True
s07_normal_mean_m40-0151,5d19eb942519fb9ccc359ddfa04cbbd2,0e996938348cc8599d4673b06d8ba2ce42e179fbfda5841961e8b59f628627e5,True
s07_normal_mean_m40-0152,1b8a6729f464bdfabf0a9d1453cf4145,6fc5c96aa833904e2aab3973d0d70377e1bd5fd37f849d2da691cd134daa8385,True
s07_normal_mean_m40-0153,a661b87627fc33312a3e230e0b3e3b27,b43b4f29734078a33a7f1beb88fc01d094dea063646f0ff91ba151b69cf2bb7e,True
s07_normal_mean_m40-0154,f9c812488cdf3cd7f7672bf00820ba33,8dbdbdd6550959cabecffa1192473ade9f5659dc2412b5f0d725307448f3acd3,True
s07_normal_mean_m40-0155,2f2eda75d2b0124bbcaa55a6158cfcb0,f1e080c8fce8f03ececdf48741fe622f2e16faca6c36971dc42db6ae86d25951,True
s07_normal_mean_m40-0156,a4dd976a2038d3123e8863b43a8bebd5,240e2f75be3ee1d92b1eef78fdab0e0f9e65bc53efee0d78812db71064e3187e,True
s07_normal_mean_m40-0157,cceaa1d28ddeb6508aa8a7824f1f1970,cad0d06174df10dcd8573890f1deb5003d2871985179743f12f9ff0e82bf0d95,True
s07_normal_mean_m40-0158,688e3a393751c31478e6ff35b72e3e62,303dd278181472bfed8d2aff480abc0a19b37cfb0ee1c6eed553840fa8b0b4d0,True
s07_normal_mean_m40-0159,e0f0702deff3b9d37f4eb690008f3608,54df0359030be5570f16fd204e98d0bd889b0572daaa908885af7348298c6d6b,True
s07_normal_mean_m40-0160,2d2b7458d4e644002c601264d42d5875,61c489fc93fca810d1a26a72844c48ca12c3f1fc7d0f14e6442efa3e0c6146e3,True
s07_normal_mean_m40-0161,97459b0cc9d9dc7474eb6292ee343cc7,cbcafa940dd6dd69498d43d334677835b933c2b4199faaf7af883f8299d07850,True
s07_normal_mean_m40-0162,97a0def16c748afc87aa0f321adb476d,8e23c68c2c8e57247b9cb0c5f6ad17aa97074add41eaa63330a10e652e7a7a27,True
s07_normal_mean_m40-0163,c4b26fde3d8850986829c85f2ad13eb2,c1d62b40ba2b1cfafed296aba36ed2d13ecb53cd07193b6760e02280d21707b6,True
s07_normal_mean_m40-0164,631230b31ad68662956ec91c050e5125,1d53bd30c0d807e56ac01e5efc71f09545c301f261fe8efdac4797d1bcf4ab0e,True
s07_normal_mean_m40-0165,8725f8b3353d66dafd6af6f80e8262cc,24c5cf1b0248467b44c83932aa9fda7c66a3f6c42ad43e02fc132ac572a9be90,True
s07_normal_mean_m40-0166,c09c6309e0f7eda6f3c82fba8df5a220,b268207fd29f3eebda6a7a0a1b35dbfa0332ec6c23c5e15b1c1a0603f9a00875,True
s07_normal_mean_m40-0167,9e2af2f4b1f05b5a52d9c262522a05dc,e0995529312bf3c948644d23eb95a34e9a49d4316e6e51a64dcc1e37c4ef743c,True
s07_normal_mean_m40-0168,e1b2db4d6e1ca8be318e90cba86073bf,96202b53f7c9d0cf640e55cd6113d16bbfc64a82e3a298a7d9d9f2c5e82f4343,True
s07_normal_mean_m40-0169,bb36c0054cc9c7d71c8a2b6be2d5b3d5,479a31878447fedc402dc9e70534fec4468466c96c35d691ec8a3f3cd72d4a69,True
s07_normal_mean_m40-0170,0cc999d132aee0164d564f21a1fc15d7,a1473cbe7dafa7aa379484f80f5561d69da365592284dc2e1e1e733c81ed8a77,True
s07_normal_mean_m40-0171,2754e7ccb32bf0cee2c3f408c68922e2,ed37ffad2102c9822d5d3e4da5c53831217b7a73c15f91f742a90622e6c3a9ef,True
s07_normal_mean_m40-0172,70b8c94b1b763d24b94ba696afac4bf2,cc16e0dc60923b214db46aeb947527e30529f81fa2dcd7557454d6340ccee8b4,True
s07_normal_mean_m40-0173,0629691179580e81cd1b97580df4d3b9,e364c91d474265a8326465feb65963fde68ff993036887da34391200ae1c25aa,True
s07_normal_mean_m40-0174,5dfcdb4ba49c06f0a926d9b14779c217,6319fce1f4a49a51fb35bb10d83092d38a00f5fe732c5cedf6f4377dc3a9af02,True
s07_normal_mean_m40-0175,8a83836a25d6a4afc02726fd5b7d6701,9b6bcc01437731419b6d7773b6fb7acb8a3415d15ec5961d0a9b15b002f65676,True
s07_normal_mean_m40-0176,e08dc0a7075c0a23a523d54e30ce09df,057fb337976089cbb0ac5c896a43841004fe26f2e03c3788eab99279ad4d8ee4,True
s07_normal_mean_m40-0177,d323a6b9e4081fde958a5120cd24d544,1f4fa81b923629541b4289454335cdabeeadcd26bc48453ebece16d7d3fc8e46,True
s07_normal_mean_m40-0178,e5c8b7b3db80f9d1f2b13e75d2aa54bd,3fadfd467a9afd5cca88c26fd5eb609e98cec771a086a370bc6d75161c0ecd3b,True
s07_normal_mean_m40-0179,b44f06ef5c52c8f57fd2b7ccd9b478a9,dd93ef696c73ba4ad7aebc8bbe8b38f4be316db3ae2f5e311382681cbcaac173,True
s07_normal_mean_m40-0180,543431c02bab9e1f5ad628261a59257a,a288101f62ba4a5afb6f3d23e92fdefb0d16a570368a030a03cec31087ac889e,True
s07_normal_mean_m40-0181,11c407a34d9c606004d57385359709b5,0cad4ec14dbdd5510de410b287716d6eb75d400413dcdce700efa8b64edddc88,True
s07_normal_mean_m40-0182,b861f264f89e748fb705ed59d33960b2,c7b158717139043e6e7d5a9b2d362839f34b84675c24ee6107449e05614ec3f9,True
s07_normal_mean_m40-0183,602fd4a73a4ae84a70add2ed75a6fe68,8547fe0fbcca20c96d651779d364f43d8c83aa97ad0d3083d3d63a8f22f73e2e,True
s07_normal_mean_m40-0184,b70f64562269e53d7c605672b191bed0,4d8556662e18b339683e8946b847bbe42546812dbca771d13b3b7de7e059c5c7,True
s07_normal_mean_m40-0185,49b6f7a7fb1ee8b1e28f164e27259819,bc4308ee2074a230f5864c526b819ba3cdc464729e79c46fb265c905f12d435d,True
s07_normal_mean_m40-0186,ab00f27bf4bdf3fa6b27ec01ab5f06a0,ad548e1a103dbd9271fbe06ceb9249ecbcf630bbbf3c990549a42d2c72e5b2e0,True
s07_normal_mean_m40-0187,7e91151390048747c3589827d4ac4b17,6699dc366a9a17dff4226bce049e6602dda9f832d7e0047a0551f4892d04c529,True
s07_normal_mean_m40-0188,5aea04c0859363c1d350e9ee65904370,4e3fea825403c5889e95bf830a76a6c6133a677ddc203764a6a3add19436650c,True
s07_normal_mean_m40-0189,6263d36c25e27ef9a0a9c88f577b5a42,6876228ad25af0756b9adb4f05f81c8948a093bb33eb7ad89befa71f8c7b25a1,True
s07_normal_mean_m40-0190,dd16896d6a2524450e0f19a78d678a9f,16a398de3743a5506ae21abd4f4156b4de6ff3081f27af96ee095236ddb0efbc,True
s07_normal_mean_m40-0191,ae706c5b56fc7f538601aef96fbc74b6,f4a2c6b6f71bce29fced5516fe35e51aaef406f2de85594e19a2b4da64ebb7c8,True
s07_normal_mean_m40-0192,59bc8a90135d83cfac51f45a5b9113cf,6449e37480ac3ff11480d2063618fc7d3106d3fb3686de5f1f087416a6d041b8,True
s07_normal_mean_m40-0193,7792e6452995210c9bca73013af1d0b5,b43a0d727ca7b0fd3aebc9ef91a53bfadb33b5bed3e9782e2a4db53ebeb0e18d,True
s07_normal_mean_m40-0194,54d90566ebb15cfd2e55c1db3674cb66,c23dac1258ed1fb6a71124ba5927b461b1e1a40f471a4d3279a52e230c610cb2,True
s07_normal_mean_m40-0195,616af002c7da1effd7509e4a8d72c80d,f9f52ebb25605db36429e3d3064b3f28f1bda67ce69c5a9741f4c58056775e65,True
s07_normal_mean_m40-0196,0b2cf59b29a4091fc08f6640aaa35318,d98e710acf0356fad7174831402dce0853bac14c2da8e16f36963a2b8f718ca8,True
s07_normal_mean_m40-0197,65e0ee501675ea2c51b271d0b9c3e1ff,376e7cbdabdcf7623406fd49f3a7721ec70a988a3ccfbf884327346532b5036c,True
s07_normal_mean_m40-0198,dd8a1716bee9b1cee4914132bae5f838,845b4eb5811fa00ab361329aa28ad87f1dfcb490ae4276614bf3acd3400363b3,True
s07_normal_mean_m40-0199,2056dfc5b310c537aba7df45604caea4,98872fa3a9b8d972a3adeb0cb860b660fcc0b1893ca746b8088a14dd5785872f,True
s07_normal_mean_m40-0200,7e481420f4811823721a17c27e544cdf,8a94311cc6052fcbfff99677c7e41842a2554ca2aa878659d91952a48c103904,True
s07_normal_mean_m40-0201,21130b3f4769c4ca5b8a60b549c2f2af,74870f7965d1aa6e14cd2fd706852f092b4b16567adf992a3e34fd1750a12baa,True
s07_normal_mean_m40-0202,a3851087cae833ae0f8cec282c07f2b5,864609bde13d12af3bd8588b30a14de9b91e17d457cc71321dbdd9cfdbb51af4,True
s07_normal_mean_m40-0203,196e7a3bae78ddf1481256cef0115b2d,2440b021fd672371364357bab346b60b475b777f97e9d14fa64af57e2273358c,True
s07_normal_mean_m40-0204,68586bea4a975b731daae2168224c07b,16805848610750e9a0c6ee3b9e08f341da5c5afff869c2dafe5083ee82a7ce1e,True
s07_normal_mean_m40-0205,1d66ca9667aa565e9518324c6a663b55,8765d13a099114ec27553675f21fc54a2317cae2fc2302fa4cf7b9105fc51983,True
s07_normal_mean_m40-0206,640fcab250f897c7444bd99f0362f936,6f517ab8f9b8161aaadaec8f345125245fe40ed0d9f31ed524fb167f802a91ed,True
s07_normal_mean_m40-0207,93ceb841ea8af2b3b360eee7634ce20d,ca458f3bb2ed32987a401d3a03f5b4ae88d80bb5ee1dcc7c7b8a1363099bf587,True
s07_normal_mean_m40-0208,9ae538b4a4d4b9329c0224eeb230ccf5,0289921760ac3ae3303f6593b10c249788e63f03cb6f075889e4d5fe6e289215,True
s07_normal_mean_m40-0209,7aa223b379b14f8c2d83af636826d038,ae9e45f21d68bc8c9f94df44c6a99ff63c4fde2af640fed727e95995e1f6127b,True
s07_normal_mean_m40-0210,21adcc8cdf376857e7d3ab85bd96beef,1955a2ce8de6827a86f1078ec6aeb95eaecfe6808e49d7a5298bd08fc8070376,True
s07_normal_mean_m40-0211,be49a389a2dbf50a390cfbf4b451cba2,3675c780dc873fa9248ccd7feefa52a53168f04fcda8862185e93f9dd6f54f93,True
s07_normal_mean_m40-0212,793c82cb0b003e98a62f7648f4b2469b,521f7029e1eab2fbeee46d49cf3d4ec062a3ecd87fef7add7c33546e8479aff4,True
s07_normal_mean_m40-0213,10ebfc864dbaaec9e215e4cd664d1f39,51cab59c68b9c8de4e27111b37c8a01e6f446b761933d085336d771c32e17db0,True
s07_normal_mean_m40-0214,eced19089ea20d7635c44d3ba41b2f40,a613a555a09380a748560c3dc89b67b4c83c630579f064ece6f6577338d86185,True
s07_normal_mean_m40-0215,888e4e7428fd54c408cad331af61bfb4,e0d8bde0306ee53c9095ff41de732b14a2779593a20fe499d8c5103043fc16df,True
s07_normal_mean_m40-0216,221a8970bef3e1162ab2a3928d64efcb,9cfa76a6fc30fedb10c579e2ddfc5c0daa4050902066ea95505d01e3c24b2caf,True
s07_normal_mean_m40-0217,a8983868b87645c5226d9c214d396dd9,3779001b9d9a8579f7cc463754702f357c3256be2be492a2a456a1e20f7e568e,True
s07_normal_mean_m40-0218,447987490fc43e3be95b8ca783113c81,1cae4c6d36b0488cdcd227809ca67dbddd410e55892aa89c0275c4bbd6526b66,True
s07_normal_mean_m40-0219,451e15afeabcac6f44c8e7ba323a04e3,3e5556ab62f897c8434aed60c914ca2659fc0b5ab3970443fcbd7dc0150f67e3,True
s07_normal_mean_m40-0220,f57dc68f727885f4e834e5cd7009fcf9,4c3b24c720ffbec271450de6014d969668991815d4af059f7428a473c3aafe83,True
s07_normal_mean_m40-0221,bb10d18926f7bef5af0feb2bc75fae6b,a1a2865937974ee80cb72e1d98dc62c42e0afa01334beb06dd66069c5691d017,True
s07_normal_mean_m40-0222,8fcbf7c47439d7767b14b0f23977c4dd,991ecaf2d4f020a11a85a86e2d1835efc529ddcc75048746961d7a406f0e52ac,True
s07_normal_mean_m40-0223,8045d6c825f9ff364c39ff464280782c,ad985160281708041f86a089a7cf45ccdffab22fbd257f26860b77d5ef2e042b,True
s07_normal_mean_m40-0224,93f96d0d75cb0a6434a64b51cbbc8606,62fee25489482fb3aac4a67fa01b22f3b7718385449cefc1d23848d98f9931a7,True
s07_normal_mean_m40-0225,a211c995d9da34d458fe60b3cd341a10,4509b897f81dac6ead63a5a519632541eb9852ffc64cebb6532c127e54e286c5,True
s07_normal_mean_m40-0226,fabf5a51170614dd4e63a5fae121adfe,e8d27dd7d9adf624b94deb3aaf01676b5d7b08fd7bbbf9ec9ea45cef7cfef30f,True
s07_normal_mean_m40-0227,dc930b4c3257333438b1410f49e6b400,e79a3d4448c1d197848c56a9995961a322dad8cca492d507cb3b136be7b05125,True
s07_normal_mean_m40-0228,d0a1daee718c4b58f8ba6946cc93ad37,7f6e5e34f5e20141738f0fa348a8beccd9f81b6a3832f3ba2d6097975f4f4e21,True
s07_normal_mean_m40-0229,330d08fb6beaedfc3917f0ec3a99988d,c16e291b26a99edf701cdbec259832dec6303dd38581da3d062b191a42987841,True
s07_normal_mean_m40-0230,5a5ad92c5a3485cbc441b6c167da25be,231e7cb2394087c3f3b68564d4f74ee89a0b289e196170ae1212abf73e53f463,True
s07_normal_mean_m40-0231,39523e3ef20ccd16bcbf60bc0598a93a,904592479938e6996feac46cea9658bf919c0ded9f5463e8c783ba52d700b2a5,True
s07_normal_mean_m40-0232,b2177b5925152ebe738ca4ff343d7a31,c4690298117fc2fd7b6d938a85f8c9af39a07ccc8a279db1a9b90a7733da5145,True
s07_normal_mean_m40-0233,edd18dfc4054f4390a7d3327d11ef0e2,f59fbb6dd04c3d4adecce9552cc5e4304fbc29fd584065d5c04a620fd7f1b23f,True
s07_normal_mean_m40-0234,3e0ab9d678a429ef9fed8c99a6263398,70888b9c207c7b44114fd1ba7d0f9fc13dfb41e2106b23aba29ca8a0ae421b22,True
s07_normal_mean_m40-0235,1d6eae94040b85ed4507de95510c2b76,c6fc5924529cf056c1666bc1cc99a162f5f90dd41300b153ffb7a4b74462c47c,True
s07_normal_mean_m40-0236,b1466a0674e2a40ce2f1e20b3af08ed8,dea3c2b38e2f42f9de0ab0bb2ade0e0182ef558736353bfb4d5b7b4213bec39e,True
s07_normal_mean_m40-0237,dd93558f50dd1df8e9305e5a565ad21b,261a97e48e24bf0f7ede67debde7cada2992c3e7019a3cd4369d3dc06c9d0be3,True
s07_normal_mean_m40-0238,2b8c22d64276ca43ce5ca99473ae9066,b396c8669cc1d74b535c423b07e49c54d444251d78a7fa3f993c04a18e71a21f,True
s07_normal_mean_m40-0239,e0ffd250f0d6455a39bf95322478a075,d4127c7fddc9ef59805dd5aba03039eb69e27f8e9a3585495e0d831e3e1abeaa,True
s07_normal_mean_m40-0240,df0fbae4f450d17034e0dcabf2acbd62,86920d25c6a373b71a4bd9c9e71018d575eddcc416811ed6e61ddeefb1d2534e,True
s07_normal_mean_m40-0241,f97bbac6fa878d4c106d42db2c71023a,e995a7fbf0cbf4b6c53e5d94244683e47ba951572ad5eceac73c14bde9a4fd8c,True
s07_normal_mean_m40-0242,76e24ebfa4b9f266b174e66755cac731,82d997d8adfa26f9595daf768f5e6798093734a8479a749f3f10850cfc278ea8,True
s07_normal_mean_m40-0243,fe4e87279bfe20e79273414609208149,74baf00c0b2bd617718ca2c45940ff062dae500cc75db032592d0d83f96be672,True
s07_normal_mean_m40-0244,88c2828503a1d8cacdff1689486727c5,574241bb2db109ec1711ffbae2335d750115934541576cb6246da9f2a9233c33,True
s07_normal_mean_m40-0245,f54cfb4c43db9c51b567e4b855cca5ca,c7a5c1734ca802f1ced47567c52bc64eb59031582c234a14409841ae140b1f38,True
s07_normal_mean_m40-0246,ba5a5fd401f70be3972831187547e534,d8d2a6be5e5d5d44e11cddf7bd2f49f5e69d5d81717575c862390ccb3b2e1f71,True
s07_normal_mean_m40-0247,8ba5cacf595a0577dee506af567f1bf2,9e55dc474c2e48f79f31fccd671097b13b69d28d47c5ebd0fd3e66d952a95b7c,True
s07_normal_mean_m40-0248,7e7e7abde6e7f3aa8029fb3a91dac303,952c1dd299a4b9f9756583aa235a618cd0220be43fa7af01ecd36108015a7b0d,True
s07_normal_mean_m40-0249,6219a824cae4e2fbbfb2881145f8b637,e342a0cd781ebc263888a0be876a93dadd04a24ffe4aed2f7d9d9df6d9756b2a,True
s07_normal_mean_m40-0250,1fb0d54e63e0816cce5655f3efc8ce51,2f24720951ac34fcfb57955c290e0cb9e72d48806c6e80ac5adb083e47f05daa,True
s07_normal_mean_m40-0251,240a8272cec242ba1970818293e9cef8,023d2383eca50624f0796258f5044c2be81fc90d194b40ea770d485b676f526e,True
s07_normal_mean_m40-0252,3c01d67d4db7464cc2d56a2e4b34cf62,2b305b17f6973073d6398ffcae26677f25a194b4b80407704cb0a047fe3b4384,True
s07_normal_mean_m40-0253,40b3679328ea5e45607bbf6be50b293f,c1fa22aad9dffd07134ad85b4b2ae8a25e3da72a0d76680e44386366615179d0,True
s07_normal_mean_m40-0254,9cdd400e8c5773b6a466e720661efae8,37beae98a6bd9304bc1c8d7279cf5616bf64680bd3684f4f8dcc83d5aedb3324,True
s07_normal_mean_m40-0255,19efb7416e9ae3bf1deaac3ca5ca44cd,e044f79d0a072a77ff5d84e694cc1c65081376439a8f55769bcb79a6c67d9417,True
s07_normal_mean_m40-0256,d8c27f314ec1a7eeb80c9b3edfafd7ae,640a387360a28c547f7e357111e916e198b2911a84c4a153a08cb5c043f319da,True
s07_normal_mean_m40-0257,d85b6697b935c4c842e2db744872ad30,8f0bdabe837f4361cf4507525e0ded53e2bb8564467fc1904088d4a3d2afad87,True
s07_normal_mean_m40-0258,c44b11a48b7764fdee64a9e5896e1540,1b528114d8ce91976cc79a79a5956871592500a907f5337ebba77f01650beaf8,True
s07_normal_mean_m40-0259,b9579c0ed649edcbc5dfa052f682cdd6,6f319f24a9ef2dfed43cc863ca2fdd448c1d287da79a962941f7e97e2f9a68e3,True
s07_normal_mean_m40-0260,7545134ade30bbe5835acbb254fe42ec,2d5dd24fb5a600ea91f8ef67e8a91cfef6acaab1c812d1969f385b188b703aa7,True
s07_normal_mean_m40-0261,b2959f6e89d3dc3ba08556877cd8130b,76187e19337216c6ddd304d57da4be0ba1671f0a65767abd57e3b89c990fddca,True
s07_normal_mean_m40-0262,17e180b5458fca72f23e7ae66f802a19,eece7acf81008dbf3c61c600ed2e87fa03bb180ac8f8c6d32c78a4a8aa273e31,True
s07_normal_mean_m40-0263,8075e24afe41537f27736a6e7871ae6c,6d4bba5f2969024d9251c3236398314280fc484f427cab20ac2557c0b1fc097d,True
s07_normal_mean_m40-0264,41f164b78e53cf91a0c1c28df71eb500,394f53f2f8a51c951ba3a44f9cf41331758504404aaf37fff35b8b5bd50a37ba,True
s07_normal_mean_m40-0265,833766f07955d5403a18dd423cbba2a8,f0cc3316c9446d2b9e44363e2f0a69e8ec5a0d439988ef307173e2719b81c4d7,True
s07_normal_mean_m40-0266,3c8138baace8bb5a83164fd056fcce4f,99e1fcebc074f812dddcf5ea1b8cb5c41f576f6737d23de665fabd070eb9ba1e,True
s07_normal_mean_m40-0267,9ae381e2ca0b210ec331e6f645bd7e0f,804e495a7eb9f032f4f220aea0158aab09a09e99be9371203f4cc2a531af07b9,True
s07_normal_mean_m40-0268,ebc87b9c5f6dd547a96ec7e3a0dd1f44,5872d9378935f27e6e92e8afbd1f7a301ffdbc2842cc4f12d1b17c4571a7f99e,True
s07_normal_mean_m40-0269,845e6b434f3da879a40c4ccb24d0ceb6,7b1f85935051efe9e8d99d9f1cc690fe09998bb81a169d8c323369110bcac74c,True
s07_normal_mean_m40-0270,f7cc0df09a4fd6c9b2fd42728923d228,88b20813eb5eeae952678c7598706be17b830e095453bde4bddb11eb9b6e722d,True
s07_normal_mean_m40-0271,4eb4789f625d36e1ab18dbd3d473aef8,722053554bddf56a10439a361025f70ad858b881a0d6343259fb365ffc011842,True
s07_normal_mean_m40-0272,c561260f0da1d69baa72ce1c8cce25f6,00c90a162ef22e6ed921f1ca3eb2a16d426ebbc6a92a6ea6ad89f5f88fb77c20,True
s07_normal_mean_m40-0273,e76c689f8d23c1efeed4503ef948923e,7714be98728513e1f31dfc6abf7ec7c14044c9be8f6daf56d3b477e557ea719b,True
s07_normal_mean_m40-0274,2319d4a17e53f5a1b4891db72936601d,06c89f20b3c8f81ca31bdac77fa577072abc2ec2ce3e842fe7108ae7974158de,True
s07_normal_mean_m40-0275,275e4dc89690ccb0f473f86aff034c7c,b6a9c2e5d285ff644ca2af5310b12a0bb05378db34e804062a1d050b3dc6de01,True
s07_normal_mean_m40-0276,b2f69c116ec1d26b57b63d61e9d57802,177f71f80e934c0afe6d0dd72fea09d5ebd0196e6f714f53d76dff432c070f2f,True
s07_normal_mean_m40-0277,c756a144ec21d898954c0dcacac2fe5b,52f7ae0b97970668de6f0186a01d6bd529f3c2c9245fc36c4d9eea7360c1f2e8,True
s07_normal_mean_m40-0278,8e21deef98022768b8dc856496622b29,d091c63a2e446956c2fbb48f64e941cd146f045eb7d8e023c347a3580eb2dde9,True
s07_normal_mean_m40-0279,f506b65e40e65074035c1894d14d28e4,ab77234163f7e3709ecc8b52ef2605be4b3aedf4d5ebf2701b628763e1c53b83,True
s07_normal_mean_m40-0280,e5e324f000a25d8762ac5700e8265a35,56f339ebe359c4d79e781f5e1da8c89dfd802eb186eb2bb9be5c404a5237ef1a,True
s07_normal_mean_m40-0281,befada336c76cecadeddbef641937b96,5b4a190ff220bad5ef2e6958e9df4172068ed593b499f59ebcb23fd0cbe78747,True
s07_normal_mean_m40-0282,de041d9063d71c06b7b1e4864cc30178,ef9de50f3fb9c2ff375ab294e52f6a77947665d1b21ed01f0423176420c1ee94,True
s07_normal_mean_m40-0283,ee66f599b38669a3a2e39925d31513e8,8cda507950445d61f09e8a803532ef495124d2fb85cc5bf4dee5331135d60e84,True
s07_normal_mean_m40-0284,3402533bd79f0944bb2d515b979a0b9f,d6d8c5294a9326be1674c6ff4fc66aa1079fdd9d1ce3e4e5bbf58b5f6efb2975,True
s07_normal_mean_m40-0285,eb364d3a86ee8a24bd924c92e40e76b8,f289fd62b7101504858e95af386d02f687483d99f5c93f430b4257ebded68149,True
s07_normal_mean_m40-0286,d7b7da1be04d80013202e4d962a45782,dc0f33d59dfa70f00060e3c3d3ddb245e50161f1d25fb2d0e4d68b5de76e50de,True
s07_normal_mean_m40-0287,efc1dcd0d71be58cbe1ecc710c4caae7,65e572b6f92ad8181ede8906513a6722917cb79d60a1dfc734d5c43e4cb1dafb,True
s07_normal_mean_m40-0288,6d24b1c2ef971ae55664079b05665e88,4ef874b3469aeee66a2c9c110f708710d25049c0d2e2c5d158e6329e65a97157,True
s07_normal_mean_m40-0289,7c18712b648a3f0528b9d8f19ffdfa2c,9ed2c31a70c76be3b36a9f5b427962068ec8650e4577617d9882e802b49feee1,True
s07_normal_mean_m40-0290,7e6fcf5ec57b1e89fa973565a1997284,5e71981c2ad275ab678fa7932ca0f5d4d3693697e0bd847c8e49de1a01b6c606,True
s07_normal_mean_m40-0291,b385de3c35bca2d7b0ff52e9cbe548f3,98f4e3ff543c02897e107e85a00842d145807d2b857621f86ae8c20caee5c9d8,True
s07_normal_mean_m40-0292,dd0b300b49b0433ad69d4c5c81259543,dff872fda044b4ddc926cc0ed4d327ea35ec2ee6087b2cd790f57004054422f0,True
s07_normal_mean_m40-0293,fe10ae46f2bc4016446b897a7a64170b,b433fb6404aa74976237270a4396fee6c47ef0f1862c3767e15224dc9546a98e,True
s07_normal_mean_m40-0294,6b2cc7087d33ec1edecc056081d9694a,ec6e0a5a4fba00f1ca7a4702f7923e307ee0441a68fa33ee39cf3310c2d40fa3,True
s07_normal_mean_m40-0295,f549175b8d4da6f8660e6da971ebfade,308b7f0a134bdf9839c885de8090e64c923aecbca91da6431dc7666c66ee0c91,True
s07_normal_mean_m40-0296,e8e34e6c8151530e18ce2de1ff7be053,63194b08d157e306911cca6b9cb99951941de82679d226b9374585344171025d,True
s07_normal_mean_m40-0297,5e7c10857be1a58ffa2da0163e566b72,f79425ef1e6ff09d04eb8bb7de3462378c0de54e3ff9dfa3d0ab825921fb516b,True
s07_normal_mean_m40-0298,538b33ef862a45328a8f562be34b8260,6d5bb02185f221a38671dfb070decc35fae95a7e31013cce5423dd9cab93bf85,True
s07_normal_mean_m40-0299,12c11a5b6b000ad25b34ff7dd8b025bf,e331bbb31bdfc1bade6081302e4be0985f1897cb7254854df561a231bc3d2c4b,True
s07_normal_mean_m40-0300,f6478edb4d39d6dc26e553769a8e157b,384c55e950099054498aabf320bfda62b602d33fe4fc463356c0de26bc524300,True
s07_normal_mean_m40-0301,9314a4a00f58b9199ae980f8b4f074cd,2bf1e9f101967b6dfd5127f99a47408a37355a3fc01bbb45b1b84cb35cc5e7fd,True
s07_normal_mean_m40-0302,c35e3eca7771a2b14ee9114e8bf1b59b,166ae4ab638caa8bc0f6497f20733758398fd5e249bb747d1c1f5b369198a34d,True
s07_normal_mean_m40-0303,9ba00f16c4227b00ae6d968a50297eb8,6ff43fac490c540e1694e8512c5d2616e0892c709367917eec2e723469286c03,True
s07_normal_mean_m40-0304,9ccc2d5476e56af99ae5577dfe632af4,677a6d58537c1ef40a97723abbc35b57d111ac83def05221907f41244e2cb602,True
s07_normal_mean_m40-0305,d7ab64a204283403455366a4ac32900e,48a238a627307a00c0b7132b910936fbcf038b51c87965099bd10329eecec7f6,True
s07_normal_mean_m40-0306,981b145c0bb18effd0edbf2ea2c82371,b23a0e8f136bb2760ff2f2d97a713f819537c4e93f310300d2ba8fda0bb7e2f0,True
s07_normal_mean_m40-0307,a55ce2210f9f1685049f3acda06c8357,2ecdadad7b1ae5c57b7968fe09199f1ff628d7f841f97f2447cdebc396d2871e,True
s07_normal_mean_m40-0308,4d6e24d831d60c4af9cafb871b73a062,853b923e4aca6f6e35d54576ea43bdc97824ddce98b9e850cd48b9d60053d849,True
s07_normal_mean_m40-0309,3afea63f1d892ffccb7128d37da7c89a,46ecd60b6d5c7c776f51beec89f294ff0c5a937d14e78017694acf3ae7841d7c,True
s07_normal_mean_m40-0310,4f1bd70348e37c00051ef7e339abc11d,36f64e05af2a3f5ca255190130b32dbffd8ab07f4cec3dedda98a951c237b284,True
s07_normal_mean_m40-0311,c1465fda321af7a349055d8d58e6a141,389649b6227fa37e48d59570930e143ee5e0fcf6c57a93a901a01900eae8d9a6,True
s07_normal_mean_m40-0312,baced62bddf18d2c500fc102a90267d5,e3ab865f66f95c14e53387e4e58961009532a0bbbffa6a634dc4a54fe8992e23,True
s07_normal_mean_m40-0313,22c96d882f1f849266061347454709d4,e052a54af00839a8ae71e744efc8881173957d54f5a828465fa3a2003afb72e0,True
s07_normal_mean_m40-0314,3c05e9e8d59dc804ed57085544edb914,607507ef91f9ebd2eadb70235f2cb8bd33573a579edbe20c4c7f17c9b468e040,True
s07_normal_mean_m40-0315,25775abba8e7b42f6584b8352f2ac43f,05bae24676ba8366a3847b7c5b7131ccc71b88bc69fcaa98e3b771df8dce046a,True
s07_normal_mean_m40-0316,d730755483bb480bca23e8bc73b48e8f,03a88790ff9bb08e1e685e9081ac0cf07a4a94892429aa7582edd87aa7859eaf,True
s07_normal_mean_m40-0317,c6397def018eb12e7642677691016d66,9c0f67eac8bcdf31c6ba2042a2c7a204810bb7fcd13578f3f233a00d7cab508a,True
s07_normal_mean_m40-0318,62c94d9f1ec0a4fb5ba3a8eb8751ac48,583d6471213ff1942c6470b5686972d66a21bff94577727c6abb9e59cd2de932,True
s07_normal_mean_m40-0319,9633ee2ea139c70f4ae733b13a34b753,5295018caf2816608701c9e82ec1320bf4385f4323817784465de4aed4348ad3,True
s07_normal_mean_m40-0320,959b3616930ef1d6257d42fcd23b11e3,cdb486b4e419f455ad2c321a8196eb606eba1c75ccacf227a030ac65aa437446,True
s07_normal_mean_m40-0321,ad13bdd6890f4459d2eec7e0d1668a8f,11ee11bc22691d35237e737e88c058b838e2e77406d2bed9c49c0b798c0e6368,True
s07_normal_mean_m40-0322,e620d12187ed132d2290b9eda6953ba9,926f384182ee59caa628fe097ae0944f43ad4e2a5f2b723cba8c934bf7a2039e,True
s07_normal_mean_m40-0323,acde3c1a5f115c5b823b6c426e7bb6fb,4dac37e32895386c30405dfc982607266aaa17f697f24d992ff20d9f0f2a63c6,True
s07_normal_mean_m40-0324,210a5265208a5d3d26d008c96f96a1b8,567c3bfe9b3df5e953fc0f7f056583e616ba4fe7528a5561ca0b243b455c72f7,True
s07_normal_mean_m40-0325,cae8b5bebc44bde594e9225e7f61cbbe,c278d1aa072262d303530d677454fee9c4ff4610a07944ffecdde05d41ab1553,True
s07_normal_mean_m40-0326,216435f738a225fbee419566e43caebc,69212eebf52c0fe84c21d1ffa0d0bd49fb5b4dd6c6ead438f506235ec234d8c4,True
s07_normal_mean_m40-0327,897b808546e1b603b288344cf978b07e,2137abff88190628f5f008874ab31260b5e5dd3a7c4b18018a0e4aa7de4eb2cf,True
s07_normal_mean_m40-0328,82ff82c2762e9b73ad0fd006a4fe3c46,f3c0c9412f96ba9f1188db00fb71a5550aaf94e83794c6bf395293f21ba1eedb,True
s07_normal_mean_m40-0329,b43bca3d86b8eeaa969e084769e3bddd,951de0c538a2b3ea049dcc6cc30f9ca66c78d0829524ac4e18a454b7c167645b,True
s07_normal_mean_m40-0330,41c3120b6f77716508d53f7e27b7b771,4747dba1cc3a7a107723de596974899c7374d5fc01f6923fd8ccfab76663b61d,True
s07_normal_mean_m40-0331,66700ddce1e63e10bf1b036e941b0490,b1d947218e971c5a22e994f9ddf18931e262add95641cc65ce1b22890606a37c,True
s07_normal_mean_m40-0332,831a3a6b0c63605d82c4c99ecd7ca682,a1aec6b098390e2a3a47967b4a475ba42969b3b8af00531acf5feb2ccdae8beb,True
s07_normal_mean_m40-0333,39f0161ba8b28035c7aee9205c5f82a7,66aa36a7cc2e1ea923c9ec630bd6cea55ef37b1a8c3fda14af7b4f9bc12199f1,True
s07_normal_mean_m40-0334,d28ceedc3de0551b5334f78de15b1a88,967298387276125409a818be62ff598919d34fee13320607c62be0f4cdb46c50,True
s07_normal_mean_m40-0335,f83b22012a31ceada0b0234591880ad5,279dbdb554123a934496b0d36192534594f7b735a3d72164d012e224b53f6489,True
s07_normal_mean_m40-0336,dc8364bb463b53adb9db1c3bd50a8d9c,faeb2444aefe9ca4cdde620e6d887184202fe0e17707321b705116d5c82fe98e,True
s07_normal_mean_m40-0337,19b69bd13be0230912be331f3c189529,2d8a1ab16acc8ddff466f46f9be1b0651c10289d345085cdb0b4d70adc28882f,True
s07_normal_mean_m40-0338,25c91a8a9f502b226d5020faf15fd8f2,14f87eefaf71880e874d0242b66e593fe9faefdd555b6266ca0068c69c90560e,True
s07_normal_mean_m40-0339,2ce9afe716b0fe135aa8be4d8e9c1807,9e41c1502ea68f3cef7e982276050a755ebb0a4efc762bd6a345db2f664e8c6b,True
s07_normal_mean_m40-0340,ec69779d48b2453adbd304e76be0a028,a227498e8ff8439687a8a845acd38fdb59c969c4240b38edd3c58345e029c7ff,True
s07_normal_mean_m40-0341,f59da66dd41800f45cdccf8f10caa14c,0f347256a0a6e4eb186137306a85b9a83721ab0cd76eb1ce288d2968219b9234,True
s07_normal_mean_m40-0342,0d3510c74f5ce81127763ff6f9531b91,c0e00138cab2c8b6b9593d14691b43eceaebfcf002094c12f78389c61ad85416,True
s07_normal_mean_m40-0343,6cd28a9f5763b2d400ae12f895cbe243,26547f2597135171d2363825fb987b571cc1be13dc4c3cffcab26f58ffd6f41c,True
s07_normal_mean_m40-0344,cdef296f98f6efa0c929f6f17a1b4298,aa5f9d14ec0bfe929b291381154a94ba622e3fd753ba9a6b7a33b9a7ab06d5c2,True
s07_normal_mean_m40-0345,9f3c24aad5b13d36ec8e383de8c7c9e3,2c0a68b1a4e87568896987107c6075ce8b5f05012c711dbf57ba4b46d964a5ea,True
s07_normal_mean_m40-0346,d38dffde708ad065811aacf98f4aeef1,53b3d5708a8b671fac933b0e6f1631aa3fc33ce5f315dc5187890855fc2010a5,True
s07_normal_mean_m40-0347,07ab666e0b83d5c24b15151011d0f8b6,959534d171f01e4c4a5e02c9c3214ea4b5378dc4873c00e450586d77e98a907d,True
s07_normal_mean_m40-0348,afd224aa10426d54332107b36bb5f135,193efe7b3c257d556d2ad6c72a8dd13a3fe6c82103fcbb4c3ad57a675d9e4015,True
s07_normal_mean_m40-0349,a81b66d4d951138d9c1496c6e50ca5bb,d1121c8c4fb94ed00511d4d288fcae349727ca878074987d686db2f4ca5ca5e5,True
s07_normal_mean_m40-0350,a9310293725af3dd6ceb63511df0f879,ae9d805ff363b143ff7272afecc30499006282cc7c3a2d3a7a828cd5cad7e980,True
s07_normal_mean_m40-0351,ca02ac1371a7ef754901787e245c9672,8b65b6c5d482ad690f6f1b7324a12cb2ac302e12ed52298b2c46f70034de2fac,True
s07_normal_mean_m40-0352,5912df7df2b4b007eb312debfe085b43,690ff58f5a4f9187d50e2b5d79cb061ecddd1478279ec294d9322e3cb59cbea6,True
s07_normal_mean_m40-0353,e424cbeee165b5e71046eda001c3e95c,fe95e8cce4d7085889d384f67ef90777abdac4121aa756b9032c4fa5dc1f7719,True
s07_normal_mean_m40-0354,7214fc19ab9817c82041aa7e0a33a49c,89f8beb39647f2d012f03d8a67548989325e5fc5c1073b91c1371e4be4c6366e,True
s07_normal_mean_m40-0355,dac6c92c97df86fd21fc9925076f7bd7,66eba629933944a0dcc1b30f21d319942cdd3f1dc2adbc9842d2a4ef5dc9a3c5,True
s07_normal_mean_m40-0356,03b9492664ab080afa4e29771da42437,fd9173b394d9c4b2cb4c8889dae69d8663c9b4bd3c407db52b7b50059b259586,True
s07_normal_mean_m40-0357,3a2ffc08111b81843a4561fa0d863355,60ff38f8c83109995ce9a2f16e4cde05720004f75cdde22df1157b1c365984e5,True
s07_normal_mean_m40-0358,051ebb2c3568e69a0d6cf0f4eeb8996a,347a334ba8796127d36a558f0bcebed38ba281946ca75d24e7bde16a6d4f37ad,True
s07_normal_mean_m40-0359,38741341393937947916e6c34fb5d666,73107db0ce7f18978c6222cc085824310490f0afc4d2e0fdbaacf9a45fa20056,True
s07_normal_mean_m40-0360,f125e50ccc8a7f9e72c09c834be7023c,f3cab52bb9d5d0a185ffb1d44914466d98eb29390e57be650e8887c3aab7f6d3,True
s07_normal_mean_m40-0361,8eb97a678bdd6fdd4d43b973742ecdb6,7b6481e95065036d3e9faea3910002baeecd9de0f37536e6d681d9cfbbed24d3,True
s07_normal_mean_m40-0362,61f3cad6c68090aca70733fe0daef3c3,c29410a176b58ec50874a6b09df8a00cb724920709e4500c8f175b1ed8ecc66f,True
s07_normal_mean_m40-0363,996b8a4768d51abd59659d61f13771c7,8a5ffe817ef7cb03d38095aa79cbf2f78331c9ccd6e0a1fa35aafdb1d63f98aa,True
s07_normal_mean_m40-0364,b5dfa142a2637930d94107026cd275c4,34638562be712fbd3dc41cc6aa777f6226654b2ffe906df75bdff126cd99568f,True
s07_normal_mean_m40-0365,0d67ac1e675f9323c18d5f073fddec54,13bc7dc3b71bf7ea878c6eae49803ce524719d6a4186c79f67a21166162ebf41,True
s07_normal_mean_m40-0366,ecc4bd58c7970eff524b48e020c6eeaf,551b0493efcad512c496379976b861976c72b7a28f757469bc6dd8a1fa593856,True
s07_normal_mean_m40-0367,b51e3169ea3a1f97b9361000f4bc34ec,3d98d9a6774cedb9083beef6357245a5415a4552908de2b4d7730e2b69fbcabd,True
s07_normal_mean_m40-0368,a6af5a1d3ad92aed27baa2b036641897,b0e7fc6d4d40fbb3cc3c5fc3f5a7688cf24b8361513db257bd6ae654c401e64d,True
s07_normal_mean_m40-0369,938781581a1d989882a4a3a82e9a5ed4,504e3bfc2c923175b1153b48ae6b029f73baaa432b163bc3027a9943290b49dc,True
s07_normal_mean_m40-0370,0247fdc2920ce465cc5ac426483abd1e,7597e78b66fff203a84ae71b7441a8ca1245539cd4c6b3422ba51e36021eb9fa,True
s07_normal_mean_m40-0371,d65dc6489fbc3e7b2b09c47cc3c76254,9d17251ab5e6e62f58a1ae19c8e32210117ff0638e5ed9f5ab56b2717a5ad749,True
s07_normal_mean_m40-0372,bb1e0e81515b7d8799d38079f465d726,b58511c88d2e725c277d486d3c82ca36548e756b121006c843892bb50ee3dbd8,True
s07_normal_mean_m40-0373,aa4d8153d86e1d22cbab8f903f359b16,8da87afb47178e6c8c09cd157527ec6617205f686a717b0b325fda776e1b5a6a,True
s07_normal_mean_m40-0374,71c4bf56e624ebd1321ebcf4fc35da21,30b96a713e01ef70c57b3be0750835115d536e6c401e1706bf3d223893c35cfe,True
s07_normal_mean_m40-0375,5c11cb3643cd08cb3103729245106c7b,76ba36f99160a27f5e9d0990d9c404f5198b2b1fd9da133da50144912d692032,True
s07_normal_mean_m40-0376,d2f289a72fdeece38f9b668890ccd4f1,a7d9951d48d6cc1c7890322066cd3f88e853a0e165d435304e9ecddbbf379143,True
s07_normal_mean_m40-0377,5c92af653c032eccab4fa632eda10d25,ea8d4fdbcfdce02f3ef098e14405bf499867d505ab05367d9c803d1f48274d5e,True
s07_normal_mean_m40-0378,c1159bfbb77802fd352613b65aa8be1a,14391a68bb8df0ad9e278589eaaadb12a6d4f70db3e45e7afd2d218e3aee2bb4,True
s07_normal_mean_m40-0379,166577413cc586ebfe2ce5664c3d74d3,d21c7f0884adcf1aa0c88a78f438a123f3ec26fa965ed10ab4f52c29a7b03e4f,True
s07_normal_mean_m40-0380,80236b9c2ed0db623afaee6daa2ff739,1b70aa122e3dc58a5f1baff2bc3c74d91b00ce78229f16ea4f176b2ccf86efe9,True
s07_normal_mean_m40-0381,639ff95927234f015044e859bb7d1bae,e9b231beb98e3b3f9288354fdac5a674f19eedd6850b535e1cf71c5b2fd74687,True
s07_normal_mean_m40-0382,a7565744d096b6682f455e4e061fa8de,3df8887b7dd871a4031a2e2a4a2cb8ff7a8ebe511f00e4c6bf066601967f0c82,True
s07_normal_mean_m40-0383,8627b0496dc8553f8524d3f62c90d04a,2423fa6276b4cac80d699c70f8000bbc01f5e42acbff044296ea91ff9dfdf745,True
s07_normal_mean_m40-0384,783725389f4adbd6c8a1c0fa4ec95efe,51caf1522488edbe8400007f8d797385c5bfc89e74b97e7e019f9be41bdc4d71,True
s07_normal_mean_m40-0385,f52ef06a432765303c4fdc6b734689c5,521078d5c62daaae5b6e4054915ebc9266c1a79e5cc3c852823d6a9501d3bcec,True
s07_normal_mean_m40-0386,19ea447b1f37b66050a2994ff7ff1d7a,2783938e7da4ff2140584f24f510610767e5665d67ef559d8d19240f1b574a7e,True
s07_normal_mean_m40-0387,a85a2800f148b1dc7500ecbb4c7318b8,dfc550663df489503a6f5b82e3ec4a4121bcef0c7f5daf8636efcbf9d327d4af,True
s07_normal_mean_m40-0388,395546a9d9dd153c1b8858460852dab3,af5095df693cc17d050ec19242e7f8766aaf6f37285f1e7a0e68a5e0322ca86b,True
s07_normal_mean_m40-0389,e71e5689255ce182b4cc38a666d1350e,e77b8364893d1a8e5bcaf76deaf2bf11ce144b3f6b14fee9698e6c7efb071c7c,True
s07_normal_mean_m40-0390,5ff43a27c64091663a8c51f3d5590657,00181daa3e4bd4404108b73b684e2a52db806a83ddde86758932d3751b5720a9,True
s07_normal_mean_m40-0391,d48333534487b5e35ceb4e7f71719445,db7584721ed3604bf8e66beae9e94500ea15919f48f5786c8bd8e5aee0143006,True
s07_normal_mean_m40-0392,672c13ff0c2fe3c15b5e30f1b4c2ad95,00ea4bfee4e9401b7c2ce86d652a54d5d3061e985380f6025acc8de3a07a865d,True
s07_normal_mean_m40-0393,715d0957a0f9176c91780105faef353e,85f0c17fc6bf25b46bb905e98a5fa81c824e16d1bcfbb6f73651ca893ae6b517,True
s07_normal_mean_m40-0394,57c9f11c36a376714337d50f75cb80be,b3096884c1270da3dbd3d3bec04d8aba8bb3aed6cbdef702f5d457c6e5136d61,True
s07_normal_mean_m40-0395,ddc9fc5103f7f5fc16961c51f4d45126,b814fad6a960bf19d6b3d47702ae1e2e684693f4e00a732a99197e77b25a676e,True
s07_normal_mean_m40-0396,70db06da5d2985f7ff5f46c263919d5d,2bc04e38cd0d607b29178101c2dc853037c121730dbce8496df14c2d4b5a9a94,True
s07_normal_mean_m40-0397,26e00e6d9343e0fb193384dacdb95536,321e7b10c727a11262bd484c9fb7b1af36159b877b02c8b4db9f2e5ba319e8c2,True
s07_normal_mean_m40-0398,f20a4f3c695ff611eae57a0d28457a05,d9d73f379143b8ce7be09abd15017e67911e497ece8ff29912b87663a4a1ae0e,True
s07_normal_mean_m40-0399,d1b0e8eef25fc8cbfe6558e5693813a6,4b989a524067190e17f2224cec477580c4c50323ce88d03f6b0eb521c0eea0e6,True
s07_normal_mean_m40-0400,e964f3f1980c96317a2a1d6d10a81069,c63f33d4195f6bb25630a158b5f909ccadaefeed75e4cc2301be691eeae514f4,True
s07_normal_mean_m40-0401,19a0c1d381bc6076b6817f6202f9201c,db6f492ec5e4e382e29ace8472032129e69e7b70ef706b70bdec179f06f32a55,True
s07_normal_mean_m40-0402,15139ba17303041aff4c6c888d545976,5ce7c0a86f757df2e1dc75291d9a57a1412b4a80d326bf793c21409f80c99a75,True
s07_normal_mean_m40-0403,d95ba505385da538972931e09cdc7f2f,88939e8a7598a674b0c13ffb24bcc0e79847a77b359ca766750d71d23e45dddf,True
s07_normal_mean_m40-0404,38939316a4648cb141fdbd23e633d2c7,e5b7904c2bec5a335346fffd2a51481518fc7797be1fa038712588c2fc8a23b9,True
s07_normal_mean_m40-0405,e3af83f8a9a7249312e7c19ff06c976c,290f91b59c83c209650d642214989c7258a9b4d3d4bffbf7475cbcfa9855c08b,True
s07_normal_mean_m40-0406,9007cba9a0bcc08998dafe92fbbe4bed,75bfb6d7169d68ce373e747b7ea1fc96d6725cce5302b3df728fc9fd9f2b44a6,True
s07_normal_mean_m40-0407,a0ebd7caea633824b6650bec6ee0111f,fe0424f2e3961eeeaeb3d2374b00d16bae45c018237a5c6b3c027fe75bfa7e03,True
s07_normal_mean_m40-0408,9f73b6906017ccf5623fa342141f940b,2427e8f3ded82ee960d29701094bb2641bb1ede7b82d5ec1ec7cf86a9fca6945,True
s07_normal_mean_m40-0409,16b6fa2e86933c2bdde092f5aa89d4ac,2f5f9bf71a4aadc2cc5387c71a93477c6fe5b743d1e7c85655760e16fe7e9b72,True
s07_normal_mean_m40-0410,7f1deedef173d3ba0712f254156702a3,050a4894eab33f0bd5986023b97fd0a076c003731d4e74696e95eced4c903ce6,True
s07_normal_mean_m40-0411,31c65032dbc599ec59ae3cb50107faae,cc86914a5f18ca12a12de47dd13a21b34e960e33a587420c8998af62722223f5,True
s07_normal_mean_m40-0412,656a946c501f15ebe21d7cdfcc2a6802,616a71e23f55e9377f25a4b7b1180cac650b094b360f9ab6d87a1b8f33e8c450,True
s07_normal_mean_m40-0413,b008a488a2e0d335a81f623d781cf361,8fcb6c7073b957e7236e549298b3789624b12499800ff1bbe0fed8deb274c9a7,True
s07_normal_mean_m40-0414,3ebe8605d4e7e8666f0deb3a39464d62,f2293106b37d7f96d844fb36169fa14582325973ab109a496ea10c5c5d16c2cd,True
s07_normal_mean_m40-0415,fb6a6cfc7ca659edca5383b03be016ed,023fa1a5952143c76c73cd71d6f9508d06d5018339d54536be5d2f4c52ad08c4,True
s07_normal_mean_m40-0416,7f594d297d724c403d3de537f10c84ad,3352aac2591445872d5d7971198931a30b15c3129f543c23b517d28f63b7bd88,True
s07_normal_mean_m40-0417,a08aa75a6026be94d01f91a16759616d,0818986a7bc40cc2a35df5e991f6892a5bcf2653ebabc83b1e07aad8042ef114,True
s07_normal_mean_m40-0418,5c9494bbff38001f187ed19c5017176b,38509253d99040c236958b6ec4dbc833c3da790822aba960aaa654c5db552f0d,True
s07_normal_mean_m40-0419,5e29b8d9f88d1f350d8683311cf564c8,c279e1cdc79478005c5add9fe580d10dbfb64618d4fd331b2b9172735245bf91,True
s07_normal_mean_m40-0420,cf68177c7b17020fc3429a48757b4aa0,c5362b5d3837b68166cd8679e1d76fed01d5aa0ed1aec758b2e6418eb24782cb,True
s07_normal_mean_m40-0421,7a7266ef70794fbdf96168a5b6b31855,d890a451d8fb564811f175da99716fce862152cea588ca5655b56f00a28f53b0,True
s07_normal_mean_m40-0422,36d26bb5aa5394a2669e4c9c29464f6a,c43fedcc1bb27b76c377f67c2cf2070d55d9729b10a71e538403c1c1687cf6db,True
s07_normal_mean_m40-0423,206ea3cc46fe1b95473c1d07efb1197d,17d8796c9d4f72584f11cebd6dc94bf32e03449fe9dc27bab8b352fec353dcd2,True
s07_normal_mean_m40-0424,970e7cf23c5bd83e3891568ef39db929,78c8bf9d81a5096ccd19c9f9d1e1839f9c090942dec68aaa13b690612e27d828,True
s07_normal_mean_m40-0425,2a74c7a3401d4074c8a0fdf0d793736b,a725886baa702bd09c1c866d08cb6b6cecd0f3ea71bb83d33cfb09c53affb775,True
s07_normal_mean_m40-0426,4af2f1cc65e4270c0af4205c8d5181ff,d3f7b59bb54abd18498a183a42aeea9f845ba4792ab60912e0be21cef9cd2726,True
s07_normal_mean_m40-0427,f029e00b67f44c655d5868c792d2a5fc,181f644fd1fec49ba0c3cc4b0dd25bb16f4fdd463df03469354cc542b9184571,True
s07_normal_mean_m40-0428,03bd66baa01f24df870a8ff04aec3699,a396f80c9636dcea53aecdfeeeff014a6ac4f76c779dd85b5371a7b1a51bec23,True
s07_normal_mean_m40-0429,fd8749bb7f5172d520d6f5d83277c8df,788ef6a92e45811b2202bce9dc5fc9d2c91a16ffdeb535693e60b61a33394453,True
s07_normal_mean_m40-0430,a9db2ae2705587a1ee9f57209ab891aa,1f1cf07dec5222d8e3a2739fb7647a76e5cd9a573b4698eed7aaf2436f4d0759,True
s07_normal_mean_m40-0431,1845ee9bd5055b2bd0ad99a8be2b30e7,4af3394f2050001cdfa040a96e518e18d42c4c92501d13cdb395d9c99741c670,True
s07_normal_mean_m40-0432,58af2c8cf9516fa355a2c149e54f4717,b190fd0a061f0568cafe19ef2d3f482325d6805f62ffc3c62941dad846598da7,True
s07_normal_mean_m40-0433,b38494aff82f108749fa81d1505a1ffb,3835004d77535e6127b8d8039239eb1013460d56e2d872f0adc235c0e1007e18,True
s07_normal_mean_m40-0434,0fbac05c0a942105d6374cc7b245b72b,131bd76abb264354ac7e1c6722a9125fe52884592559c9f160cda758e5baeaa9,True
s07_normal_mean_m40-0435,24867f4a57e01093b962d03007c6f902,27a82acdd9f1f09fe602628a6a844bf144af918bece16c66fcc1fc8659543951,True
s07_normal_mean_m40-0436,953fb56ef52ae16935fa86395fae1fcb,e6e4dba0335de6df797502aff603107dff81506b657871e835c80b386fb946d9,True
s07_normal_mean_m40-0437,e94e9726dd353da83e6fec58e665a112,61f5484181addbafc6884b94de877b45b4005766c72836f845889c968e10634c,True
s07_normal_mean_m40-0438,e2f53ada3934aeb7f2068dec3ecad2c5,96433e67b9a9816a0c8b779b6f5b25f27c9c2ae6aba432c49218367ed7a31c54,True
s07_normal_mean_m40-0439,a635490c4e849317f1c631c215e1fd2b,26ba34219313ca84e16cea9f5bf0915f82f93488667d64db5b48ca687af5e046,True
s07_normal_mean_m40-0440,5e11e2b49b47a03ef57591059a7793b3,038313e730bdb31e0f0836b0f81c86aea1aec0fb78377f39e9c891cd98079934,True
s07_normal_mean_m40-0441,05697d6161991bb8507f5f8a389510b7,86ee658d28e20f7f712cd4aa3c079b87fad2ee03133e7993510a8ea64af24f0f,True
s07_normal_mean_m40-0442,fb5fabc22e80d2d3a80cb76647ecdb34,8ef48e0f949f7b16115285831d86de156b9ee389de43bc9766339e42d713e52d,True
s07_normal_mean_m40-0443,00e26ca4b87520c863f9c3ee2dcdfd17,6357ea7a6a2c2f1fedfd201b7586968ead5a281e345de4ef92090096faae6e0c,True
s07_normal_mean_m40-0444,b03fab414e1d8bfdcad779b6dead4059,b962c640497f26ccb1d5c4f91bae1b1899e246111cfc88ecf16520e2a3558f2d,True
s07_normal_mean_m40-0445,fee02f3d73efb524bf4ee73c9eca5ff6,cfca6dbec568d4cd377847c43530f86acb81e631dd1a19baa49c794d2011a105,True
s07_normal_mean_m40-0446,edec623bd4f1e4746bb652770b3d94b6,d78d62cfb7464ce4b2925b9e53cdc3997860276ec5c9312555370ba288525f19,True
s07_normal_mean_m40-0447,14a3c4e3890241d297d8ccf9c76be05a,9b470bd11bab99aa799ceb89f1e1cd89f136214ca707e0f9891c442809d9d896,True
s07_normal_mean_m40-0448,3969a1a75a7be166c564dc8443009a11,66efa7a27afea1380795e20b147a7597ca4fd572c04f2a4f52827149c99cbdca,True
s07_normal_mean_m40-0449,845aa29c097855c30f560bb94b4a50af,2ed59d99922c58d27ac1c6aae4ec073937334accb9d6aae880e3d58c4e2646b8,True
s07_normal_mean_m40-0450,bc8ead315eaf2377361b42e294169b62,35ad3fe2078a3e51f5ba7304070a96a910d974cc96c1660a65b72199a21a4716,True
s07_normal_mean_m40-0451,f8501a06bac20593ff5953759f48a3a6,a1663d1dd2015dad024cb26756a251f331fabf978679919b15883716bf13b03b,True
s07_normal_mean_m40-0452,6885e2ca0f267c1221a1a4965345684f,6d261656d6840739849f1069161c10f66c5da570e899096f86a0a662f8b147a1,True
s07_normal_mean_m40-0453,88efc7234c876d27707050eeb9a13395,817155637b3feb144570085f29f047d99c13c74799246c7a0c38cec86dbd9855,True
s07_normal_mean_m40-0454,e391b77ce0e39200af104f345245a6ea,c47fd591d5d016dc75ceee0fd44c96cbd1bdf54d1e166fa66ef3fab7ea065e39,True
s07_normal_mean_m40-0455,d0c0966b746ec12af40f5bf0488f9cb2,806ee57a085366cb0a866d9f9be14eb5693fa3a9c3e39874194a87a258193a77,True
s07_normal_mean_m40-0456,7e0bf7d886c672ffd7b045ed497465a3,47f832cda4065efacbe17a6eb97af40ed54783940d6e0f7f78678c4324ef3908,True
s07_normal_mean_m40-0457,a5ba77df5f74c1748cbfa7201b385064,a62d57c137b990e3033487c38c6e4d45b7f2faa588657f8388faed70fde2b358,True
s07_normal_mean_m40-0458,f12f03e39913de9d993b95becd75d44a,abb34c2e05f30371be3ab04b9326843552e9c8fef8d6ae9dc6c1ca903dba9762,True
s07_normal_mean_m40-0459,57e7202cab9dcda043f37d3ee9c529fa,56d2f23e26d4dfbdf1545cbcb97a79918217c1b987251be430836e084920c029,True
s07_normal_mean_m40-0460,e252d0d4a1395804946da069f5726601,b615a1b634ebb96754f8557bf079a9f57e257a82783bd06243c676557610bab4,True
s07_normal_mean_m40-0461,c665bb6d4024893f3c4342da221d3ec4,e6b8aaa172d4380d9976b58eab873288d686406ec5e7ebe2b7e6079ebeb0db53,True
s07_normal_mean_m40-0462,d1e24b3a2dca65493fcad98e2af7e3e6,df593abe9fd9aadf4bf805d43d9c93e488359e512ff595afd3dc52b77ebd7fc4,True
s07_normal_mean_m40-0463,bd65264193103d39b48821823f402325,2a7e3fd0267e172e8ef31d2d10cd2271a3c823061f07a419d9c85d7970a56a2c,True
s07_normal_mean_m40-0464,8f392e50de218c095d4697f69503c50f,4d16b171d2d2e854e4c2f76ec5da52408e9236e268a0a02685949a30b6488ac1,True
s07_normal_mean_m40-0465,f6885044c58c23a4789438873aabc27d,e2fd04c6f5acb03b4d5b89391d90fc5d5f10121e54a42cae3489b32fc97c7ad8,True
s07_normal_mean_m40-0466,3ca0566ee2e922f553050521b4284bae,872b644c1d6541d49252f570816e5c8bc64042d39b41ad442f0d0d3e5f205fdb,True
s07_normal_mean_m40-0467,57085a8f05359c26c7940b1bdfbc9f00,15a1ca154837424f955a674620691eff82d97c7fde2011c8df00d2c6643a2018,True
s07_normal_mean_m40-0468,3c945b45b20ceca5f92937e7be7d63ac,943856a410946ee4bb6619f207526ca65e1d92450afaae7de7dd964f6f0bde82,True
s07_normal_mean_m40-0469,4756c015f610ca8ee6c411a2429c920d,ba71f273c506dafd6d40878db0ac1947f5f1fd2bb6a22b3ec6433212f32204b0,True
s07_normal_mean_m40-0470,47b0b097894fc402445ca2410cbc4e7c,22876d2e0ed1da53bb6ad55d1dbf6af880d882ecad007fbecc3e8506016d8313,True
s07_normal_mean_m40-0471,4d52fe5675eadb2866e4dfd1d3afbc06,eafa4f259823c9a2cdc8018d1d8101f990ba5958d968fb5fbd19f795491712c8,True
s07_normal_mean_m40-0472,015edbf564926c7b25804581f292d80a,c70e9d696b05b29f5e77025abdc0abce9caec408582828e92296d72fb7668d9a,True
s07_normal_mean_m40-0473,3b92f68feedeb20464fe0464f3fd89af,16f3eb4014960cada2521cf53016d7de999c36cef60b80436431f73d1847b137,True
s07_normal_mean_m40-0474,30a0280918f9bf35a05480c264bb5666,5ba19604399f1d99b93591a8056d317387762edb6ea79e0f7c9c482eb71c9fed,True
s07_normal_mean_m40-0475,566ee5df100a38d6dbe916e954bd8f33,49885d9a4a792eb886420437836e8c104f0db67a684c1be84348218e21d2b1d8,True
s07_normal_mean_m40-0476,4617c992a150a775b7f323f30b35fe0f,6d49a5e24faf8088e507760384113458c8e43b351ebebc84bb86b45c07c561f8,True
s07_normal_mean_m40-0477,d1a6c035b740b3a7bcd2d4dfc3dab2da,18ece0f15f7cc5ddee800f9e4c8fd6298b68df0d6d64a21c91c54adc9db64c23,True
s07_normal_mean_m40-0478,1e1256a215db340765791f8e721f4eaf,d0046bc4060d820753692b33a596bdc3cfb5500adea8ef6a90bba3d9601b9d16,True
s07_normal_mean_m40-0479,c92c97f1e07eec60cca84c2aa1b9d874,17fd6ec7c5c41a75b0aaf68838951f001b49bc88a3d3cd218f445cb3bd4b01e6,True
s07_normal_mean_m40-0480,15462fd5e207072d11d8ef6c883ca7b2,d7cc5843fcc8fb60f1a507c4479e78d1e6b9dc90135074a290d7dc5b8f70fa87,True
s07_normal_mean_m40-0481,96321656f1838bc40c6548fb19f943a4,2cd5bf98501aef1fe999438f7b3bcc43d028cb82f7fe8918d6eb59631ea0948b,True
s07_normal_mean_m40-0482,5ba431cbfa9b00e363b3b4b52a2723ab,593d57c04ea3879c074213e8a5fd581b2e6a7a8cc60a23595a7ab93e3d450ec9,True
s07_normal_mean_m40-0483,0a2d24b3e53a5a36db86dec32519be3c,5d6e1e7c09c375cf73a149cc520484e030ad6e68d04bdfbf5968b72431b86348,True
s07_normal_mean_m40-0484,e45f768d916179c24819d148cc2bae4b,f252076a689395e45ee62e25ae9dcc61950f2f2dbdd6276f98fa8066d971649e,True
s07_normal_mean_m40-0485,aa265dd5834f1d2a103dbe81d820f906,a67d1191203293793f0b7038f22237ac102e9f7ab2567e7c82e04ec60a450bd6,True
s07_normal_mean_m40-0486,be8390ce9e7e6e19e2d549a1c484d055,6069a29b9c692d39b6d5fc47e5a9eba7f93b1c29a5d8f5029e291acbb88d6e48,True
s07_normal_mean_m40-0487,d05f93d0b2fa8a0b7c391d9e14f09ef4,d65df14548ea6232c23bd4b276deef953e597330f7d741b0ad6ab2d61cc66c1d,True
s07_normal_mean_m40-0488,8c088afe1b7d87697ca7b2fbc946e7a9,9e2c353d3f59cb67e759241c1da064877929f8cc8b6d6b35e1841fac2f3e1a91,True
s07_normal_mean_m40-0489,59d47e7ec0fa916d76fc0c142c7b6386,adfc1497eb5443ac7b9400175c91c2f7eee5669e022ed0cf306e2651fc0b050d,True
s07_normal_mean_m40-0490,2b92c95aaf9356dcc16d29669fd7406b,400f523485cb1db0949461b634f6f0bee7a05396ddedd044cb30bc5d80be191a,True
s07_normal_mean_m40-0491,27f84b1c364d8fc720701651b54c882c,1c4fa77981771dbc6bf590ccffcde49641e57958d14bae1d8a35e1332497b5c6,True
s07_normal_mean_m40-0492,040e0ea7e11dbbb01a5580372efdc716,d316c58cc9941a93e156b4cad8ff66c0b551a6d95efa7e4c96a1e92febf1d17d,True
s07_normal_mean_m40-0493,34ebd167fac3deb1bb68f03f250ce2b2,b05fc281c6d462d1637fc7dda9ea7feba7bd3962600181f3733de2f3bb389975,True
s07_normal_mean_m40-0494,bd55a7e5db958b5b8012746a135c46f5,f8e7c8144bee3bf34aae2744e8dab357d781e90e2cd17019164d2788dd57550b,True
s07_normal_mean_m40-0495,7d674b2d9efe4b92fe1733fce016d699,c426c1fffcf7bedc34edc2348f6273e65de6eb3151e17cedbf355f495aac8b5b,True
s07_normal_mean_m40-0496,be5d2f68bc2d942bd28bbdb9f8cfce9a,6bc9c841499f0495bb49ddd158bb4a93c99cc259912dd845df4ef6f7ca4925ee,True
s07_normal_mean_m40-0497,9c046f3a25faa58af244f5fa57b27fb6,400b21b06ff9bad4346743a0580b451740185eeb1affda818cf77eb8c36d6345,True
s07_normal_mean_m40-0498,369edec93f616c6aa5f79e0fccfccc7f,1fdaa7f728e6c5bf4f2cd9238bb4a10b311b3b31449814b1f022110a9e6a27f5,True
s07_normal_mean_m40-0499,1f5d94c4ee30d4334b8ff76c7fb8a6f0,8534f12563d7a5a03e1615b46a0a83d177796bbba09f963534c28cecae70bfa7,True
s07_normal_mean_m40-0500,caa0f5e0b3b9e7b214d200ca8cf4bc2f,78e30415d78d653dffd7d405702a51eb02429759abd13fbd7ca3def89b5ad9f6,True
s07_normal_mean_m40-0501,97a61041198d4b4d6cfff630d24b362c,2986a8de1983847c3b2e77b3d4d07319cbf1ad53abe43ee645d94ef852b16fc6,True
s07_normal_mean_m40-0502,ed3f2ca5994151f900db4470bc19fbe0,a97ba31ceb848895fe87d790ae76853d6809157a4ada3f40888e84f291e5067e,True
s07_normal_mean_m40-0503,26c11492d6d4a141f8273f6021db9024,36eef44d6cc0ec2cbd73809293e95b49110fc9ac963e6d26bb678062b6877019,True
s07_normal_mean_m40-0504,d0e9d750a5a2d9c488f7565bb64ea80b,f0164ae9cdcc6f528502b97e785b72936ef6a47644403059ca7699b7e7c657d4,True
s07_normal_mean_m40-0505,db3e0fb77647f980e6a4a67f40945361,9431347771c81889961fc2b356a64ed44b1166f5baeb1167e7090f88ef503af3,True
s07_normal_mean_m40-0506,40071140b429c3d5665a10f44d5d1186,d4bab92de7ddbe5f2bfe37f2fdf4d8f0a8bf4f323dc2dcf15ecb804ed86b17fe,True
s07_normal_mean_m40-0507,8751581009f3c0ae2ad81188ca0249bb,e07dc47174971ff1ec37009011c422371886b563f261f3c81d7e5d4adbce8629,True
s07_normal_mean_m40-0508,c3b772823788cf32dddff9fc63b61c59,00c111af65502094e54d67f548e587f10e3bde6a0f298666162a25623989c57c,True
s07_normal_mean_m40-0509,6d433a34f4d4b3c87b34e7ac33956100,17bd6e3f8df3608f8f57dde70f6300c06f69c19c8854fa4416e1e198e6b09fdf,True
s07_normal_mean_m40-0510,2d769e46d420a40bdb27666f3a8288df,5fbe309ca4e71474402189841efadb95482ac679ccde29938deb763f74cb5056,True
s07_normal_mean_m40-0511,a53974b789184030283be62fb362731f,942b47aeb3735dfcaf41d283735109089f2ac22021ff44243b543a21fb64abee,True
s07_normal_mean_m40-0512,48369e994d8c6e9583c1a3ef1c6c5559,669fcf65df91414b552de77aaf61012b18b8bf4bf8cd37425494f8db7bd7f08f,True
s07_normal_mean_m40-0513,89139629306182a9c5491829a21b696b,0ccdb303f75c01238a149ff985543794702ca8197ac9400685b1e21abb6141f6,True
s07_normal_mean_m40-0514,901c853bef01e56df133582d61790cad,e13a7f06022535652d1cfba54fe8766203c53901dd1654052b33c77ee721c878,True
s07_normal_mean_m40-0515,624db664612a0b18fe28745b215ba856,474d03fd601a3aa20688882a6be0d04c7638f3e07d1dc5d2614c529fda603bfc,True
s07_normal_mean_m40-0516,034a2ef1b96a6e0047ac62ccc88e9c5c,ce53e681840634283741e79c0077f2eccdcc4b16af60ce1111abccc1e9ed88f1,True
s07_normal_mean_m40-0517,e8cc36d1a2857601b46417eb52e4e5ad,fcb8aee823b38f9a3d904751bd0254fcd3f7f9bc8501002ea93c23d8858245e0,True
s07_normal_mean_m40-0518,78df0c6d2463d1ca5a47d315a09864c3,5f78b66e0e690ba461460a598678e0d19105ce52616fbe8a586ba57317b4ba27,True
s07_normal_mean_m40-0519,c2eac32a5da5966ddf0ec9e89e12af3e,5c2600a71876a6cf0f2e31fa23f87e144a94b0f9426abc6e972c21d907d145ff,True
s07_normal_mean_m40-0520,d025558a036c34c7763ad1e65480ee3c,2f33dcb7d0bf017d61da5511f32a58d4c0217a3f68539937823521e2de0b2315,True
s07_normal_mean_m40-0521,a5cbeeac307eda73c64b6b3ad68ecd63,4a37c03c5a6d70fdcd28f1fcad5bc5fc39d57eb12aba88539348e1e67bf42d5b,True
s07_normal_mean_m40-0522,5d99a44c7014fe8abc1b967954ef1a5a,56039a72828fc251c7d2874ed289d824f351529efe009fa3316b910d6459f789,True
s07_normal_mean_m40-0523,de674567bc10add63a31caeecd76df5a,ab765860c7357ada83b4a1711f1e8ef6c246978be095dc0be98c57523b88a42b,True
s07_normal_mean_m40-0524,43ae5bc2a207bf5da3dd809dc22b4212,8978ea2023a56cee666cf7dda7eaae73e1ec9ade71b2fab4de9966bd9f0c2507,True
s07_normal_mean_m40-0525,5ebacf6f7b08840127d6cc5a09f2a72a,504a7d740b92b2710578aadbe8fb511eb9818bba32d1a06b5da0f5adc3ae5dc3,True
s07_normal_mean_m40-0526,fd4dbfa00909b4dee447cc465becc2fe,f69dae447bf8d9a733c25653b0ba3c0ad8ffc20a4fa15b8b7416b8a2521e72e2,True
s07_normal_mean_m40-0527,ae9f4ab032933c71e997ac269ba5b824,be2c697791c3adc77c53602f91ec812873f4570e2996e3c5e67b15304aa9c63d,True
s07_normal_mean_m40-0528,d4bbc3bdac0944041983adb7326fa680,86c7d012e1e43ef8cccc1fa5677ff40caafc6d865a8b6bcaf478ae3616217dc4,True
s07_normal_mean_m40-0529,15a88c8a8a88582fe6664c1a251ea0bc,8f050a88c8305eaf1e38975fde4463c97a94f097d5579e50bd1b714ea0d0b38c,True
s07_normal_mean_m40-0530,209be3531718fbeb0ae6fbfa3793ab19,f00ed1c39c565517132a3c7c3588466f9e385b9e9029721df46937f2ac290693,True
s07_normal_mean_m40-0531,1a71036138939d2d272e435b6a18f1bb,67ab3310bff20bae8121e87627bceece8541d47e4fb8a7cc812e952cc9d6d186,True
s07_normal_mean_m40-0532,ff326f758b89c1f2ff75b9ed74cc2740,2c80cdc90ea6e4c136ea80ee702e7c8fb7ad05414aaa190f7d687f38710c68d2,True
s07_normal_mean_m40-0533,53c00b18e91b75094d36c105edd899a9,d93e58f16f247aae1cf3138822fd429e17a40f449a77a77d7cdd52b076608c01,True
s07_normal_mean_m40-0534,1c2eb696e3d45d6de73c6cd300295ce2,626083a9d1267a2905ff3ffaaa5137436833d09e246a51e96410c898d6b9555f,True
s07_normal_mean_m40-0535,b1851ca4b58b1c002e7e86d2f3ee471e,999ea2a1a08d4666b34f28a0c481f2e0f1bcf4c5aeee6b880431d17d64da75ec,True
s07_normal_mean_m40-0536,6e49bcb6b6d3b07e5d7fce45d0ee7d9b,d60595ed7fa9bc7fc18f68fa854b9d7575ea9ae25febdd36bb9f8ad2c45238a0,True
s07_normal_mean_m40-0537,a8359045582b73024649031244432f88,86abddd8d065b03277098880b050d26bce7ca79cab4bb826ef2bf2d5bb9cbe4a,True
s07_normal_mean_m40-0538,81a8167baab627c9a80a175007172aaa,f743ac0dd41db00b5a2c899a43aa041ca04a92fa69079560815765c62b7aae43,True
s07_normal_mean_m40-0539,fc042b0fd32272de3940df5eb28b6f21,0f6d99487c595f716b12866a413de8377e7568969a365818580473cd78b290c0,True
s07_normal_mean_m40-0540,21802a74bf4b0beb00fd16fca8f3a1f2,7104edc61014ff645096ff85ec2bc0198431736494706f7c8eab4ab17dc50589,True
s07_normal_mean_m40-0541,4aa049809753d31c7741392d02b5948c,144b76767205eae75b5a06302e51fe851214c7a600268c9286fc255b17de8874,True
s07_normal_mean_m40-0542,90c7429a986fec4e61823f9046c9147c,9dcc39a15abfc87525760e55c6bd38b9cebbf9b5937aa24e3d5dcc41285db514,True
s07_normal_mean_m40-0543,f85a8d7487b0c81847749da54a49748d,057d2377524a535e283c99357c3b977a9b90320406dad50121122cd92c190589,True
s07_normal_mean_m40-0544,ff335c9b2dfa04980d6daab946f4aa16,031a6518bcfbbbc40f9517f9a0db2bcc825b48d1cf9d690888d09cba690e774d,True
s07_normal_mean_m40-0545,5bc71d3635bb0221f9436ab96b450714,1145bd03cb0a692e6883f699e35814b9245682d0bfc9a4dfc524f9f50a7a290d,True
s07_normal_mean_m40-0546,044f2b4d1fcc48d8178090148922efea,77d3690737c8c8b6876a478c491ef581cc3364748964bb5adcdb79a329c0ae8c,True
s07_normal_mean_m40-0547,2ec2ac6d7c3571d7c89adf441638c47e,a9dcc7ee2297618bc75fa93b472cbbcc46f08f36d34017f21ea12a2ababbd105,True
s07_normal_mean_m40-0548,d9e6a563c4823b54fcd5752bb254a7a6,b29ddc8db6679238a8f9274ebf4c9b1bcd21786976f6b9712f14ea8e3d335904,True
s07_normal_mean_m40-0549,801f27d9c751b6baf14c53baba2a68db,c21c0364e63004d3caa7381cbb6aa519139df0bb134e622e31b57edfa59ad723,True
s07_normal_mean_m40-0550,f5d0db777bfc112cddc5a581d717c2cf,e4d2eae38eea929db60929b307c336727c541bede17409110f36bf5e5444f847,True
s07_normal_mean_m40-0551,c0eb250a82f47b0c687d584e6331a972,6bdee47eb5ad06de7664f238999fae785d0f0440103217e74effb1ac58e1d059,True
s07_normal_mean_m40-0552,33df0ae8cbdd5009df618573ae92e5ed,f68118329fc7b2bc98bf55850aa3e7cb58f7a2cdd2cbe47ee5069bf4b03111e0,True
s07_normal_mean_m40-0553,dc281e968170707939ae3894782d366f,fa62933638415dac190cb3e58287e3c289605eaa3dcaff2d4ff481dd89f5500d,True
s07_normal_mean_m40-0554,2845239b521f5963239b887886cd165c,0bb8a6963a6f53d0628b2210a87dfd873462a8cd780b781517947e5e22fbc919,True
s07_normal_mean_m40-0555,e7366b6bcb6cfb87e988b8deb027b545,010f60504e05f5c59fd4dbe4adb3c72efba4a7dd9c535b1f8191a6357d93750a,True
s07_normal_mean_m40-0556,7371129d30dc84dc75cc31025b86d304,edbb39bc7def9cf77b7570d24f81a67d7966f7a98300ffb24b88b78e9fc4a976,True
s07_normal_mean_m40-0557,30c4ab17ef03d29b7ccacf63d0d9cd05,8c70f9d0e73f62dc37e93ee7dcac8a72742949571346272150f8fc44c0582a68,True
s07_normal_mean_m40-0558,ce4aad411c1d56f7af457d1b304b3ce2,d9017cf1afe75b0ae41c021c6e37c6312712c903718058a2ac1c4ab9a9c9a358,True
s07_normal_mean_m40-0559,182f7009529192e0f718d158d6d1de12,b2a104ca5b7b11806f8ad95c2c9d0df281b7f63f1e24dc4611c4002d40458f8e,True
s07_normal_mean_m40-0560,6625595cc925620f505bc5fb68cb3829,08acd75c515cbab68672bc75c7dfb7cca88746dc2777818e61c3b3679e6bb4d3,True
s07_normal_mean_m40-0561,ec36c174edb3d00faa1d37bea09b2af1,54d79158b05baace2c25dccafbbd750756f813b9de0e56d70540666e3a57fc0d,True
s07_normal_mean_m40-0562,442fe3e5a052458d72c7595b8fa7e7fc,e9d055635d591715d2ae7df12f43ec87df199921ff2704571c53821aa540cd0f,True
s07_normal_mean_m40-0563,d5835e16c41a0da7ad452834bdcc284a,d6fd6a83b934cc36a6d1e9fc8e23cab8e1471bc56b65f59179c936bee2f69a08,True
s07_normal_mean_m40-0564,cec04b0939eb0846dea94d5a7291faea,372fde600b5bf2ab966c76387c0957f28e5a17a2ccb6e0eb773777a7fd1f58b8,True
s07_normal_mean_m40-0565,5595270648b616ed96e4d1d0d5fa2faa,cc4cf844a5da883b5c0f72ea2865f15b38e980ab4e85012229269e46e279f9bc,True
s07_normal_mean_m40-0566,fbf0dce8c41a7356e7ccab39c36350f0,541298ab725649e8ceb30b40dbbbd524c99c3a1c247b402891f5c2db0f5224f0,True
s07_normal_mean_m40-0567,1833db86750afe098ca33bfe6485fbde,9bcd15d60edac19943825cbe9ed1c334e3616b9a89dabb9f2e8644b5b096c98f,True
s07_normal_mean_m40-0568,8a8a338ed65e5a73443a62f77c32aaf2,0be92083ebade945d423e1d2a55c75b0198a046575c764b6f89282db505d1f7a,True
s07_normal_mean_m40-0569,10d0284995d9666122f1185ffe1d1ab8,e1bffab4ec42e3a054240b7a326a6058d9d7a724d37a8cb15abe4f508bdf0c1d,True
s07_normal_mean_m40-0570,1522b3835e118b6528d79346bfee7f10,433b0a7abed2618331e3ffb04b35f0c83cbe74f3baa8eafb1d08725e71539185,True
s07_normal_mean_m40-0571,0f40e0031d38935b2b26e07efcbcc653,007ea92ae01fe015641a2b5a70c0e44a39d29ff29ccecd34336e1fffa3dbd09f,True
s07_normal_mean_m40-0572,5c05dd985d080cd187cb957090e187ce,d4c1567cd3b1313e14c9b22f24d3fc2999f923fbc1d0ca7e986e22c79bd05650,True
s07_normal_mean_m40-0573,d7c6f932d8da7bd63f518511b89e1aaf,158232981c2d7744afbed4bf494e59bd1b22803f5e0f5feaf53e835d9e44825c,True
s07_normal_mean_m40-0574,847c0c69f0c96ce89c27005b11a9968c,e41cb9bfd8a2a8717535acb7b5849c44128729c31e6f6e4fe853dfb18849d6c2,True
s07_normal_mean_m40-0575,2387a856ae4549eeb246e36b8d43353a,b67b5f729b02b619c35cebc1a3807b0f369a791d2ba2db17bdf087827aedefbe,True
s07_normal_mean_m40-0576,c775b808e7b60bcd39e0f244b394e7de,60edb7fcec41626ca2e46a78ff6af457fef674788876181f19a532f4d33db3c6,True
s07_normal_mean_m40-0577,80cca63611a66fb3e5a7d0ec5ab1c317,44166c5ea2daab5e1618303a10a66737ff81992f76e2b7b71c43c952bd5460e8,True
s07_normal_mean_m40-0578,7b8e23981617c4789e71a19686dc0680,0d2203917230cecb90bacdaa5ded35a18d1ed328657926ff7451d80a6f4b191a,True
s07_normal_mean_m40-0579,91b5c169901acea6e81b235838ff081a,7b5b087b8997dfac00e8b94a27cf02aef1c59e5692327152c7535cb20eedf7c4,True
s07_normal_mean_m40-0580,1c53d936485c1e09cb82f7551756e159,32a156f95c081a4ca447ef90583537e8f9413c24cb27c8ba676982a64a2a599f,True
s07_normal_mean_m40-0581,c652a50fe31d64f1267248b400f38ea6,d587898083c3cb13e74fc7cdb8aa4a80766ab7677c0ab280576913f51f1dcc0c,True
s07_normal_mean_m40-0582,1b44254c0aef6e8e352614ad3a9477d3,20d6d0fbeda6848be8b0a7f546199f1063ce05da72ae9bf471decff62d75da29,True
s07_normal_mean_m40-0583,3576f4513678e5e8f8aa0bf5cf7b8793,7a57f093f6775b43fb79260bae3c4724494154506e6d858df771715297844b2d,True
s07_normal_mean_m40-0584,7b96a74562f97ff4b61c10e198c97fc4,66d83ad17d90f7dabfdfa4619dc2966f3c03f326420bc34c9652284612a4fe9c,True
s07_normal_mean_m40-0585,ceacf043e648f0af7cb5adbc477270c6,b562a01112daba0f4362bd7f8db1eb98a0bbd49aa08d8f45e2c9a0a8ca943054,True
s07_normal_mean_m40-0586,6bf5668164217cd70a3bb9dfd8763da0,be7ae28f2e37ad4bb6a321cebbe46d5555f166bd0c69f9f8d01655c218b5fd0a,True
s07_normal_mean_m40-0587,df2f9f3f6c6f0c8e2a4f58928842e00a,64883bba078db92599307826f3f8317a2a0793d3b12c7e20d0a88bcb15e420ac,True
s07_normal_mean_m40-0588,760681a71673c1e4c612bc9b9a558a52,36493552dadfa643b2112bb70d14d1d188c2975baac7b8babb81e61e12e8fb1d,True
s07_normal_mean_m40-0589,65908b94bed85de5d77e4e6d6696a87c,514e47774475efd5a053fc812f9b93f218f1e33bae8d91fc75fb599a664082b5,True
s07_normal_mean_m40-0590,8e5731e2519b4a0cc760363de7326e55,14031972ab83970736dbb032b0b95317c4b941af907c7bf43b953cba80d514ef,True
s07_normal_mean_m40-0591,8f7cd609f15d13a5f31329a78b6c2a29,197cb040fd3af48d2732a579245b7e9efc8df119735903d0d379669a9c253893,True
s07_normal_mean_m40-0592,e414af8e0bdf9e20961cb7d30174f605,7967c21054c157eba136cca31e890f26cab6e34ad4bae8a2731bb1e89eb6c1a3,True
s07_normal_mean_m40-0593,351da9b5fc9b7363669e11dda92cb249,8ab2e5a1d18ec17336337fd6a00d3a0bd6959dcae2c6e615a03b327b027381ae,True
s07_normal_mean_m40-0594,eccb2341d298022dc1c3493dcd8514d5,a033c062a8192c10fe1492463e5fcd39508d95a3fed73954aab15449b84a3fbd,True
s07_normal_mean_m40-0595,e91f99a237afc449b9f59c97f9fdacf0,72001e64bf4563623af1de658d190a10ef0e64f8da3eb6f80fba761b40e44729,True
s07_normal_mean_m40-0596,9643133fbd68a13529eecd33a232a03b,615da9fb365b92aaaee8bee61e5291d1d799ba2c0feb9c6adbecd1152bc97c29,True
s07_normal_mean_m40-0597,f99a5f327012f513d6f17c0118418e4b,a1e78a5d27d9cd1005aa8ed0fc23463358f229119d9131d7d7883b4e28884ff3,True
s07_normal_mean_m40-0598,e8f65f4db84db01e48046225276d6978,3b3e2cdf2e99011778fff8900abaab4222f2b2f891b11ecf01b5878224110dae,True
s07_normal_mean_m40-0599,18cd4740fb2d50888cc1eb40ebb7a122,63dd0c108c7bff28d4d887f285d5886ef389053550a3b6c3c5566d1bbf76d711,True
s07_normal_mean_m40-0600,46f17ad5721e940f3f3a83c5d7c6355d,362fbb8947924d8599c28f9e2f27fc86e30a376590de9af71d205a6d4b47ee0f,True
s07_normal_mean_m40-0601,85f6b90399a8c508e64a3beea5b97fcf,b595fc34e6284e2b08c2a5952052b0f52c7f44c93a95c4f415c254f0a05101c7,True
s07_normal_mean_m40-0602,8f3bd1959cd9bd620f567b650a8a33cb,b3f924ea90437f36740c65dfe8d8e2463e0fe9be3f7dfb2977ca106a9750708f,True
s07_normal_mean_m40-0603,1f5811208f49c11d497f952710c82f48,2680cc1b4c452d574bcc8a8a50930522bad6e02a8f4826949b7f30fbde646472,True
s07_normal_mean_m40-0604,ce43a0a08adf6c348c38612f46354757,34d19be083939bf384473cd74abaae7c5546f4cbfdf38fdcdeee7733ecced5f1,True
s07_normal_mean_m40-0605,a8c6f55bbea0f5d68d32aed577041908,f9d490210da8f89d16001f78fefdc51e8cae26a7058ac165594970334ee3c69f,True
s07_normal_mean_m40-0606,a8859fb1d3b1fe692974ab7c2d78db2d,42de61b2d014964aeed2ce94e9884033f7bcd4dbf0dfc144629f5357033b62da,True
s07_normal_mean_m40-0607,79221579f84aa833f77e3d8bfaa25f13,c5a9e0a453ac736a0def327eabaf1f8d5587706cac728643a4a79ec71928e6c3,True
s07_normal_mean_m40-0608,0508dc4941991ac9795c6a72d3e9f36d,e19b1a98b945b6e0b07b4713239fcd8d3ee1560ceb692a9efc378bffa8d98b8a,True
s07_normal_mean_m40-0609,2707fc078680ccd5676e68aaf50838f1,fb8c4c4a685fcb3bf1d9cba93699c2e4e18821bb686398f37ea20918241bbbf5,True
s07_normal_mean_m40-0610,3f496494bdef859486ee95001e036077,279971f52a787eacc16ccdef8e480f984e5c5dbb89aa90e417a2427935b335b7,True
s07_normal_mean_m40-0611,52980fdf0b8173c64ce9685f7447a2eb,6cf688ec2ee33eddd853cf605abe83f401f0e7357011157c97d37b3c104428d8,True
s07_normal_mean_m40-0612,48eebddcf428a38af831b8529cb0eff6,6eaee2dbfead49881b4a203f95f3e59713cf4b21f08c23eaed9675e7c81c2421,True
s07_normal_mean_m40-0613,a00f44f52c0a9af84bc0c862ffad5c9b,d94862978cab40d0b47865fcd70105025b34e3a276f60c5e0212348ce33de0ec,True
s07_normal_mean_m40-0614,f90cbfb67a9f81503ed6015d36905b01,b5a1725c3b097cd6c144980ba39088bb99ec8a9e34ecdb081119c1370bff0b26,True
s07_normal_mean_m40-0615,af319c13c95f53a5b6421a6a7f2229a2,dbe133b6b0e62b41a72510905c80c260ce50efb33529d8c2f0bf06a1dbb79228,True
s07_normal_mean_m40-0616,2d7ae42f03d86cafe35db3412e7615a4,0e053be5e57a98646633bd85dfb910d7d06e17e09a3a947e1d07d5cb0302680b,True
s07_normal_mean_m40-0617,b7fa9a2b93ee5eee017af165bc31a856,a4f6b3e4cc668f8fc718393959093fad2897894f38b93d5d12a1a033bb4d02f1,True
s07_normal_mean_m40-0618,46c905057d876ba15858cbbd1b9479b1,f978862c841972d9b3d5ba88c337a7051ae1c5cdd210486b17e6dd2f0a7daa2a,True
s07_normal_mean_m40-0619,c51b8a97704b1eae6ada5e722bbbe47b,6c3bcd786aa4cfe63785ee14c44baebc254ef59a2cb62655524e019fa4386752,True
s07_normal_mean_m40-0620,47134b9c1327a3cd6e7f8b13c657ee44,1a86fe7929315e4e6383fb2152110b68d545fa019c0331aa67ed519fb5207a7c,True
s07_normal_mean_m40-0621,b7ec41a061d1e14c96c8dd9944022826,42d0843b0d8151dde5f1dcb28e9ce9db9b5f44105ef655ff392b6d5079c0be33,True
s07_normal_mean_m40-0622,fccbde19ac5a0820403a443c258116b1,e5acd99d8c28254d9940f26532cbcc69821a75431e9f3aca22de3ee774a7da21,True
s07_normal_mean_m40-0623,09b5d0cb16e7e3ce5be53ce7e9a891ed,f2653122bc0cc8f1cafcee0e23cea7fe05e3dbf92d090d45a0c63c5dc700bbd1,True
s07_normal_mean_m40-0624,729392b22d31d6eb1cbf3b1b820a6bef,f7e4c6a65e43314d24ea437e6ad2bcde8bc3994ca400cd8ec65976638d6ce4e9,True
s07_normal_mean_m40-0625,1c6ebef468fa676fc06443e26bf3c769,b4dac98ce17c5b0e0b4850dd6123a977c796c2041b39c18826db0fa606c7ea3b,True
s07_normal_mean_m40-0626,b67106ca86ba876f89922cefa259e72f,24a8c6c4c3f5dd36310be1ae42374a5a228dffd37f31ae2242eba383d2622fc2,True
s07_normal_mean_m40-0627,9247452c417fca1640b8bbadc312fc2b,1cbec21a514071879671e5d30a39bdada7915099e9457dbd97a2ec04bce208ca,True
s07_normal_mean_m40-0628,b17ab4bfab3c867dfa46bdb743768fd5,85887420d7851d2fa3af6409ba9999aecd79860630b382f1e5e3cbf2e5fd625a,True
s07_normal_mean_m40-0629,fd657e2c96fd3e0300125d0ff4664ee0,7bafd986f5344eaaba0a8f8368d1238b49c4286278b085835d8088477baaeb90,True
s07_normal_mean_m40-0630,253248bf3a4558168b37eda2e46629c0,53d4b83e68d1b1fbc4220c134a3a4b53ac3d45d930b5c461c4fdaa7129e58c86,True
s07_normal_mean_m40-0631,71e2301eec3623e3f86168d7e381fdbd,50dd911835cb4e500c4a4935b60607c355245156d680100f9a9e1ea3b6743ef3,True
s07_normal_mean_m40-0632,e1161880ebf019eff07baff08c7552a3,e4454ea085c242426499ea4e2e9f6e8391f6b3c21ef0dcd35c9c337dce3119f6,True
s07_normal_mean_m40-0633,f00c6bc9b4f4c0740456d6d7782f4478,4d69fd59edd7d6886052b3633a31b1301edeb10011e2264d90c1e499d505dc88,True
s07_normal_mean_m40-0634,8da64424ed89e461770f20d7341f0b59,9c6ffe944fd7857cfba2b98d8f474fe0629db3509df26de51ca9e5af093e9c8b,True
s07_normal_mean_m40-0635,50f0a30db7987fe6ac638dc9fb6bc263,4b9234c67119e37a884c320a12331073dbbc99621127c98216a446a3c5dfab77,True
s07_normal_mean_m40-0636,bf36a91fc3b98892991e2b600b416041,3b9016a913237c8600ba3b709c3eae6d0c1046dd9e14dc244da98619088386be,True
s07_normal_mean_m40-0637,0adcc1497afc4cd5acb18f5a05ccf48a,16887695397800733d82b3923a86d04f13e292110bc57426ef75d489ba46e599,True
s07_normal_mean_m40-0638,12cfbc03b5febb3e57f1c972b07e4f4a,3eb213ad5df6cefed71a1bf8ccb093759e1e8f93fe16453850618c5690e8d11a,True
s07_normal_mean_m40-0639,b43e1189590ce51d6c21d6b68da9bce8,b59c13d9db574534b2a5295d50c899dc2e96e89d1dbcafcc8819831fb98cb9f5,True
s07_normal_mean_m40-0640,7120e1130ca9acec1d70b2efbdf82b46,e6ad67397e0ac9ffde25ddb3017a7821a69e5870b070e426b3dc4fef0c583012,True
s07_normal_mean_m40-0641,46ef57bb1471cbe00d22f72dc45fc8f4,349e326d4eb079fad348011fa04276041966061567e9258f888bc79594921b7d,True
s07_normal_mean_m40-0642,9fde1ea4eefe65da3ef007d372fd8c72,1150a075f90399d24fe5ecf5d7a3c17283931f1b3755dfdab6d23f6caf8951eb,True
s07_normal_mean_m40-0643,9e2ddfeb470ed74d8269638aff0b0184,4c5e8328ed2f85e818fd45ffb396b2dc5a89db3475b843fbdb0929bd40aa38fc,True
s07_normal_mean_m40-0644,0735270ed9b4eefae5b3d81219a4cc49,e59ce58813e6d41be70a3b01e2a4f559ce9f35e55d912f8aecdc7f6f896ce960,True
s07_normal_mean_m40-0645,8c1c38125348882cd9966f5af9568745,9e621445227218c8e7d8e01b620e7ddd6add6a7c8e754dd570f8959303b9b6d5,True
s07_normal_mean_m40-0646,f9d78105b64d82ab55538e7fbf74f77d,06bd7c3e4432c241a78060362205aada6890007a5102f774e7c4cfafbc8f8512,True
s07_normal_mean_m40-0647,b4ad6373d0d894e35647b2cc6401cb63,22466cd1a02e8427c72c8116e8bdccdf5d56199fd3db70c5baf3a3478f9aabb1,True
s07_normal_mean_m40-0648,078b574d73f5611525c923f933770ff9,56bfb0c9c59510bdf6a9eae7fd92c4a8e08024939334420fb9734fe3c43e2aad,True
s07_normal_mean_m40-0649,0ca5f3feef2b1dd78ca727692b2815f0,672e1ab2cfa06cbd1b3099b351f7ded32529b02faca8694f92c72965ed962c29,True
s07_normal_mean_m40-0650,c0b4fadb4282213c45f8bc8abdc7d84c,6e6f86cdf65a484a8cb3272c672f95ac4df94db0d62a5d1503ee3ff11f7a1fd9,True
s07_normal_mean_m40-0651,14aaeb055c62d655e8e090332ce72fe9,336077ed06a38f5cfb7dbb219f67da6577a51619840d5cebdeb6cdb06a9f5367,True
s07_normal_mean_m40-0652,16195ddd87e3c3cf45ffc25792ab6c41,a4e968825b4e54c3e8cf29b2a9feddfcca0cc9da586778ee8386983d776428e8,True
s07_normal_mean_m40-0653,3b74979541b23b8b5510bbb91d9af72f,791ccc141d1f4d3331574be262a912ab30c80896913622ad35bb0db55be99919,True
s07_normal_mean_m40-0654,2815beee10a47ea4f5aa6d648b5e8cb3,4931d197a6281e10e74710af4cf2d52176d93e567e5044bfc2682640d9f5a2f9,True
s07_normal_mean_m40-0655,25ae9f9931a7fc734a37c5fae44aabb6,3f2bd059b540d54742573ee19aeb54479240cd8fd228f808dd1eaa943d755711,True
s07_normal_mean_m40-0656,a6f20c2c8946c8695a84a398d0e80198,b43453636c847f9069397f6c7917c2d9fc823ca8134c4d532a7c47799bf2c727,True
s07_normal_mean_m40-0657,37de0ee0a8c8b02b1a7db20b04434919,2864b90735e2a1fe9f28b1f1aa8931ebd84199bad9a476bad5eb735d33d94d83,True
s07_normal_mean_m40-0658,737824722cbf81274bd586adaeb02820,9a4c92eee5595d61e763263fcbb11f409262fa3a42e19a1e28c46efa783d9260,True
s07_normal_mean_m40-0659,f5e03e6170f873fbfdda7c8314c7d3c2,91d9d9da2e84867ca28d9d8ae348633e0e2af2b79942aee26637c0b1fd77e0c1,True
s07_normal_mean_m40-0660,cbb0e65c9d53d7970bc8a3ad2e253f63,be73392b1a57bbfd92b24cfc3bd5574fb382921ca9c49f702df2f1dc3cae3c3e,True
s07_normal_mean_m40-0661,0e0af7240d76fa9bb8ae5d137c822bbf,c0c5a082aaf126c9793c72eecd560257e713c8e1ccbdf07b64d8ab9c78afe135,True
s07_normal_mean_m40-0662,5dda030f35366661ca44b39d4a8a779c,6189d080835051b8657cda7e914b276c825a7422b144e5e6cb4d08ef6b34cf41,True
s07_normal_mean_m40-0663,c5e74c394d2dc861b534d488e4ac1efb,e6fc480f3358c6b28303e2679e80dee275905a9a4b84af66084a982ba084e6d2,True
s07_normal_mean_m40-0664,67a947923958154f13f54eb4f8cfdb26,950efe5da91cbb99953049b364ebcf4e682a3a6ff4ca10c931a55ce96b7fe8de,True
s07_normal_mean_m40-0665,f5c76606d0bd46cafa0488981ec9decd,435ab20e79e6fe6824b7dca0110b4d57eec67fed39ed6d350d49d73b429a50e3,True
s07_normal_mean_m40-0666,e9eee9bf1c791a4c6839dd46f079a436,e7a6aba4569d245c99fd7caa791bb46f4153878c62eee21367f3f5f7c372e9e9,True
s07_normal_mean_m40-0667,5fa4a4b95570d05926cef530f32b1095,d9d99e7ec887a9e683c495c0548ed39e53e41b78b860890019a9790d2637d919,True
s07_normal_mean_m40-0668,1b3ca978caf067c29248719740672c08,6d526b27a528a4214c1490f88669542b4fd0fe2a1613c094c387c6d05578b63b,True
s07_normal_mean_m40-0669,b9f69a74d8b6c92015da0ffed0383871,f5e8fb01a69d8abeff1489e79a19e5f8a5c68f9477ebc1ee5f35dab0566a9b84,True
s07_normal_mean_m40-0670,480a18a69810e03df85270478247b0d6,015092f1b244084308247b93bc7ce31d7aa638b1c20d9065eb32e547cd71dc60,True
s07_normal_mean_m40-0671,cb9d2afce4b547cf403916d959d562ca,d9833ef3b717b670e4a266c6b235ae7a52c5fccbdf610d20e0589bd277f4d83a,True
s07_normal_mean_m40-0672,cbb92edc7a0eb1ef1545781d96c9cca2,b909f9fcecb897cae88f713a18bc7a7855c754ba39f1095107f0e06b35fba5c6,True
s07_normal_mean_m40-0673,b7e21e80e43fad56a536494b8a1d515f,17459b3e3d3417f886e3186c9edd77713b0d54364607f3d9f3cb392bca9ba13a,True
s07_normal_mean_m40-0674,b2dd28bd06cdb43ceb7aa84fe29bf323,206c129b74491ea670eb04e25313c56badea574d15c36576690d3e95a0a457ad,True
s07_normal_mean_m40-0675,9a40a2d9b7893ac51593aa30697d69d9,ec9db0d7b9e3c8462b043606a5662f2ce6fbf13bff6b55e57bd654ece7ddc57c,True
s07_normal_mean_m40-0676,a97cdd500b952ac6d8caa3c189015925,1e2cafb3a012a069c6523312888943fc8cf556491b9bc8bda1392a2b471b57e9,True
s07_normal_mean_m40-0677,9dd419f85bb31e9a75d677b1d015e557,8f86b68b8fd5d4acc04ae63de36ff59eb387b0c3734548cb1182639189d3bfc5,True
s07_normal_mean_m40-0678,863d2a8e059ee5c5e383b1ddc4e9a950,655c3c72eae9411f3b7c4bf8c2136f027c112d17b605c092edb5057dfe656fe9,True
s07_normal_mean_m40-0679,52b8f02d5463cced8662b63cdb77b9fd,e9fc4972380b42208036a328025f07feae0a03cbdcf8d7c35fdfdb528559ed74,True
s07_normal_mean_m40-0680,3ea73bf02d1c52ace33469727346a81b,a494b81c9dbdb33472ca88d1d509d9251962093c24dc81336b4de7bed608ed29,True
s07_normal_mean_m40-0681,c3d73671e9f7a617490077ba7a53167d,a0eca4bf9b1a68431f2d19af541a506e3af0ec3d851a9871a752bc85bb1b6ba5,True
s07_normal_mean_m40-0682,badbc58398e8cfb17d6425ae5cb2e24a,bbdceb84f08ef636e10aa28eba196b8c51711cfbd1c4ccf2657e060f41449124,True
s07_normal_mean_m40-0683,d8d4119d9e5439d49407b26d9e948cae,e8d8565a44a2823e023a1f93dc029f31888becc874314837aa151d425fd6bc23,True
s07_normal_mean_m40-0684,d521abada55d7e1cc6ae0155eee94cba,5fbfb3116c3169179bccdedc65b508c3150f26bb3227fa3cdcd34431348bc394,True
s07_normal_mean_m40-0685,a3970cee6a8a53d9c08063c4ce2ebaa7,13fee118b011f5885fd63759edf8a704b5f7d5cf95f915082e31ba1d3252d604,True
s07_normal_mean_m40-0686,1e7a94eaf72a5e4f85c01d39c36e6a8a,d8feb1610c405a894c4a7879f72a5095139195b5ec4825d8eaa2877b8d8aa0a3,True
s07_normal_mean_m40-0687,840ed173454a8ab8cf04007f5f5364d7,2f1f0ec3d5043bc179f01fa434df1b884c8591675e08ab29d151a968426da039,True
s07_normal_mean_m40-0688,46ad20691453036c822f25cdd0b49282,8d02505385fb4fbe14749778c03843905c55b632d6124e36cf73979e5482e339,True
s07_normal_mean_m40-0689,05f3f4d0a4bd9d493c07880ab2beac94,9fe12cd4a159d018fc9c8d53e5e57cf83e32b9ef44b62d2b579d0951cfb76876,True
s07_normal_mean_m40-0690,c94fbc5c22b52224a25bcbbfa7b912fe,7d779f6c810e4c6f2ea4da1ba400e30779a987ed8f4b0fcb94bbb8265fc8a895,True
s07_normal_mean_m40-0691,f5e99e118bfa2fb5a9867f764aaf754c,b8e2ba4975d870915cf8e7fd8dbf88f5a4ecdc01191a80652f410948571c3fe9,True
s07_normal_mean_m40-0692,e3d668873b823c3f82b552294de78f60,e0e09972f7a3a53518128c358c43abd07f40d1f76390f7cb7066aeb05ba5d759,True
s07_normal_mean_m40-0693,bba2efb461aba4ff4a69ea92147e2db3,b005ddea07dc66024ba8dcc20494809097f6308c6fe60fe73d83fc1b268ce5fd,True
s07_normal_mean_m40-0694,08167c51ee6bb8967b405823458d8e2b,782a8350827b16f60471e7998303f0e25a96ae129761b3e2848e76930ad82bb9,True
s07_normal_mean_m40-0695,6ec001246208731c7097e194cc05871a,84e193ec9ed885c9b449d167b59f212d17e274ff12f3261f2c1733e4101c0bfd,True
s07_normal_mean_m40-0696,509c8459dd0e90e52730bd32d7164b94,34b4435f4c7a1a4dcfe12bbf76d8fa6abfae781946f365c774d4e9f921b16daf,True
s07_normal_mean_m40-0697,532ca02511c50f8dcbe7404b38ba9c00,2ee2439b21a6f9d9d95706d34b098395c2113a314f1846db6a3f8065d64a5305,True
s07_normal_mean_m40-0698,22c9b3fa6651870d683aebcf1d3bcc25,ce11e520a67c198ad9a1e9fe9cd813098640e7b604c973cf273b00e6e8fb9667,True
s07_normal_mean_m40-0699,3f2e10d244885ae05b4f7d3a3099aeb5,f619b1134ab1f914bf3ae9a0ef74f8dd0e28744bb245b1e9213597cd5f1e6ee3,True
s07_normal_mean_m40-0700,7400fcff9a27a7e737618da6977b2fca,0d83bd1d5744a657833f72c8e06f6e28c3abf8c7fadd6ce939ab8b173dc65b63,True
s07_normal_mean_m40-0701,4a0f6ec6490e7fdd01cb480de5a0f001,f5404599381e60052c84a7bbc24d487f915bc4ad17ea0375fd11aece8e26822e,True
s07_normal_mean_m40-0702,d8501d4d376463354574e5a0e97f5dc7,265be7bb29e194b0a30d82d80d635a23643a15756169f861ea356d70060c05a8,True
s07_normal_mean_m40-0703,b3b157d81438586d3bb081763f1d5af6,01f64b2f98b9e69e4a9c7c9c73faa1e01936cee694518cf4aee8ed38d7285e4f,True
s07_normal_mean_m40-0704,00d50b79c6fa346e0b9411a5296c7e72,e7106931f29d837989d029cbd9c66ead57594b657a92d6fcc1cae19cbb1fbd92,True
s07_normal_mean_m40-0705,33eea1f09e48da19849c5fe31c10f00e,84937fd3cfb9272ce6443403ce848a62a3f2f69445a8fa2d9c15acef8e39961c,True
s07_normal_mean_m40-0706,2fe5fecd23c27cb43cc57812cbef0610,de5656e5edfeae58dd793c8efa4d73101cc411fdef1f065dee3f71b74a3d9226,True
s07_normal_mean_m40-0707,eb11f6c9db71e783322aa7c7234617a7,c6d57157650a6d76597daaa4eaef4c7030806a3415261fad98f4296bf88d4974,True
s07_normal_mean_m40-0708,61e2b12f4c12154ae53864b0e79eb354,7b5de3a6e5bc286f72fc8d4f85d3179b477002711382033fc3c505cc7078a4a6,True
s07_normal_mean_m40-0709,4200ba77b4cc0f8bb2d01a3c42616303,d8d64461c67d833d62e3e18db32afa59a5db0a3adff52b27b992d85ac70cf9a0,True
s07_normal_mean_m40-0710,74b4683e2f023cf91727bc8860c8d9e8,1b88e8efec77001af37e626723441ff97ef3111fb0eeb0c80f40a65ef3414dbb,True
s07_normal_mean_m40-0711,2e12842cefe3081b9f8641017a0ac788,50c2424a1d9cf5b025884ed6d4edf9bcea57bbc6530711b7887819dc8ee58430,True
s07_normal_mean_m40-0712,9dd26d0cdb8308e1f02eed35d17f733f,c2e8dfebce4a4ac13de0e0000b05fb3e15bba8d1fd381b7a04cc3ff8df324059,True
s07_normal_mean_m40-0713,0767364143dc766244874f5a55758425,78c44e99c87c7f00302fcc56c8324ac04e4917d3b8bb09535a283c15dedc7b30,True
s07_normal_mean_m40-0714,f36253dbdda62bbfa8f8b06920c08616,10247e7425e436105cf4a0a64a239706b57f5b95ba60c2c4af6ffb8a4828022b,True
s07_normal_mean_m40-0715,2a6f8515a1e6785a578ccd27ab32770a,996e598b886de0933c93ab3586bd38ccd4cc0ded5a9ad5e6d56c337d68ac88e7,True
s07_normal_mean_m40-0716,b7794bc2b98e4d471e84e357460bb97d,9139f32c02ba30606febe6183aed600c437bf8f81796ed39868410cb1e31fd42,True
s07_normal_mean_m40-0717,52139c922ab172f5514552c12ef90c15,ed415a474903e8bde950f78ded609f17579aa13388fb74796dc2f42908746ad8,True
s07_normal_mean_m40-0718,67d7a81ab56f2315bb55856bf56e480e,72f6302413330c153b4dc10dac94c640037cb0c6318f841af2b92dcfec33fd82,True
s07_normal_mean_m40-0719,86b4e574883af09acc46e209eb0515b4,875a48836db43db493e0d6ca0dd1dfb68c52fa5848f82c0c227dc1c84e21119a,True
s07_normal_mean_m40-0720,07bbbaae32e899cc517f10080b729606,cca3d2deb3b4f978edb123ddec9a3817012daed503fd680520432b1604ed13b6,True
s07_normal_mean_m40-0721,9a729617f18dfc00ea8e09b300bd4a5a,ea8e72dc34dfcfd8dce0c50fb6ad8f4b2820c873206e85d2439189b7b702c1d1,True
s07_normal_mean_m40-0722,ec9529f1f3ceeb12aa889a71fdc1c44b,69f033a0a8c61aa3066826c5cb19d87cff4e3ceed63a9eb07b7f12591918291d,True
s07_normal_mean_m40-0723,cee9a5e7cc0103bc7c6e6d5594096aa8,200645e17aeec611e78948a198478e58d488a592e5d32db660ab51d339f41bf7,True
s07_normal_mean_m40-0724,56742d772e9f1748e49a2469a3e45800,305171e2f5361afa9f67153ad4868fdf88068f4125dbd624bf9cad93b60fa4ac,True
s07_normal_mean_m40-0725,f97340dd44ddf29793a11bc21624cb64,7b9a252e2dca7f247c471c9b6971c45b7daa4a2c1e5a0bc3a82e484b32ec3ce2,True
s07_normal_mean_m40-0726,337dfbe8b1ed50724d74e27406150fcc,283f62b85cfbc769756483ee5cfdce71877025019d343d8e8c8ae0cb96cbfb86,True
s07_normal_mean_m40-0727,ed46ec25e13d1177c790025730affe13,9a41dbe8f1f678578e221c1217b84b81aa61613c33513e6a6921a8a1eb3ce3fe,True
s07_normal_mean_m40-0728,5be062c602048f15210a40bd0afd95fc,24a26c3825ddd60900a401b35c6cca1b31dd3a4a4d9859c34ef6e47840594f2a,True
s07_normal_mean_m40-0729,38b1496378c076f8ee735523047a2269,e5a0b82f13135b72a928d2a083da212bd813fa7c5edd41d466dabbf5a8373115,True
s07_normal_mean_m40-0730,fa4fe52c38790d0f79878fed7d1be825,4320c97590aca52ad6637804950870b506a61eef743dc3759ca95971c8b7581a,True
s07_normal_mean_m40-0731,2977a70ee98bf54fc61e0a2a23291bdd,3a2adbda538317fe429b7ebbf1b8d98c0436bb39cc080913a962fdab1c26e700,True
s07_normal_mean_m40-0732,e31e6f1f3b8ce582f5bfb5521fbef6db,ea153db6c2a7a1097d1464abc855aa636f8c3d353cfae6f4f8885965116f4859,True
s07_normal_mean_m40-0733,7b1a66a98664a3784c26ecce724c6aa3,5c59d2f751d6fc2c9fc189d07a9b38dafbe3e2c0b840392a726b2688093b3704,True
s07_normal_mean_m40-0734,697bc926aedf51e7cfa96e377e6f687b,5bb9df6f77a90a65ca02f4823b757a1d92d1f66f83f52f7d555f6fdc7087be6d,True
s07_normal_mean_m40-0735,a88dd44704deb4a0dd6f77c3407a407c,5fc564b675efabfefb861c005bb012fb9f53e9829d8d16b5034333b9887df315,True
s07_normal_mean_m40-0736,5a42963a0d794f841cf8e24d61bb43bc,5f327f356868185432fffb9cd836aa69189457112542ce17caa709691ec28f4b,True
s07_normal_mean_m40-0737,272c189fd33f939225f673e84c319f5d,264b969f2d893afe616ee038651584bf031b9ca07960a47267ab53c3fa81723a,True
s07_normal_mean_m40-0738,0cb1d39a86e77bd1ecc41f22a36eb192,78fddc0867411ce1c66be250202dba9d422898eb42fba6e517197f955c993656,True
s07_normal_mean_m40-0739,43cdec853726bb7a3f1718ec21a7dca0,91b30eb72e613343b11678aee62bc49d2b1b5e66590a4a74abf264fee3e29721,True
s07_normal_mean_m40-0740,f59545d8e8cac5b60dd8288b5ca9cce8,4532751f8352782abead4531d46adfbdae032243708222cf09d54c4103b0162b,True
s07_normal_mean_m40-0741,ccb980202de6dfa477a11124e1e9c8a8,e8ecdd381844641dda2535d03a9586c3367a65e9aad7ad31b456b0b54ba326af,True
s07_normal_mean_m40-0742,20194f715326d0a4c8d9d42a7df1e28f,bd207812618d54a2f0d6ab6323476ba6b4d84b21838a614a4564303cd2a862a7,True
s07_normal_mean_m40-0743,8d95013b95432215fd5bee044f63d193,ae0fbb21b6681fc3898dc7e5740ef8aa66afab3bc0a7826423f787ba3033c30e,True
s07_normal_mean_m40-0744,d91257760f86ba3ffb922dcb4b6c2aa7,622cc80527ff1fcde90a5497859bc38c6dd16d84b4bd8c9b49cb5ce093e6d3bc,True
s07_normal_mean_m40-0745,0a6835bf68bd47799810ba7158fc71b5,222e111d6f67139dff6b04b0ededf257de5b934d8e020f3d485643da8efeccfa,True
s07_normal_mean_m40-0746,f789d5a3fa58ac910d702e74eccb1fd3,8821da4c11f6e8e33c21bb409a762054106fecc64e3e587353b87c907c51994f,True
s07_normal_mean_m40-0747,831f1bedf216d21f2856c0811c9981b6,30fe852dfea66184ae543db1c34ff937a50a8b4dc830eb7ac8bc29b342d758f0,True
s07_normal_mean_m40-0748,785cdeae433fad61c8e0a8ddd4201b5c,dbcdd316f0379a5dd3a69a18453821d9b0e71f41bf336f8c2945b38659a8fc06,True
s07_normal_mean_m40-0749,038056d5a669db623078995c83c9f88b,3262e011081292bbe4a94dfcc87c98c8570bb2eeb78c2f18cdf3b5ca65307d57,True
s07_normal_mean_m40-0750,d82b4b5d35f5a1915e3654a82179f2b9,9a54ceeb5dc604d4fd56c7968b630d81d868349163fe706679996865ee13fa5c,True
s07_normal_mean_m40-0751,0ac45c89df94bbba3dddf4b4430e875b,ef2f3d46fc388c3b349592c66d29fb43f8fdd045814a02163a4ebda7fd101af8,True
s07_normal_mean_m40-0752,51a4711a349800d569188e1c1ed61e7c,10f15f01f76e9878d6e80431c9f37cc5afaeca597ccbe49c4f69220c34900034,True
s07_normal_mean_m40-0753,690f27d967152f5184bb854329a18eba,87c270b6305257abac484b2c4e8da82846fdd863a3173226ff0d28aa285af646,True
s07_normal_mean_m40-0754,8f0f9fd8a0a67c9490f0b1dab1833c54,5f62594918507b5304b8579dda7f3f9ea163ca24c7acce7487aa4db2b549e91d,True
s07_normal_mean_m40-0755,c51129ad1401f20487dfbe2aa5366a87,d4ff2d5274fe6188c385cfded88c425a8d38ed1f3438d2505b3be25a4abccc2e,True
s07_normal_mean_m40-0756,c6186acf55091227f6bfbd77fdfb6977,5a20ef9220d9be79127f57dea53dedd7e0ab9275f6cf62586a9a392f3a150748,True
s07_normal_mean_m40-0757,61ad86e6af9ba1d47f5e31852ea10938,b25c07f2db0e22c7cbf7bf40110c322167700148a1056156eb3c038b705e06c7,True
s07_normal_mean_m40-0758,72658146062438014a961e58101837c3,b7abfa502d9b6ce9e4abbec17dbd8ff8c9372083ded069945686146b2a6f3b63,True
s07_normal_mean_m40-0759,2c22e56fb384419316213cacfed8193d,7505d32f4d71bb5608e90094464c4dee98927e83fef342e3ae528f92d692ab9a,True
s07_normal_mean_m40-0760,bed7cd2246dfdca73e62fa224539296e,6ae83812f38f8ea40b46ad074ee313fd288cf2944e2ba14564194ff808824eef,True
s07_normal_mean_m40-0761,caa6ae0179192417cbd5b37111c4391c,05b970cb6a5294627e3202fe9a8e326d84e96bdd5fd107200d8ab1a44e450898,True
s07_normal_mean_m40-0762,e74e9bef323fa9871fff42d45e8ba3b0,408ec9eec01e8fe0e88f29f78bb2ef2d9dc0c538323091cb862abdf50660e1f6,True
s07_normal_mean_m40-0763,6e0114c4b07305b535b0476988fd89a5,fb3433eb77cb09ccfca3ff6aebab4e35b66e615efcaac7e9ac18238d15c42a47,True
s07_normal_mean_m40-0764,23eb75716fa0a538621abd573a04147d,015ab4076e0dbf52868d6c980c9816fc0805d6af2ac1d1aeb59a1b6d9191f89a,True
s07_normal_mean_m40-0765,3cb39e1e9a2e1fd4183c9aac1252287c,c58e343fe3dabec2d2587b39c7074ee642b231560c654f43637e5715f85e316d,True
s07_normal_mean_m40-0766,0dda1059720439d77271457ae7b0414a,ba3ac94e794c5330118dd281f3864cfa99b1f220f0ac8922ed4d56588e978cc9,True
s07_normal_mean_m40-0767,be2412ad747ef2afc6e01db2fea8f2f6,cbdbc99ba7900b26432a7c7cdf5100eacf9dfa1f0e76f41b5097a1be467d7a9c,True
s07_normal_mean_m40-0768,8b3a63ecd9488d2cd7af1b5f2a966ced,e5486d43e5f86024aa5ea22762740ad9d32c8643112c380a0fadcca8413742ba,True
s07_normal_mean_m40-0769,994be4a01d30cb52f031962a0f8b5a42,72afa4affdbd7701ab82f4dd1637b77e0646a7cdd97e2f1f6a1ef73d2ccdfd03,True
s07_normal_mean_m40-0770,33e5036bebf5e8f72b8ac5056321b62a,0c651c85cb4723a74fe2526fe2943e0e91c6a287b521ef118bdd9eb2e00ec774,True
s07_normal_mean_m40-0771,3ab9a20dc4c4c95965e1925886f4d308,86046861706fb8a387fe7ec3d06aad56c249813a5fe123dd0c4b7b9454eeb161,True
s07_normal_mean_m40-0772,b6b4e03b24d52d7c1a98012b17ec198f,1c5917db885a4d6b8fff1333af05896f707ba4f308645705edfd6715403eae5a,True
s07_normal_mean_m40-0773,b4fb3e1496b9ad19c92a7f82c46a4a37,14b198046d908069d332c8802cacf584bd7661e031abb1e5bac5962e9b47b703,True
s07_normal_mean_m40-0774,48495cd93bc7aaeec0e4fe4e009547a8,8f9ba1e1d0399ab73da19ce9ac2c5e50cd60928180f7f3e8d9c25a22e9de4e18,True
s07_normal_mean_m40-0775,83649cabb03c6546e2542262c50baf15,74e39ed45c70a48b289544bdf504d069dd066d9c153e446245a9bf7b75c22e18,True
s07_normal_mean_m40-0776,42999b44f0f5d61d370c73404ec25e85,966a3998794d0762dc9bf62aab764138cd2740cef52683ef6f32f6c01fbac5ca,True
s07_normal_mean_m40-0777,0175f9adf183358f31d0fa0d54038dfa,735de0295391486ae6a5b6cb3a4cb8ebf76e7eed151ff7cf5760e38206dcb280,True
s07_normal_mean_m40-0778,981716f7d10d482e36cfa6b3330ab45c,630e40ad68859ac9f6b6b9efe12729ba5964b3ccb68510102206ab7323988b51,True
s07_normal_mean_m40-0779,8c8026ce5421c833c5f3bc001e3c6d8f,dce1050bf9fd7c24bead2f2a0f6fc6efe2c95c1a0bf7ece1617a78373d0a6570,True
s07_normal_mean_m40-0780,8ce1a812d3417d762b57991285864b72,603c7289efa96c9d1c5a772d75606cb3cfb50237e16be0075d37fb17310219b5,True
s07_normal_mean_m40-0781,1d9803167d1c8f97d4c86255d6003091,d90a0fea99f1c64c907205e933ac1749067b09c699b9cf976a0e55ac9a6c683e,True
s07_normal_mean_m40-0782,0599c5a011299943ee457e3c11b617fe,49cb36393c3ff22d96b37d1af61f256316098f17a5e7fd8b553e49696ef5e56c,True
s07_normal_mean_m40-0783,62821d5297987cbb32794cec0a2b663a,5cde186347cd3cd6979a762adb041f2bad10bbea430ae9aa46c8c3d9e113cfb7,True
s07_normal_mean_m40-0784,a4202cce1b014b1d99c82a01b8d618be,d02a42c52fd7de0785bb561c91b46b1ce4c96cac8ca53cf0592377c2d5f3c4cd,True
s07_normal_mean_m40-0785,fd41fdd7309967d4023ec97c921b8255,c79ad29cd4d5c75dafbe6e583d052c18db1ecde64cd01f60cfa6dd0a42d143ed,True
s07_normal_mean_m40-0786,8ca1ef043896b33f9dd0ca862655a0b4,6b4840fa04f196b1efcd05742cdebfc4dbfc148d80b97b0aa15c7b2d76fa936e,True
s07_normal_mean_m40-0787,77f6f5167fd16fc19a0359c38fd19e8e,081b8f983345888c399a28937bcbbce793a16c87d7a3b6d604ca6139ee6932cc,True
s07_normal_mean_m40-0788,84c15f7485b40233fc20a726f9768394,41ab4439ccb63d89ecdccf9f99ccb39268dccfa825b07b3cb000fb381575f37c,True
s07_normal_mean_m40-0789,4f87f3529cc0cd1bef608823a22d57fa,f41e792eca77e5eee4c66b1b2700bc5359397ffb77388167251647ca9f2be2a4,True
s07_normal_mean_m40-0790,e38f21b1c906df5b6ccde31b51de5d9b,6e53d167fe5e4c51e2fa03358bf205f0a3f7ce7fdd55b961a7c8e724e722ecf5,True
s07_normal_mean_m40-0791,db1bcbbe13807d0b09dd3d71a57350ee,86b185e79dde1071c6c2be63017249e0afdec954ffae1adf9e12aaea82cc9144,True
s07_normal_mean_m40-0792,94b1b6aa358fc58e7dd19e3286a29fa7,bd06d1cd5f82bda0096db9a22dcdd9c6ce7c5307da0c9c8ed290d14fc1a667d8,True
s07_normal_mean_m40-0793,715d3e1c444137bbe7ec2d661167d269,170556946f034a1ca9e71d1906dcd70a356009c28df372b88132fd93215e3aee,True
s07_normal_mean_m40-0794,af7fe492f6c08159cbf1f235c1da520e,176281a525c25a3632cfe595e2e9b4a558935155194addc9c6dd3328167f8760,True
s07_normal_mean_m40-0795,5e54a0a12fda0580ee4eb879fb53c32e,409b8b3ff0ab8eea54ca3dca2f7bfe0b9f8c02d00291f5bd6be136306142cef5,True
s07_normal_mean_m40-0796,b52654c459acff9768f6b729f9134aca,fedb90b5126a881d40ac03287df253b10b10309c629a96fa228d8a2b90f25b56,True
s07_normal_mean_m40-0797,217823b104d61e11ef93bff25f7abaf9,5d365e9a3fb7e418a226265b9578abba6cba145f8fdbd4d6455d7c42dff8d44c,True
s07_normal_mean_m40-0798,26ad62048b306f70d07de39c0ac965df,d59b69daae121d9138b7a7e992a98781dc1ac9e93fe6579cfce504a4d42ba1b5,True
s07_normal_mean_m40-0799,9cd6c30a14fc74677fe81ad8aada9c80,5d2df5f699125690b72f9a6732b481fe6f4ba31e2f9cdcab987cc6a603adeea3,True
s07_normal_mean_m40-0800,c180aa3aed7b9a4a09a285fce5bde1f1,76d8f52de5c3b7b1fca8e9a0fcd041f102000ccff4eb5a64ac3571d64a93a23f,True
s07_normal_mean_m40-0801,8f391b4f9d7978c5f9c1b95955bca6dd,3f46849e13cb060f2aef73e966e2670786795d327e4ca94e0880e8f73f76e995,True
s07_normal_mean_m40-0802,6b0cfb09729943a6039bc6d7a450ffb2,c0f2bbcd539d685117ebe7a029818ce01a700fd5cf6b00026b2e763e872b4cd5,True
s07_normal_mean_m40-0803,34f811516cc89bea67f3f520af967401,782127256aec4b68e8b2de7c474d8e8043ab6e68854c3eabe86ef8fdcc2d8590,True
s07_normal_mean_m40-0804,6526513f28034ea471a42e944cbf7150,662681db95ddc8f811e54987fbdf7b455574d14a9c3326a12df8ca3cb87f7286,True
s07_normal_mean_m40-0805,8609b091f0e767ec02e9446cb99f3224,7d4eac54fc06d60e25a2e37e954a79cbfa5fdcf70f85e045114d88a4938ae208,True
s07_normal_mean_m40-0806,89c68158b0a24f3501a3b1bed022d6cb,3a27f28e2443b701e5c4ea2d4e01bd9df02772c627eb2ab9422c303f565aa67f,True
s07_normal_mean_m40-0807,09c48ab5528ffb86b446bdae1c518156,ee78fb8f9a6cf3dac902cb3e4934e2bc48180966550c7fcd2b6ae9401341fe62,True
s07_normal_mean_m40-0808,f352ba295bf7a2afbdc0f9d0872f42dd,5a2fad07fb1c2063b364f20f5cd9e93f5fcb121d628e2d7d4f6e3d0cdef34bd3,True
s07_normal_mean_m40-0809,91c918c43c3c00ab15f563f6458e4bd9,0d15a6159cae179de63346fcd61767c8e68789bd05e31e3569956448f0c793b6,True
s07_normal_mean_m40-0810,65deff43f6c6dc47aa43ee6f0fb73a14,5b367c1b5875320af80388faacfa9e6e2a02a2c01c3c4f7e2e0b748130e0d782,True
s07_normal_mean_m40-0811,02b3d11fe5a02729682f1e349cfa7326,3e75b3ae6b04265b5b112bd1debde119af16cd7a020dd3a755ef92e6ba1d26d1,True
s07_normal_mean_m40-0812,db96335281a0e688af09bfd07c9d0b30,af4aa5d4ccf1fb6d928fc533918197a327906618e8eb474610c49ee637cfdd59,True
s07_normal_mean_m40-0813,ce8b222e0afa240685ecccba390922ef,4fa7656add3d5c76b5c1d8bd12e49c01e4071aa826bdd4167590bb917ff6e4ec,True
s07_normal_mean_m40-0814,5fb8bd9cd77bf98226f7d17e0a0621fe,c055c99375e5e66265e9daa7f1864e45ae671b034935c673aea6da93f8cbeb84,True
s07_normal_mean_m40-0815,3a11b816ce6a9658a92ee3ae1206e342,a1fa43a835106c535edb0b134a93b71f3e4278f1fa0a7fe529dbebca263c9bb1,True
s07_normal_mean_m40-0816,b49cf54b6975f282bcda9857673710ef,eb9c243578f42813f13a675da0546c1de195f9d761bb05cf7c3366d7dec2803b,True
s07_normal_mean_m40-0817,f3750281e8f9ef3204e7e90a262a2a33,463b3c3ad3fc0c05a607d638746532ac343d99291890b2648d764b10a68f1923,True
s07_normal_mean_m40-0818,123cbf72eccf467ce27efc7bafefaa60,7090c77890a2e896f28eed9eabe93d271d5be4a81ea3e3186f49728232e09605,True
s07_normal_mean_m40-0819,040a30b7551a33d11466326e8f5046ca,878a101a91bc8052b76ae1ed58ae2d4b801ea5139e7c1749dbfb2246d17f4aca,True
s07_normal_mean_m40-0820,5edbe1e0db3327b8b04d2f6a6c573631,7a14c3ee5b9a805f5cecbea3b34cbb53ae1ef467847c8fe551b02d9d35a7465e,True
s07_normal_mean_m40-0821,ef7e4b37674b339eaa556053f5abf799,5f2c7f451d2c408101496a6c512dafbff7d3fad5ebae534f99967ba465cfebbd,True
s07_normal_mean_m40-0822,63b6a7890632a4a5ac303683e024d7e1,99e296c0c03d66f37554c309ba4d6b9ecf7397970f9a14561b63c84513b34358,True
s07_normal_mean_m40-0823,4e54845e5718507bfcd60c57d74a0246,c909a3249cf8fd7f046c51b18071bd8b27a24e01460da9341122e7dd39441ed2,True
s07_normal_mean_m40-0824,82912d573c2bca9dda53dc1151e08b90,f0625086c7705b229053fa6c567450d5fa8c6c0654a72d269cee097280632387,True
s07_normal_mean_m40-0825,bc217b20f6349100b85800f5f17a2503,52ca8c1a98f9512caabc53e2d1c7eeb5a22161d1dbf53dc17f7b6e08c7291661,True
s07_normal_mean_m40-0826,ad7a972b1bbb800f3a519e2ebd39d0af,32f86d940ac4edfe59b3734d8c19da8a813640df8985149258eb707328e3fc4a,True
s07_normal_mean_m40-0827,3c0bda0b04b1b0e3eed90a8ef922b42b,53672f1ceb69c8903c15232a133ad97b9c34fd7f1444c1db69a089bcd41330fc,True
s07_normal_mean_m40-0828,b5dc7b62b63a11872c9a15d34007f9d2,faf86bd0b75bfc635d22ed8e611ca6aad08432ef1e2d70f3441263d8b98e2a6d,True
s07_normal_mean_m40-0829,8a3c667af9da205889809918341e483f,4b4a6383659e491f0bce42ee0ad42a08362bdb62bb2e10448ae2ff4ef74b9875,True
s07_normal_mean_m40-0830,82a8ab8b067f26cf888097b8f9baa2a4,62e2ed489c9747f1a39d33d60ead8489ec9936cd2c822b133838cac1a0bde710,True
s07_normal_mean_m40-0831,e92eb4d7c8844efd357767317c215ccb,08c43e4a5935c3c13c719d1a0826ac14eb5bdd7090dd75c8a5ea4166bcab99d0,True
s07_normal_mean_m40-0832,0b741bb9fedaec5911a7bf15d824756e,7bff3e19621e75ed99251f5b0c113b1fa62f1ede3e630c7339a0a7b4fc5f5871,True
s07_normal_mean_m40-0833,be85ad5a9ca853f7300bd5f5b43e8e72,e11ec8999e08b9df1a186b0a2a34fc9f1ecfbec7a8f555af69af806a98f4c0fa,True
s07_normal_mean_m40-0834,a7bd1c1467c19e16e98e73faece3dd32,93aff234cb684bef1c21c3e0268c513c5b73bda73fbd1cca4adc58b118dea2da,True
s07_normal_mean_m40-0835,7c52b9ec12a16c00c4aa188e952f9285,5f3a178a1bd8779e2e1d0747bd892fd1d96b0acaa19c4b97eef88b6aeda88d97,True
s07_normal_mean_m40-0836,3eb4f973bb1b90acb2087c502d08b161,b539c973c8669cd9c5bceb235f314eb0e257003733b3cb54605b39835a5d56c3,True
s07_normal_mean_m40-0837,6f6455b0e1a8b66a11ddaac219f72665,c3c71af596149118699ea052b64c740798ea82b948d1ee7a524d90ea030f6a45,True
s07_normal_mean_m40-0838,0736090a6a4a00ec81a9a2db649e993d,174c5520385cb5277fa9e0a85b7ec12721b4a0eded7e1a7e5e421b7eda8a00f1,True
s07_normal_mean_m40-0839,afbd460c656f644f32f8de4daeacfd3e,5407301ee8bb418051e5b2bbd5911b4b81b341d37947e70b211b51bab8c15a17,True
s07_normal_mean_m40-0840,c14339736638300e18028b3479b8dc81,cf7463c27bed445fdcbfc1b5f3ee219d80f7d8fa0886e42150ae20f01ffae697,True
s07_normal_mean_m40-0841,83f5df999355e35778d86a2a7915bed7,f14ffd64949b8a625bb3ccc714bd67d075dd160f47fd27d5d1c8a53e2f3bf8ae,True
s07_normal_mean_m40-0842,75fb19864d19bbef0174dcf48c1c1b56,b946e97d19d7b7ea34037b9c8e7a4f7655e48bc8cc761a586e694a63b5b31fba,True
s07_normal_mean_m40-0843,8036f1a12fd01d3d206a90a688713b71,3db7eff9ab118774936d16246c7376dc6f763ec6cb9200a706cfb736add7419c,True
s07_normal_mean_m40-0844,e46a3abd0a6680a7e20c7142c065cad8,ffee8322be3fe8804797fbacd202c10a4be9927f3ea2eb5414a0ee7db7fdc6c7,True
s07_normal_mean_m40-0845,afb928b8ede8ca4b0aaabf72b9b44407,71d2781413e284f4618c5dd1ad19752f55dd4b92bed4a853cf8563f8dfd5e9b8,True
s07_normal_mean_m40-0846,30b3bfdcd73b3cec42052e4d8687aba4,d4a452d77aea104a6ebe287be103da87ae67be4d32ab508749a83e12fde76a91,True
s07_normal_mean_m40-0847,889851622d41dbf5936763327d4a21c8,c51d7f8eb89eaae291082a21dda8c8e2644d6b47e85b2f02239c7f1460d2c291,True
s07_normal_mean_m40-0848,8dfc5e2f739f94a0ef46e701f56d19a1,16bbcb1fc2d7ccfa3277836bc7269b0dae184bbd8c2cdf883fb519e3904d9386,True
s07_normal_mean_m40-0849,eb604ece820d6583369130e44ffd1626,217b3dd2fc34d0e7b0454ebdbdce124ee9f895c14111bc5873825c8f368b900a,True
s07_normal_mean_m40-0850,0ba02e3536b21b3ef118e81f2e310ffa,48709c64de557863156be9ad238d4ecd1b7ab0b7d8aefad274d962cf78b0e411,True
s07_normal_mean_m40-0851,c073255d1ab0b4a45e233074f5a4bb5a,758f4e3c6aa5ade7d625a60c67332b9acdc5756c1b9d19b09c66a65d20a76ef9,True
s07_normal_mean_m40-0852,34f612351ab1e6935a5f93b9e569e2cd,16bb9747ef802b7a44f42ea87c94e22174aa9036bf0bbda11fe49f557f799f1a,True
s07_normal_mean_m40-0853,2256bcea8719e3f08d0bbffe064252b3,740721425ad5be860f3ea7344365f420e2b64def4dee563656f8c6e96fc748d7,True
s07_normal_mean_m40-0854,0856c1fb7a2a02d8581bee6cfd71d1e4,676ddbb8821086d6c8aa1e53174c0836a63da7ec9acfddcbb6c43e8cd42a529b,True
s07_normal_mean_m40-0855,03d3221e7a04dae5d9b59d9127fa1ab8,133c19031c8b9af3fbf2b168e894f3fcb89a226610f1a7185d65150ce9588c45,True
s07_normal_mean_m40-0856,83ee296ec7f2e3e4841186c321537a95,7236705915c5dcc55dcbdab6571eeca6ed62abfabe003f3832b7c5307c5b0cc5,True
s07_normal_mean_m40-0857,6aa3563efe326fbc464e14d577dc376e,d61a2a1578e78ba5af9e514c10c8f4fa92cb82a3d96935a45eb3a170d6938a94,True
s07_normal_mean_m40-0858,03db9c1aa48977e3beb02b6a1ab08064,e0a06925505f1a3af73226d671477b116113c9877c3bffb6e1774272da204b54,True
s07_normal_mean_m40-0859,4acbb7dd6608a73f50e7b6adab6558ac,fabcb834af33bdaf87fbbdc5a22abb96f04d8cdb88ffd736ee8f2c521ced9ac3,True
s07_normal_mean_m40-0860,0665dbf259602bb2277e31482aced322,e6e24077b8b91c93116d95ee8f936a5834015fb003d98c2f82b5f1cc209a74b1,True
s07_normal_mean_m40-0861,46dd64e68fa615ce37519a2ef000fbcc,d9d3494d27c21af53a09414e8661563943f4ff2bbbdb63184630bbe4bd01dfd3,True
s07_normal_mean_m40-0862,9769177cee007924f8a1ac41a1397d2a,91227a4a4114382081183e17c7fad3287b98a0c31e7e1f7aab06feeeb8dd901a,True
s07_normal_mean_m40-0863,be76571284b0ca3baf33739c1862c0a6,df7c2e9daeb1551a82a9c67b6b64db39c68e867adb80ae9c8129e7db92ed9b0e,True
s07_normal_mean_m40-0864,c8cc74f311ae9dc3519c5351db4caf3d,536c94ca891759a5ae8eaf416aa52776694b6aed0419dd9165a9184bbdd2a13c,True
s07_normal_mean_m40-0865,2eb8ddb4f7baa841e8bf67dd21f202ab,860aa3690ce7000074878078eff1bac43744d6180cf01180d2e62e2997219b5e,True
s07_normal_mean_m40-0866,0c847d6537752996d8016767cafe6874,1cb5b9476514c26138d99523845045651c2373f8981c55cad6a9966cc7159173,True
s07_normal_mean_m40-0867,182fb570eb504fa43cd157c652b19648,dbaf5a7749136e38482c6e66da0b7b7a7c0d56a87770fd8720aaabe9a672b811,True
s07_normal_mean_m40-0868,d1df965cbb2eed94d18fdedcc53d1be6,a793a1c375b300d63ebbc7e65c70ee5316ae6e0ca131481afb757d31c2ea05dc,True
s07_normal_mean_m40-0869,96148de800a0152c4b7c4ccd0a3a7936,1464277ec929cc201a60db61f28361d04442f1b13894855d0834140def65f7b6,True
s07_normal_mean_m40-0870,a77cfedc5188da224fea45501c66521a,2ce3d95bc2e9209e67cf9bfa90c0eccae9518009345dd1ba6cfc9ac510198d0c,True
s07_normal_mean_m40-0871,d037ff8c7a965f84c762d14fe3515c4b,57e678085522b96877f5c06a845e239c48eb69155eb54c92eb5170693a366ca6,True
s07_normal_mean_m40-0872,c8ac933fb569499b2d6980abba68d98d,036028be1acdb6649aa801d1eb386d1f3d9e448718c867b560e55511722cbb7a,True
s07_normal_mean_m40-0873,017e5b44cd876dd94c2306fbe75a00f0,18e35c590fc82a90eec1c4a0758f3e8dbc9d876fdb7a36d609b9144343414883,True
s07_normal_mean_m40-0874,c868e5750cefeea651bdad19dca5db46,2e8b2c18f54dd61d8caa22b620b207e5934910bd8b7d5455b175f9cb931c9d0d,True
s07_normal_mean_m40-0875,b155d26db54b16d514aefb59ddf498e1,d4b20e0dc57d9a4b873bc7dd77c7bb5c424652ddfcee81ae1d1620da5b64977c,True
s07_normal_mean_m40-0876,b423d883e3b4af1d82a16751f487e1c1,7becbc80a69691096687f2f2364260f442a1b5a488dc776b8214c01b3f085ade,True
s07_normal_mean_m40-0877,3aa85e13a6f116ae961c3413f4cbbd90,7d4c28a4f5730d5225f3be2f3e1c2c82b5c0f5730f297c2e88d33e0793cd7da3,True
s07_normal_mean_m40-0878,6c7e4fdd272a9230e6917a1d53eecb52,71811a6e4172692b50026f5bcf723c5c369d164e39503a1442fe67a5545c6650,True
s07_normal_mean_m40-0879,b83d11daef0c880bcd261a76dd7576b3,ebc8795be2c5b869f5a13680d7bb4743a5148856e706717ba769bff7dd5b1c25,True
s07_normal_mean_m40-0880,66efd163606e46902851eaf45bafdec4,a62ed6f13a81a0f1276ee1e5f96fbafb6e3bae0ae5654150b631aa793aa1df49,True
s07_normal_mean_m40-0881,b2658670f546499309900363376be477,09c76b95cd84ffa2e17b2f5cdd32992a78e218d1b9a6e66cc310ae2e1dcb3729,True
s07_normal_mean_m40-0882,90ea4ddb108c78f8b52369233abe6796,e961240ef159914df487b6c6bb8d41ab5629cb949d36f92d3ec8fae489d89545,True
s07_normal_mean_m40-0883,0f01a7126331844c9a47e4b5e5f3fca9,e200254dd7961f640e057b4a3dcf6a31cdebf682917f7e9d485d2318aac048b6,True
s07_normal_mean_m40-0884,3d6280b96ce63b799ba70cfab11be148,5055f87868130111d2fffb52d3810f7e79200e83e29629a62e748cf448a5c700,True
s07_normal_mean_m40-0885,1bae877322bd10a24bb2bdc5abb12365,607acaab4d15144e31db6019e90041a1e2b15d7d220b2d1889cfdc10fc570dcb,True
s07_normal_mean_m40-0886,d9a59b4e2a490f5858b15da16906a008,303c13dcfb67d715dd0ca0cdd640fb69a9513b104e7ef1bd0e13719778f5e62f,True
s07_normal_mean_m40-0887,7d0c5fc376107e274178944df98bb607,2f6b04771f4ec3745e3670f1a45138ecc7269d30e5420c31fad9e6a77a712c51,True
s07_normal_mean_m40-0888,939566302e17ca13dbd8e130e2a9a74b,52ff9a47d2afeac9512c8effdb9ba3aab52521246f278c7ef1af9df6e05457d1,True
s07_normal_mean_m40-0889,30e74dd799c04a05c795b730d29b2cc3,3f7e74acd9d062c22d55be550a0d0e95e3c1b4c4b1f791d11818495058f8f505,True
s07_normal_mean_m40-0890,155a6d8e5a8b8a981314a4d5e590eb7c,040b87d830d53a1c06e550bb28763cdb64f14695807cac5adabf4ac41add8f32,True
s07_normal_mean_m40-0891,40e1016e3a218239fb02f3dac595c9c9,64b177ed0d6459110ed149e3576fde68685203c5935c598676fe38f761f36fb6,True
s07_normal_mean_m40-0892,ebb0b9d551517a42a742121d764312ae,4bbe5a745598db08445491765b3f74fadad20e573ccc88fe4155ce7f6ddaa0ba,True
s07_normal_mean_m40-0893,59e8814a2fa74daf048cef59f3d7923a,aa0d4d8a415ab298538ba72e6f3e0e6e452b78dc67c95469e7f24179d722b861,True
s07_normal_mean_m40-0894,56e209749427831fd4a24505f654a915,f4f9c205bb106f0d0938f7b311b91b6e29af506b3a819f3f55355f3fedc7c9dc,True
s07_normal_mean_m40-0895,8259339e32a3a1f1c4459e31bc0b7e28,89ac6bebc54d3cbf3e4b248e8645e99b0d2ea1e73d2f3e7aab39ddf0382d8ee6,True
s07_normal_mean_m40-0896,81e591edd717efa15b3b90e8bd091e50,3c912554dcf087efa0c4aa773c2c190c848e82f04d7093299f5b2d7c977ec96e,True
s07_normal_mean_m40-0897,a0a2750accb7509791c66226297adc13,625dd5b7d1abf460e4c6e60c929fbe74d47108c910fb81a588fc2ffdcb83ba78,True
s07_normal_mean_m40-0898,8616e430a154a3cc324debcde3793a6f,29654bb1fa6288eaaf9280ae24d24ddada16540cd872dcd7c7f3d2b6209304ef,True
s07_normal_mean_m40-0899,4e802e2b89161f6552a34ade75eb17e1,59ce6eeead77b28c7db3ef57ee9285f8b24b78964d8f516c8f4624bb2adbeabb,True
s07_normal_mean_m40-0900,98a7a5c4bde180b391ec589d81a01400,9ea1f5782f74289541c22a9b4dcf0faf432bae79b5af24d0ccde432dbf3b9b12,True
s07_normal_mean_m40-0901,5ef3b4a62bf7e936909d40470f354725,85a4b8a7527f681af8b24c457c525be919205c27d5a57bd9f334ec4600eada40,True
s07_normal_mean_m40-0902,6cd31139dafa461d9cd4e324a6062e4c,fa45154ff427ba0f9c3f97104b9c2e51df2a9df46463e7af7e2e7a62c0f05d4d,True
s07_normal_mean_m40-0903,55c896e58a2d37c5d3fc1481bdede730,ef0c67ee3d8e8529405d52e324decc5d443b21b55fb1c8690e6e5a939d0ff881,True
s07_normal_mean_m40-0904,934cb043cc837673ce51b47d4d3f0292,31882572bf1bfca08a9577aafe377a1388e7d1db2a29b49c0010709307f3ac7a,True
s07_normal_mean_m40-0905,71d909dd4d59b16933ef7a9dbafc96a9,06024ea459d197e5501e92057650289d6da0246fe3722c30896976e36aa1c71d,True
s07_normal_mean_m40-0906,705cd86a80572c36d89eb9c874567fc5,9db4ff1cb28d0c89c6b39a520142784e9cf11068dd94f7d5aac63bfa7d0ec9e1,True
s07_normal_mean_m40-0907,4cfa19b0b4cfb070b8377e812882a567,518fd4504dfd3915d8f678cbb218bc47cf4ef32f18aee1564c1b1340057ecb42,True
s07_normal_mean_m40-0908,911b90d87e12411f2668a5517c7d063f,938cdfae32d749c36a526160e086903a117f672b9b8f667befbdc3ccd7d0b6cc,True
s07_normal_mean_m40-0909,5987cd8e2ae9c4f3ae81cd764f36d967,8e8f17052543a2ff5741f206373c69f6e28b762879c0fcc5f3c47702be302317,True
s07_normal_mean_m40-0910,c854c7da85dbf522df5c5193f5780de3,f1d94ca5ad551a51be76b9f7f87e1dc04f2136faa65e57ec0928cb96909334fd,True
s07_normal_mean_m40-0911,c96be09511e35a085809082534379728,775492dc6ae0c67d4d92a9e247a08d72f01765fa6c163d6c431f296012694eea,True
s07_normal_mean_m40-0912,c9a2773dad7645844b90cd64ff06e4a8,0875399453c1d1f01e96da030d9f1bfeeb84e79ee7b7a4872920d072ccb2e58f,True
s07_normal_mean_m40-0913,4dbe556d7e49b0efb38f031c91f24ae4,b68ebb08062d7550813b38be9aff8e72462845a00cb6a3218540ee1709024c1b,True
s07_normal_mean_m40-0914,fbfcc48b436e305863902d73f1a92d63,7e8089085d95e944167744c939f94df37c21dc879cea52b6bc43bbcdf8e732ba,True
s07_normal_mean_m40-0915,cc5af24415fd8728de8648eea1cac85a,d51006bf300c56014ed55e915f94e0c2b3558481bb03dbefce58fb25c38c3c1e,True
s07_normal_mean_m40-0916,5cc667d55c0687609c6e54e90a1ce264,be4c3517b01c28d88bcef92ddd6907767ca5f8ce72d1515169a5e51f3499ee87,True
s07_normal_mean_m40-0917,4830b714c4de6805324e3ce90a745b8f,f1bc11b992bff9d51d37ba7a8710067e593bd51e1f5715a3080e4ca4ec047ca8,True
s07_normal_mean_m40-0918,9320b6cce469ca983282bbfbfc8198e5,978a29968a754a0de428246ab307ded26f0aca34a006676f2731ec934f7fc7cf,True
s07_normal_mean_m40-0919,c81cd64b9d2d9d64a2d0c5430838c04e,47fce5c9d071bd622e42a77856b89b2ce75c99691d91e4083fa74167352892a6,True
s07_normal_mean_m40-0920,b2520fd0ec156bada55bf1ace618bd7b,5a5de2779779ccc059a9f0fa003a73e2e6fdb66490a44b9314c4f4a01431059e,True
s07_normal_mean_m40-0921,f8066dd83778b3b6724866b027ad99c6,ed3abcce42d6d3724a6a7c64da8a76c65b25d43a9926e69e74da12b28291c564,True
s07_normal_mean_m40-0922,1c2feca31bdbdcd49eed212c5a89da41,230e149bbc032492f66050be7310d9389d78c9583d3f255fd868da9d21ed8eee,True
s07_normal_mean_m40-0923,4ca8e48f94a523d35f1eaa883a10de44,632f7d18e6f09819fdea40b2cb6f55fd8828508d859537750a3aefedb4db3342,True
s07_normal_mean_m40-0924,d50934adf41846c804e27aa15faeda37,ba79ac310cb5616d272b7770f67cb74832cfa85f9e986a6ded3939a3d4f4a867,True
s07_normal_mean_m40-0925,e984ab83758aba952e650e48751d3990,f87b4dacde4d4f52bb086443401faaddbf36cd9db8aa5da85222935252494c8f,True
s07_normal_mean_m40-0926,b7c6d6c79159113e46a9a6cfa78d74b4,56b03072473da5fbb27319d8c069d67143cb7e613ccdd8ba76626ebb637c25f1,True
s07_normal_mean_m40-0927,fbe332d5e0b70d028e380a6662e5f3a0,ba0b63b0e9ca03dbf6ad9166df865600f0034c1fd806774d396af1f6eec05e7b,True
s07_normal_mean_m40-0928,46d22bdf8a2c2bf3f36ffb52ace85ab4,9c8486aaea519f15b1b82eb0d6512c3f4df5f6db2988da645bd0a310d0fd86ed,True
s07_normal_mean_m40-0929,b85028ad6b6d827dbacf24a18cd552a1,b80f10e10a4ddb04bd11f2dd2a62a7a97f6526cd4aae1f5af1f35deed24b59a3,True
s07_normal_mean_m40-0930,e7a41d445a4ec69f7bb1c74b03c731ba,d0686f929cf1f98156df9c6b00f10f543cdad10a6c9bcb835fde406f51a692f0,True
s07_normal_mean_m40-0931,e38fc4c059815e1f9fc08637a4b92b15,4f9f57ef98a9ea97dadffe965faacaf708152ed288e01f11475c50b875add3fa,True
s07_normal_mean_m40-0932,18dc0b2a5d1c1344e37848fb80d4fa84,5c1edee30480f99cde3db4d7210332aa01687b0be8ea53b4f152ff5e3ee2b7bb,True
s07_normal_mean_m40-0933,13ddd80696cbd66c96fc7839879c23d0,6204bcd1fe6b2337002eb7ebcec57d78465f0327a554a4d22d55ac830bc7e119,True
s07_normal_mean_m40-0934,cc9f4e89268d7c5909f7025b8c69aa31,02a4215db85321c40d3e83769f52d54fc7901118585888929d4616345d8544f3,True
s07_normal_mean_m40-0935,eff0272944c1a59befd308534ba44fe0,b80137841398bbab1e5a3ecafcc13234f922fb44ee7bfa8480735d58203f4976,True
s07_normal_mean_m40-0936,cb8b5530f72223750a3cd7796d9b4ec5,52d996e2c9d0da45df8ea21ac34e789e54741cec010c1988ed64e0c5a282fb32,True
s07_normal_mean_m40-0937,8f90f765f71664f9edf4989cf166726a,56a3df3508a627fe44425010e30483c9a4ab0d82aa722c25a1ba3bb088aa4a3e,True
s07_normal_mean_m40-0938,b128190499c1f243b8a3a2ce51e6fca8,d06aac0e3fff87cd51c608667a684e13e4dfdbaed088a431ba523347d76004d1,True
s07_normal_mean_m40-0939,399fd30a7be82259dfaaa7a6672d0f2d,f38a4a94b343998249460a0141c85a65214195be2cdec9bc1f8f4a2ddeffc003,True
s07_normal_mean_m40-0940,7b4096b257a43c98439d6efaa6f0e28d,75d1db2a2c4ccc0e072295d6234f2d436f918625ae6249df59ee315b7ed31565,True
s07_normal_mean_m40-0941,69f33b6bf9d9de1babdbe5dbe65c2292,9ed45845dbb634fa0179cd030ec7d1622f1365b826fdb8454e43237cb732f73e,True
s07_normal_mean_m40-0942,a0a94d8b379556bf142a398c792b4bdf,38590643687f929f8d4d2e619cef9da7e01a4e08c3917cb00cb2e6bb2bd50d5a,True
s07_normal_mean_m40-0943,0999224edae6f7aa395eeee97b970a8b,2e643f8762b2cca57f9855a3674222e1fcf109ca53d62ffb5d3ac5e177bab001,True
s07_normal_mean_m40-0944,7328d072e02c737393ff1d29b25232bf,076ed04ca28e33f1af63470ac6cb516cc4cf3acbfc47a3ccc5fe7d6b78a2bd1f,True
s07_normal_mean_m40-0945,73035e61fd067a4509ccacbc4bfc9e2e,75e90c9f036362981df873a7ae15943128fe7338eb20a21679ef99df0fb0d560,True
s07_normal_mean_m40-0946,07283ca229931d16ff750acc0e17c82c,c105b89b9a87957cf3599dc10f89ffa8cee88563aeceec9a31bdcd4f613cc33e,True
s07_normal_mean_m40-0947,ea43628d9300ea1b1e3524708434fe54,00a4ab4059a005ab476df090e8e588a8e736efa3c30cc7a87b104ec32ffca273,True
s07_normal_mean_m40-0948,d2c33911401f3a6265d24a93b24e72d5,1854db049d0357eca2985de6102d83e744af67fed9dd5890024df6b8c5adbf01,True
s07_normal_mean_m40-0949,acce768880a64125642128124721ab1d,4943180825886e33a49085854d37610a24a774978329fde142df4259a0c2186e,True
s07_normal_mean_m40-0950,672139fff6e668277288413e3e72e746,3bbc3bb75d7d2f2731933d7eacd29baa2b1a07e340b47e3e86bad57a46486af6,True
s07_normal_mean_m40-0951,72622f193b38a40b37224f758ea97425,7554f0e19686861e10dda205f119ed23314d83fb47c1d3088248a8c8260c772a,True
s07_normal_mean_m40-0952,2d21ac7f4d02fbd8bbbfb10192fed5c4,39b34d5f4e85ae59b561f64cf34ad58f4388e716e22fb2300868c28c0df6aeff,True
s07_normal_mean_m40-0953,6b5c638dc7d2b3a9e91daded2cdfce3a,240290a03d053e67f0682995ff0b4d7623ab8740c15cbe4e2433c88597ece89b,True
s07_normal_mean_m40-0954,ae3e9c5a12c97020a32d48440e74e7d5,1552c90a5cd6a6dc39b6c95761ca9fde958d12fe57cffc0128900a73ff500cbb,True
s07_normal_mean_m40-0955,2d62f0f6df151b0e6f8553e946c14d3b,3a9e7a4159f8ca404d01494be05330bcd9b70f6cd29eaaefdab7a8bf60a54a1f,True
s07_normal_mean_m40-0956,b381c59946c7b3b38976a6513cc7c3c1,5ccb1ce93a57adf9c6acf24d99a92cc2bc2c88d0312afd7c1a7f0ae0bac6d187,True
s07_normal_mean_m40-0957,4ffa2425ad8cdffa5122e11967d0699b,4cef3fe6da49a06d36f1df99e9c592df9b243ef41342766eb464d24049bcba2e,True
s07_normal_mean_m40-0958,c35b5e02a1527df12e87048f5e988f2c,ccbe68d2d82785d15abd94233f54dd2115eb256459a0247b0a5a3c86461bbf55,True
s07_normal_mean_m40-0959,a94ca18d62770751bc97472237bcc9b6,4641fe830e4a59d103d43c34167fcf73ce4ade375915d9efcd4b12a4b3225859,True
s07_normal_mean_m40-0960,5f06d11220532ce47b25af1fc83e526f,07a7c149fe19d7d700727b5364023d2cf153d77589f7f6b1fad3f3cc79dbb1a6,True
s07_normal_mean_m40-0961,8c8693fe1013caa24c0df12a8c8f2835,a3f3b4b324fb08e4e7b94d7595f162fb6a7368b77f0b2213b21335a0da477ca3,True
s07_normal_mean_m40-0962,0d65754c7d96d4cf19a2240eaf0f0fa0,4175a15dfd3ce5c4a7e390364562d45c528b0a10104cf347d7c94f41bd628cc0,True
s07_normal_mean_m40-0963,58579419c799c043e6315a572e1160df,06a708318cd56ef05f9dbec20abdfb89e3e05ab940f75d8cc2f03b576625e26d,True
s07_normal_mean_m40-0964,78ad327c04fab157458fee3e86ef2d6e,212bd0b35ba25e4efa7bc14133628011cd0d5c43b498e852fc19609740f0f3a2,True
s07_normal_mean_m40-0965,5893138f81fba2864e7670dbc07846d7,c08b8fd61737624cc6bdb7529d83c09a6c85920264b42e374bdbe85f320d1f3a,True
s07_normal_mean_m40-0966,c4ae5abf2fe32363c549a8d3a8305b69,2d96fec802a90acde6b5cdba617bf6d1f88e7551aea4e533a272223b309126b6,True
s07_normal_mean_m40-0967,992c55f63966c3f3ba68547f4c5025ac,c2dc88da7981b87345c8518643afd4cf44acdbab76aedb2c0884c3478749263e,True
s07_normal_mean_m40-0968,c0a159c829550a28e0d1bedcf5868d50,ec7d86406272028aaa4689e7e84237e864d3ce390d252d275efef4b01cf040fa,True
s07_normal_mean_m40-0969,65110b7f289d273ad6ff7f92fecd47e6,72c8e5a3f33052352e12eaf87b861911a8639b10bee6443e8a035b8395d728ef,True
s07_normal_mean_m40-0970,b0b301fe1bd44e7d61cdf91e8b795e9b,ed6a88e0be80f4c25e9a0d96bd59b6e0fc80f939f18ade3db8cd3a060acd6cd6,True
s07_normal_mean_m40-0971,ffea3de1c90094917ffcd86afe14368b,b8d8a3b39edad2b5a9974656909d2977217103664c146f55d6966f9015a8e635,True
s07_normal_mean_m40-0972,99a9bacc8c1e5dbde5c6c6d2d960f756,71201c6de936d20bbe921414beaf744775d0a11717bfe64d64f2db737145b5d3,True
s07_normal_mean_m40-0973,4324574db13b8efa9e4d47b3012e2b47,65193a8192d8eb123d6bf53e44aeec25f24f8f37367b9f454f395ce94b7b4543,True
s07_normal_mean_m40-0974,a8a74180b88076a268b739739c111105,3a7a1e8711b3536a79cee52454d5b564dd31cf59a8d768365940b094bc3bdf5c,True
s07_normal_mean_m40-0975,d4b2c938aff4fdce7cdfb27a3362a8d3,a50540fccbc53ec501db14b34554864f7bd10549d90d70a26973ee49792e2785,True
s07_normal_mean_m40-0976,351a2cbab7c917fef6185081afa287a5,7258e8e7f9f8d844444a721856fc7d94c0a797c040854fa18d4444c6aa616d9c,True
s07_normal_mean_m40-0977,1fb3a778c2c2cd4dc7e960a4eb809722,4af6424410b31f0512697bf5f341f09ffbcfd02c15456b7b13cb552a650f5faf,True
s07_normal_mean_m40-0978,74a1383d9a7760346dceac8c82b8446d,8d3da10332ba8d01c0b636b9d716920e935ab2443b0bb1e9a6ac2227166c370f,True
s07_normal_mean_m40-0979,f7b116ebf2a2190d218d89579b90ba1f,add7c73906113b25e3964c3a4b357740b9cf96f393d23238a5f5a43760f1b063,True
s07_normal_mean_m40-0980,ca3f220f86ad821f3b7829289fb815c4,dd822cf44ee2deb08a63b4ed7517c20a1f92bdb71354fc1cab0a5bfc3261fce1,True
s07_normal_mean_m40-0981,0d3cf979adc0a37bf02cde10e3a15cd1,5a770cc21c34440f06e313ceefe537aa67ed61150578bec15aa2c08183f9ca25,True
s07_normal_mean_m40-0982,dedb7c3edc0a265e60cec997a49eb21d,d10e309e89b995fb828ffa19408dd608b3ea38181339976a63f46e040561f227,True
s07_normal_mean_m40-0983,9fabe0c0869b65d60f7ee0d36a4638d3,218aa8c7873c62945b627726d34f3ff151ffac970379e6671bcd81e1914a1ae5,True
s07_normal_mean_m40-0984,345e99d53088f8469e65ca2354aee6b0,791adc4631736de07312ef8cfa5105f31f993bd2d0476d5b251fdcb98a42b6f1,True
s07_normal_mean_m40-0985,aa6f5593d0d39804edf923a43d400744,4b7d451915250bd435317dd6cb9c41c38b5b06fa48f223399e1bf850a5bcaeb2,True
s07_normal_mean_m40-0986,e39fce444e4b2ceafcaddb8a95f59046,30ab66f92817bb78052a0b375d6ba17bfa14144ac46a95b8009e2f4e811ddd8d,True
s07_normal_mean_m40-0987,a0659f4d9a07738e50250bbddd1b88db,b63faa7c16cb20d59d9b07a8061ee22e4e5047f349c15175d185b6b4b204c385,True
s07_normal_mean_m40-0988,8979088dc34a00634397bf24099fb741,4b35aba146154f5bf3d585f14f7aad847dcb60f95e51ac613364a7f5e32f17f6,True
s07_normal_mean_m40-0989,2de1bfc30eb188ce48a69c8143ed5cd0,8b80f068be289d54c1fbbf89ded806244c13d2b824692d06edfb4b1696aa7c2c,True
s07_normal_mean_m40-0990,c0a1378e7a5c49f10908d6898ca8b2d9,cc92ef6bc4b21bb8ef45cf378fb33173bb58eac49ce3951c87a5428297099388,True
s07_normal_mean_m40-0991,a1b864846a1bf7ce049f8ca256dd14c9,366762c20a623f396c25f8d57a36455a8828e14c12735707a50d79087b25e20e,True
s07_normal_mean_m40-0992,9648cf81acad92b7ce12c4842fd44591,4797261d8679e4172ac5e0b32cb5ef09d9893f542dd3da346fc955c120477372,True
s07_normal_mean_m40-0993,7bdbe9d3fe9cf79a9287f4e2f912aac7,00955d6308e367bdb9b3fc7f930fa83809c280ad72652b5534abdfa1330ccab0,True
s07_normal_mean_m40-0994,d6503486b78575ce14b102790bf2d328,23b1d2598c55200e79b4a7eb06e71ca39a148b418b882a7d474da609dab78931,True
s07_normal_mean_m40-0995,0800bcabc0813ac38cf5547c2644e372,db9e5e7e0256baeb2ce8a2c822d7804f71424404f01f37c48a3e30efa8bde4c5,True
s07_normal_mean_m40-0996,faa7bfe167c80bdb32ad2c2ec8830dc3,793622de84d17a5813d4b7bf50e35259877aed5e117a797c0a26141d838e68ac,True
s07_normal_mean_m40-0997,b2849b10a0aafe2f534270b23a2624d6,763654975621c21f44cdf2ab1c5ba58db8fda41c193b483f75cc139f9870375d,True
s07_normal_mean_m40-0998,aa37eb7cefc911d8898908e2eeb5a6d6,2bfffaee5c1706055808e85a36cc6df01d2633688008adbce33accdf61132881,True
s07_normal_mean_m40-0999,4295d5d508d7c203c5bac8c6217a0d2a,e04a1647f8a49e87614a1ac96bad54ce6b84a39e4eae8d20dd75b8672a616304,True
s07_normal_mean_m40-1000,71c09e0dd62b70e88fad6850603a6c61,9bafd97bdeb1faed1228fdd699e38b99733c5467a67a11adb0659ad161a594dd,True
s07_normal_mean_m40-1001,11883c70c00821fd99adc7015f480462,136295af33a9f1ab0c8bb70e4b3670026ceec199fc6d67af7fb49de5880623d4,True
s07_normal_mean_m40-1002,a57dd448f30107d084f8849203fc6b1a,97967f315e1c7632cb81a009b88eba1b863bf2689308f829e3a3170fbd1558c4,True
s07_normal_mean_m40-1003,b077e2a273757e50f4109ace6dbe454f,63d5745804a88c0174ada0eb5806b6ca473dce2a66df6a5329ff7d43e37e1ae4,True
s07_normal_mean_m40-1004,4569467e8593aec88e4aa4411e9cd303,55a7e4c0aa8e15cf049aac304bc8f9ebe7285c7f9f3dfb5f1f865e0c27dd1d75,True
s07_normal_mean_m40-1005,9f4a5e2a1feb49f33b3727f80b7d67df,a51ea018f423102abf44d56563a12a5a2ddf5c3fc1bc65d1d0cb8d18a0c666b1,True
s07_normal_mean_m40-1006,51eacc62419a255ee28a78cc757f8ae9,204215a7aeb6b7feebe4e6242bbb63a1878a0d22e40327c8bbe9187311950a0b,True
s07_normal_mean_m40-1007,67a2319e2602601471cafd5f898edaa4,3787bc62da1c5a39c789e97fda3cc4e6e0be034ec5cd1abb3ec83aed0d2da65e,True
s07_normal_mean_m40-1008,3b63b72f5341015b0e4dc96bff431990,9714da3acafacb2f099e3e187fe9aa7630d3a1445c9e8f83ff16c73a8e255ddc,True
s07_normal_mean_m40-1009,352288a7b1cb6035ed93ff6aa9bf02db,0f9616f51a7338c6daf5e46dccde8ad4dbe078961c9c12ff2f6a41a7c21beedc,True
s07_normal_mean_m40-1010,0b9c6b7d3d69fc49167769eecca8fd18,6a3dc8b98cd6e395009b79ff37dd9f0fa186c585e9510b95cd5cbdf63300b309,True
s07_normal_mean_m40-1011,876dace5d2952da9950408b4b7f55aa6,09a21510b225104576231b2ae007b226fff71b9f0e2cb28763b3af89a2ca01a8,True
s07_normal_mean_m40-1012,88ef7093ac21ae77ee3e54afbdb93393,73204742c1edc0677fc8b079a2f989cb23939ecce0066d500235a0b39de774eb,True
s07_normal_mean_m40-1013,4b244f75f66ed105fbed4324728315ba,ffba3994926e2e34a552229587a2e284a75cec0ebb818e79b8c38efd288432e1,True
s07_normal_mean_m40-1014,ab8b5de68fa7fa353fa12c892513e2c6,5416f2bb277cf8685dbecd0b08f06699e6ad21d42fcea1cb1a819b02e3b050ae,True
s07_normal_mean_m40-1015,50af64dea64adf477b6f8f2230b6b46a,2cd3c0fb747f83f31a4689125e207310703335d237fe456db46ab19fcc0b3a84,True
s07_normal_mean_m40-1016,a09c8da91311c6a6fc2252201d83ee56,3af9f94d35558a55e2588751b90fa387028a08fdcfd1d305402dfa4cd1f9db2e,True
s07_normal_mean_m40-1017,d0f6c2a15b2193efe81ef127dc0d63e9,3d8168f4fdf2925d82ab9b8fed2e104f1cd303fa240673f732043f6244e1a93b,True
s07_normal_mean_m40-1018,0f478adc68d6239f65c4e3599793421f,5365212a8319cc56438317ce19f8545e66f7b1ca845565f5d0d726c8470e640d,True
s07_normal_mean_m40-1019,8a98fbe33b2c5e7cddb684af2af6a3ed,6752c078fd031bd6ffb651cca8f5c3bfb53f06f1115c43f7a6a157cfb30bdfba,True
s07_normal_mean_m40-1020,657d8e5c5fc43ef6f6b5da29bfad2b8c,ee491741fba0a7e1f99496bbe57e3942182f034b7b7562989292ada4a143b98d,True
s07_normal_mean_m40-1021,eba5cf243cfa94a49752372ec51f8e16,8f3376b11e20ba741618aabc768a70e1fa13d2eebe692daac325b70be1288426,True
s07_normal_mean_m40-1022,03c99844fc5ff433af57490e4a21fe6b,f3fcf1508bdaaee9a7bd51e027cb4405611cbbc19f4dc8c646d6db8417d92f0c,True
s07_normal_mean_m40-1023,ae6ed4914b0ff26a6b39a6e7a4e9feff,4da3b2683fd10283e6078c332db9b511f7f81bca497969aa70d59fa7f6c50c7a,True
s07_normal_mean_m40-1024,b9a3effc797fd7eeda909f0602c24315,6f9ed7f8b4449da914924de273960f2112649f7cef9194424360bd9460636716,True
s07_normal_mean_m40-1025,c4e17497164e86c7b10e1763cf538946,679bd9d2e740fa5e10d134ffa9ca1e92c1914c0a7614aba1554b5d10ecdeb3bc,True
s07_normal_mean_m40-1026,b09ee5c73e0fde232ff49f7825997aaf,9bed9ad23111aeab92899c2e5259de07c602176d05b2ca50c32c08c5ddb31d42,True
s07_normal_mean_m40-1027,b1b329a28dc710b21f1037012cbb2c0b,1fe67b58141ba6c10dea0c40222590537aee84cd6343e77d8d11d9c311fbd82a,True
s07_normal_mean_m40-1028,b2d8dcc7a324e49870183c2487455e2b,37e5b3a865212e6d84ec6de148bf5de7bd001aaa2a64cf72492bb63c49ad58a1,True
s07_normal_mean_m40-1029,165afb9e2371592e8171e2ab25c640bf,48f883dfefc09bb5811651a3ebc380ed3abbb2a993af9f6c1c46fdd8b126449a,True
s07_normal_mean_m40-1030,3324f0ce5fe59aad7b99b187a56a0f6d,8f8f78e0b98181a28f671f80104012d63da25535779de1c6baa73f124d2256f0,True
s07_normal_mean_m40-1031,179b931bf417dd3161f019db9f3413d8,a56a1c8568e2d59e1725cde11535ba7e48c623ba22f549a7a532fd4ca7f3d0c9,True
s07_normal_mean_m40-1032,176ad64452d63adbc5367f86e2879b40,aff1357c4693ac50df9cf200b80b0b53ac4f10c2e0e118bdf284ec69ba07606c,True
s07_normal_mean_m40-1033,23b873022816c83451b8fded10a9f238,f69d47c0e4fd8912662b4341b380452ff0dd5fbb1e9fefa31e411fc9ea9aef45,True
s07_normal_mean_m40-1034,03fa37d4497299229c9e5de0a486d8cf,98f2567160984706de67aa1b631089bd80ba68aab475945b4e7c072c30d3c049,True
s07_normal_mean_m40-1035,07c4d35bbb7cfc5b6bdf138810731d10,2cd9fb0c985ed4555b9bb2fc146b730af3366c1eaa866dedfe689a3fa48d3c9e,True
s07_normal_mean_m40-1036,8ea6d50138c7b915d71b4666cbef013d,d83d23c30b1ee91ad7ce04f0bc26ddd1bc96a4acc61b11b50c600cc7abef37d1,True
s07_normal_mean_m40-1037,67dd8a804bece561dd79d923c923d340,62630f7132248ef77eebaa35e1fbf408690932f46754b6b28a7c16c7670a6d28,True
s07_normal_mean_m40-1038,087a5c0dc0f8b354504e0090337e64f8,287b4d4c41700f5573889b71ce1c8fa16b6f1b44d1c684f50d2c1eeb1b66e310,True
s07_normal_mean_m40-1039,060a8e3a69f1e2d7841843e3935194ef,3f1d81cbf5fa12e6afdd118eceaace244cb18783aa755809fb1c778ffd74f040,True
s07_normal_mean_m40-1040,a718a7c1319bffa6c5845c582ec5a809,e46b24803194ca784755a39c72da2e643eb83aad81c48c9cc6fd3f8c139f946c,True
s07_normal_mean_m40-1041,3d1627779f853f22b1ee1bf08d2faadd,6c0cecbc12e8c91f124926f6d240385f28b750922ec55a2875d20c218fc3baa0,True
s07_normal_mean_m40-1042,61c079e3ffde438ad0b0014274d455d0,070a7c08e32c17e64e9bcb62ecd77fafec1bc84a38758950b58747ab6b9b3656,True
s07_normal_mean_m40-1043,8cd704609bdc51af7ccab8c403f83242,b8c898d5deea041a09529217abea66999dfea1b55459e5bd851c755c53e07d51,True
s07_normal_mean_m40-1044,5e178879ee80318b354264cea611d003,1ff8e814293771506fba0f42d4f20a66c115dd8eda4f295de4bde65f0943b458,True
s07_normal_mean_m40-1045,154925ab3eb510570a0b07e51da19494,4268d99cd485c53eaff8b279223fe72ac2f20e37b56f5f85b5578c796860f9a0,True
s07_normal_mean_m40-1046,7212f2e68ef330a8d2cc004734dfd6f1,5dbc1eb775c6631516247fffd94230dd83781b8a224c13f100c8e4c65ffedba8,True
s07_normal_mean_m40-1047,c97251c8ad3d21b7e8fdd626a6fd75a0,3e24c240d5ef296938a93d3c8c6bdd71683c8d5dd71002ce6687154bebbd0388,True
s07_normal_mean_m40-1048,daf0c317e59b3f8f32d30ed2c3b270ed,a44144938bd51606ef1cb30773ed5bd834ea767dc65351775a58c242722c8a5f,True
s07_normal_mean_m40-1049,2496a95c31be557d23f798df4491f627,e04c498554953977ce4059e2ed6d3e214353e05881cb02428440fff5fc9c043e,True
s07_normal_mean_m40-1050,9d98b5f1fbfad84410d772b49f553c97,4512d31d8a1142a5226efc3315059e612c782d9db767bf4bf33f633be40af5e3,True
s07_normal_mean_m40-1051,c81d9a3fc054ca39d84b45be1f41e7ec,a356f1990c6cde9918efa08ddf0ba4dc37ec7b4d5371cbe04ce72bc8d94516e2,True
s07_normal_mean_m40-1052,e4a374fc48056afa65c9d3d242abc8cb,192400e70387d15dae5915c52766c8bddf696727fbc7d2fe7ddb6b6f5a0dbbeb,True
s07_normal_mean_m40-1053,3184d98d19d880b1577b69f6f7941eb2,1ae2f0e179bed67a5574accca1578b77975b98043b69eb575575f51093730dc3,True
s07_normal_mean_m40-1054,6fb7d9443962e32ec9bf84021ac9a13a,4a7f96cb27d5eec5477894d6e537840f80e61f54ceeeb2816cd0943a6cc715fa,True
s07_normal_mean_m40-1055,af981456de43fed21a55f818e7935ad4,d9969c181f5080ea5285caa266c1c5b8c214f3daf93d156a3f6e0e00ba905af2,True
s07_normal_mean_m40-1056,567307bb976aa01073e26bdbecbff2b5,9ea96e4e48d1f0b29584fbba147c7b3842f73d65e65a8d5cadf2010536112617,True
s07_normal_mean_m40-1057,e473dff3b118aaee8ac6a986270f588f,30f137a08f5aef951be6473f1362cd0102c3652d8cb9f9cda71dce0e0e131e6d,True
s07_normal_mean_m40-1058,e6a71bcab981085d44f817a77426c879,64994a0cd5de8aba7df16804ad089535d29532dd0997c63c9ba0a468bc794ad5,True
s07_normal_mean_m40-1059,fc6b497032a155829554f99215bfb53d,88684afb07c87b6934c5bb0049a8079ef2c8a07709a28740822ca43659cbc31d,True
s07_normal_mean_m40-1060,739134e9ed5523da26dd16fd6f2714ba,d5173474891b035d97c23fea76e6f4a9fe34733a179f27223ecb0464be232dad,True
s07_normal_mean_m40-1061,4922526d6205186e5fc360f9301f994a,45cb853e3483ed8ec9d6f0d16fc4213f1ef5b2d13f8ae4615c089d62bbc68179,True
s07_normal_mean_m40-1062,9705f0d19465d01334534b42c430b4cd,a8779bf9fb140d03aaaf2b6f0ab597305492fda76899fb1d2ec5389e0f87002e,True
s07_normal_mean_m40-1063,bb69c4f1f3a9ad8ecfaa2d4297e176e5,f5d8e0a6d5a5bc63f999e467b97e1a6100fe9872d4e68033e67685727e3988db,True
s07_normal_mean_m40-1064,b00a49b24cdfe8516d7c8cf1f02201f5,347c32cca78b48bcecdf26aa2f3dc546c7dbcaaa58f2e00f88d147b58a56a04d,True
s07_normal_mean_m40-1065,9bd6568f8e09390c8b63df14580098cd,e27d7bba29b2eecb7f442f0d2d9fe90f8c9c3e89feafa4a322d65288747330c4,True
s07_normal_mean_m40-1066,ad9eaed51079de068f19d56c28fcc5f2,4e237aa2d32f579051b9e14accb356d850e31fdcbc9d3859a6bb47f389b9ac30,True
s07_normal_mean_m40-1067,e3cda71e9a0bc766f30240ed252cacaa,9d137c958c4da111e3a989abcd43d85ad68bb281ea485c2313af2a4eb4a837f8,True
s07_normal_mean_m40-1068,c6da339a954c52272acac0f6abd61d3c,ad2f51dc6acc9332bf4bf7313564545a0a4b657b20125df852029a7d2810c6a3,True
s07_normal_mean_m40-1069,2e7ba97933b61400e470b5769842ffd4,ff71c34cbf1779122dfe6631ac37262d37cedb4a05a7c7fcce7ca8b3e1afdea1,True
s07_normal_mean_m40-1070,ef0464a80e35c54cb7ef58ac4cf78a7b,1daee0c76b6dc6378a879e8bf6453d8f66d0e8134c45db9ddef4dbd61b7a6552,True
s07_normal_mean_m40-1071,6dcf829ba0721e37feca97be509920f0,d340cc72013d4c43e29fe200acb65ad1a723dd075da00a72ec853e2db4987a02,True
s07_normal_mean_m40-1072,b13d4f3107ff7ebc4d626a135a9f91e4,75de9d235f90b2fd4010dbee0a271ad67232e7c0101bb562f1abe151176662a1,True
s07_normal_mean_m40-1073,dc2cf7596771cbf1a636dc79e4bb282e,8960182d887fd7cc6caade443c047bc943fb64a33fe0baf014245bd9752be854,True
s07_normal_mean_m40-1074,2750f5baf90c78a51bf33dfe858ba832,a1f521070c70940730e00a58bdee0933d295eeb085078d7b21856b327ad6a8eb,True
s07_normal_mean_m40-1075,28ee9b314ba936c9054da409d30c84df,98e2a8b85b5aed18f6adcb74c67ee9c8b040663bce2689e315b0cba2c1a25c85,True
s07_normal_mean_m40-1076,f6fd721550acac97411be935aa636f88,aeff1c06fed7af9dbdd9ee337f4d0bd6ec50679ea29f4c74281678b405349e35,True
s07_normal_mean_m40-1077,fd12d6414d7bcc45cff2015be2197822,a1b305074c9646a0913a35b252bfd64fca96721db46195d913b626eb17310d81,True
s07_normal_mean_m40-1078,aac722dfa8765985ebbb8e7d5195be12,af0a14e0f5992c6c5467f96e02daeb9748292235680ec4091502533558758362,True
s07_normal_mean_m40-1079,0a924f6a249799e986d4b74fee4764dd,cf9b7395c219dd92aa999c04f869b95b1a785d41adcd7642522674e1ab87f0b8,True
s07_normal_mean_m40-1080,d09530a748ec058f84382cdde2f2de2c,3d8e1110dda9fbbf1984fe9615531b32f8ee8253cb0a64e7d5d4b91a31b1d78f,True
s07_normal_mean_m40-1081,159c41c8b24f6de98132cdfe4c1e057d,19f3d3805dd2c376e9966674eb370f81bc37e52ecf2a5c437eb7abf687f202d9,True
s07_normal_mean_m40-1082,f96857fb95d890162f036e487de13fa8,07277cdf5e2a41e98e667607c73af16ae78c07d10135f0e394fbce525ba76705,True
s07_normal_mean_m40-1083,77874d31b0b74fe7545011cf56ab9703,fce5de1203fbbd040414bf955b0934220f81b0342d88b4722b3e5ebbf1abcc82,True
s07_normal_mean_m40-1084,7d1861a1135e6f17fc122001a3167689,dcb07fbe4ea37977b96a93614671858610d7d72bac026b5e5b06dabd6c2c4c9a,True
s07_normal_mean_m40-1085,5e093803af66cb235ce5a7d315099416,037514abcde220e6c4c980a168884fc9d1651bbe656ecf8578ceca110f27db86,True
s07_normal_mean_m40-1086,b887e737dc605b1f8b4e94ad4a7857f2,4f0d7f570e91cfdeda0c952cbb4571fa4c65e873d1d5d3dec0322a6b306f80e7,True
s07_normal_mean_m40-1087,de38bf3b357a630791591745398e407c,fd596fe5dbfa9ac90a2001feae300208089cfd795e9ea74008707332852f26dd,True
s07_normal_mean_m40-1088,19b8a175569fc5ff1073baedfb6d681b,51b6d2b10be70d09b592f451f0fc9014629b4511acfe974cf3be0a5aa181ac88,True
s07_normal_mean_m40-1089,e65cab07d12ab7784acdbcfdbc1b3c77,639b21a2d895e4c7cce3f7b33049ae3b323acdefcf299765a9a930326a580ca0,True
s07_normal_mean_m40-1090,20ffe1e17dcafbe3ea05e38dbaf82820,c7d023c69cd77b6913f84456d8b5a5def7c05c5d1889cb4f82151df9aff179c6,True
s07_normal_mean_m40-1091,adc5f26af6b1a7e0f002cec84c909a37,e7ca7d33346b48616bdac8068b9c12b57b780fd5820657f7ab3c0f05dcc577a9,True
s07_normal_mean_m40-1092,6cd0941bebde20284cc186c49613fe59,59867153b5419291d9e6955022a0c34080b55d56570c8c0bb6c903126a224435,True
s07_normal_mean_m40-1093,902e693873ccbdce54d7e9d02832a469,ed0fb8ced42610ca4d2a1ce95db1bf8ed66490a1cef39271ad24ccbeb6f304c1,True
s07_normal_mean_m40-1094,39452b35609b135a7ee991283bdcc490,12f405c84859fdfd56ac144150462b6efaf0d887c23b4d51cbbb8cfde23afb31,True
s07_normal_mean_m40-1095,f6843f9d2e36cce912fa18cbd4c5e9d6,2bef85486567476cd8dc4e9064cf33812f4d553ae87668c636e102d1af3dde0e,True
s07_normal_mean_m40-1096,1d3b04809a9a85e7cb7c3f8598bc34b2,6b83544ca049c76c64914d4ddc52cf57886cfca07670f3865949ac0a97005f1f,True
s07_normal_mean_m40-1097,6bcc438c9d01a9ab6ffc09317ab691a5,387535cfb16d03b3ee746bfeafa78b026494339046f6d56a81afd7ccff404850,True
s07_normal_mean_m40-1098,9413d5eb9080e3719c802e08de9fd3c9,d63f87d0961a19d9ca94041feea001fde5d20c097560a22d79f525e39a076168,True
s07_normal_mean_m40-1099,ab14918de7401f8c82df70676c316d67,7ca9700272189f4a33066590c18a6e0e84abd6abba066ea644eed4ca93efeb73,True
s07_normal_mean_m40-1100,85385b00523bcc058e0d1665258371e9,c80aa9a38be0623a6f9ef4196aad3368a9d4c7f8493a122b91cb2d0c9c406126,True
s07_normal_mean_m40-1101,ee3d7e6e8461335108ee466da3d7bf44,41c4002e4cb43585a0d7254bb51365492fd5456626c919035fc82df120c8b296,True
s07_normal_mean_m40-1102,417a217b850f0474153a588cf1ab1aad,30e868182b32ffb49258d69b57592afdaea6286d186d05e50549e1c201a7ccdb,True
s07_normal_mean_m40-1103,bb03bffc51bc8eb3648b06947e4ec8f9,aecd7a1eedb3f0e597c2058ed6a5b3674e9f7243701541fd25410267a5c623b5,True
s07_normal_mean_m40-1104,c123fc8d3ebb3578785f871282ad09dc,f0eb056b14b18cef920176134c6f6173051b6d0e9f4ed5a965fc676fbc6803c7,True
s07_normal_mean_m40-1105,7867b5637f49c5773f97cc1e12993cb1,e7e0b64d3824aadccfad7e408804ae0986822dea517e2c04422772b5954687f3,True
s07_normal_mean_m40-1106,43b30f8347672f5352104cd5d575c9e1,deb8b8284dac8ab5be80d905163d319fd2a08c8e6ddfbacc705a6a198ae234fe,True
s07_normal_mean_m40-1107,94da6a5fceeab1dfd16a078369894f66,f80f7a46abd9d12d6330a4cd48c6338ffddc32669f08789bed7db8f9ecaef491,True
s07_normal_mean_m40-1108,c2b56f50bf9fc7d1532c62d2f15982f4,74499617e40c941663ae17774dac7eb79736d0fcccc369d87fda5acd18e6bc28,True
s07_normal_mean_m40-1109,f3d1cddb8dc8ef61b9b2537061f27c2c,985b19ebdf4ed8aa69008a623c933b617d390d13ffead82dc4a310e19b624e71,True
s07_normal_mean_m40-1110,2ffa6895e4a53dd4e9839112e6a7e087,8767ee4a63007b1e3c1d76f5886d064529364e7a9c06b7cd3fce0cbd12497d64,True
s07_normal_mean_m40-1111,9c012c171409354f5cd8ffc54c487996,3834cce79ebd3cc454fd1f79a70b83eb8b3e8a66561a0608e18b43b1a60cdb41,True
s07_normal_mean_m40-1112,58de5e19a08125e20883e6c4e3cc8bab,a293d7d362ea1f8984bf2d537c6b8656fb508a76198e9632882da4d5e4392222,True
s07_normal_mean_m40-1113,5113ddff9d98d934ece121b92ea826d9,4683769e71d6c0ae79fe3e83ccb16063147d2d9526c0b7179b091945b8eb8765,True
s07_normal_mean_m40-1114,20630281d2953cdec02483775d3d294c,9e3bfd3fa62a28fa2430a41b1de0faf31d6232e6106fade65bf83d61597e689c,True
s07_normal_mean_m40-1115,81e168efbac79ae965306b04c24c262f,276b24573a08baf2dcd622a2b54bccd510fbffa47c36a2cb073805fd53caef7b,True
s07_normal_mean_m40-1116,72fc03deecbbaff269d58610a009e583,da48289f8d2d1bee88ac46651d94d8eaf190a43437c1676c2e4a7f2a4e0d3502,True
s07_normal_mean_m40-1117,8f8c973c08e3a101d270fee2f1de27b0,d283fcea59817e22a8881d04bb98bbe88b74dee8e1180f2de168a193c6b6acb3,True
s07_normal_mean_m40-1118,243d5ec5425a9ccd999036be908c9b0c,e61eb484b20e10182f81e5fb8a1589545ccbf9c0e0c996f4d48b1612200f0b40,True
s07_normal_mean_m40-1119,fc862c1fcee9252a3c346bdae709d4eb,e421f9788a99bdc6422d891b963c3338bfecbd7f4f004a7acd8b72ab284622ac,True
s07_normal_mean_m40-1120,7a529b6e8479b37b7abd0ac6a9423a97,f2be1ad59c628e641957d5bc17418f0afa41b0d9e92f67a51d4faabdf79fce51,True
s07_normal_mean_m40-1121,cebdd1e3b79292bc7dd8d23940003f05,c68d339a373a357bbb57bf458571f5219061f0c4bd02f307289aff52e305e051,True
s07_normal_mean_m40-1122,4985a72b66dc9f994ec90483f789b987,ddec893abb6d347a02f670d5692458875b93cb74ba4c4fd5ccd210c879d1061f,True
s07_normal_mean_m40-1123,5f056596dbcdea56e281f80f5d52f6be,d3a48fd91b73da07df54c2566a951cffd920091ea0fe37d97dc7e883ef44cf2d,True
s07_normal_mean_m40-1124,a59e0d8f10e03d9803a15f3fd176dba2,4233dc919f8caba3422eaaccbc74892f56ebe7b1073e5ee728880cb2d0591844,True
s07_normal_mean_m40-1125,748e76d859a6e476d56f0605859a4de9,ac651c6ce26b26a2bfe2d281b72eabd5de44c90cfd9ecb3416fbab796ca210f7,True
s07_normal_mean_m40-1126,381024a0a3eb68611a9ea191e9bc00eb,cf677139f9709a2146712885eaa4613f6846d444a7ad8d91dd46597e42cfd035,True
s07_normal_mean_m40-1127,1e1a3f672fd47ca2e02d46bedfa79473,665c9f32934a718d665fe2caece028e4fa43fbc2f83b49577fa4a1a61ed247bb,True
s07_normal_mean_m40-1128,f8f4ccc049c91e8b4a28985d11ae98b7,76f43f29eefe27e69e6bfa7521d8c902596cfd1467255220099e1ccce9564901,True
s07_normal_mean_m40-1129,033873c10e5db4c216c71e1be92c496b,abba01ec362ca3833f16bc7480c031a96e76a6fcb69cab8cb543a97621d502d4,True
s07_normal_mean_m40-1130,4458115e62696edb380f1c46bc4bef7e,314562a5a6ae1701904349f147ce265221dc9fd07445796e565411e0af0085cb,True
s07_normal_mean_m40-1131,8b2c01ac38ca58b3e89de0c8fbc91290,418d2312febf118a93f116f67e407116dc8ae2b712f7242ae59cdb927884c91f,True
s07_normal_mean_m40-1132,24d5c3b5b7e1b157ebf00fa6ea3b6be9,e543012ad3f04054feb86f96de6b6ac4e483f4d3400bb09f9a11f3b183e93c67,True
s07_normal_mean_m40-1133,86c03cd493bda9dfc4c28928bc11d147,9d11f19dba45b00d9a380869253b6e66c458ac4060acf54cd00451221c4c4151,True
s07_normal_mean_m40-1134,62ae876e3613718f7b2355197d079baa,6d0ed6ccc2ec92faeeb6047915a301f64b98ec43ff875e706e1dbeedc1a38b9b,True
s07_normal_mean_m40-1135,27095a0bc9b88023abfc700312b70858,9df3f7f9cc79f3e631a881ca6dfdeeb0c11af7cdc2b40cc4207bdbd9d4507a0d,True
s07_normal_mean_m40-1136,6195c04a27a74366c17a7cc31b19741e,408c0c36b00e64f7f7d73ac2a1001e30060c09511950ade67aa4ebd717458069,True
s07_normal_mean_m40-1137,ee74456fb063a809abb54c2fb3ed31f3,4976d12a2ed02dee03df4143f0db79a5a8abb01e2f1839799eaefaeb2430bc3d,True
s07_normal_mean_m40-1138,147d088996fff1739f6cd1b7c5c02e4a,6d2df324e87ccd9b770e487e69a70a87980bc96d2fb70461fc4baba0ac3ee82f,True
s07_normal_mean_m40-1139,0876c114e2caa6f0cbb262d9e014e7c4,902776b0c3d9bd2b2a706c603cc2b87d769557a2f86263d756f7b18372f3c476,True
s07_normal_mean_m40-1140,a21b367a8bea1ed37cc09fe15778a3eb,f82c1d5fa706d80521c90cca722c81b918a163fc912811a449013e4705fbc6c8,True
s07_normal_mean_m40-1141,3398e38787bc9d1b1360ac8a88519885,d99287a64f4c19c05c2b899532dd8dd5fd02f27718e127285517d22f0e7ac3fd,True
s07_normal_mean_m40-1142,b58f14edd4a431991c2d2f441b75ea72,fac76ebb0fd1471868cd137ac1e60718e02f383f29bd8662eda19758e416044d,True
s07_normal_mean_m40-1143,3d47d2e09e87526a405a4972ce32c1af,ff74771c47d53fa4c18ad65a244bd864364cf07198038d62114cde61b2e1c3d3,True
s07_normal_mean_m40-1144,7fd01bab24bbbc328c58ee5fe1e10a6f,89f366e5fb34554daec8724a9faa3f7b5051addd1e66c5745ff609fa4fda5918,True
s07_normal_mean_m40-1145,c6508b3d8e2606d8ab2b9611d5cecd36,0e2f8311d5a1013360daaf072f3058417395c4ac7de36131e310353ee37cd9a4,True
s07_normal_mean_m40-1146,a23b6e6be78eeb5179024930ee2665ca,576182ccb11677e9e78510c2b1cbcbdbad2ea8db646df09ba09735eebcd1b4ac,True
s07_normal_mean_m40-1147,a27fef5449c93e201e494a05e41ddace,898ff246fd9e9480ea4cff3b9b9a99c5cb137a65721fde3a1990854cf96d2615,True
s07_normal_mean_m40-1148,dc0c73f1aadf64ef99e83c5bd904d82a,81d43fa6328e4bd5be465519b2764fe4e388efeeb949fb16c275bea7d408be18,True
s07_normal_mean_m40-1149,c6ca95f5678bf4701f24231fa25cb5d2,e3e4a56cdb680fda5a1d33f237ecb1b58043926ecd57cea0f0f301181864c8e5,True
s07_normal_mean_m40-1150,ba551316c8958ecb0aae2dddb3e0c8f5,634d8dff62e617a8b9a98f30c663966a4bdf6eb5e9a8e64445ad8887ddb033a1,True
s07_normal_mean_m40-1151,48e3b2e2336dc68023a1eafd9d6dab84,966b4b991aff6abf6230faa4381acadb80ac527810d48f807bbf308892613f6e,True
s07_normal_mean_m40-1152,b8a65bb6fd6142a9fb25ee7c73b7664e,b451ac82601a19368c04ee1d91d0c275d0373eda81494c6b7793cfc15ecc7c3a,True
s07_normal_mean_m40-1153,921151811919d5dcf8daf4ab909d9d7b,cbb692b98c7c18fe643ec9048a03246353bb0249e3a7ce0b3f7ec836836c8023,True
s07_normal_mean_m40-1154,0b2450649dda39165590ee4c8bbfd9a6,f85426911a07aa8d62b37ed6734799875864638165a37d67883e23850a29679b,True
s07_normal_mean_m40-1155,ccabdce7ad865affd061af500d2e58a5,afc92219c15013c15de92d6edb2912effeead5d47b4317f3acf2e28ab6a6a227,True
s07_normal_mean_m40-1156,1ece89dd8b94b7e3d19fb2d701246694,9c1eb62ba000d9d0c51aacd047ea5266ff206995a01f5664c1eeda3c812590f2,True
s07_normal_mean_m40-1157,f950d601fec35a05a20394373fef8267,51771c4ddc1b559e3a82a22b764a7930f2440ac877a29f4a82fdb3288faae233,True
s07_normal_mean_m40-1158,ec361781a9c82e445b5382092f05d5d5,196a2e7190907d752692a7fa8714cd69960bfdbd995a19d72511e05e18326a95,True
s07_normal_mean_m40-1159,766c3c125767bc610145175bf5a4d581,7f28a42380d341e793087d3f3dd13c7011922efe116a655740cc0aa65b0799d0,True
s07_normal_mean_m40-1160,11890aabafa9a1d01c8317173588e537,6f4988c85996510a455a6f23f77e6ee0fdf3a1d6185e2d471ae2351acb382a8c,True
s07_normal_mean_m40-1161,d83f36aaca6e305bcc31c74d6d844c95,9199a5b4d8a8ae6fc30b6619ed003a0b23db6c5152ef4bb078f81b0614d318b0,True
s07_normal_mean_m40-1162,e2ccdea213c350d2c451e767e0a851bc,6196b63d7aaa6e145e309fe5cca9e84d9c0d065234d09d86b612e7744408c0a3,True
s07_normal_mean_m40-1163,cb173c2dec5635ea7f8ae32e9e03421e,08ef3f31f569e279e171d411428faff11e0d7c4d0d7f57a302908ef59fd2eee1,True
s07_normal_mean_m40-1164,5f226b49bdb9f8155104925e0df2a78b,39ff9fcae2ab196522271cbc20d137c0215042539ea27a2a2ea443286ccb11c2,True
s07_normal_mean_m40-1165,6edab8bb534240ed90b9f706a80449a0,1309900c4e6c08680430dd297690b3a69536c728e241c24bba175bd9b5c6693f,True
s07_normal_mean_m40-1166,18c833c230f9d3eb980afebccb33d265,ef7fbdb215ffa2744bc637f174c5b2fc5bfdf3ab52378eefc3e3da59d8e6e5b2,True
s07_normal_mean_m40-1167,4cf445c02cde0bb9150bc70d65791e6b,c695a86b23e1f7bd371d3d38436b1efd2c7ac689c3908fda8d43a946a3857123,True
s07_normal_mean_m40-1168,c637519ef503283cfdee79f7d3c5d3c6,c1b3887187591f5895128f9d66797f83fc804b274de21dc69bc724fa3b2222b1,True
s07_normal_mean_m40-1169,e605e5b06ee6d3498ad64c5aac9fbcbd,7c24299fe2df4899b27670ba88b2feae4cc6190142456a173bc30cf9dcc3dc9c,True
s07_normal_mean_m40-1170,06a8c6c6dba7a643d7a45f2af912286e,4f6b49b696353684e9d79feb7d5ae15ed24b7ca897d587201f4061f16622743d,True
s07_normal_mean_m40-1171,7570f8cdd569b1414a62d831eb31fef0,e736d05af0875b46d3415813f7acab45dcad752a086975023755063ee57998ae,True
s07_normal_mean_m40-1172,451063325a0f1bb1a78cb6e015716d0b,8e9295ba3e7dc91851c60dc98e6205d35658430233efb07c0463587321a6b52e,True
s07_normal_mean_m40-1173,8d4fecbdd77dc6004430aa14add8e037,f032fdf1233ba56a4d88db508097a7d12e9b11ffe8c062e404e9cbcc8dd17c31,True
s07_normal_mean_m40-1174,7a4d433fbfa9f03f068fd0e19626e483,cedb926c762cbc67926409e34a3cae968d8da4ff655fba42d08f3d80bd6c76f6,True
s07_normal_mean_m40-1175,0cb7103518198a9b4673a22076cd95e0,43dda8f0cbabc20fdd96a1451c83c2b32f0f57b3cc130659143ceaa7c39e0efd,True
s07_normal_mean_m40-1176,d46c3ad251c7a8f13617f10a8cdd1026,273bf9e58b8f5717d2e8d673788e9614924c359b48294348a702db5ea46fecee,True
s07_normal_mean_m40-1177,9527cf06fa6cd07ac2edc5efe85fe6fa,bd7260512e5e051c535fe658ee4ecb10db42a4dd4374676851497e4e9243c4c3,True
s07_normal_mean_m40-1178,37409e5e79211c400fcffd622e2a534a,f4e54b8263e9a32a87e363f560e7838cb6ebd3ef868ec80e032b2693b73c98a6,True
s07_normal_mean_m40-1179,9d4d554bdd8031e4e6617eb7dc897da3,21a214fd86bc8472241d6990f93f5565f65f46c0dfe54a14c51e65bf33a7ada2,True
s07_normal_mean_m40-1180,512851f11c78a165756ae9cda4eea268,a08027e9d3561362b961b7123bb8cd1721c59e9af42645f1af72cc10b19da461,True
s07_normal_mean_m40-1181,f57f4cd99e03c0271c0f9bd09b6258a5,c6c18fddf906e447f05626cec3c1b0d3c9acc4668a5f9de213532eb7ab9d49b2,True
s07_normal_mean_m40-1182,824584a5d8f9bb5b589db284818c47bb,5f7318c82b061ee35c3a9729b78e43daa0cbca50e12862439622fecda437dc6d,True
s07_normal_mean_m40-1183,96fd8e89c2c255c61dc9c85e26c73942,7f11367246a0d5b66a68663c01f31dc2b97c9125662e37a69d1c5aac27601356,True
s07_normal_mean_m40-1184,6d50f4e4c302c71b47e3bdf37a40374b,e61f1616f5f015c172db38901169dfc2b4c96350e8b04f7be36aef0ee99aff50,True
s07_normal_mean_m40-1185,6d762d8d3b7bbb6392deeaa16895d754,0b5b61bc32a5ee7ccf8f2a5feb74526f04ff09ece31a4b77d141c14de8806cf3,True
s07_normal_mean_m40-1186,0098c59b418c0853bb658e4906756f9a,bc5a6dbe481f27a3deff6b7f9b956a9c4822cf453c58a094cbc6eef37d49797c,True
s07_normal_mean_m40-1187,517b1b94c9bb59f63d1dd7849a7087ed,3650ec48168837fc920ef4a864dd5e7c38b8377a9db8eb6de69246198e38b3c7,True
s07_normal_mean_m40-1188,d61fea9e3f28efebf301839c63bccdd7,91944bb277554662835e2314795a77137bac8f518c6ff5091a4d3d8e8aaf6db8,True
s07_normal_mean_m40-1189,0ccb7fbce58de1ae41a2519c8cd0a5fa,7b462ea73200c6f950b1cb9f020fd667c3f1b870cfceecb60e4b8f467d891ecf,True
s07_normal_mean_m40-1190,9e0166ecf435f175d688c846737f86dc,37a22ef906fe6a40d396e8dde4a3015a6d7fa826f080b2dfbfd54f1522d1655d,True
s07_normal_mean_m40-1191,625361037ce1061b325441481dbb51d3,96d8c577f778d5ab05eb87aeefed46f02c0ef82a005712fd0869dd1a094ef0f9,True
s07_normal_mean_m40-1192,c87cf602509ed20a95580c0bf7594db8,d845648b75ce6cc8f2822ec5845e2062a15b7a63109435b3f1b9175c1106a877,True
s07_normal_mean_m40-1193,88dd388be8098b179e706f68053155ee,e6d3003b22645d04647c821a503866278ec5bba7400fdadf21a5c39a460a4059,True
s07_normal_mean_m40-1194,e14f99742ecf875cc8e5689a51cc7d9a,5f289f6cb299e37a3cd1fc2e469de5f9bfec3f51af731df9412700952bb6f274,True
s07_normal_mean_m40-1195,7ae0ee9d6a27abf3563d6d945efc24da,7fbbfd10195b02bced1d7abb38f771f3a787d0362a285d893060977fde47ece0,True
s07_normal_mean_m40-1196,86962227cd0180d40f703a2216592d68,6593753ba74b70efbbdcefb5856ca937766f8d60ab1745fa6a783f3996a87e64,True
s07_normal_mean_m40-1197,625d5892ac54aa44a79c8e7924a6d43e,419c4d514ae2f7e571d4b8355feff7fb9e90f187982bc36c3195aab5541012fd,True
s07_normal_mean_m40-1198,acd7d41b636974f7e8e1b91e293b7726,5d672a715eb19688bd97a9562c71f40183dd98b53a577800aa6212106644a7bc,True
s07_normal_mean_m40-1199,ab1578b60fb867661d89775fcb1bc5f4,7502e62dc0c4091e2726b6f437da6e0e99fd687e8caab49e12768a74fc20457b,True
s07_normal_mean_m40-1200,b6fd6d0c0ef6fc6d23824141cb99f809,7b9717b8191e5d3236e4bb30edc71dc8d2900fec6fce3a75ad38744abdde8da3,True
s07_normal_mean_m40-1201,386aaaa3e31999df9c50816764cafd2a,a3fbde2dd47c6998d38423a8fdb7517cf5f9d1c36bfffc96d3230bbee2a319f3,True
s07_normal_mean_m40-1202,07b7c2a97a765a630d4404da84bb7086,dd4e12c1499c3a58d429a1836926e8d93c9c2ad36a8bd13fee033a53e69c7422,True
s07_normal_mean_m40-1203,5a41ce957ea3572759334236ddb936dc,0d89be1e1b1db6047ca09e7c26c7fb060d062bc4930efb4da7e227271471d033,True
s07_normal_mean_m40-1204,e6554955e3bd757af52e7f8a89756069,2f54ef3832791a4c9b5e6e73a13c1156c14871bafeac5128b760def6e97da30f,True
s07_normal_mean_m40-1205,1eba9a02e9385831de5fe0ef077ddfa8,8441f30f2ac385b602b62d65231f333da6ca65b526951d496cb84b58ad606650,True
s07_normal_mean_m40-1206,ed231e6f729987a1eebf249d45acf7ef,3bc04b3420249fc8790c1337898744ca3294e5abc0af12b552a17aef78b3c63e,True
s07_normal_mean_m40-1207,ea85b63000484683662ebb66e0650d76,3cbba62f3d801310bcfef26c081781232de5841e0bb2ee044180dce3c49526dd,True
s07_normal_mean_m40-1208,5ba4a98d14f6517cce98b1678dd0c6fe,e18fb4134ed082a63d1fe16341b62f2a2eb34ab806d475382d4d92bf1331e977,True
s07_normal_mean_m40-1209,28002dab4e0d330eb69a27c775bccd2b,f467ababb6f090e95793c9b811e87fcfbb8b749986ac4a43b32f21ff7cb89bae,True
s07_normal_mean_m40-1210,d212673a151287d661cce64ee5d994dc,fc89042b5616841f96926e2dd241cc5da5484db1f72f3c6d7e91ccfc85402496,True
s07_normal_mean_m40-1211,de467046df9fbcf68597e6acff4d86b7,730e3f7b525af49e79cd052bfdc800b103833ef768d184c511c35790c3e20b42,True
s07_normal_mean_m40-1212,d2881f1dd444de8de5d6ce8f534643ad,1af23a9df2e79954820c94fddc29a51832dc1cb895287ec06a782d18eaf66ea5,True
s07_normal_mean_m40-1213,e26fcf77a2872fde7c0511cfca4d5a28,371d980d27394a5ac0c6f68dcd851600a177786510ce909d1c2042c7e0ae5822,True
s07_normal_mean_m40-1214,a1ae9dee3a3965ed1b1e5e05f4b2d9aa,705de3733923fe309b1cc5652529caa845d67d7b25c8b3741a82b4e3260652a6,True
s07_normal_mean_m40-1215,45086be28fbcdb4be794c004fa612f98,b17c6d700170c2c6261253836321f3f2feb17348457a1020625bb6335748c360,True
s07_normal_mean_m40-1216,f7dfcb0a17a5b20770b63f856de6e943,62ac73112e7a3d40d92479df7f7caabd559ee756ae923a3fae42c776808647bb,True
s07_normal_mean_m40-1217,8fa109eb91295ece62ba321ffe2c58f7,20de89fde84892e81d290fb1436623540e6934444ca73281b5665ea86773aa50,True
s07_normal_mean_m40-1218,eddef662e5744bf2b20420762151664e,3a42c6665cc78ed143b3377635f44e40d7184a89c7513d72acd59d693fdb9cc2,True
s07_normal_mean_m40-1219,fae905561392fcf499226af7e874dd0b,a81cc2d1345632cd2ce696c34736c136973606bdc7670b52accbdef6e3c638cb,True
s07_normal_mean_m40-1220,8c6363e14c39c21e3ef02e3c3b73b472,9ba6e82e045429c40fd423634c1f3dd2b6a480f47124389488f8150cc91a33e1,True
s07_normal_mean_m40-1221,a04ab3fda6c47214d9afeb7c373cba22,0d3d8edbd903c918f45e7c97989c098785f549ee7d09793467cf198e076a2045,True
s07_normal_mean_m40-1222,24c3ca902e44f750ad30f55967eb75c4,ba7961965a027d2ce3da44c7bee3af5350c44e27418ac9850b9867e5ba5b8176,True
s07_normal_mean_m40-1223,89706ca14db5112c4ce92ffe8b97b3f3,7c72e60601ab23cf465e040ffa76a6da36a57623a82ec2262c7e28f4847b98b5,True
s07_normal_mean_m40-1224,91d0edc08ed54523da0bd373e9c3364b,21be8f4ebeca3bd20700027c30148c8a5dc4fc389181d0ed99a0bcb7c0438ed1,True
s07_normal_mean_m40-1225,11c8c85a53bea5cdd332af2aad0f5de6,c00d1678c6f2f232ceb88c96c7ce0b5a818cd2e5d6cb78100862931b3b4f8278,True
s07_normal_mean_m40-1226,636ba14b1e946bf6d54de1fd92fbb9b1,84aef51f5b742c1fec858281cdd826741e8e06b7af4496c61139acdf3256a8fb,True
s07_normal_mean_m40-1227,49f6095aeac5b3ff43635ee631816f65,5914e31b706c7c471a4ea6d528e603027fed8694218891eedd00270aa4fc42ae,True
s07_normal_mean_m40-1228,47efc3bbe35e286cbc44b5afd52e79e0,d5d08907a9cdc572cb66214aa3438c8d6a6d7a5abc6ada7a8673f63d6cac423a,True
s07_normal_mean_m40-1229,87d7820aa9b4c338a166e9e71908f094,54051f379f2f19dcd186f520817daf761dff53ed9def76a06b404c5667e3083a,True
s07_normal_mean_m40-1230,53ff6b12ac5402983f3c496063d500c0,98947ddd1739f538f1fbbcb189949f75e5985853a43ae5e3f571c9e9abcc7047,True
s07_normal_mean_m40-1231,d4a8d84bb4188f7291ca92a48b2a427c,be4ef124a03072792f5aa65702c7197476f7f0c2f6a1b38e5190e25f64d2a7aa,True
s07_normal_mean_m40-1232,59fa964ab3dd7c0f7d93bc65e23366b8,ecbd97d07a0fc3e4a67bdc54321c15eb5915bd1168abd819082bcc98e815deb5,True
s07_normal_mean_m40-1233,e89d28a3f5a57087175f1a37059b084f,364fe43c26041441266dfac74f511eaa80299e795348adbe78d2e44e4ad246d8,True
s07_normal_mean_m40-1234,637afd489c5f022f57ba34536bd29f3a,471580b40d9305ac29f35ca07d6fd7c26febd9abf5b50d1eda948590ae56fffd,True
s07_normal_mean_m40-1235,c8ddc6b0af40fb1200e5f9b35a57759a,13175c97dad9dbc9c68518814d5e9ac44deabbf98e1c1795a843af12d927d963,True
s07_normal_mean_m40-1236,743004a34ea15e503d4b1a420d1f1135,b5bb08fb8fd6862f26c307139f18ad5c870e7db345808638f1ba972b73febd1a,True
s07_normal_mean_m40-1237,c698868f2d15dcc487280f6688d3e2eb,2a2d10baae83c809eda621a2cb2ff97b360dc2772a73347aac91eed7ae259074,True
s07_normal_mean_m40-1238,bebb438b04942490a85fb7542ec95fa8,4d730550890a67d6efcbb8116e5bd58d6cad3901e7d4ea9a3ca383f663987619,True
s07_normal_mean_m40-1239,82919811eeafa991110f926c4734789b,f12c6e3cb93cf1ea0fecaa7bad97b137ab678d19263e96b3ca091c60fc9a59c3,True
s07_normal_mean_m40-1240,08309ac246fc0fe8c9b377135781e82b,ab7ea00260cd7a5f09e709c77f501aa3aea31d955a502f20bb5f5f81149cd063,True
s07_normal_mean_m40-1241,b5f772dc147f9f9308326ee2f5ccabf0,2088d15d8077c281a58f251e3ea0e8b4ac22f363cb7ab7a20d1a07edd42ee918,True
s07_normal_mean_m40-1242,42aeac8d601f65a9022ce6546968bb7b,34b60dcac0b4ae0492e5505c5ae921b2bec0d908aa48ec32441457ca4d441059,True
s07_normal_mean_m40-1243,4e0467fbca3a742993ef198064e5e440,f18ae80e3f53d77f330e77cc8699a822aa46e4741999b210532326a84d7c0015,True
s07_normal_mean_m40-1244,c70c2af55487abeab807bcfecca6fda5,39206f684625e3f8a64ddf9bf789fce57afbf8f6da0d9a55620b53a6559286c3,True
s07_normal_mean_m40-1245,f62d8f36482fde3ec01c5743a09c653d,f538e9e1d5e92b3d78ddb0485fac630ae817bf1e5f94190a377196ff295f350d,True
s07_normal_mean_m40-1246,3b68d1cec627769e94a2d52a007ff527,aa736f58fbc673bfdeb7087cd3b88d527a0194112d235d81c4a6a557860abdec,True
s07_normal_mean_m40-1247,cab23e20885c6e41e006e71373b25382,54da85639e202cbeb412b79335f9e79c1d0cac2804afdd2f0cfaf657e0cd9f08,True
s07_normal_mean_m40-1248,850abcac5beb738c89daeaa0849e309d,99acf23d83c0d79e3f6e9848d2cf0551a5d494a46284076fbd5a29560a886148,True
s07_normal_mean_m40-1249,b318f3a82c7d89a67a389378f7ee9fc5,cf08d3cecc2bc18df133e384aa8bf2642f3beaf861cbac75a5ac46a6130cdddd,True
s07_normal_mean_m40-1250,bcd6bd4d18845f0894bedf4d8b5853cf,60e7d97e5d31ffaf9d706b7692a4e0dfcc8d8ba32ab062627bd7575a8859c1fb,True
s07_normal_mean_m40-1251,195a5e4f5ec94aaa9abca2a4daf3e024,7411b7fde8f3913411d84901465aa2bbadfbb579944b12820b51919c1c1b44ef,True
s07_normal_mean_m40-1252,d5853d3c2936aef4da76584e4d0b0271,97b2aa58b3b00aa6a0d7cdbec37903a94fcd20fd489997e1efaab5f8c6322daf,True
s07_normal_mean_m40-1253,e3523c4e3b80b93c310d9e772fa94174,8b1e70c680643501186e4c6ab21ba1382b249b16c28bd0d4b3d0e64f082e2e17,True
s07_normal_mean_m40-1254,c45dc197b7911b06def81b5239c4ad5f,2ce5c4f847030867b62be5772faa042264eb4e7050b921d4569a5612abee3418,True
s07_normal_mean_m40-1255,9a17381167a321a57a45daf3ff707e92,efdaa4e1066cab83721e6ee3da55636ef2346335c0efa825aa0eed4f7d5d76c5,True
s07_normal_mean_m40-1256,f3957b6453e53671119a2930530f9345,6b7807bab0dc06481999eb7ac1c97b0e864233446bad6237d1192c750bafc56f,True
s07_normal_mean_m40-1257,94d890cc0c8d8bed5e5d3d71ce7250da,111bf23e9c499476d77fd591f648c3d3a6674f765d33cf77a52458e7acc27756,True
s07_normal_mean_m40-1258,41cd95ae825ff00cec421dce85071f73,b94015e16685d73684c68221086abcdd5e271576a12fe5ec1e60a40eda0f84ad,True
s07_normal_mean_m40-1259,5bebe003b0fc11aee6812497f292ff89,6bb3ab89d898f37449999bc8bfad6191d0f754404bf34c82ccc977688520918c,True
s07_normal_mean_m40-1260,f89ac0532adb7c15d5f4ea814df42085,b78d1fc6555d126714fd235642658fe6a1e1a7db711bf68c73272f3be6cf7572,True
s07_normal_mean_m40-1261,fa7a5152fe2c0654f54453dabc2485ae,f6316924f884f8ec00fe74cf5d410de50a5c50176a892884b8ff14d4dcfe7b57,True
s07_normal_mean_m40-1262,f0b7d591eef65e35685de872f9c45a1c,dc63bd9b980c2900a2b285356e7b99e5d41ffcc1e051542c63749be8cb448d1b,True
s07_normal_mean_m40-1263,faca608ef42ae08a7d29c0e0bdb6e0f3,0f352b69c26bfab5912501cd443d78dc06ec1c0b03fced0eb5806b9b702c518d,True
s07_normal_mean_m40-1264,88b799a32c0ee1a0f410265366f3cdbb,ae32cbcd36774ce0852abca9f8affe30d1b7d21cfbd4eb16e18c4fec277e61df,True
s07_normal_mean_m40-1265,ece8fced1ba136f1647fd5ffeb6ad5cf,fd30e6e7418c42b877c4671cc138de3dff525e7e447f490b74d140f09a0cf253,True
s07_normal_mean_m40-1266,6ccb487663a9756d3715615bd4aaca74,c7dc75b932cfb2152366523e5e1fc9bd8363ed99cdda06717ad4de28123c7873,True
s07_normal_mean_m40-1267,3b45a2732661c8415dbccb0cd7cd6e10,7b1974fd134b669b2531eaab0f7e299fc6f9cca3b435a5ea01eec14d8231a720,True
s07_normal_mean_m40-1268,e96670577608604d120314c9b0d6eb3f,eb52dfd24b58a422a4f0fe579a07e558287f0eb06c7af05388a6f22ed4bab330,True
s07_normal_mean_m40-1269,de195b68fbf2d133ae477a7cc6b89242,59e8c858d5d6e5ff077afb9a16f8acbaf45b26e8f34ae6d243ae7d767276e917,True
s07_normal_mean_m40-1270,6707d1beeed0fc09b7562838f56a0b12,7e12148d3f87c09e02f7213b9daf7aa54ebbdd1f83b1e4d6dd2460dbe8506203,True
s07_normal_mean_m40-1271,4c9de33bd3aa701eef72f206d39c10e5,9758e962304b18dc214cca0a055b62ac248e5964ffebfd430ce8027aa7d25bb8,True
s07_normal_mean_m40-1272,439a111e67fb9e570d88ee87a48bb90f,ab982328181fb537afadfc2f1445fac805a20c1a538cb4f542ce6b98ca2a2541,True
s07_normal_mean_m40-1273,19d3a0a240f7642a3e8f031ffcac564c,a9bb25d5514e86ad00bc745c0d2346592619653dbf4aaadbcf57c32878d36608,True
s07_normal_mean_m40-1274,ed2fc915e05cc857cb134716393dcaae,f83ededf3362a96082553ad59c0d48c3c69fdf71d004295061fbba784230d98f,True
s07_normal_mean_m40-1275,ea11e8f0b97afa38d34f632fc537bbe9,014c686b1555bd74458af6db3c2614e0db5fa923776a19aced5bdf31e4957a5c,True
s07_normal_mean_m40-1276,01b9598bf61f664a63b6a05c0b68b528,238566bd2a307a2139945627a8ec1e68ec02aabe9247d533084303da43e6225a,True
s07_normal_mean_m40-1277,3eadc02d97ec6bd3da3701212a620bfe,dcee3372031346e20e359e79f387fb1c5085e1e4f17d96230351be4b91005f02,True
s07_normal_mean_m40-1278,40fe5e42c819bc221c9374ecf4d39b5d,e374c8ff195c22ac8e5ece84fc76df8f1ad491037c066508d72a260d95356739,True
s07_normal_mean_m40-1279,82056bfbe7a2434e32c8938c4bc46a37,daa5f5024338ef8fd53e71cefef28fbcc7b5d792ab931795bf461e3bf6ddac32,True
s07_normal_mean_m40-1280,5fcda30c2a08b8a59c9fe5155a0f4204,db2a55475476ceaec740fd90bf0d16d465535745cfdb584bcb500f572f5f9178,True
s07_normal_mean_m40-1281,3e7e47c689eacdb117ee7476e6fd1ecb,9c086cf8608f32f5074f1f99807063169509b08948c7d1c07da4d72d07dee478,True
s07_normal_mean_m40-1282,195b43a4704d654cac4cf09d1f149a46,10a729feb1b05223dc2af6f5f4386da579576e555ebfa8d6c05fc5b8bf4495d2,True
s07_normal_mean_m40-1283,d29c701ba97e17f6558a4f00bfa173d9,b72847749297e41ef46183e2b4d064cc5f8c9a0c6eb0d7fd5a13e18fd79d380f,True
s07_normal_mean_m40-1284,4c9d52e7b590e81b96b0fec39523e4ef,baba0ca84fe9d38999a50526e1a627bddf6da1448d3b940080b8caff846054b5,True
s07_normal_mean_m40-1285,2f6033712a71b5907b6ef98dd7bd3182,0cbb3d7e3e1ef603334e781ba6e796d1d6799d9a69100467d9b0fa6a75c3d633,True
s07_normal_mean_m40-1286,ed9cfc37713512e7cc9b14330e951e97,eca72bf10af2f2353be8674ed11c3d7a7bce87d2b0f09d8ca1d4f126817a8236,True
s07_normal_mean_m40-1287,ac6238298b6922f7b88a8b4288c81cf6,8f453dbd425352c3d8b9c5e709bdb06c4bee01490f282fb7e6bd102ac030e923,True
s07_normal_mean_m40-1288,36fdb103078a457895b8610ee8c986f3,3ccd41b4aee8db18585354cf8d20c8b7b2e3bee1588dba2d345697706abfc343,True
s07_normal_mean_m40-1289,f507f75cf801d8a1ece615f71a81c90e,1ce0e7eeb2b2b5a96198b87cfcac26a7301edff670e276e619c5708f49a12c42,True
s07_normal_mean_m40-1290,6fdcfd59eacc66024cc4a70d1a1ceead,1e73a41036d29d9dfa8cb0d3bee27c1e9245e05dca9346b0a6bd81fb2c35a4bb,True
s07_normal_mean_m40-1291,a33cc249b24cbfed312675af326ff1f4,463b3b999e29a1806b04018d42f8377603f61f1b75bb0f6e38351dbd00bba8b4,True
s07_normal_mean_m40-1292,240d66fe67236c69a4afe395c3d6fbf8,a90ed4d6edc633fba562756e7dd57768765ae1638ae5bfb1b203b42ff72f88d7,True
s07_normal_mean_m40-1293,f9d5f43a0d762968048eb171a1505bed,3576cddfbd81f9f86caed0985a54c6bc5cc2f75e57d5873b8893ad1523a27db5,True
s07_normal_mean_m40-1294,61e0c63506019799fa656e66b4fcf74f,e362d3195bb0767f4421f4698fb8a191c8c051fa7e4f73b4b2b535452e2649d8,True
s07_normal_mean_m40-1295,2b4cd89aa81a46b6412c902d4b6084ce,19b978fb1742684b2ade5860a971081296b1f4f0798dfbb041056a82befc8187,True
s07_normal_mean_m40-1296,0d4b8f97862c14045620f22b690ce25a,600a31eebe94f712e1d928a81e9ea6c9d78e75bcd83c2902d3ab4adb0df183b1,True
s07_normal_mean_m40-1297,a0991648c821d1e554ec1eb05f459086,eea99a334a55788df49b1f8730b8dabefd9367c6478de00359d9e3414bb915b6,True
s07_normal_mean_m40-1298,60a9eff6e1842729dec37a320f98a16c,f7a4f300ea92f45c30f2d09f94073f394c3935740b591aa5fb31b941cd6d012a,True
s07_normal_mean_m40-1299,832598a432d80e1ae23ab57f29f6d837,20e7d20faac6d5af996e63a02813fff7bc04194a94c887e1057ecd5e35d54580,True
s07_normal_mean_m40-1300,a1a25dac1254988f94e730e4871e9d5c,2e5ae366638409f7605c5d84db0257e5a4404c2f45244febad8b3d6a53d189ff,True
s07_normal_mean_m40-1301,22de3a98c1956eb57b27d52ea7852de1,e63af1a9471b10e737a329a3601f990e599885dd7fd1b1d7d0171f507b705ab7,True
s07_normal_mean_m40-1302,932858a0e83b8b38b3754792a9f695ac,2c262276e11fdd50da838f8ba0611dd58e7317e54bbffc8f68ce0e0e781b9be4,True
s07_normal_mean_m40-1303,151bbde30bc19179d52afc223768d686,e3f05bbb93c462079d47dda6239a62447b1dd2eacdb2965d52282114d45d2829,True
s07_normal_mean_m40-1304,cc5e22cec829c03d53e39c089aee5807,3570a57c5fb345a85d2c9689d1936aa0c6de7f17570df49328b401d7dd986aa5,True
s07_normal_mean_m40-1305,404f1ca5916acdec2c38445edea4745c,2e7ac8670006999ca2ac86703e7ab1419efcb5c25f4b8da5d752d022b07bccb9,True
s07_normal_mean_m40-1306,327d8190101910c917c428c34b4a97c3,f0b07f938e6e52ff322a670f1ce7453372040098320e06272a374cdda9482068,True
s07_normal_mean_m40-1307,d9ece448d9198d4747957df632152241,411d6910b74ca2f8259fc49b8a7f5110021dbad049ad98ae90bd51df32028f5b,True
s07_normal_mean_m40-1308,137e1614b367c3d7f7cc1671039ffc85,dc86e26a4c759a0bc9841e9ccbcf98a633dea7d3851bb751cecab787c42df331,True
s07_normal_mean_m40-1309,48be7a156e13ab1e1c4f7af2bbfdc997,98acece2f544d72067579d88e2f3fa68fe845ccf67f9186a4c27a706f082c6b6,True
s07_normal_mean_m40-1310,f57258109b514b08965f55babae10c3d,954200eda523892d1afe6a6bf39e8db348d85a831b1d447bdd225b13e2f590f6,True
s07_normal_mean_m40-1311,adc982e6e765674d9930a745790af78b,dbe07a5bacc789b0ad9ca3bdb1c68abb0d8347159910d41edfe6d1735005f28b,True
s07_normal_mean_m40-1312,2db29aebad7ea597fcadcd46357711f9,6d3ccbb3d4d1a058af690e7e42f4dfb59a1a6ef4c673bf8a0579a75d5a6f4860,True
s07_normal_mean_m40-1313,01441806ad27796104382ebc4e3959a5,917f6dbf7eb1413c3255dc5f9664f91fe105999b9cdae45e424a4efa5d516131,True
s07_normal_mean_m40-1314,581f9002e7bd13c68e7e023d4f74296e,0d49623dd246fe4199120e0fbc7cf9fe546098593223fdf12e94ac86e6ceaddc,True
s07_normal_mean_m40-1315,63d2a1c6b667435f551a677360dedf35,ed8f010ab735a1ab3172db63fa1d3af2e9fdc809a51c67772cdc621dfece7384,True
s07_normal_mean_m40-1316,b13bd5db5d07c9cb2b6802ca31f740ce,051411d9190f40f3a6a4d0cf6e736dfede275c82ffab4c0dfb4870507060756c,True
s07_normal_mean_m40-1317,5a12cd40bad727026fe87fb2ea5885bc,b971ff13a857d9d1f49b86baba09aafde85b98f9b159e36a8c0435b5c1510e50,True
s07_normal_mean_m40-1318,b69845f775330131d8944af1e1a0c1ed,6d1d05b1713690e505f8a33347d2d8f6626500b302a3d88a42fe6c55be2f962c,True
s07_normal_mean_m40-1319,90456ea01139ff640936b77b2f0278c2,1852be71877c70c5ac0b8ff4051f2f3297d43d3f13d472b3a60a5b7aac5200b4,True
s07_normal_mean_m40-1320,03e2a0499a35335579b6487101513efa,bd4326a0f43e3540ccb903c3a63899443bf9e61a28ebe6efd8fae204b45c56af,True
s07_normal_mean_m40-1321,5f181c2b78ee0452289fe5915c1bcf08,ff79e3ea7486730731d903a20cfa2d7372b443eed10f75bb2c9605299a7bcb52,True
s07_normal_mean_m40-1322,e562b79e2bcfa06d04a020673ecf4b04,ae7b0e4efa77eaf3c10c1a2c58f5697fd23ac9146d56c9485654ff9dff26548d,True
s07_normal_mean_m40-1323,6db4844cdc3905569983f8395be8f05f,137c466ebadb84e510cba31980fcd98872177d57272866ee8a6ff93143a8a3fb,True
s07_normal_mean_m40-1324,ab561a5ea22404250ace8654ee9987db,7f1b633e485c8ce7758b40034f7a1462acfbb664ae0a7eb867e87c50124bd6ab,True
s07_normal_mean_m40-1325,908a506a5a7063ba057ff9a43247fa24,2c18c689f88178f7df890aa8f6f39eb8d139aeb62c4fac97efdcde555b722b6e,True
s07_normal_mean_m40-1326,f5e66ab2f202fdbad7ab8d3dc599ed3f,76a65bb312607f7eb5de7358f423473b6e3d859806375dc9ddf45e3d8b5279e6,True
s07_normal_mean_m40-1327,6885f693613a6251b751d620fb588ecc,88075cd573dbb5f39d255941338b034e6bbbfd141f90409898aca63f6519c929,True
s07_normal_mean_m40-1328,dc5f894ab230d4291fe0cdff35a43e43,348715998d30fa809f1cb416ebc41cb8166a991ea5e07bc14dccdec6d4287da0,True
s07_normal_mean_m40-1329,e01abb734836121386c0a24ee7235bcf,84c9f10d9f81d7d272b82af67973ff5af1eda27d86ccd27a142e371e08a9b8bc,True
s07_normal_mean_m40-1330,9922af5201120e8d55b52573a75bc16e,6b4a47d83aabd8b22a2ebcbbd9f2da2095dcab0893d2ee3842a10b54ecd1aa76,True
s07_normal_mean_m40-1331,b365470c79b49a7fd5e452564b543e80,cc9ced7cf25a6fe6cc9e1dfee658635845732ad22bbb9b4202846a1f1c62e5a7,True
s07_normal_mean_m40-1332,637dbe44038539a6f41f924763cca146,b6e3409a48971a528c62d31d91fb4b2adb79790957609f04a21d5dff747af589,True
s07_normal_mean_m40-1333,2994a52d15c5e1e08625fd6e9a79a14e,ab446d69f159546471e3aeeeefa7859c0a1dcd9ac165c62a6dc39d5d5f7176cd,True
s07_normal_mean_m40-1334,abdf4c2e45646617e4d6434bef7e591d,2283854c1fe9834fde2458b8f75c5760c5608b036a4e32210bd19284eb854b3e,True
s07_normal_mean_m40-1335,1e4d1b42ce7b44241e32ca9a111e2ec3,c6a3e15253c19eb80e955e0279d66e2b875c09f18001f82f9885a8e0e5f2dec3,True
s07_normal_mean_m40-1336,2fbb9baab0d750d6dbedc118fa96bc75,102c97b73dc2fbadd0616522a6ff1e4012e6b26fd6d232c92cbf898df845955c,True
s07_normal_mean_m40-1337,fee0791599ef58571dc8fa9bec24dffc,6b11fe8ef8312c804bda21510cc808a3be2156a1d01bbe857d21f045abd068e2,True
s07_normal_mean_m40-1338,eefbdc394c8523ad7b6a314d231ce52f,6a252c970871742d3d2b30a41bd0221227c3e5c10ad484d4fe9d3722c57ed6ac,True
s07_normal_mean_m40-1339,6577f0b8ff65f18e7f52ceb428aa5467,80a893a2a8146c7a20c9155f6feca7a95fd079d1792ef8b03166cb9041782dab,True
s07_normal_mean_m40-1340,a02fb027078696bb9865472e2964ba4d,ce5fa0cd1a43f78350a3c27788c07fa9e1e7feedd267347cafdc55f12c208736,True
s07_normal_mean_m40-1341,35c6a882d05b820275ad3f114220cf58,6c9524faf83c6a253d53de4b881f767a0ea310e7e25979d2ce677fe37ecd266a,True
s07_normal_mean_m40-1342,3097895bb4e405cb63664ab74ded2ca0,76a39b6238ad8d329683a01777ba94d5b33512c41d831a01dd7e72d0af407efb,True
s07_normal_mean_m40-1343,3c7de56c0856d9da6025908247ccf4da,53bc66b3a49cf30872154931272d82aa96c35f7d7ace382eae2cd2406dbbd7e5,True
s07_normal_mean_m40-1344,f651035b2ed02fd9785fc2deb793be8d,ef0d2df5f583c2ff2e1364260604117506140e394ab692f12c675f2f6dcf13f6,True
s07_normal_mean_m40-1345,2f33718caf07736b31194e10164454c4,0105e2d95e075dd22f1717eb8dc94d0f726524b56cdfb06a33c0af770dc52bbc,True
s07_normal_mean_m40-1346,d075a506db33eb4b654d6e13903d74fa,d9ca17da6e052ea3efb6f8f9c081a3f5c84432cf39b97ba989fda03191acf047,True
s07_normal_mean_m40-1347,01224b73043a0bed455be5672f89efa3,2eb57a3239025bacabe8066770722e71ccbc3e880725f29fe23e953fe9a879a2,True
s07_normal_mean_m40-1348,a5ad4f51d4d387ffef95fc9561675b96,c2ef386f847401235f2a0f9a34fb7963f3b3a539d8eff6b74c441489c37f35a7,True
s07_normal_mean_m40-1349,f46bafd735a1f32c1ea586cc6f1ae5cd,f43acfe5a2dcaacdb7143a3637de6c7da10a1e914ebeeb2db99237925931d14c,True
s07_normal_mean_m40-1350,f75404f46da622433612481b8849c798,cdf536054a878e9de7833ac237a340e73b16cc3af715c31745be9e39cf7c53cb,True
s07_normal_mean_m40-1351,c6bf6c878d103941db6bfd8d8975a03f,3c08fc36576e463219681143b2a55cadbf7c9363a66a7126d31768e7866722e5,True
s07_normal_mean_m40-1352,923bda54d3dc5a51bdcf1667058734ec,c6895cba04364ea7a751e0d2157d9b3195ef1600290cdf21d470ab9c694436af,True
s07_normal_mean_m40-1353,301e68948bebfa4a0bbe51ea1e2da4de,4bfb67a0c65a1f8dd5123140e3fa8d6bc491e2e351dff604ed436ea37124ddef,True
s07_normal_mean_m40-1354,0d782d4eef82a6c948f2d79c4c48399a,db49ff27a02ed6fbc4760035a0a3c0daa0c6145393eafd57f65ac9f30a881e89,True
s07_normal_mean_m40-1355,23478a7286f1afc4c774541d6d038e17,bb816fde0673a4e1a9f269cd7cb20e848120aa7af62c6eea5071dced8a328605,True
s07_normal_mean_m40-1356,c03d2d016b28b0be17eca4597fb3e9b7,2c53474af59f2fbae2a234532cefe86e9008aa67f9532a8a57d6ace4db68b471,True
s07_normal_mean_m40-1357,e9983e90af163696a5fa025c7a82520c,7e2af737637907b2ce6f8b8f3f9406e80a35829957c84041e37146da1b707bab,True
s07_normal_mean_m40-1358,c354bc18e20a09ac912f12de5467b8cd,db05ad68ce34b6faab8608a2932b3862097a138a571324e65164fa693364e0a7,True
s07_normal_mean_m40-1359,6dcaef28ebe35b2b14369e53eafeb818,7d9b16a61c9baf94a5b96e2b3cc064fdc27e3df5979dee797dbcdf12bd46676c,True
s07_normal_mean_m40-1360,3c96b187cd670de6a920471f765ee0e0,5b50da38fdaeb961896bb7010d178b1e7bcaf6191d8ef7abc1b2e018e2cca94a,True
s07_normal_mean_m40-1361,59d666c1835deb125fb4a3ead703b245,d35268b6b1efc05c5810e8c6b3e4ca28b74c41cd700826fce515dab6931d248c,True
s07_normal_mean_m40-1362,0eaf1747941912d297b25f14087a129e,4c3d5ec76e303c964f51225e2d4a7f0bdd9938614a534d3d6e5d9c759477b0e3,True
s07_normal_mean_m40-1363,facf8ae3a8078af0c897278abcf5a17f,7d9d3e1df8c741fd02ac1aad84f09e07a8c1d79dd770e02136a44d05dfa0e459,True
s07_normal_mean_m40-1364,949cf9d73c247779f237a8340387e13b,d0fab9b4f146091d2cbbd6017ed1d61744f4b79707563c3af690e1da8182220e,True
s07_normal_mean_m40-1365,74da8b55e7c9be5216a4dc923890b708,5598b0bd7d1fb8adb60968b5075a15bbfcbaeb6aac48a10bcc9cb6bb77ec3c4b,True
s07_normal_mean_m40-1366,4c73286fe69f30e7501de1ddc2825d43,6dd8bfeef059e9f5eecd04d0b2f657ba3d8e8301da7ef555190674124a0d6ce8,True
s07_normal_mean_m40-1367,f6c7c625308ad2c3c7dfb1ed4d593201,94759b5e9a06d86a77824596e8bff2dcf9b8912a1023c463ee648a808e170491,True
s07_normal_mean_m40-1368,3ccceb7233e5d1267f16ea59f9fa7b41,f392866c4fb034e2f5c2e4326a23abeecfa4e6fb8814db2061988a06ecae9c9e,True
s07_normal_mean_m40-1369,2e83ec4d8717947c6dc7586ab51f6fab,6114dd985414b6773c9f978a8004e687d950ae099b899180012a3b3abfd5b087,True
s07_normal_mean_m40-1370,b59cdf86ab1be5285e560de6eac03381,3fb8585b3c71ef84701913834ffc92b885daa3bea0e43fc48b2ff1308620c2a5,True
s07_normal_mean_m40-1371,5411218493439b96e4cde64a001ee37b,7b8c8edf7aa80438b6e427b6733791b8433190fcac5451b777c14c19299ec9fd,True
s07_normal_mean_m40-1372,498cf8bd30b4a54cb7b8c9bc4f8fc1ce,dcb8d14d835bd0787b0c8b59abef4a1db185f34622bb633cfa06e1abc48f42c3,True
s07_normal_mean_m40-1373,86c0125ce4174721f15aac32d8882ce8,0a96e325dfcead8408c0dde37e39370f82f3c76ff7fb291fbc0a73769ab62903,True
s07_normal_mean_m40-1374,c110103bda3369cdff17ac432d31fbc3,d59d59fa41212ddb7180304b8bf4d46331bacd4cdfba345be5a5c271fee8e0ed,True
s07_normal_mean_m40-1375,fda3aa54d9597677414d252207bf2f61,46fb98e3f9225a0a875b96756b43080d956f3815200c2a0ebb27f1c7e8db0edc,True
s07_normal_mean_m40-1376,17fa1a21ffcfaa55cd49117a3ee4322e,42ba255f9c7b28424ebf02e854d802aa86bbf5f37728cb237f2b422c35b05b18,True
s07_normal_mean_m40-1377,7e8fa6d1da8104a8f9880aaf89016876,5bf2efeee57f8732d3ef5e0cb8df2deb298a79b06dbdc731c1fa5fa2ba3ad002,True
s07_normal_mean_m40-1378,34a4a33c56d97c6425a9ffe4d2d4bbc4,e9e3b6da25beeb80631e20b3d6a15d909764921bd41b2e37910a39424de28d30,True
s07_normal_mean_m40-1379,a10a794afc77f161f42f6ca6162c946c,44de229aa287b03aec7857aa3962dde8fc7c1a8e46840563b26c90a0d7569b92,True
s07_normal_mean_m40-1380,b734dd49f5080927504490f228af9d52,3e7b6c91719401ed0d65b32e46a3f61ae85e780e5a9c20ea762350f9b4e06d0a,True
s07_normal_mean_m40-1381,13c887dc85a974dc0aa120e5449bb60d,7437568eecfb084749ffd40f356caf80188be5a2a67d7331b62de342ab978582,True
s07_normal_mean_m40-1382,3f16007784b7dc3a322f1fac442e92ce,994cb304242d1a168dc144886146e0769de84ffc56c124c7577d5ee78ce89c56,True
s07_normal_mean_m40-1383,68a07d4c542d4a4e44615433890feb19,5a51f344e0f50ef457b06ad74cc6a1153cdead7d138baf741c1d8c9fee843137,True
s07_normal_mean_m40-1384,38f27c3adfaee5cf5ff1fc35e057eb5b,d8451b8bd152eacd1c19ec99e1ead358a72540042103725df0f6bbdb34a04cbe,True
s07_normal_mean_m40-1385,488e9facc021502ece6adbe42be8cb1b,9c7f45f39281b443ff5314c2351ad3a8a19762b384a8402740941c0caebdef57,True
s07_normal_mean_m40-1386,0610e9ae1c14864b4c756f15c383d051,146d112e6e76c7ed87323fcd6327f6b8c52b4b729549b62f237ae9b43f19b065,True
s07_normal_mean_m40-1387,c582c2fb6f8c6c634a35728bfd9c9da9,c5dff9b166d0cc9485e38b6d755e1620b1d717668c28f9a08cf93f01bb46afd9,True
s07_normal_mean_m40-1388,30b75a2d99bd853a260ce9fb4c536085,d753e0faf7313792219b1cf6af99d0bc5364e80855c40c65c2a2e23317c78d49,True
s07_normal_mean_m40-1389,0bdd0117bd40f0cd6b6dd27cc491dcd9,16afcf1d8f396edab795829a8bcd80f180ec8cf15d0eb3c82a6c1d0e731fd1df,True
s07_normal_mean_m40-1390,4a5ba5e75f2fabfd322db5ec0b0d3b8c,2091f365103737e4c0fb986ab93b7078d34ac80aa5deca10fb674187c61b15a0,True
s07_normal_mean_m40-1391,7633353b0394f6063c91b70492514c72,38794bf4b8abf0f363f07ae335810821224eee07b62cefc4d57db79d7d54702f,True
s07_normal_mean_m40-1392,d7529a2641d6316d2ec1333b51989477,496d83b137cb915a017c000ddb705dbcb64818fbee1ac2ac4e1eef29f39cd78d,True
s07_normal_mean_m40-1393,f927f2e06e23cc03ac6ebf473d226b33,2eec2aa26a80a0d59b021064a167bb0451b644ac8f777e73c1031c0ae7bd0a5d,True
s07_normal_mean_m40-1394,d74b98ce2c18f8dde417e4c1c2986a6c,8072622561407e4c12091093b8e104cf1998235869921bda7dcdb944505623c9,True
s07_normal_mean_m40-1395,eb0be674554520c7da66e5055dbd13da,a35301bbf247654be8ad3080558f5a67217d3d67f02a90408340158cda8b2936,True
s07_normal_mean_m40-1396,ca0f07941af67dcee4d8538bb6fcce5d,e4a04ade354ce8b95de72ad6dd2a6fadd55137e7c77c77d0a055c43663ba65f9,True
s07_normal_mean_m40-1397,b723fa34fb933250438f5471f5a5a8c6,7d9b4fa1fc2696fb26e3138fc6ae7a0a8552bd2bc233e136f4e9b805f572cfb0,True
s07_normal_mean_m40-1398,e4cfa20cec08457120302435eacff7c3,426038792ed72a7043914085f018f1969e0d05189f603c4ae84ea559c2a4a45d,True
s07_normal_mean_m40-1399,b56517176f13a9dfec1b81a7605dda99,e07104dd9186d1097777228d9c722bd40e852f4c5623f46131dd46a5ad92f45c,True
s07_normal_mean_m40-1400,ed0a4cb9ed96c919fc4092c3c8139763,30d14558f7cd98b4906e79790cfab426554d828d72a1cef8a3374568b5574e9d,True
s07_normal_mean_m40-1401,4d7a0efb56ba1d61dbf140e9e40334ae,5f9b0639d04c9978aeb675c5907918794d4f33fad06cab05f927f9e76b53d587,True
s07_normal_mean_m40-1402,1b0d6ff1492e714ce521841bc318f502,8d04386157f9eaf98b191b033a84a2749b1b96fa4b69f9cf3ab2f35f1983880d,True
s07_normal_mean_m40-1403,3f57f2b3ee6fc468b699a0ce6608fe23,e7236cf9549c4e17720e73c375a5a3258fbad872dbe4cff036170f747ee28e9a,True
s07_normal_mean_m40-1404,36e8bbc80182e6144c711d2b2f6deb9b,4405646318b5b69c00a8ace0a981807ab6dd7e7d9f7fe2f39798968ff365e5f9,True
s07_normal_mean_m40-1405,5079adf2d89f25384b9b995fff255721,4d5fe29cbac39c874725670d6f077c97c53e45216ff8a131a0653300aebea7e3,True
s07_normal_mean_m40-1406,f1a813dc9cc71bec48f1c96f22aec7b5,309823d3d3f2d89ccdf2e041d9fcb1a5061a35e482472d880f76ed054cc3da0f,True
s07_normal_mean_m40-1407,400406a23c96aba4087f3f6e18f01305,25891f70e44fc984feb161aaf5d72ae004e8ab66ad74af5f4e8c8da07e406ccb,True
s07_normal_mean_m40-1408,507d94d2abf3e684e9be26725d34768e,79b3a49f6f3642f565a422b3413db9ebd51b8e036ffd83cf556748d6643aa6a8,True
s07_normal_mean_m40-1409,06437510d355fb084fb0962ed4b03109,f8a416d0106f4266f77180cc3272f92f99c3223863a4e357aa6e992a7ce53414,True
s07_normal_mean_m40-1410,f783e39a45283c06342e26f32e66331a,6fe229c86833d4a906c2c3916efee07ccb82237fd9904eee9d93d7b7178a6bd0,True
s07_normal_mean_m40-1411,7a91f1aa69549ab842722c5cdb12b875,a3981d35b3fe30449d8b6dace4753dffa610b5cf18871063a134cc78ff10bc9f,True
s07_normal_mean_m40-1412,a48be8bbb4cb3229841eeb1748457e94,f61a46d44c9956aff1d7c6e711754c72950f52a8285d0ae26e3b49ad5c8440c9,True
s07_normal_mean_m40-1413,9704db4c1fe06d90bb3078e9afe240f5,31a13a8b5224562e7ee0f15bc926ff8485d86b44b8b5c048a3bd4bbc0d3b7f69,True
s07_normal_mean_m40-1414,850d359fc61fd766f7e2992cb66f31a2,635b2bc62416afb3ebe0c6f08deac9eedd0ac7a48cdf7d92aa3d76d3b2b12a5f,True
s07_normal_mean_m40-1415,f46a77dbaf4932535808450c5533499f,6f109d0d50e3779c73cd35f7e4cbbea048561b6af7f83282097740ed34a83c60,True
s07_normal_mean_m40-1416,bbc5b79fc9273ceb4e4ff18bee0c3dd1,5a6f7df140cd7152cced03767877962248b9d12d45427c8d8f85ccc9e2307484,True
s07_normal_mean_m40-1417,3a09004e306fde23b7837dd49286a1a6,0e80824bc01b98648892f766360b1f060a5d358e8cca2099b22385918e22bf6d,True
s07_normal_mean_m40-1418,cd4bb9c56d2ed72ae02b361d19416694,ff69a4ee3cb47c1ea5e9165d50962208e06ab8511e5e26df361b771bfe7a4ae9,True
s07_normal_mean_m40-1419,49acc2e431007774444ede79474447cc,b388b79a4fc48c8eb2b87ca20cd089400980a87d270a8eb3fd6006f79525a8c4,True
s07_normal_mean_m40-1420,c3477ce636faea97619e1197e5b64495,1afcf5b60a34e1a807d8dd37add4bcf7d269abb67ff77abe5e20c2e375a5f831,True
s07_normal_mean_m40-1421,3db4ee237eeec04b738019536eb911e3,0c071948d78f6e2c758f79088efcc64d8befb865f400bb236ab2ee757e47d4af,True
s07_normal_mean_m40-1422,14c69ff1677f437e0d3c377b330cb11e,597561c4a62da36f4445b06b55921750edf87350b4d8898ac15412d741d2e37f,True
s07_normal_mean_m40-1423,baa762b45371ed7d17ba92f7cf561516,a67cef14d851661a11f774eea4aa7f6babbfdc211587b074ec5394ebe160f685,True
s07_normal_mean_m40-1424,4004f81a721b5849b2b4c71a877bf5d3,e06dd62d898d05aa29dd51d442896bfe3a15bcb80b8ca0501c1de617e529f1ba,True
s07_normal_mean_m40-1425,caecfe9a352712ec5adf1a744cfd52ac,60e6cfdaf87f331aab336698a031e4c5a26e24df39b850836fd9e3c455349ba3,True
s07_normal_mean_m40-1426,a6be1ecd4510ad120ed635e32a850b22,8538f47c0183cc663e5cd7b99d19fc2c4fef86fba93adb8ea4bcb2513fdda66f,True
s07_normal_mean_m40-1427,bba0e16894adaa67b057f42676821310,fd2781b4401bc10f26741455f2e4385b497224ae18c65ffdb40c69837a1fa23a,True
s07_normal_mean_m40-1428,5c05b21e8ce2a605aa75a5a9696829b1,477627e335f74765d56cfdc36208936629fa4321ca3fea6f535e4df6ea1adf16,True
s07_normal_mean_m40-1429,217d1280744e9af286f6895dd4e8f550,aa37306095d17143d55ccf2ef4e7557e11979a0193f3d9c1510ddfcb34b4882b,True
s07_normal_mean_m40-1430,e8d1aadd73b092b6a19a60125383b46b,0af4713f7a6c317d43f5e1922f5761acbe42e83eafc028795aade107cd8f3088,True
s07_normal_mean_m40-1431,f02a34ad6de8cdef26d623c863eabbf7,5f8ed5de40779b06877bea43d07a0be8168360e2736a98074b42428b06f7c369,True
s07_normal_mean_m40-1432,a7facc85b0872eed2c870b10d86ddc0a,e9a899bdfe9fea2f378c74e869da24427306d214d68ed9777b9ad60c9f2dbc41,True
s07_normal_mean_m40-1433,7ad9907e4c957efe8a9f0effa5e013a0,6018515221992f629cf8b62edcff9117d874ffe8f091004998584719fbf8c0ad,True
s07_normal_mean_m40-1434,c8c8c36c7feb1afb652a577d8979e3d5,bac950ef1759ce2a9d54b21ca671b6d151df18cc1419fde7d5db4fb74d6986fd,True
s07_normal_mean_m40-1435,e46db8a5507a4151c6b4bbb909559821,8aa4184e5d75d3b1b11f130d48d4631799698d812aa0ee70494797cf62e6a02e,True
s07_normal_mean_m40-1436,372715872407a20e215a7046bb80b671,a559cda4038bc1c37197eecb75cfa67a32988419601b5f5ccfe4bafce0ac15ca,True
s07_normal_mean_m40-1437,44f7f5ad5e376f7ae29806dbc7eaf327,862d1d3eecd2f8064f8d2c994057637549575afb273a30d7f2c540ec04853318,True
s07_normal_mean_m40-1438,8a3f39557b33f439621f332876c799ae,0d1db33aeec76be5683ace06d58725bbfe9e3d58f46cc9af71a36b5cc09b681b,True
s07_normal_mean_m40-1439,04bdd941b8c6f5a700e97a782c9317c3,cf28b5881c82b7a54b9d1c4c732d03ae91838eade9750927ce594f1449e16f9c,True
s07_normal_mean_m40-1440,661782204c83c50d45c29847c6c318e0,eb7072599ad9b1b32e48d75ab2b1b1b478d66fad053f2993ba0ca40bc5224088,True
s07_normal_mean_m40-1441,a640484b8cfaa1fcbb25432821fbb576,66482759881272ff92cd36e9cef695037cb2562dbcbac5f8c9069df14b12a12b,True
s07_normal_mean_m40-1442,6c3c361f8c537caa979c3b08401cce30,22ee8a3d70113a661c7226a4644c79210eb6656394e40372722fa0279ec2103e,True
s07_normal_mean_m40-1443,c5a0dcc070b2063719cc44eaec1ff3b1,adb645b3ff6cdff5c7d36b9cc12886789b57635542f72f96ec3b21af3f3b0670,True
s07_normal_mean_m40-1444,c72d2fa64b9c79b96090944fced02100,7de7bcb88c71f22da558d45a4f51dc98c4f0dd8a1f03686241d07305fe007edc,True
s07_normal_mean_m40-1445,73baf7d3d80c0ed53128dd17a0b62674,54b0ca9f10da401e3b14ab4f22d93c9a9ed402542c0a99e858bd4e35bae1e5bf,True
s07_normal_mean_m40-1446,1460367f31b8b092f29cc7bd1c67186f,3dc63f01373631bbc6689e14d87bf0376ea68715ef3998e31822e843d2176f12,True
s07_normal_mean_m40-1447,596d236da4c7608604a80c8704914052,2e6e4bef9a5f9e88b5f87f80c206d3fba824dabbe0fa0cb356820e4bcfc6015a,True
s07_normal_mean_m40-1448,212fd31e3a26ecbf0c4e9a3049f66163,d8a8a8972becabef44545e705c0305862d979abe8ad066a03ae45fff5dbd74a8,True
s07_normal_mean_m40-1449,77bb3e1105c12bd26bf90172676e145a,14b7ee0d39de8fe81ec02d34f310d0790e085f9bf501a9cd85ffd2d56606fd83,True
s07_normal_mean_m40-1450,9d7c2408753d6380101d8a724f4d05ac,2b542eb77410a7570da692b58d7f95171789b9ef9105915a3b1161079b5415a6,True
s07_normal_mean_m40-1451,bce3cb07825e5a79c9223f2f771f832a,6878a41adb75f3d7f6f8d4243e3f222d1cac26815d33dc5137f3fa57ddcfa68d,True
s07_normal_mean_m40-1452,932c4d6f90bd7344fcbe31e0bd4c1abd,c8720bab60ff69455b990de1dd1817cfc35da1ca35c09ca1f4805d34507bbb37,True
s07_normal_mean_m40-1453,971f18c8caf9f6b29228f849c97b788b,d2bd8d5d4e2741112ac8e75e6f84d0825ef5722d12df8e20562a76a00e1c109a,True
s07_normal_mean_m40-1454,ea455cf40cb41e6e2528da71fb05f29a,267ac3bab1a601ded0d91253b1579689140690e7361c4f38aed917c95dc07138,True
s07_normal_mean_m40-1455,40b086dcd8859844425b7414df83d715,70a4be96a35f3db3b932ff55f9d8925e66c1f9417f1f1fe004553369d047ac67,True
s07_normal_mean_m40-1456,68e86bbc7e52c5c74237dc4aa3ba58ba,95f9fec6af15f3c095a5d41b393d69c4efb9dcc8dce2076700445d7606f151db,True
s07_normal_mean_m40-1457,503dbd085d159c6872e2ba03139d9b7e,f273f71d889ca16de6df65d97120b826f8f753c7767069f39a6e191c207a5dfc,True
s07_normal_mean_m40-1458,031b9592cc1dbac85da749581e134694,1fb91f75f9c58c60c03bd92d34ea42d8f08cd48b461782338b0b8f172d315ef6,True
s07_normal_mean_m40-1459,fef7623d7ca1074d0f7532c898969737,34b6db53259ca335bde38fe2944ae9919938cf533eb4d98d094028555132947c,True
s07_normal_mean_m40-1460,5b93842d0db193bff464be8f62d4ec82,b375c4223dcc7c8091f5559cb7e6dddee12c4badb884112e28e03bed20de9d9d,True
s07_normal_mean_m40-1461,3dc4f986502cdedecb347b1b638023b5,8053465ec3380c437f9d3f2bbf6848afe559366ed4e82e65845019e05019e27c,True
s07_normal_mean_m40-1462,de0c908a0ff69312c58129a6a8deb99d,dfd2305a44b5c1651dd48b009f218f08a75e40bdbb9108cebdbbec09ae9c0e8a,True
s07_normal_mean_m40-1463,9bd4ad2316a3642ce23aaf336249fae3,f3928c6b16d9627601d1934d4b0d0471c8aa3b86b0854f038047da4f2a2e4f8c,True
s07_normal_mean_m40-1464,9ceb7fb626b680c6505ff0017a37ca11,bfd99ca65f7dced4812dc1dab0155cb677cde2954b6226388079d37a36ddca79,True
s07_normal_mean_m40-1465,b1355a0639bf75523eea1cd9880d5a48,ec3287b81bb3fa21ba7db73a326d279b1acc1fac98ecb70ed4890b87a5899cad,True
s07_normal_mean_m40-1466,9b7d8d1cae3045bb13c67c6429a0c0b2,89da18cb1e391e2362113ec9336309458ef37b935542c20ce4db15d37653f8e6,True
s07_normal_mean_m40-1467,a7c1b6bb7fe50fa5fdce277c17d52ba5,b621c1bf8305a7cda997258298a1293cd2ec8545756425eb38eb983f7283e881,True
s07_normal_mean_m40-1468,6c131e3a92be44de8321fe3934a746bd,83ec985b0248e42949bfc423bcca7e8aa49ddb0444136a09c5b8d83832a821be,True
s07_normal_mean_m40-1469,4269a23379f7d90bf422e07dbdd6af4b,851b7bf893d3eb1df2dcf11473a9dea874ae15ce058764f5438a5a04cb4f35d5,True
s07_normal_mean_m40-1470,5a3dec1db475e29c9fc79f740b73052b,2ef7ea47493a885968af7c3c8531386a7b344f7e0214fb68dbaa44d9ade9755d,True
s07_normal_mean_m40-1471,be539eb307f91e68b1d38479928acfbd,ec76c4e02b02d170a1d2fc35f2effb7b1c4fd5d5e9ca9722dcbb456ffb0f1a53,True
s07_normal_mean_m40-1472,a02a3147611d3a5440ea8b73e1d1a922,b9f5b337ea165a4417e21713e7ee65a1d9bc7da92fecd8ed068d05fcfb714728,True
s07_normal_mean_m40-1473,59d3734efe67205ab5eddb36fc27fbd8,034f3434e0bfaa3014de835406d08a8d65537f45494c96e2d029ab3d5731099e,True
s07_normal_mean_m40-1474,8b7f9369cbd12b3bef463ada3db46566,c7417796cf3584d4bbc8ca2239f6c9954f8cbd34fba92fda7f791f55d446f99b,True
s07_normal_mean_m40-1475,e47d194b9706fd775efdffec85bce349,a4eb4a06f695285e319740bfa7d005091ad7b7bb44433b9672017ce06c948b0b,True
s07_normal_mean_m40-1476,095f9c9aed801ea354f51fa87f507065,22188af2ea5fea0e88cdb12072d92d25a221623591f3d91b8def3c5c925cd72b,True
s07_normal_mean_m40-1477,f4dfea04313325d0e1a7340ffd24629f,fdf5d19dca9c3ab148b8b293d39ba5ee122d7d2eba113f71035b940b5fa417df,True
s07_normal_mean_m40-1478,2124ac11105f9868fafbd75318b1ee95,1e33b946769f264227cfab0cf66fde9aae42f93259a908c272b699d8e8d793bf,True
s07_normal_mean_m40-1479,cf473b52293ca7164d045f756069b3f0,8eae3cf2cd1a3e7b9e448082d028434f049b377639987c5db98119a4f0517d34,True
s07_normal_mean_m40-1480,9bab05c1c196f4130e43f24349589e79,38907a7ecdaee21e0a9c90f310c101344480d030b751a7199950454a5c881a01,True
s07_normal_mean_m40-1481,f6514c6cc6f011b4921c65003eea5065,f027df68b3608bb04a286f98318faac3f6ac5094817d7473be7e8582f676befd,True
s07_normal_mean_m40-1482,8f3f51807d1c40bccf999e8a3867ff40,27e7cc9cc68401b47ab0e7667787da0605dc1e42e4da3ce7267a7df7caad48cd,True
s07_normal_mean_m40-1483,f3c4b39527e35c271a41baa158c60668,9507a01d113c171fc8a6040b285c9f42bbbfe9b2d358f48e4a07513ace897d7d,True
s07_normal_mean_m40-1484,34ecc75d9e70d2ffbe257e9252b985c8,0fc2cdba722cd9f39cc9bf81b6d46326b444481b7185059ec4e862276cd65403,True
s07_normal_mean_m40-1485,0730459b35231aa500223d1c638d2eec,0fe93f121c6a834e1b8ae57dd6eb965cec1fa4fcb6b0752b29ee8e9b9d387cc5,True
s07_normal_mean_m40-1486,55940a251a09df32bf5a6d82ff64de9a,bde3ea10400a6d12f74f2d807c3eca78201e87e44ad34f82c38fc820a06c3ae1,True
s07_normal_mean_m40-1487,c0585c72578002ab1dac2ad1ab76dd48,e4a0f682fc5086a951013b813cd1ebea0f5b171dbe2d8aa55feac7a3c9e97a1d,True
s07_normal_mean_m40-1488,42cbae3069fed38f1c61ebef7fd85862,1a4d19a3841788dcf0415c9e74717a52dd61bbb57e7de636bd63d4a6b822f8ed,True
s07_normal_mean_m40-1489,477b90a95112a520f8b535a90876c07f,6c0e06093bdae95bc5a4f2afea6584a0f583d177f3f070e34eae9d04cc59295c,True
s07_normal_mean_m40-1490,1057ab0d29613440a27c09c40e3916c3,26d0e47efd2f7fdecf980f49b664f037ff868ca2e4f77cd43b746468fe993a55,True
s07_normal_mean_m40-1491,94ebccc8acdee31f1ea7a26f0d0b2437,d28da2b42ac5522c7d79ea171569224328f68d63e288632f1289f4dcb2ee028b,True
s07_normal_mean_m40-1492,50d71b13f8d8b731e6df03241c06b15f,95a1740ada20db023abf8da28f3832915d0d357323b0cef716b20b28f967f053,True
s07_normal_mean_m40-1493,958fe19069f92f647727da3f0109fa90,1b61738751586b73cdd249811f5637389a0662dd93d9070f76d3d1129ca7be91,True
s07_normal_mean_m40-1494,f31663985cb220d8054906548bef7514,4374d63a1966e63dd5484837c0b1077534bd052537b2aafcd8ff62c47de23141,True
s07_normal_mean_m40-1495,fe28b73f6423f6800ca01a82d988bd82,85b7562f1231d3dc1a543ead750367a4dfe09ad5b4a11beefba2e8877cf5c5cc,True
s07_normal_mean_m40-1496,9b8574287e20e573fa7b6b6a10acf49e,283ed01d0e9bf56eedbc688009871708bac0de0d1071bddbdb11e2a0b736def0,True
s07_normal_mean_m40-1497,29a57efe0f94e518fe431176bc01696d,ff6551dba3d4ec6b2805bc7ae90483b7cd970397c4b94d5fbd2a6b57d7d0a0a3,True
s07_normal_mean_m40-1498,ee5b899495d12a9d88010bf1b37dd911,2e725c06a76f2d6975c07c09206836149f94b9eff47fb17954f7fddbaada6737,True
s07_normal_mean_m40-1499,021f2a6e3013e8f4f9607331da8ba140,22c8aaed8f8e003d1a32ba57c7d9b499824cbeda22af06aadff399bd56805597,True
s07_normal_mean_m40-1500,0b8f1a16cdf0048b3afb88c766523317,df7bf95ba77f96d1a37be3127171103a75b3970512e4f26e8a86a0511ce4154e,True
s07_normal_mean_m40-1501,e480be05e7590c54edddd7ae0573a773,105d308d28bc3f43fefb28fc3390f103b0d2276775493f70dd0baff565c38bbd,True
s07_normal_mean_m40-1502,52641f0803c338c0197852163256923d,ba6f00f9bf8be0c1891e336f35b2644c2a7a1f7260ddbb81ab7e2026be944161,True
s07_normal_mean_m40-1503,0c72da86d7148b9db2226cb5f0bc25c3,5ec59ea094c355dcaa2ab1113df6568014f6a70a2df48036dad05cce0e73d571,True
s07_normal_mean_m40-1504,c1dee9ad6fcd90679a01d3be63e88b22,7b41077546ea510d935430b6b95765041733dcf4cc5584a7846e34e3c27c1932,True
s07_normal_mean_m40-1505,e7acd058110c5a16635d25ad87ac63ff,d74694548b6d57420a58b661c9aa56d7c266d1233c8f5ead07a7a984d6d2c7d5,True
s07_normal_mean_m40-1506,4444f60bcf8b305bd56c4cf2be0b703b,47445e62c97748efb0ad2c53d3e70345acaa08cd08c52e2ba8de63a2c9f4ff29,True
s07_normal_mean_m40-1507,7d2ceedc2e3322b9e2cc9f771bc2de4e,068232a85bf3302b3e03608e10b4f2c0e1b55028d90524db679b00170987e294,True
s07_normal_mean_m40-1508,9a19efe8cc272d0410f1403195da58d1,ea0ba7208ede826c0d3aafcb88221e013a5b2d4fb55e5fa8a514ebeb8129a780,True
s07_normal_mean_m40-1509,68312f31c5fdd99f2ec0ee24d3c0bd44,f80f32da2cac6d27c1c3e95c401ecc5f2039ade9ee849b8d0aca74678d093546,True
s07_normal_mean_m40-1510,ec135b3e5633ef8f0fd6f9915acd3d8c,d1e66ea43f4c3ccb7e29274f3f3dcecc4429b804bdc926ba6af0e8bedeb132d6,True
s07_normal_mean_m40-1511,cafaa4dd13fa3ac3b0ce3d484151a8d9,9793db029cb25d2c4a826aa4dc0fe98242220d406b61f42bcf652c03de5bffd7,True
s07_normal_mean_m40-1512,88e0b61c2891683dd99d5ce1ce42d22e,c2f3856c54d5127e58fd81d0f8636559e14a691706d924a4cc6ddaae5da7263d,True
s07_normal_mean_m40-1513,cfa4568a523a60a81fb03725adfe59e6,41c268f454bee835e1c4851f60fe008bc2eed2949226c319df0eec35c9724a8e,True
s07_normal_mean_m40-1514,49c36734703f48c4498dd78622a34739,f9fde19fb1c5cbd27225a006dda8a46ce123d16fcc5bc703959e9d5e48b69f6f,True
s07_normal_mean_m40-1515,3d6ea12824bbc86c21aa3c204b0883fd,88cc299801e3bd965a7af7a2e125d27e2520bde34efd422a3b145063ab28bd83,True
s07_normal_mean_m40-1516,3d7640f720379dc0a2473c3a0b998c24,408167df2f325faf759e389c16cedc267068125fad8a35c7cbf5a75fc91fc8d2,True
s07_normal_mean_m40-1517,736482ca839e4138a8d488faa64b50fd,c8d3b4583b97e4723cf5831bfafeef495cd8507039cd6552c5aebeff02c3f9c6,True
s07_normal_mean_m40-1518,7703ad9a89310de3f4f04a0865bab446,0161622742f14675d0c4bebd6b3a96aa1fb9c2f3d920ffb759d5ec6fd8fe4525,True
s07_normal_mean_m40-1519,7d3dbe75118482f00baf00d661a0109f,08d88bbf403bfb3e17068665aeee7058c459bb9a16c802ae70f3667e86f650fc,True
s07_normal_mean_m40-1520,569937f41f1122026a2f8534e0b35714,90281e133d4b620f939c8be41a1eea044ea1f2809b243f77ff806a4e776845a3,True
s07_normal_mean_m40-1521,174f3cf1b73afa1b3d22839df1a044b4,85f6a1e8da9ff3817421ce082f1646eb61967f74edb8337dd7d31a80ad1a7b5f,True
s07_normal_mean_m40-1522,1d4d1b876bf08d90f983a6218716b917,d913000bc4e53393fee95e2aa038fa62d170ab6314167fe97ae6c94e0f8997f2,True
s07_normal_mean_m40-1523,8d7b4623357328579d9840821fc1bc42,47c0bea714cf78abe97abd1b93477a5c755e6405cb7eda74c29a947b7c45176c,True
s07_normal_mean_m40-1524,60989bd47aebada7747466d070d1deaa,4209ccd6301d0b1dc0f467bff7e16f7d628dfcb89f79c88a1c50e2a7d7859bde,True
s07_normal_mean_m40-1525,093d6a75fa502783c8cfcd5ddb468e68,688b6392c17920339934c47488e3a23bd932837f643a5a22485c0166862da5e4,True
s07_normal_mean_m40-1526,2a9367d28ab81c016a73a6f545787952,2d7f51b53a6a90eac2a60514f9e3fa54bc8069435173f6a8a8dbb7532eb10ccf,True
s07_normal_mean_m40-1527,2371f59e0ad6c0618472cd526f5a74e3,c765cd868ac932804a3289cfa20fef0926a4adc68cf96c38ca8c40d22c02e89c,True
s07_normal_mean_m40-1528,023538be8b94d7f0f9f738cc2462308a,01e46ad4411fce1f2291dd583c88759ada6df04baa9b66b5681dba8e983fbfaf,True
s07_normal_mean_m40-1529,e9c0f3870a2c65dacfbcfcfb619cba83,f4362c560541b4719bebbec5292c942cd4a4852ea627c7c4c6ac9903ff29043e,True
s07_normal_mean_m40-1530,1ca0d7d0c2ab59018037ffa17a9ac879,56411bf36d40ce682530e8112280ca910412095b1c21c42f5ebb91096c1910db,True
s07_normal_mean_m40-1531,d101b3082d755bbd12d6732f21590d72,a2e2ad557da961811df20e5317bb20683e0cf57769601568ca73b9f638cd727c,True
s07_normal_mean_m40-1532,04f15df224c503fbc0c1c83fa361e7c4,26acb63e83a7ca79d9047d9990f212374f24b1c6dda7dacf1c9f7a2575425122,True
s07_normal_mean_m40-1533,9eaa0b98cef1595bfb74db8db526490e,be0f3bd3f2bc901d73948cd3bc96156eac5a9af76491bdb4dc1bf470dd47f432,True
s07_normal_mean_m40-1534,cae57252e3b18d3878d9b0eefbdc34f8,dbb739e9096ddea87faba32c01837147df4dc034aaf9a93fbedc8f8db18bf082,True
s07_normal_mean_m40-1535,f18c066c1701e002f83ce1380c93b3a4,6ee2c2ce4416d0f3fcca94c57886409618156274d73b114fd1c6e3928edd79c4,True
s07_normal_mean_m40-1536,539f68097989887f895ebd25a61b8093,77d1d541ff28b8e0851ce1c88c4033af6751a25f51eee25ed8964a3e62c7b4ec,True
s07_normal_mean_m40-1537,0194c03bafb86434384e14fe533446f9,f1ed03ff6d0cec94cac6b062b37c7854c82ebc2d5f00fd592655fe5cc4d6256f,True
s07_normal_mean_m40-1538,7481b99bf452aa9b69c759df5dac66c1,92830e69e82c87db6118c0c23150c9f41503f79ef51b7477f30110d2fa2867fc,True
s07_normal_mean_m40-1539,9065fb92b5d19a43a0dfb7605a5d7563,63b66e3b6f46655f21c42017c0a6817de661c3daf5c57827a71ce5d56bdea7b4,True
s07_normal_mean_m40-1540,91198e7da8dbb7a7acb866f5cd7fcb44,ed0ee15036afb1d802fcb44918e05fdd7c3a58248f9cff1b08e7e8ec6db8a461,True
s07_normal_mean_m40-1541,824fb77df78a5afb6dffca1dca32d6aa,4758fed7fb71b4714c147567970c1f41d240428693c9b32e9b43a0755c08e91a,True
s07_normal_mean_m40-1542,7075d7390cb6271e8cb3317ed06c9951,907a4e6c9f118b07cfab2c7a01a711cb9cd15bbeff29a4b3ac3dc3746a383f78,True
s07_normal_mean_m40-1543,268a08fa7cead31506e19cb0a4854c12,76e229edc49dc802936d24f0959e64d871c1ce8d01afe990b0dcb44f5a0254db,True
s07_normal_mean_m40-1544,a169cf2cee86ff8b394f3398fbd5db5f,8ec4cf3559b896d2da10a49b9e7c8e9713c20890cd31ee6ab8abeaf9712af4a3,True
s07_normal_mean_m40-1545,0b22488c7f8a7b038235d9796438b9e3,07ee8dd58346a4ade8d0ab0240437538c1b86e9ad21ccc184417d0c11c38f8a6,True
s07_normal_mean_m40-1546,16380d9f0cad633518217aec77a60b9a,c2944e6df5379511806068cd52cec31ee796815dc8ccb6fbcaef9dfce5fa6802,True
s07_normal_mean_m40-1547,1bf986281aad8ccaa795d50103f4137b,517342d173ff72fed93851316610e62532facff8ab0be9d68f74415a913ebe1a,True
s07_normal_mean_m40-1548,1a0a210c328abb9951870a301a2f3b2d,e93dde3e97168ea1c3622b6cb2201cae999090cd84d6363fb515deb12a021331,True
s07_normal_mean_m40-1549,2847b3dd128d9cc2a7391e27df7c263d,c9b2ccc71c3a65ad471a39456abb83669896e531947b61f28152aa8109527f9c,True
s07_normal_mean_m40-1550,0aa7d4e918dd4851cfa5c6a6b0852018,81bfb71814b92fba373b3377dba9ea17f416fa6c742aabc6890b45a8b4444514,True
s07_normal_mean_m40-1551,1ede7f7482cd4014bbbcae7d421cae40,72d95af89a5834260a2e787b0528d9dd8103465fd588456532b85dbd26fa940f,True
s07_normal_mean_m40-1552,c132c27eecd072d842edb9c0fea5a141,7f03f389b067331113fa98edb75045bd63bd8539c63af8b1326df9a6c4f1d646,True
s07_normal_mean_m40-1553,30d1784d6f13215b0ad6c1373152a33c,f9e6a45c445cd3b5d842cd1bf03bf559712a0c80387278312f60ac9b6891c3a1,True
s07_normal_mean_m40-1554,31177fe126d0706810b811fc03886524,c9efcaabe0d3bff1751347f7c2031cbd7b45e7d46f708b11bc8625fd5e2b8b91,True
s07_normal_mean_m40-1555,fbdde799c8458874cf4e990494fce827,ede9af0ac259e3d0251d3b07c140a88790a76782f4851b89c384d15aeda0fbb6,True
s07_normal_mean_m40-1556,d0bdb99bbe7755f926765f1c02a0427b,c10b0528eb0005a065d7474ceac9db446a91b9afdc4c7aab673b93d2626e58f7,True
s07_normal_mean_m40-1557,265b2e69067148c199bdb47aa88b5898,57f33a5793cbe09c452a002b2df0a8fa3df2756712a205d74f961e466b6bc163,True
s07_normal_mean_m40-1558,6ab41c575f4a4d5b15320b1dc35bd931,0027a8b9e54502b18a156b79ac6b775fe96a6951c9ddcd4bcd1ad484582b5f00,True
s07_normal_mean_m40-1559,7a536e6acde85dbe316d4e96f983e23b,095a48065a3d01e29dbf588218fc1d6213042b0c79a229d737fbf7187bdbea87,True
s07_normal_mean_m40-1560,b86372d587884754fd70a24618b766a8,20b3e1349921fa98ed437f84f904f60b5ab9f0f3afda2a860dc52016ec14dbbe,True
s07_normal_mean_m40-1561,fb24930ddd7c5bf205d7a038b793d1d5,31ea80531176bb4aa78f4ef181c97f5288351ae6cb496fb0efef1d30df69aa4f,True
s07_normal_mean_m40-1562,310259c2ad88770d9caf98e76b1e9076,cdf253618f6908b18532f8cf869429c718f3f944673ca66c5972297c73f58618,True
s07_normal_mean_m40-1563,426552c22e70b9cc2be70453b52789ed,048aa06ff562491fc153934e79cb5864e437e5a384d9e9e4bd7747ceff762329,True
s07_normal_mean_m40-1564,851b6ffbf96fa7e9bfad3fe3ab17bf50,bf57b554a2347b56f86a2a6b463f483d9b19872402df3ad31b825e1111dcdbec,True
s07_normal_mean_m40-1565,c4485db76579ff725e94a236f903ba72,31d997c4a870bee8486adb76957dafaa7b2afb9653178f102896fd45e4af1b03,True
s07_normal_mean_m40-1566,69c25e92ff5aea63010fc7eff121252f,ff69d4e0116a43b5406816df0862b647e6286b956f179cc6246f34bdafbbe04b,True
s07_normal_mean_m40-1567,029cdd9fcc4fed9c8563a0a7c27bd3c8,9b199c2d75d7602e89cbcaff4b4b8344d97b114701643fefce9ddaef2b51f976,True
s07_normal_mean_m40-1568,bdd6187c3de1fd4d00dce9fa4c8da9d9,cf112d899c054d1637198656b7cc43e667e50b260464c14120dfeed1817d75f8,True
s07_normal_mean_m40-1569,8073df296c00ecfe79dd1441676b6210,26eca328d31861911ae961dc2e8464042db4c6796a651f038761aa6585039e32,True
s07_normal_mean_m40-1570,9fa11bbad7084b87c57e0d3f9e477979,8fce2d862da86a19e6bce601157528d02c1873f6fc7c458a5c2d5e4253bd1aa5,True
s07_normal_mean_m40-1571,b486be8fa035dbf5ee37b8e9049a5b8f,7c982d619358f5801d4c451d13d4cc8966af8881ff4172c5c55b7aeda367352a,True
s07_normal_mean_m40-1572,91f1b8f26c2f7dd565278bfb6e0ef231,307cce71c1809fa582ecc7028e9fc3d3222c66ea52a4e4f79bb716bebc0a64f5,True
s07_normal_mean_m40-1573,00ba6e696580cf6a17f0de9bce9e773a,5a110b88010715c1882e9134e225fb72a0bb2a0899839e2eb689c578bee444ab,True
s07_normal_mean_m40-1574,8ba4536a42faeee5c474effd558e1017,5a4414bd57cf4642c2382e6446b2019520a469c2fc579d7075c14ccde934b5c1,True
s07_normal_mean_m40-1575,8c0182cf6db2f7efff27a70858eacfe4,869229b6511d474ebcd80c70c59314ab1f61cd0b957078e01d234a11b35e9767,True
s07_normal_mean_m40-1576,c70569af02ebda48e8632519c6eb60fc,c93f0eafc5182d96e5aff40aa99a1d2827c19539d190f11ea639e0f8c8abb31c,True
s07_normal_mean_m40-1577,dffc121f7ef9971794b68b6619550465,6252378e5490599deee3a8d37cb5793734e78a4e5725aa75b6f64440fa6f5454,True
s07_normal_mean_m40-1578,73019d81866081856b826dcaa66bec4d,911dbd7679c765c3e5edc0ec019a93e9b6f6754defe28fe97e30ce07f8507738,True
s07_normal_mean_m40-1579,295e0b07c2eed9e510a2a6c1ad5637f5,15aa1272f5c5de8479244f72a27f01a0c9b76748e4a0eb7861081b07df89b3e1,True
s07_normal_mean_m40-1580,bfa3a8270f844f501b88e4072fb70353,105a85d43a9970beb80eb84f0206899ffd9b1fbc9fc0dfbbf48302625ae7ce49,True
s07_normal_mean_m40-1581,8b973753272980b45f665095adc90514,80d78e86f7112b3250f3a90bcbfddf20ab6b69f794ac29b1ed466b5a7f071bcc,True
s07_normal_mean_m40-1582,ada7b2da25c36b856f2faaf99767763c,322791cab30794b782a95d90de551a6dcf5d757e852c05edcff75a2c00b8abee,True
s07_normal_mean_m40-1583,f965dac067e48f66ae7a3287bc47a4cb,2b7e91b9fe93306499dbc5e7b0ad1beb6e5380ba208caa32fa98c22deef776d9,True
s07_normal_mean_m40-1584,b69c0c79756c36a5aebe947683c99123,9ea10d753bcb2740e6b6dcc5fa8e4c4e40772652eaaf3f4f71a646b841660d43,True
s07_normal_mean_m40-1585,e2487b7f763e3b35f34f03c00a0610be,05acea9d5b946436591fd59177a3adaca2cfd011e42e40eeb5bd1a8207d843b0,True
s07_normal_mean_m40-1586,5970548c1db5e941b94daae6dbabbed6,0b54f485c58382cc04536884493d82bde2d7476d099d6a0c5d5832ed471a7472,True
s07_normal_mean_m40-1587,26fca0be3e022a991fbaa0ba99e203b7,68c486d2ff655da0036e9d2f17332247f71c19db4eaa9b92b3de26d23ca4a066,True
s07_normal_mean_m40-1588,632eb0156e9bf4ff41907b52c023a63b,489114f0efa62e95fb133e155b5f7f9455487922cbead24cf16742ea0038a9c6,True
s07_normal_mean_m40-1589,a068dec35eb8d12118cf30fb31881b19,c5c66daa51fc12623153d8bb60aba9d24a18af4b07495ed46042ec851c435623,True
s07_normal_mean_m40-1590,5a9df560d514ca3022935ed574aa6fda,5b5b3027a7ea66261938f7e8865ac3672f0fbb7fec014b17bcc5e622cad9f21a,True
s07_normal_mean_m40-1591,077b04f9cc9f1e08459c337ab44b18e5,547477d0408263e4ee764ce6ccbba440f640449c448e9497fcb5cd7d46fdab92,True
s07_normal_mean_m40-1592,2ef64913b97665ff59ea572c3963d248,ab385be28554748dfe240eb16a7406fb5014005d272e9d4726771042d6f4f7f1,True
s07_normal_mean_m40-1593,564e1e6819ca7e3f5a22399c7ae469ed,67056d0eff53c446802bf040cd0db47ea5cdb633e37c49ff7a605fc0e6026ba9,True
s07_normal_mean_m40-1594,99438f772556bfc6b8661d2149f302f8,a7a748350fd5ac57ed53eb6b2bf4465aac31fc23a43df3175dc2d3cb1fb3501f,True
s07_normal_mean_m40-1595,14a1787226b2b47fb9da1a643621f652,913284e2f5e32aa56cb50bc56ebb29ee43f7ff687100716571c3411e294258cf,True
s07_normal_mean_m40-1596,bf102ac64e0bab74f5ea2e1f704ac635,d201dfbf259148136d580ec75873e604cbc1bcc5e95a78bab76adfaa229d04d3,True
s07_normal_mean_m40-1597,e6e30cb1ae98ccc6503d72846cebb263,88e9dd81700f89d716d21dd79dc565cbeaaaa136ccf3cf3bd6c617a81c4dc507,True
s07_normal_mean_m40-1598,14b1cddc6325f5e080b9672272aff942,f4bb00cd8d2467a96455a5203c7bf4ff35eb619d4ee0182e10d7a16d8b300028,True
s07_normal_mean_m40-1599,5003e0e71676f04513fb46fc268d35b6,a16d9e9f240ec950bf9184bf7daa1b66a9979b3e559cad07e4bce4d794bc398f,True
s07_normal_mean_m40-1600,c2eca256261d0ba565b091be58856476,c218b9e270d1e94e8a34825547d286010e25984acdd9bdffca077c916cebc3af,True
s07_normal_mean_m40-1601,8ca886a18e87299a2b4a874b2c9a32b4,eef7f67f77298f21abab8e4140e44b7edd4e1d65b85b5db510ac55a2053f086c,True
s07_normal_mean_m40-1602,0b1e698155d5d68cbe5f5d010ac3c76e,c5b8e6f118812b6e218590a9ba01928e6d68dedd72988f9e7d6baac22fdbd61e,True
s07_normal_mean_m40-1603,dd9f1ad06199ddb1d8a84354c34b905e,c2175f88ded252a69da979f81aa00e7819021b7bcd77e0b560b5fa944a88fd4d,True
s07_normal_mean_m40-1604,31afaffa49d25680fe900c3327493d15,645d2eade48501e7017a70df9d4b1c34262e3e61fa62232f278cd8259bd37d32,True
s07_normal_mean_m40-1605,47f04fdbe8b03a03c60d95313ab151d9,3be38601f347f5d5cb5e621aa1d2426d2e66bce0556fb99c0c9968f8b4a4f764,True
s07_normal_mean_m40-1606,c595efa17109529f6315cbd92e1da276,871ce928c2e2880c5127227b0933734d68c087e8eac2b682a0fa703818ceda3b,True
s07_normal_mean_m40-1607,5a6e14d5c2ff46654d0e171bb7a4c06b,0c62af80e76660b8cea433a96a94550cadb2fa2d976744e987fd7729d57daa69,True
s07_normal_mean_m40-1608,de3a3df195b3f7d0f25ee1e5a926b256,68cb4498cb9a05292fec3e41144ef2702e26f27760eb37e78cdfc2483220f0ef,True
s07_normal_mean_m40-1609,dfd65fedf1a516ac1fc723be1e38f454,30c8a8897afd529ad6bfbf50b4178357229c7a28939d6f333d77840bcd5bf040,True
s07_normal_mean_m40-1610,285451d4fc32379657d6ed7b75eac4d9,5ab10170a211a4f8b2a95a3d33fa665dcdc50e02f7d8871f357856d2560f6193,True
s07_normal_mean_m40-1611,e0108651bbd5b8a6fe45799e57c5a83b,d0d8a9c0ec54f3811d40dd556247a65024620a1b45ee961a7fc1cd48d832d55d,True
s07_normal_mean_m40-1612,2ca290f842829c7dd07f5319367edebe,0dc73ce4ee0a8539a1f6a53e64bca8272ead8024a6bd44b8cadfedcdaa514c50,True
s07_normal_mean_m40-1613,0204c15947cbb0f706e3be19415d0f88,715e3810815ef59dd788c39f9c978d50bb0f3546c495cafbfe9881f392ea866e,True
s07_normal_mean_m40-1614,b969c30a69c32d91dc006efb1a742cf1,28be69710e197179a64f6ceeff08ad3bc7a1d92232d5e59dcefc31b6b9a9b334,True
s07_normal_mean_m40-1615,215af6e9e51e0b1e39df6702d76ed2e6,35614c43dd15b36514046565f2940620da340746522e69be56f351e725313638,True
s07_normal_mean_m40-1616,3178c42d6018e570db8de6bb0f1fe1b9,24b70a8812b507e03a456ab36cbce9e27d2a1e1ea725e4c5cc35c833a645547d,True
s07_normal_mean_m40-1617,60885ca9d464cfb4d1c1627a5032f471,8ef5ddf20e52d5a4e33bffb8700b8afd49d8382725c665d21eedf091964fa640,True
s07_normal_mean_m40-1618,25f2f80b366b379e6f9dc78c7ea98c8d,09f47ef5f3e7a070eee68c1687fc4c753e1c673b77e68ad4b82edd61857b6d0c,True
s07_normal_mean_m40-1619,df29710bc50cbaa2bb186a94911af9c1,74ef26a30ce6acff9c7c985432dafbafe8f6b1b7a70a091b30bbf3a909eb0302,True
s07_normal_mean_m40-1620,45013c6fc02f6dc5527ef825795ecb78,87c6a6b9f8b86ef4de4e17dc30a74d66f135e2aaeecf29e80a87994ea8bd6e2b,True
s07_normal_mean_m40-1621,4ffd6198ff57cf97897d12ad85a7d3b3,828a9d12f4a3024a6dbb6b2fb966ebf012f0b0e97b1313e5ba0a605875f73701,True
s07_normal_mean_m40-1622,e9d47c5d1d090bc2765b7e52b2d2a36d,4aff0f98dad8c81ba4e1777b3f6bf16eddc0f2ec50d9ecf29a5bd8287e1330f7,True
s07_normal_mean_m40-1623,e25519c0c09c4f0b6c491376fe0a30e8,c24f9d8f7e933477e24b8950dedb083c431b3fc1f4188eda57a7e38de84d7f63,True
s07_normal_mean_m40-1624,5c70d5932849d2f1b09cf7b70f4dff01,6cd067f6cd48d485e8fdd014b2d3d48ffea73f61407ad399acab36fc661d4e86,True
s07_normal_mean_m40-1625,73497c8efba29e1dc9688906fdb3c232,9fb7f86e0ebbf417f31e659a2e6ad78b2c6400b4384c8f3c584de1d06343aae4,True
s07_normal_mean_m40-1626,81e929a9eaf102fe0b2d87331f8cb04f,3641bccd196776ad44afdf592fe9e34024269770d367083f8189586113632766,True
s07_normal_mean_m40-1627,2b4e52d5ee651f693218a36fda746785,610a277dcc433367b031a8dce072330e91cd50fb84dcfd4eabfb3d3fd63cc9c6,True
s07_normal_mean_m40-1628,51e36a2fc17da25f638063e14a588134,8823597edef5d0e2b9c5ec6e805a93cd555dae77ad1bdd431943db95c038511b,True
s07_normal_mean_m40-1629,20af5af8dd21d566cd48fd1289e132ab,469a856e0341342c3d70af6ca851cc061afda37dc5922ef3b58cf77cf2efdd2a,True
s07_normal_mean_m40-1630,ceed8a713a16281170b0c311624e5b4f,a4d82d7f7f293117b1a45f9087ce1b258036326fc4c32fc8f8d019093f90a2af,True
s07_normal_mean_m40-1631,5cf4a93fc3af8388034fac79f7ce5d56,65ed09bbf02db7bee7db0ecaa887ecf3ac77a29397c411aff0672c456d734506,True
s07_normal_mean_m40-1632,043d353d9f2f4fe27f8ad406b1b24005,4cbae5052d3d20c079df783a45f4ac8b9b379f3c9bfff49622089dacd7cd18ca,True
s07_normal_mean_m40-1633,de673c8c56ba9d46009ba3385557ea10,69c94678e8c12f5ef8a56d37dd76ed063cd341982aa7a7b71e2958ffe5b24aae,True
s07_normal_mean_m40-1634,bbe5d7c7ae4de8991dedf1f210511adb,107944914d49f3d4545b553e7479b8420bdb5f8a277b06dbdfea1406934f977c,True
s07_normal_mean_m40-1635,1e95dfe3cd08bf22671b372099c9eb38,a1247913d40869d68a554406c658f5b1c7d6bd8efcd3b8bc25f1bfda90a34c2c,True
s07_normal_mean_m40-1636,3e66c51fa3c6fd1578d0975e3d1fe2a1,9e887253720a5c4c35e74fd01ab900214d27674ad677bbdfa4715f3e3bbfd677,True
s07_normal_mean_m40-1637,d256f01be866399d3b97186a6080f540,523d25c542974ae55817f4614f248d741361e77981b977f826e49172fed86cd3,True
s07_normal_mean_m40-1638,25fe53974dfa9db4b3d3a7a8f15de24f,085c8f5d91927d85b4a7236b28f769fac41e24de287582d71e5ab0d0a35ba25f,True
s07_normal_mean_m40-1639,a6659985c4ab27b5d30628d7dd01e2dc,be708b380b21bc762d8b66ada43f68dae013b543265fb3bd1f44c3a7dda11db8,True
s07_normal_mean_m40-1640,b34d799a5ad5986380ca9ec115be2537,4ab9dd970d73853ff499c41b3a729cb922d9d470db8c81b2345f202c47e704f8,True
s07_normal_mean_m40-1641,50c4c2314754bae4d36b5613e9995cc2,c0786112d4121073dc08e7fb2d84f35dd4544cec726c4e7c6036e2e0ecbbbca0,True
s07_normal_mean_m40-1642,5e7e4f584b7cf94c4bd13a6857d18e62,43590ce02c297d0a0f0b3d78e70670cb75f6473bc2063322ed88b748dbc48baa,True
s07_normal_mean_m40-1643,91f69bc269956dbbc78906ff3e677c53,9d321b1fcda6f8f2729ebc5c93bfac2dc2516ef1860c8f555b7f60f968ebe3fd,True
s07_normal_mean_m40-1644,a8a268a077fb166f53fc627935d70d99,0b84ffe08db5d35f4050afe5651a9de9e811d6b89c7bc7a95e785ee0a1cc0b08,True
s07_normal_mean_m40-1645,9dbe80ab7a5d1400474ca45a06b115f8,f39ecde55eb9a3962499aeec481035ad04e7f99707e28e49c6898f53cfaa2949,True
s07_normal_mean_m40-1646,593cc58e6b48af6c820c0bad7b066d1e,d22f5969c270d8b8f966d987df307e6ccf27ee47a97630039dd29f9de5f94278,True
s07_normal_mean_m40-1647,62f496db3698a8765e9aaad37cd21289,cf31fb652b36b080e6b7dd7a0ddd594af8e8fbb11bffa22393250a7bb39bfffd,True
s07_normal_mean_m40-1648,26d81e8b52532ae165c2a85ca2628818,faafe4c36c21d302a29776aa4768d47f395806147f5a6017d484c37b1e084fab,True
s07_normal_mean_m40-1649,535da02b648101033f0c78f033348612,d7f0f1622b21c37a752e524420635c5f545a0d7676bce8419d7fff69efd8623d,True
s07_normal_mean_m40-1650,7ba9e3b69a50d37e1d67e46f81eb91c8,dd88ccec02405431d9241617cd41b6e4a937384b560b361ddb83de772d9fca40,True
s07_normal_mean_m40-1651,0561f7fdadd914ce84a2d6567a03e6b7,46757e7b65cb8a194072c6a7524fd844f8ad94cda30f1ccbd604e9d9c2c7734f,True
s07_normal_mean_m40-1652,627efb7006286f29e05cb992f5ffe450,b54a8a5eac4e1959bb547ac5e4ce1f6d321edbcfb21cd65db29005f206dad5d9,True
s07_normal_mean_m40-1653,13f5cb96809937f8d01e0999dcdda38e,63fead12a719487636c53c79b537193add29b30ceca731a8946a66ef83dc0edb,True
s07_normal_mean_m40-1654,ce8b87fcbf56572094c248a6521f7966,55b9ecb0b9374215762ed8e71c22d8ddba773b3a8e27f7e107a733ca71a61163,True
s07_normal_mean_m40-1655,b0b347d7ca30deee0c405fb194956c24,8ba11e5faf15386c0a4f0e68d45f76ca4014f0b9189a87a0e8976f7fa957229b,True
s07_normal_mean_m40-1656,d98cb71ce06de6a8eaa15e597fad62b6,635bf8222174f167d7c05853379de24f29f13d278fef118a75ff9ea64649943a,True
s07_normal_mean_m40-1657,ac6dc92bb04c202bc84e61fa564db94b,4bec794e04c78ae277e8cfaf82bb62d6fc4c78d56b8aee64b79c2b2df8f52f0b,True
s07_normal_mean_m40-1658,b6e6b73138165698846a1257ed1bd561,40dafa4ac031c350e08b0827b84ed6db239fa026a9c2c3ecb3e1187371b9b6e7,True
s07_normal_mean_m40-1659,2eabffa720338e4e5dfae31df6f955f6,ac51b1d291219b69407d164df679876972b141641b4149b4928e8aca2309f527,True
s07_normal_mean_m40-1660,ae511dd7cd6fcaf7bebd3404c08fe7fc,a90abdf0e68fb81ee7b16a376ce529a90a08926892f3249d63b23a1eb1a115e4,True
s07_normal_mean_m40-1661,f930ff29be81421255ddd0440405bdb4,b36ab52a464af9932f46d2de3491cb0d8355c262e3c614073c25f2dfe4114a3a,True
s07_normal_mean_m40-1662,2aefb513f57a36e93a635658e508e40d,6ca94516a9e4a78f0eaeb0036cd218af3a2b0f2e4fb1390b0663ce537741a92b,True
s07_normal_mean_m40-1663,3e0daa960d1886939d7bfc9b5381c84d,7f76f95bb97477c85bd18fb63df07e85a77aaa633f1b55e4956123a9123a175d,True
s07_normal_mean_m40-1664,8a7c879ad122e9544d1290c9cf31c0b0,0a12cd7514147c4ff7d4bc93bc37e85bbf423b15a3534eb4e06b957d4db0f2e6,True
s07_normal_mean_m40-1665,b3b1f22b98c4e37962185a1213a0f7af,698aa439ff7ff526ba8dc7b1d2d53b5959e78050c8cc9a8ffba0b92fdd6082fc,True
s07_normal_mean_m40-1666,400c31375a80f33ec8ee2b31fe6aa762,fef5310d70f1812ef7ba46b872636fb88043eea856509191ed891a27ee8af925,True
s07_normal_mean_m40-1667,28e441c22e0e661bb15bbccf6f33a280,a4073b1d087d445f011086168e6c253e2b5c44fd1a64b9a7cbc8e2bfafb2fce9,True
s07_normal_mean_m40-1668,c204e4e47d02987522cb3fe4d0a4b2d7,4d367e5db1ee12402af36e38a5bfea1a629ed232ff703e12644bd1f6bbfea504,True
s07_normal_mean_m40-1669,5746bba22286364a65f7fc868cfa058b,81ae553e356d8123f98d3ea785d031092674da036d7114dab832b8af7b125456,True
s07_normal_mean_m40-1670,9749eba5eeb8e2b585c1ac1f04625c4e,a857fae7a5e7e082af68642f993e18d123696fe2843550968ff8497328ff4531,True
s07_normal_mean_m40-1671,b1c0e2e503f6b4d8eaf50a4a60678b74,c0fead9d004e4e6f5a399b5ea8dbc8a47a3777c4c9415dd7b0a785204526c868,True
s07_normal_mean_m40-1672,056b10555bfa4192084b362acbb1bbdb,2086d4e8bbed2ec1ae9e5a52c447f614554779c742d43dbc6fa47b6121251fe5,True
s07_normal_mean_m40-1673,e83c36aaae01adfde5227bca2d1d80a2,c86a5d50e1383ac9b82939d98452eb45d5d6cad3a9d85fc3ae56041d7a9eb89c,True
s07_normal_mean_m40-1674,a9dbf6867318f5e80a3b6d3a3d7bcf02,0bb40470b40ebd3effeadbafc54b7cab9431d5f7300e4697686b1261fbbdaf23,True
s07_normal_mean_m40-1675,f60411716ab13072f4634635b45d3a3d,d178e68baa91c99d5c5ddd2cd5a90d4a571770a0b707d20ed8e0c49a64160297,True
s07_normal_mean_m40-1676,81fe10a397a37e90dca547c745b7ee34,c391ee6d39208f03036107f3acbb0a3a71bc57be12063441c65c89ca41fdba34,True
s07_normal_mean_m40-1677,b36ea01e510c47a88955156dba8ea140,ef0f063b4f10980672c831532c4820b7c0fb62930cfe12f00a5942331671334c,True
s07_normal_mean_m40-1678,7aca377a8d9208059b07404c36ff2503,0528c2ad68df92dcb1b428616061a5cb90c84051f4e788ef3f289c5e6e6b0f1a,True
s07_normal_mean_m40-1679,ffe87b804f1e085db766298c1ca41957,c2f6a55a13c23f633c5bf2923375a8e7b167a6eb77d544cd5502e17ced912d81,True
s07_normal_mean_m40-1680,041c3680949c4fbcb06cd28f7e0feb36,2da9bb5f3474145adb969e94e85df712c5120cda34ba0a1afa16377be34a6091,True
s07_normal_mean_m40-1681,5757451cc633fb3bebdc2c19bf70d4da,acbd531a29a61d81d5e3b0b764f7aa9b23242c75eb65d7a63ded1faede21affb,True
s07_normal_mean_m40-1682,95bd649768e954e182e624b227035b37,c1ed220c7eb1e011082e652b38d8df24b6d9551c00e0a14da207999d50f75e93,True
s07_normal_mean_m40-1683,bcf80c5d1b71ee7141fe8dc0f8c2ad09,18497a1fa1ca3b375e4474c49acfdd72d8f9da3cb52add7ad21c0c435e72e3e6,True
s07_normal_mean_m40-1684,14cf071239a6983918c405145111dc4d,f8562445173d5e8fcb09238d52bfe581367eadd27f5a77ac92cbc95bbd28c521,True
s07_normal_mean_m40-1685,e56e5f51c209f10deb1d78a8bc758117,8716a6ee0f79da75f1ee7bb5d4679c4ce9c59fba60a699eea689775874d2671f,True
s07_normal_mean_m40-1686,8dfdc04e02cde0ff65ccf6ae74015718,c79c256d87937dc17a21f61c35228bcb199e73c8ee2c45bf96dbad2a1e689798,True
s07_normal_mean_m40-1687,b47bc59ab53127355fc6fe3824f23c08,eaba5e2217fc781d61f349f70abef258c49a0dacb8965c0f46815bf5ec8f63f6,True
s07_normal_mean_m40-1688,fb901dc4d289faef2c2b2b83ce81018d,d5d2a2c21e99f2e1ce714b5cf124d48ef62d3258ced6bc0c158e0e2c01aed4c8,True
s07_normal_mean_m40-1689,b9c10fa08f7c12e58ec911e224d1dfb6,f3ed133a332dd743d407effcfe695e3e608117a87e60e6e450c43fdaa397a9c8,True
s07_normal_mean_m40-1690,ad1ed191f3aa2227b62b3a101352229c,8b755a1d99f0bcbe2687972e8f708fc2d80a7372e7437307359331a3ae1bcdb8,True
s07_normal_mean_m40-1691,edcfc033e17ab1a52f2672ea1c710d54,2c5ab021ca73d9c2237190f8c5eb3e56ad4ff54285a6b758a098c20ac68b79db,True
s07_normal_mean_m40-1692,a2306dcba2d55868e3bed9e307fbdb12,8c7cf2799c40b4698353694cb49c21382d13ea078c6ec701c6cca93aa1711cb5,True
s07_normal_mean_m40-1693,13b2e0240108f828df7eecd6570eb369,ee5f13322ff29f2d06895fe116373cf3ed2e6f82a9303d5c4d082b93cd6260a4,True
s07_normal_mean_m40-1694,4a0da56cfd337cd0f358234d0c62a08c,ea269fe5ea373b432ed07156885f6004d46127ebb439906c71e0a55857fc7bc7,True
s07_normal_mean_m40-1695,bae495f50c433905eb1edbe18aa7a4a8,22d4d4a12bb60a8793d9bee7d824a26f2dc5b0f40fb83ff20ed7588d707b570e,True
s07_normal_mean_m40-1696,e027a5c54d704cb85bda1e987ea94e51,9cdb2840f11ad8a91620b3fb499715e12b63c410f77ec0f27b65120af7b68758,True
s07_normal_mean_m40-1697,ceb5ebf3d26c344029f126a944223bb9,0b2d4489999e83ef576e59430eb922e9a55625a1f1cd14e9d4df9322f97c380c,True
s07_normal_mean_m40-1698,24a6406010f6d1d90204ee07d896bd6b,c89736a4790ecd815805f773e7b80d850e39a66519d5def97bea30b862c4100e,True
s07_normal_mean_m40-1699,abd6bf3eaa1c81daec3f842c4536ac39,a5918b80392064d4c3d618df991983acbce6d286b3b0ed37f94385205806f862,True
s07_normal_mean_m40-1700,7583431b0a223082ba3ebfe83e05a27e,0f11b1cc7c0c5463c00bf771e01de14f6c6e31d8d74edd5e354533eb3dfd6cff,True
s07_normal_mean_m40-1701,1a80f13a32a4ae671ec709a2b507be6e,cfd063e805a479857014c39a26ddbf255e5a838dc21bcfed86b4982126878da7,True
s07_normal_mean_m40-1702,3ffc6994dc6106eddb5e5c545e5edd4d,9e4ce03d3c7addf2d648161a17d554d3becc83627916aaeccd7b695ec9f05b88,True
s07_normal_mean_m40-1703,b40057e57284eed74938c8e02ceb22b2,fc922290c2e425ad790d385e78a4b2579e9c328a1569ecdda3f455a9d3cf6afc,True
s07_normal_mean_m40-1704,f03f7765018d35eeff6580dde520f0a1,27a9c059191f03b7026250527c43db89c042b7536be89f44b0bc622951fcd1f8,True
s07_normal_mean_m40-1705,dbf070c96e527e5f65f35338d9cb545f,0b43eac5a7b04bd5adb6880bb8517549ca037d6a1988cbd2ad2b0bf681163169,True
s07_normal_mean_m40-1706,08f8ec33bea24becd05a2a651073663a,49ae62398897489de54bb6288b1147e64b778550a1ca47d1a7c9da058c6b3e36,True
s07_normal_mean_m40-1707,7f793d7b0e2cb1c7b2fddcb1ed1852d8,da5725575ca7df2d2453e202ef3e8e077b70f2f969fd60c6b6e8943576ae19a0,True
s07_normal_mean_m40-1708,0fcb04e21cc7276ce1ead6958f7bdd13,57f26d2cb39e27c6f98f180564617c6533cb0d0ae8bafe5bb3a169a5011adcbb,True
s07_normal_mean_m40-1709,c8be076223544566a4fd7194c22a50d4,6770a7f66217e96221483c1d9ab6a0822fb12cb3bd4a04b843cbb7d7b6c0176b,True
s07_normal_mean_m40-1710,e3500071bfce335fe8668b7378793654,c999af3322e62ba1f0865fe9d79bf6177cafedd41b4ee87d46ee68ca8f4fecd5,True
s07_normal_mean_m40-1711,90c44c4e53d5755366e138950129def9,454e77d841460f7c9df124bbe61fd24c5b140863f349b465c64ef8ad1b57ccc7,True
s07_normal_mean_m40-1712,456e631d552cddb345e9481ea85fcdbf,52fc6a0a754b9568355a3dd7bbd6aae0b60a1eb5af86e9c09d4164bbf97aaeba,True
s07_normal_mean_m40-1713,9addc82d12c510ecd1c0ead962a6679f,f38dc1123cd026b10ac194d68c3024d30967b147aa9daa58ff86dfaf5cf9ca35,True
s07_normal_mean_m40-1714,5157108e5e820a632b91932ab1f59048,93ab3c35ec8dff7303583cf99d4674e79416f6e67fed65a72a4d70d71f82b5f3,True
s07_normal_mean_m40-1715,a4b104f74a053b0df73ca03550a6239d,a5958f291fa897929decd4bd992f8405f6f660aa69bafc0fd63c786ebe857c0e,True
s07_normal_mean_m40-1716,d4975cb4ea70a783e28cf25be2328b14,e5fa5393372e127b0fc813a7375be9a26e8545ea78e049084418a62b53976c88,True
s07_normal_mean_m40-1717,b5962ebd1969a44513227892d0b991d9,7e2d29001b914e5a37e2c3ae7195a4157c6307c356d5e565d2de7a8bb895236e,True
s07_normal_mean_m40-1718,7513f7fbdc5375a33b126aeb8439e187,46e1d08716897598b3f71e8bfde2af4b925bd0c903f8d439e941075f9df67a0b,True
s07_normal_mean_m40-1719,ee20f1da65ff6d6acf3f0d1e9bcd2122,9254ec9daa36dc24658e5f6f3223f2a66913d5e14f286aa7ac3412f9645df15e,True
s07_normal_mean_m40-1720,f825d34df8918f8989103ab9274b89af,3e9ec64b81d772a16815ffe738d0eabc52b48e327482481a0afbbb6c7a386324,True
s07_normal_mean_m40-1721,a977ee6e880467aa770fb90c8bd7a7bc,2e76de12c8d1e730f5f42c4429106e4efb3719e78924f0574911a677c376be95,True
s07_normal_mean_m40-1722,a56e436bbe1ffd2c70f5b206bc3ceeb3,215a431b0cf1687833b0e1af8c0d7cf09982497ce375a28df187b31b2233830a,True
s07_normal_mean_m40-1723,7c2e109e6e11c3d3026e3c8f2449cc76,f5861ce3c6a799fc98ee2f087eedc5410b6ce3054d4975b9096d2a13470ae6fb,True
s07_normal_mean_m40-1724,39e689ab49ab7ab8b3d8bbab7feb33db,39e704ca075334d9ddf038993ac8f79a5bef37671dc99b2714cd4a1e9e7404b6,True
s07_normal_mean_m40-1725,432ffeec0119ace3bdf56b1a12a013df,fc497671983feeec4616cfed01898bb47b7c44eb4dc9e1e764cb2003785050d6,True
s07_normal_mean_m40-1726,5b0b08db6929280875ed6fe0f7633c18,001c06bc30bed0dfea38dc37c341b21fb85d2da00f35594380289e56c78b5e10,True
s07_normal_mean_m40-1727,e9994e9051222a4f60350d0b52b0dcbd,2ac29239163085c25a1ac7316990bc669fa2aca4ddeaaec61b1fab81745cca33,True
s07_normal_mean_m40-1728,6cc3c96af5d9d46ca4a27198325c62a0,1d08f857b2d61be0b354c360a827c00e51b5c217d645ad7638f24c8a851be474,True
s07_normal_mean_m40-1729,f186219d4b581582ad3b1012e6a68282,b4143915a3555997ef4499c91a67b6694eddd88972328f6c17a304029e49b306,True
s07_normal_mean_m40-1730,993258ac3da2c99257b85a5d77b2b197,f79f23dcd078dad03edf916f11079f61ea5f25061a8c519a7d127eee547b6f51,True
s07_normal_mean_m40-1731,4441e17fd026d5d0947f5e5888688172,f56ccfe9c9de60b92d39ba265afec597e108df5e8f04288e900047b338a4779e,True
s07_normal_mean_m40-1732,8721dbf69789e9e6b9e6f18fd95cb46f,4108412ab1ee610d115b621e363efc856acc0a1d570c9b563c6c0cdab63ef385,True
s07_normal_mean_m40-1733,369474bb89c0c4bc9e39065cae6d1377,8367131e110b637722d7aac5490e7666348f99dcb31a52a19978020dc6e3e2ab,True
s07_normal_mean_m40-1734,78b9212629cc421afa3f242ef9841139,aa4c2153151a1db936b830f3806691329a934bb13bda9e336432186cac498a50,True
s07_normal_mean_m40-1735,cd6b993234b3aa5575858fa304066d2d,4b9a6c37e5013d42eb96ae712d65a612ad1c9c1b606a0e24dfd5cf5d195677e8,True
s07_normal_mean_m40-1736,179c9e8c109ca939c25901cbc24e92f1,a6cf95e2c13f3897eaf2212ef28ac2c35a9d9382299f948541b339a941d35647,True
s07_normal_mean_m40-1737,9a668183ccc54d556beed3df3d2cdbea,51973907f72af74efeaabfed7704c3154e3b157ae0bb1caac0fd48c83ed4d29f,True
s07_normal_mean_m40-1738,d41268079950b4a31a0ee8e9e0922ce0,7535f96aea84d97f77b72523f4ffa65b5579ca14935d620b230feaa3313444a2,True
s07_normal_mean_m40-1739,513d2cdfd17a9feaff808373996dd462,4d454ab13f496ed099c7c3e143ed7b35eab225d6ce6caf23bdedb9b61739cb68,True
s07_normal_mean_m40-1740,97ae5d4dae149f743c1625091bd2aded,1dfdccdf4796d8b9f383536e388fe082dac0b4c3aea3fcc339ef5fdce9412307,True
s07_normal_mean_m40-1741,2afc83741309a1922ea7a7d82e971d42,d1a13ba5965d9fdecf76a3d2a522b464575c4ce65aea0a18cd37883c1027696c,True
s07_normal_mean_m40-1742,201dd6bafe341cb7398a00e7b34cdbeb,701f77980aa8858c02750447a87f70d21f09cc9715eb6d534c6642a3cd95f39d,True
s07_normal_mean_m40-1743,2255e44c7239a91e520754b8a7df7c1a,c8979198b26a760f77bbedb3421420b293a3d765a41930c4283986c0904211a8,True
s07_normal_mean_m40-1744,ca7f2d1c7979905405a8602b8c6d2494,95b2343e5cb51c24f2876e8b76f258a2f30362484f12810949db6811f4ed4b4e,True
s07_normal_mean_m40-1745,04dc822d2e1261eff81d40284ac89e57,8499b518f32cbca36a3ba18051655967c99de43354896f7c87ac2a92482b566e,True
s07_normal_mean_m40-1746,e4a4b09e4c1096d6c24abaa4bbf5b8d1,0c82d90cea2f33d0aec0e4aa07a6932677e548ad27443791bc20e23108c36e8d,True
s07_normal_mean_m40-1747,7d8ae8450e6bac6be8d1fd6c15729bda,417cf6462e85f3aa50a4c146aa748438bbb32237af146af3df5648cddb0e2a24,True
s07_normal_mean_m40-1748,ea612f69e8e4f80c61577b71fffc5d78,e60aafb5ada39fd7cc0acd6ed3a91796356173debf4b669e3acf4ec7ac00c456,True
s07_normal_mean_m40-1749,f992f91160e1fc3f669f73cba0cf8a55,c990a9bf274f2fc110c927b68051731965ed8a809ff5152ba8e07adfeb950518,True
s07_normal_mean_m40-1750,25115b04e3fb6b96faecca28301bdac8,d2af591967c933d742da6575c3ff15b490c92db46477b432dd51332bac25935a,True
s07_normal_mean_m40-1751,0c202833b0bc29cb1af31318f2b1439b,7f58a5b11c1205831cb8a64143f353af7f2362daa8b4f39dce7cdf55324dcec5,True
s07_normal_mean_m40-1752,a0aa90b88c716c5a6a075a8e05b41b66,dbebb9464bc0c5519b2c861719f0c75e64efe49ba3c15aab8fc547af6c427c14,True
s07_normal_mean_m40-1753,26be9ce310709131fa7f3249181f11bf,02c169036c3b5e20432506f0ca128f364a4041009fb2ac8efc890a1f116335cc,True
s07_normal_mean_m40-1754,d1bc4f21d3a754a3d5c8186875d6ebeb,a47d45e3582aee9436aaf9eed75535d1dbb5643b366b55aab1c1e3c789198f19,True
s07_normal_mean_m40-1755,7d4417c9688acec4d772a2d9ffa7768a,42e9bd2c870e831b004b3765e40a65325bd23ad1e47cc36a8f9bfe9502c86086,True
s07_normal_mean_m40-1756,265606f26b4018d0aa95c2cd3b9d1939,7ff368e0937cb4008769d0483868b67e57b15f622769fc882bab69254bcdc3a9,True
s07_normal_mean_m40-1757,8d7d2f62f9a6c070de3a9ad58fa87030,e333bc71cb7caf126174101dc1074e7cfdeec5e9c2f249f837eefc6e657b0170,True
s07_normal_mean_m40-1758,ef21eca4a7aafc84e576c85e39d828f2,ea5145aa2cf230988003bece56cb5d25617cbd0c898201eb750529d8aa7e0e02,True
s07_normal_mean_m40-1759,bfd8df9190cb7e05ae26bc066726704b,de9efb5169731dce453f1b962b1bafdaf81b08a8487e5904c54d94755dc50df8,True
s07_normal_mean_m40-1760,9492db706c2f56643a475d60513a897d,f8d76eb2e97c104ebbb1d1cf5d24c8cf6ae79ff45375cfb012b9bb4c7a072d6d,True
s07_normal_mean_m40-1761,88cea94a2828f031316977799364e01c,186b0a3c64338f9143376c4e4bab80949a64adf6a0e1b2f03fa98ccf980494cc,True
s07_normal_mean_m40-1762,cfd0bcdfd564c639955bab828884d97c,0ef751ad5dd7052d1cde0c44c89346b69fe19a87bb6b8a6544fe67941bcc36fc,True
s07_normal_mean_m40-1763,9c5133febf1689f5bd01573570941882,3e32272081b0f12cebf39df63ec8ccc965503c9749e8be65cb32609e95a1d77c,True
s07_normal_mean_m40-1764,20b5023397c4e6c5a8650bbc774991c2,cdfd82414c901235f44e791e21fbf073e4bc5f5f23a44ef6c6cfb76f5b45e7a7,True
s07_normal_mean_m40-1765,feade1f450fda2b7a6b73a0a68a26d09,06f18bc984ca3dac9cb492ddd66074488e99c67d4691bcb22b4bb221a7ae9e26,True
s07_normal_mean_m40-1766,7ad9f9c467891256a1266097601ffe8a,8731ac64122ce8aa1c6a5caf25897d88a38520f918dec8fefd3456876bc9724f,True
s07_normal_mean_m40-1767,4b57165bc6e2b4a2eaae60cadeceb401,026cdf0733f0f01d2de7b752c662cf74da7e0b3645741c14817d86badb0be7ca,True
s07_normal_mean_m40-1768,b4f9035aa43e120f95ec5a1d3dd32af4,1008789165e5fb9af90b560dfb82aba2d22ab4d4f010e373811d8b29dd73696d,True
s07_normal_mean_m40-1769,e51a7fa20ce8ef333862a76ffb801214,0cebde200cc18ccdb7f8181116eefd3b8ec58ce1f399b3e32b0c13b78844c2a6,True
s07_normal_mean_m40-1770,75516f50ad9ebcad466a0efc62f24b75,c6020b6e05fc0f01f4e6376cac529fb5c5cbeaa8235b17483bd506a5cf3981ad,True
s07_normal_mean_m40-1771,52398ed43d0545857de883c2be873d9e,62dbd9f28e612ddedc0a6e61e13bda6ce1f98932d5632b4004218241bd50d3e1,True
s07_normal_mean_m40-1772,a114513d7290cc8da59e185766702296,3a14ac24566a26d7bf4e03a0a7776a85c20ff3e778d2526ac29086fb8bbed8fb,True
s07_normal_mean_m40-1773,8b783b11ed6313efe4af9fd92c7a41e1,6e204ed3d8467f99edd9ae1f8ca00450706738bf6650c5c5073d02cda46bdea4,True
s07_normal_mean_m40-1774,3b587a2e2409ad9e1ec31e8bbb5944ef,52865d3476f2d8e0af1e4ba4150e9bbf44773109817a27992702dc2a8a46ae56,True
s07_normal_mean_m40-1775,e55399a896ac1236373addc1d1b2333a,4aaaed3f37bba692ade7447ad1d1b6cee471472ed3f8d7542a5395307c295f99,True
s07_normal_mean_m40-1776,a4f92c702b5476a9c56106fa393f2981,f4455fcd7bbc883a6c4080d4862138fd5b1fa7b9ed36ea049cfb2ba660141108,True
s07_normal_mean_m40-1777,79f621e2d8bae7e29c32a27181d19653,74ae5be6f131ad7e5ce42798c8975e402fbd9d4b486a1242c4a8d3268f13855f,True
s07_normal_mean_m40-1778,751f7c4f63e11391336451bba7c9e21f,fa53b9fc994464886d2521bd14f9c0b132a976534fd9df174af99e585554182a,True
s07_normal_mean_m40-1779,81fba71e787d8e7a254ea9ec727595b0,b69a3bf711fda51a3d29f23085a33685c3b05909553ab13dcc36da45001ae4a4,True
s07_normal_mean_m40-1780,e6a31f6a0c8503a25d5d04f94769103f,951e7534121c760fba02315e3ecd34a5ff350c1d6b1437607029a68a871663f7,True
s07_normal_mean_m40-1781,4798a4fa8c360d70abd6020efe793b69,ee750315eaef0a83cdbebf65364e1707be7878e530f0f88142e101c6bf456b31,True
s07_normal_mean_m40-1782,d50219423921685c094157d16196ab28,69b579268883787dfa6d5f3926644c5ffe7592c90a250e9f7b6075351936a17b,True
s07_normal_mean_m40-1783,6f6372adfc014a76662045227adae720,1f41b19716499b75baa1c50bc6b28a31ac2726c9c0705bde818a686ef122fb99,True
s07_normal_mean_m40-1784,a61116ab6146bbec01ba604ed24d8b62,3820a88f8f9d76cc85df0f792b75daecead792a66e202dd2980ffe5d0279e075,True
s07_normal_mean_m40-1785,d2db761b8e009b99b1f67f5ee3bc150d,0a54f8e591fdb82b91bc1d25570535181a5e3118cd3e69690fc789e73feda25f,True
s07_normal_mean_m40-1786,cccdbcb2a1a50d52bc882127d05ab84d,f3686b8798b9ec3e95870acbc88bc370fcc6764b104d4701f0be377507b324b3,True
s07_normal_mean_m40-1787,18387310b56de2cfb015fb7eeea539ea,b580c8e5d0b4f9b4f485e67d73909cfc03212e31811ad565f3720dcbd597c9fd,True
s07_normal_mean_m40-1788,ce0710b119093fd937be63e8d4094b9a,26c2d59b4beb6c6325331be264346465c178181a34b020fbf77d509e359deef6,True
s07_normal_mean_m40-1789,ce184dec05e5c8841696096fbab736a2,cdedfd55fc8dab2ba14c8ab9adc46d3266c57380a02aba27f71c6752796bb447,True
s07_normal_mean_m40-1790,ea79298aa7f067dfc71c0d966724e9c3,1272bde3b2e5568710af29af41ab00618470c20a655f183209cba1f7eadd836f,True
s07_normal_mean_m40-1791,13d5d06dd53dc39b80c86bcbbdb06533,49774438f0a962bac8a93e0d83010ad68f97ea90d9babdadc62ecb684969e877,True
s07_normal_mean_m40-1792,d8df895aa3df356fd2a96738ee959cae,873eb6aefe799b62721c2d83ef5ca83947ac1c5a4c0b0d086d81509288e56dc4,True
s07_normal_mean_m40-1793,2fdc5cf61184a4bbf5ab742054f8fcb3,932f74c3c8b75c3d04f901477b428601507c825cd6cc20534d901aa3f4d8a4e7,True
s07_normal_mean_m40-1794,4ae79ca070cf18f70bcc410ede4d583c,672bb86c839ded48594f217f5fa12d6fd08e593e8b2e5c4a5e9ee8463ae4b63a,True
s07_normal_mean_m40-1795,b01f12ed1a19c4c3bfa0892b0feca653,1972b7426dc5beebec4bd5167b0171a26820e5725736bb38394a52cc05b3d9bd,True
s07_normal_mean_m40-1796,16eeffed564af3b8b25628b90b8fa2f1,b99cfe789fc181c92781a0d1cb9732df1f872d74f5c7343a5e90f689d4a12cf3,True
s07_normal_mean_m40-1797,07e437f45388a9865fe812ad20399091,13ddcae83d6e834c43df43f9419c14d80a529469e61158f78acb15e551e63e4b,True
s07_normal_mean_m40-1798,37857e655e358ecbd57e0a7a0334d05d,f5a429d710205293e67f1dbba13ce0a2c635d130bbe7f4a08b4699776ac879f0,True
s07_normal_mean_m40-1799,d39ab980f913294ab3456c1e169b323e,70d719c81867d70c2cde29a873544ced071240df6680d75e5b4517bfc060e1cb,True
s07_normal_mean_m40-1800,74874b6f034354f8cd2a9ea11576f9a5,07d07f96824534e57b0b6d47f9dca107ba7fe33793136182daf24c298a85a28e,True
s07_normal_mean_m40-1801,248554696159537b7e15c2a70ee1e417,9d7c3012fd2ab55b33fc2f1531cab64d00e39c9da57a6b530352a5ee2b96f0c3,True
s07_normal_mean_m40-1802,b67c2e86c2b835f7f328798dd1b5944f,f045746a6b8ca635321dc58b5f5c8a79b3d614c80723b95157ee2075287044e4,True
s07_normal_mean_m40-1803,f059a00edbc5ecd408e8bf22bd89be28,b0bc42b6cb6c333954222156a54809b851a82114ff957bd6f56631c6b72dbb16,True
s07_normal_mean_m40-1804,0f3c3d6ccfda249fccac360880c37389,f58a6e0fa1985b7c6277aae98a62af98d38eeb35c0859d1e1486daf1afbaaeba,True
s07_normal_mean_m40-1805,28045a1f8c87827c06a0c432443c6bcc,caccc3857bf24b0f0560bb87b0e99f058f5cf73311f8c006d2a1387ca79f7b3f,True
s07_normal_mean_m40-1806,064cfa30b7d97603dc1de6463f2c8f19,df5248ff36ab61ad0f31ed5394f29060891fd226f012381936fda862ea12f66b,True
s07_normal_mean_m40-1807,7820995ecaccd8976a19b0359aa671da,779014d048527b630f46a6be70dbc8ee51e9419809747a1aea9128dc2ae6ad60,True
s07_normal_mean_m40-1808,cd5f886a72cd13fbfdf6f5ca342a2968,aa1414f03d1c063008176f03b704b336553436746a02b3de67ef71bae0420872,True
s07_normal_mean_m40-1809,2cf431e5a67705dd0b93532cc9471534,45ed4e5998be40cae33ee193df116f45f21b74c8addb0d960ceb5349ef86ede5,True
s07_normal_mean_m40-1810,293c294e7704da2e228fa56e70dcde80,a9235c1749c01d7edb729e73a0e7b6acc435e0f539b198a31aa26eafcb54d691,True
s07_normal_mean_m40-1811,996e67256c826df96b0aed77a3f2ee6c,3e8914d79befbf0819526b1533b345a2b56f1c45b46b71f2a288a17e77e175cc,True
s07_normal_mean_m40-1812,bceb395be867846dc91d129aa96471d6,370e44f977bafb12cf0e0ce9f66a96d52417fd873b3edd67f869f2c4038c0d79,True
s07_normal_mean_m40-1813,fa83c25bf57c9a165197cc947b7088be,a4b7b98541ebbe909a672eea40aed9de87eb589d786a16ed8f0a2d7f63f6a28f,True
s07_normal_mean_m40-1814,1c4fc9a77401ca3610eb371005b1dee9,8ab36e062a71dd1831e3a404de349d18430d24779230cb6d38be82d4dda69ff9,True
s07_normal_mean_m40-1815,a30af6325f7275fbc12f122eb57638d8,d7850be337f1beb0bd90e9860acf85ce0594676bde948cea1d67142ffc9bc18a,True
s07_normal_mean_m40-1816,b9d7ad6405ea78f8e8d7ad92ebdc4243,431cb5573d219f1735b927c99c57697687dda801120ba6a849592dee9543d498,True
s07_normal_mean_m40-1817,f7570cd12e8c2b6b6d440c8d1e3e51ea,65eddc7f96862c892cef5abdf1b4c9be2f870800915151b4d09d8cb7c77fa9c3,True
s07_normal_mean_m40-1818,7c74d7b5ccdc2d9e5317c540753f094f,52e64a253e5104301a4628c40ad37903a9a5c254bbf63a8e9a79e42ce0ee24df,True
s07_normal_mean_m40-1819,738bb011d216a50192d2dbcf7339bb63,5f888e63091cac9e72e2521125aefdc0d41dcc793ec9fdfaea38a053342621eb,True
s07_normal_mean_m40-1820,e467242e59a38ff12d113c6c0ae17b33,1694ac72a3ccec3b8c3e9e8fb78173b29647660ae87dedbb9a5ebba5232c6e92,True
s07_normal_mean_m40-1821,f127ee60413e7e8d0002c564b754281a,e2c36a60161bf741ac8c3fd20ae4b52275c843e9d80ae5f1624e32f3e645e52a,True
s07_normal_mean_m40-1822,6cca4fce5a7f86f343113b8601340d0a,bd1f660cbdc21bf06fe9f5bdd95ccf409c05ec1d17ea91d8969049ec1208d56f,True
s07_normal_mean_m40-1823,5581d83a63088634261b51f64bd0f5a4,0fbd4c6f2463fe2425edb85357498e9ca26bbb4888d7ec70d8a88f261b2058da,True
s07_normal_mean_m40-1824,3c6945b4e5421f15af4c4b37bb7645cc,2293cf2dbc7031322a242a72889186f756a25376e99ae8fd97cf7d10d9da1c1f,True
s07_normal_mean_m40-1825,98cf0e3fc26ebda767aa7c8cd4eee64d,02a0a22beae3cfb2e62792f17d2070f09df3dd104d28913c83b9dd8639b9acea,True
s07_normal_mean_m40-1826,e61eefcf4f7ef570410023cf7e37aa60,53554511a7f5eaee5b9beeb650790c8c7cf6c3a6bf1c64c3529497a47a1d02f0,True
s07_normal_mean_m40-1827,0d77ee80d82b0d542b3fb44f85ff9834,b9dbe7c0cc6a177a6d498532ade434aa566e0917dabc927324174dd417612ad6,True
s07_normal_mean_m40-1828,88cf969385d220d2bb35d2b0834eb73c,62f45ca69a4def2333648bd1d33712e4fc681d10bdf65426437999ea3a3be50c,True
s07_normal_mean_m40-1829,8770ca2b7250ea5f1242019106e6ebb3,e76983277966ff176f133d3d44947133c31a88305ec61e5a0135733203fda697,True
s07_normal_mean_m40-1830,d8566a7b9105519b8a7433f64b9f30cf,21aa7f2dc8a12237a396333fb45773b9a1e8dc75343f3ed0b66da5ca0ef9952c,True
s07_normal_mean_m40-1831,f6b9763b3fde26b29b27cb151dba7be2,782870d5488eb9e5762f28d4e46e0daf605d894b6d3b3979a25b502f2c038c8e,True
s07_normal_mean_m40-1832,d4480c3ded643178a4a39f098fb9079e,e4328e44bc7f396c7f312d80514d1e1e292c6a75e50ddcd9ad9fb1601b3de241,True
s07_normal_mean_m40-1833,3d485a9458bbd3f2a05d8a973ccc6bcb,4322b693c3d95e3fd07e8b03d2b626b5dd12a1345353cb11b16e8b66279fc5cf,True
s07_normal_mean_m40-1834,87cf540869dacbe4f75a0b148e6fe9ce,a9004571f471ff9aee560aafb7a45d0a7b93a5f284fca50575c71a3b3466024f,True
s07_normal_mean_m40-1835,bc5a140a16b8c6db11138b4a4f8ef5ef,ccac170af7fc8d030d9eb77227098edefb927eaa4418dc7e7837aef494b463ff,True
s07_normal_mean_m40-1836,3530b05f6cb91fb4382953465881e1d8,2f094bac81095b501d2413fa5937a90d16439a1c9c820e3defa6cef8d75c205b,True
s07_normal_mean_m40-1837,08485d548a2a1dfd7f97c8ce83e6d7d8,1f7361b653607c433fc5506b4d1737eb74a2c6126e99a901aab1358b9505f18b,True
s07_normal_mean_m40-1838,7f5c1d846b6c2ac21b2fddd4a0cfc94c,1178b1b7fd7e25f47df4c68afb8a3ea6fe775d03b332dd9a3bfbca669d327b9c,True
s07_normal_mean_m40-1839,3507df878c5f1fa62d2a54b2ba1f2ad7,add842775ce40ef84192df1c72b9f91db0f5828a444fb1a16f8deb893836b418,True
s07_normal_mean_m40-1840,07dc8539d397b54038bb78c96aa4cfd3,3a186cc4303bf46cfd5d16852f776d75ee75e5ba8e60b8e9083f2eee2c9fecb4,True
s07_normal_mean_m40-1841,3f621bc9ca2c5b2f9aed4973cd597dc5,693a4a28a98ce47af2a390b6bc7d6b8d046de1c9a370bafd0e9c147231bdf83e,True
s07_normal_mean_m40-1842,5bbc9bb78ea9ffd9b4b4ca318ba4f59d,ab371f502ef2c5cd4ec851a5567d5696de34b68e85b52c20609b7f6a296e4bed,True
s07_normal_mean_m40-1843,b508b63f9a32b282a2e9b194e360a260,ddb223a91093837d02b0c46febaf42d880efa9b64a1d8faba38d98f849e31d46,True
s07_normal_mean_m40-1844,769c9affa6bf74eed0afa646f29f7c64,e5fb601f854193c09d97295b584327b13b60368c52427af708e38bd4728de159,True
s07_normal_mean_m40-1845,3f962cb0181ff6d8d7f443bd2244b85d,7910e6a1218dddac4aa8349c9acc1a95d5069f655159e83778cba725dfc291c1,True
s07_normal_mean_m40-1846,cb212e80b82313e78d1caa5c315bd304,446fced5dca6fe55aeb1147093c297f7c78e5b3cec8246af0c4e20d189e885d0,True
s07_normal_mean_m40-1847,e763bba9dd79f6cc62e8c8d1e4f1604b,fc5137588ad9b7dbc9cc8af731039573145f8ea1a98d3f7ff7f9df955993b0e1,True
s07_normal_mean_m40-1848,576a8401c63d968ac68b88945ff05249,786ea9bd4deafbfcdd38fbbc833f7679104306c09954ab4eccca1081c6c1fce0,True
s07_normal_mean_m40-1849,1526e0b2bfe4690400d758675f38f5d5,0f06cc9e5d1d1052022ec4149978a8067345c86200987c1294c5bf65c2fd4fcd,True
s07_normal_mean_m40-1850,92a44074ecaca08e353b35bf67278989,1c37e60ed5143ece12876829400a9824a8c1b6f49d8bfc6a963b0290ac10125d,True
s07_normal_mean_m40-1851,8016d2f63b91d474c526cee9c2dfb8d9,cd5445972fd68e56c1b3a553c25a0516d063059c5ca019f7fba72835058f4be7,True
s07_normal_mean_m40-1852,659ac91700d4af4b689691241d1cee5c,7de535d80d014ff8616f58aa1529cb13e37f2815e111f9017fbd755b54a004f8,True
s07_normal_mean_m40-1853,62fb538b5b01d3a249f274fb3c424f2f,eee100aa67ce19ce0f0006602bb443f90e44091536870403a022888dace07cd2,True
s07_normal_mean_m40-1854,09247a969d749ded125ca94f098bca6d,b3c37d35bd8df7ce5a3f21ce175fa73358ec12a56cc0cebc54c85e8acda53a1d,True
s07_normal_mean_m40-1855,9df3459e035ede6da164ba34cf2d3ed7,49150e386c8185d0d01fabff36b3df3b9ec9c0ce27ede067d9bf8236eb1f771b,True
s07_normal_mean_m40-1856,34bc7885d41bfa0c82593764052efb27,e4a49557d20704f8a4900ec9f201d10990961bbcf47bf4cb6396e85294ee1fce,True
s07_normal_mean_m40-1857,7977633bda76743647e6bbcd248bac1a,7b0c2409ccfb6abb5385db8d7f0887a8b81776682800fab95802cd2ee6d4ddb2,True
s07_normal_mean_m40-1858,efceb02f3db25b39f2423926cd5445df,470a4974ec05e32160b32d452d655c7517c63ed1d215b8f28885ef95770560c8,True
s07_normal_mean_m40-1859,1da51d5248ee901e6168ce292d79b1be,6ed746fcd876b687ef9d05064ee71d63d0243e683762554d9b6b11a2eaebf762,True
s07_normal_mean_m40-1860,e62a3b92169980fa7ee3347c93c20f08,6196e6b6d66d6b31c509f002d87ac2c9fc7c4a62d84239801e4775ad603ebf52,True
s07_normal_mean_m40-1861,5820cf4f1f726663bf800aea718081f4,0d14266ed0e58c39427d5d3faccfa5cbee3ae7ee86bc36903077c70ebce79ef1,True
s07_normal_mean_m40-1862,0d1137f8cead8493d13d1f0c3abe12ee,7d5d36b35837985f3627140091dc5189f280a89596f5f561b9f253cca39a8da7,True
s07_normal_mean_m40-1863,fd7bf33ba94ee6094b5f19e30a571207,df82a974c891d33ea54de70b5c28e220bb28b9760ae043ef596b5c1b75031950,True
s07_normal_mean_m40-1864,7ca8e8f2f09a534f4e1bc2abfa56318c,ebfd50dba24bdfc0de9339541c5cb0fbbeafe2685e9f6b8f120ec312c8979a4f,True
s07_normal_mean_m40-1865,ea5fb0cc6dbec10244b46716905b9a64,9e393b2e7187f0b274e9cd7cd147486ef61961cd308cc40cb8db06d020bc7ff8,True
s07_normal_mean_m40-1866,f0378d7941a146bafb57c1056c1c25a9,dead57152d30f25129e15affac575fd51bc49fa77a1455d9cb050ded955e2db8,True
s07_normal_mean_m40-1867,dde070adaba5108e3e588f717a0b3795,ee640f74d446aaa90a22d6ea95f2800c56876d5d7f89da54da1161872a33a1b0,True
s07_normal_mean_m40-1868,ed2fbf14b1ba0cc8333ee2f084afefea,00dbd719243d713120f8c549a1c73e04bac127c2b93262497a47a6c3dfe0e81a,True
s07_normal_mean_m40-1869,21a475cf37c1f1a8afb06c1befd70221,45e6dfd3be4a7222039654373bedf88ece2f462b49929b420d91d26aa4994eed,True
s07_normal_mean_m40-1870,6b006675080cf658974718ef1fba56e4,c57a0133a75db05612540639254873d5c8ccd6e8cadb595eb0c9aac4d547fc93,True
s07_normal_mean_m40-1871,4629cf3083f262467982f07c4d2af13d,45c487b4fdddc16f8d9c972230e83d4128b71373fb66c0c1ec0758771ca51aca,True
s07_normal_mean_m40-1872,b18e502c01c49dec7464d7dfd7131e59,fe262e3f6acea473be9dc39d12ea1492df6c61e70d480023c03b296a747e482f,True
s07_normal_mean_m40-1873,a38ef0bc9b57b35da2173697642b967c,18c657751c47709374a6d8f1e1cb76e5e5a0ffb5d6900e18e936107b72e61bad,True
s07_normal_mean_m40-1874,e8b59153d85a67cab409e056a5061917,fc824a28368a00f21c83efd89ee38fe19af32db2a5b0906536f28f9137f0b4c0,True
s07_normal_mean_m40-1875,d35d24cbe1739e10997ac67b1aa6177a,c5017a5286784d4d8c29ea2fbf20699cff3ade2d779af3c7a2a8a5912b3211aa,True
s07_normal_mean_m40-1876,0b6b9caef5ea533d571d33e83343390e,6aaeb1c932516b8acfc593d6434459cc7beabb38a2b2ddf6221c26227677fe48,True
s07_normal_mean_m40-1877,4be32ab39cbfd4bf0762f6be9f079fbd,71885c74af05edcc6989da9c6e73380520a67fabd3267b621cc26ef9d4020512,True
s07_normal_mean_m40-1878,2d99e0b6ac9b2e59c94402c83437c51e,136bc21e88e70e002604af9fff64c559fae370a548c84eb03cc4d9e6772ab3a7,True
s07_normal_mean_m40-1879,c9b3d2559cba32dddc1000aeb797b9c3,2a9c0c3a4c61f92533b022e978a4714b8f7e470e92737d718ccda8d1ea0f0439,True
s07_normal_mean_m40-1880,7d8690f30d398d86bd4e173f1e9b97d8,99d31277e2329c6460351d843995d42e867968af2498b119e9fcd245d3d2b246,True
s07_normal_mean_m40-1881,9d483d2e0133d5e190bbf97b0e36fc37,761144578fa4f317b112f05258268637dc90d3520224b23959b51f22e8b9f9c2,True
s07_normal_mean_m40-1882,c8ac91578700c414359bd8847b599f51,291d7450d15120da32e7c9f424fbf793b3d0ae79ee07ffcd72d5981d5bf91a61,True
s07_normal_mean_m40-1883,556a6d70003b75ea39d0f5ba12f67613,2f6b7188cc300732dc1a78d4e0220c19dfff492c0fb8d98ccbea77dff6a04535,True
s07_normal_mean_m40-1884,9d6a700ae1614441db55ce815506070b,2bc6ac97b55aa0a64a426c4769f5861c09316291308beb2d2e14f4492cde64ff,True
s07_normal_mean_m40-1885,7128979abce44323e43863b0fe7f24cd,69c21884454c1ce790bab39a8d73c1577aaa23611131cbcfd52f8cabb69f3f4d,True
s07_normal_mean_m40-1886,82267a8a819bbe79244003d9ab779748,ec4cf45b4b3bb373f664bb45a5d7d1296514e67f4af49a179cdbb32e5eb055e9,True
s07_normal_mean_m40-1887,07b2a9b5918ade516916faba992f6e59,1015b4f0deae08e3b384a056688b6d5cdf353c15e0047f3420448b2fce7a4b06,True
s07_normal_mean_m40-1888,7d3c7aece96577fbe023c3cc8ddfc881,d27bfea1fd71cb41bd1643021a3a96359a640c1d5139fc91d9c9ce8ac9e40447,True
s07_normal_mean_m40-1889,2403fcc1c364646a3d8010f129d92cb1,c6c908d906425e335f8883c6507c4942173c37b65e60bd4545b126295219ee95,True
s07_normal_mean_m40-1890,c3ac3b74045ef0d06e8b3ee9674ff4f9,e82ac039279788dbc48fe0c24d0b19549058a206e9917597c44c61007bbfd354,True
s07_normal_mean_m40-1891,13a0dc480b2240ee55d8b6e42e6e0d35,ac365c56685396fc508d498366dd8ed3cd777ab4454f022deee095ea9efc6e8c,True
s07_normal_mean_m40-1892,89b6f1f99937370053300e71a6cf9eb3,3900539802f5861e4dab31020f57d4f941607999723c46e10512b8e78e4622e0,True
s07_normal_mean_m40-1893,20fabee96f5e837c19b9c85478355b22,cfca7b1bb1ea400d94daa082e01c8d4cd98b7cd60bbf584e14c85ec0c2cb6d17,True
s07_normal_mean_m40-1894,69280088084d8cb2193bfe615f762367,5db7a9774592f6cf939e8d45e489b96244069ec280b121168cdf3211f5a44477,True
s07_normal_mean_m40-1895,49d8a341225c7834b19a2ce7f3bf395a,4e685befe5106e185cadaa556beba70f1040d1146e54ad453c9710aeffe3f100,True
s07_normal_mean_m40-1896,582c18c54db2bde6d2c82ae0b0f8005b,e6357e7f8ad63b6c914956aac546faddfd5ab74ef8225fb89e85bc6554771301,True
s07_normal_mean_m40-1897,18071a5d83e005dfd8e89e8c465dd5a0,e0c05df2d960c3a0394944c373071d764eb97720372e6a264c240d437afeb420,True
s07_normal_mean_m40-1898,b61b90e3707b73b9216161908118c011,74ae46f4bec63343393612f9cea5f95027e9ecfa64fd6963a5eb1ea73f08284d,True
s07_normal_mean_m40-1899,af9efda0545ec386f675762e9fb7757a,db4a1e6b7eb71044c449b19c567934e19d6756c15176db6d5d4a719b3f7f55d3,True
s07_normal_mean_m40-1900,59ca206f861fc25171518d149f276da7,70bf38fc13e969ad7b7a67135b9bcb5a0bbe19314b17bca14b35f98a7ded66ca,True
s07_normal_mean_m40-1901,791df587d1d83600f3361778a89714ff,9dcfa52a02ddd2d13a13cacec459f6f479a3315097daf411c327830c097b95e9,True
s07_normal_mean_m40-1902,c940204e429099b5a676eea7cba01e10,5c983349c3dd5c3cf90c782fd2daf5a89ca172c47482219e514ff3660486df2c,True
s07_normal_mean_m40-1903,9d1163d43293c36471d4afd60542fa57,de92c372b9d6dba628cc79c46b8fd8078e92a5ec2674252936ab3a223d6110e7,True
s07_normal_mean_m40-1904,026c609c7a05cec51afc3813a92e9142,2d79f8170a0adbf67f0ca24a9960b230efeab6695df627dc7a7203c167ca4c92,True
s07_normal_mean_m40-1905,b2ad060b8e896165b8d6d87988167715,ec61055b70725a1c7bbed128fa38223b3cf616cd033c9c2087b8371256623054,True
s07_normal_mean_m40-1906,180576b53902f2e52c035ceaa12d3bb4,a807fdde2e46828a951091242cbada290d634b420eb2b8f7d9b8c8d3c9014a38,True
s07_normal_mean_m40-1907,111817a2173dde161e013e63afe6f0b3,b4c515da894118dd57be34046749dac986d474e14bffc56edb91688c70c3b88a,True
s07_normal_mean_m40-1908,083c52659058d83217ce4d8a1b12dcb3,46b76286a16cee964b66754fdf1b3248a5936ca97b21889d94091e8ff50930f5,True
s07_normal_mean_m40-1909,a017c180665ff173d93701c008a40b79,fd46728503f8f761f918b9a8357fa071bd58be49871d32a205e247f9d1160ac9,True
s07_normal_mean_m40-1910,c93a484c16f8077d0749210feebd19ce,0fe6f18b3ae79632f3d1f85d9769a81e34fad7f3c396b5d9fa5f458054821b2f,True
s07_normal_mean_m40-1911,c974e6499453a2360d55fe744d3c7a1c,9098c86bee74570a5b5b2c50f8646041631806804c7931b9ff4312fea955063d,True
s07_normal_mean_m40-1912,5ff0688657882c054f0ddf8e2bbc6f4a,e74cab63958c19afedb082d1ac7bee0e6066d5d1b4dd6a1c803a98b76e9cc2ef,True
s07_normal_mean_m40-1913,71b0aa8aa476601f207b22a6678bac6c,59d1326e5b2ce2d67c375bbe285eea6f33c711247095e599d1c5db9dc7fcf3ca,True
s07_normal_mean_m40-1914,ad6242840912a868e8ce11356a877d70,a4eb91b25cbf25456025af9ae23baf27291c1b3cab300549fc1809d65b503150,True
s07_normal_mean_m40-1915,d538f26fe89b6ad02928cd900b169565,d7399381d4b38202103b7708d976141e62c11b6f52b236dc40ef41212d981d32,True
s07_normal_mean_m40-1916,1ce1734d557599a02760e7cd5722ef75,4eaebe6ab2a58ede12cbd5499f6379b847d5a657babfa85c6358b69fbf682cd6,True
s07_normal_mean_m40-1917,a2fa7e55c57eabee391d521e890e2d50,c97b877fe78f40cb2e35bcf6499afdb1f9e1ab4cd2d23e2259e7c8d9acc375b3,True
s07_normal_mean_m40-1918,8c9178405545ae2e57fcb64e916915f5,4f7b32e24bede536635cd09e9eeda22aae33435374d0757722f4f0c094a64d9e,True
s07_normal_mean_m40-1919,4111cc64194769eef2544063a86853ee,99d1e69cbe60ee700eb97ece4ebbe1ac20194fcce6d8ee51ab3016934419dd79,True
s07_normal_mean_m40-1920,4cd891f2f1e612e0c32d46ed5ebc8a59,79e9888973f3e9748ebc08436e51220f378b242b06b4f48f30156e181339a089,True
s07_normal_mean_m40-1921,b27bf4fecad17048f3fa7e07e3b5160b,246ef3608036fe24c7fa51831ed86e27cb6670e60213f3dadb2b2d4d9908e6fc,True
s07_normal_mean_m40-1922,f048e46590573cb124ae16911fde4aa0,9aa8a929ccb7916953a674b4c8ff400283d6cf289d7339f60335b7278b702639,True
s07_normal_mean_m40-1923,fc06d0992a7235d8a1a2cc1359200b7d,4780697c0936b4260446c9d9d3828fa7cf3d2fa26f53280b138b22e7e57fa792,True
s07_normal_mean_m40-1924,27a25e98bfcd2ae2a1093f12a4fc0e9f,c75374fdcb27b3958afb757fc0e59b8178f540acb1b4135c363ae7b283e498a7,True
s07_normal_mean_m40-1925,76d68f1cbdbcd1a50c1e2010129cba4b,c45d6bbfb48f641b89b03fb619d9ebad81c56735fe2b70bc0749a99562c27779,True
s07_normal_mean_m40-1926,de3101c534c0dd872cba237827808f52,1b8bc6f9b3dd46235678459fd34260fa86a2b47f5c738b63ce77cdc6cda63155,True
s07_normal_mean_m40-1927,467116d3737c422ee033f3e9e638d315,7fb8febf3104ab7596ee990ba02ce28412a72c392a3aab03d9e9329cd7b06635,True
s07_normal_mean_m40-1928,10d13945f945248b09dfa31538b9bbbe,a3964de225fce3c56ab2e6f989d2fe5b6ae3b7c26cd3ddf421f798fe869d2d19,True
s07_normal_mean_m40-1929,13fabf42d9ecd3eaf4a86909ea23af66,ee36775d54f2e0a8f835865b8ee0162e198585c0e06d45c1057fbedd12282ccc,True
s07_normal_mean_m40-1930,bd859b1f4f73cf9949b174f183f7f989,79f9314ea88489cf404a90e04a1da11063675a9cbd82edfc9e4ccd066b456579,True
s07_normal_mean_m40-1931,a6d29aa2f4726985b7d544734bd7a5f2,b093fad3d45027c45a99dbcdeeb5542439a934614d812f826f1169962d52aa5a,True
s07_normal_mean_m40-1932,e09dccb2f61bfd9b889f575954244c21,f35a2e5810287cc72784a9f5c42525e496e28c4b7a15a6e3aa7127757c3bf3f6,True
s07_normal_mean_m40-1933,442fe66d13f645a6395be88899926bf3,2bb945c2ae4890b044c05ba47db0194e39aa510010146022bf524f5745b5562d,True
s07_normal_mean_m40-1934,643444186ee43d60986ff55955f881ed,2558e90dca3bd3a3d1abf1c5edbf6f136b12880a392bece71cde68259dd22042,True
s07_normal_mean_m40-1935,be79683fa61426be8747b623b691533b,4d9b1b9f8734ac1039dacac41427761f3aa475e6ba94ae5361c348f577e1f294,True
s07_normal_mean_m40-1936,f90e6cc91b9ffc4f8420859461432329,4f7c08431d90e5ac46f06f846b609b3f312bf71ec97fd268b1e6f8a61e382802,True
s07_normal_mean_m40-1937,82eaf344b36ccb8c738ed3bed916660d,93e23f39ccd06a9b523f8e38442f97236c8848f330ba6611accc41a6eaca8d4a,True
s07_normal_mean_m40-1938,936afcf5b3de8d4525962cf04d7e13ad,41ec7eab7e2678e7d718ef58a263463f56e8ec0fd2683af95d298933a2e9be9a,True
s07_normal_mean_m40-1939,c5ea1a1529d8d76b3bc58d381cd193b0,066adcdb79914ce56a901ee69e073b87ae09a93a00c800549c3ffd61b25f5637,True
s07_normal_mean_m40-1940,9bd21eb5df55df44790bf983f05968d0,097a29bf884ef5875705a4a63ec87e9a81ae9a8ba086eb90aa0e3126d01a26fc,True
s07_normal_mean_m40-1941,d755525804c87dbd72ab26d994e68a91,b73a103d290051c8307e581e84c6c158b018ce206999b0224c6ccbfa01701cdc,True
s07_normal_mean_m40-1942,7f58eda94715a15cacf56ee68e844eb7,4c86f0ee0eed310f8aa113b75d12cae6945a2c311e7ef29f5aaa909b7e3cb077,True
s07_normal_mean_m40-1943,f0d4687cf42d7a1e142f85fda296cf8c,99aeaf981f54fe8c0c10c3942b97ff6d1d62b8f173118edaef59b939212944aa,True
s07_normal_mean_m40-1944,57d3636f8fcfad4f37542833ad48e872,f2527db8b284dadb8f70d3da53e17fb1888a989ace25dbf3fc4785c799dc2d15,True
s07_normal_mean_m40-1945,c04eaaf4aaf9d3827a6c4e7c563b93f7,00c9c4cbd19f32590ec7464fd472bd94cf092bc3c2573018502fd0cc3704380b,True
s07_normal_mean_m40-1946,6bb2240a3fff0bc7fe6a31b89a1f06d0,91fd7f6f18619c3c003882ffe04f345af59d8a3011e7213dc8ae8e243c647686,True
s07_normal_mean_m40-1947,d3161576f24cc57f004b92f0c7bdbe06,c761c2102648fe0a79c93423b47b3a16f50ba72ddbce44a146fa328c594de162,True
s07_normal_mean_m40-1948,221a50248f3b872fd46b75ab229c3efc,7dc5a2fcc51406632d3790d92a772f9f4baf761bae6a4a24f1e3d4da715af124,True
s07_normal_mean_m40-1949,1da1332f0c6ad9f34e3526c7f517b51e,9e2357e40c113a47fe944b1af1cc7c3a022e3885cdb1f0bd13d2c891cdf72f4c,True
s07_normal_mean_m40-1950,3043154797f80c94bbaf5e16c35fe2a1,a4fc7ad8b10baf83b8015d9703e1df79558219d9132c3bab1ddfc600d02da733,True
s07_normal_mean_m40-1951,849e7bef70f210607d95d70b4c6c15a1,5198da02b2faf7f37815000a3d5b7280b9a79380e2687e45c8ce837b39d6a3c8,True
s07_normal_mean_m40-1952,5b7f34703dfd3b37dcd0b21f0e55dece,980bad09559bbb6bb9c839ac4db49e231bb4ef202d46324ae9e9aa41c8d6f2e9,True
s07_normal_mean_m40-1953,104372f1bea09339504e819a2683947a,1298dd55a982237fda26a1c94c1a6e0fcbb33fedee134a17f2bfcc67bf9d94b5,True
s07_normal_mean_m40-1954,628449292faa1be264fbaa05b35ddffd,6cdb620f73604a1bda51f0d5f69a00ab6a49fa09d8f7de5ce0e3df9b4bceea5a,True
s07_normal_mean_m40-1955,c3ee23a13fd401663f492dae6be63d25,7f56936019db25c5ba666534480156ddf42e3fec230be6a30beae38798926346,True
s07_normal_mean_m40-1956,e27ebba6e21b131f9f11c0ad52c0eb06,04cd127d995105686010126c5d7661404ca824d9e81e50e8dd76707cf89e5a46,True
s07_normal_mean_m40-1957,7dd2b5f9684daf14816bae9867c6ecf0,7d3f65c70a965785d49b74f05df9dd4265e5dc1de78ea7e61fd6c57288f99f5e,True
s07_normal_mean_m40-1958,7210c3f6c8273e964723ebaad12803d5,d20141c876a714d39a85d8b4a4bcffe83f23a77dc9a52de54bc5ea76a86ef4f3,True
s07_normal_mean_m40-1959,1bcacae95276b702dd141c8fe4d1de5c,064f52d1ae598f96c3351b3039e3ea79b7f467d9dbf55d0733ce0f52ec57bb04,True
s07_normal_mean_m40-1960,9f92e42455fff2a86c4c0d0de410f3da,d0cfd5ede0d14996bf53e8d223ef1231a8763cc591edca2b3a8eafdbd3556515,True
s07_normal_mean_m40-1961,19e949544691e6df7bd85c5c8ac91bb6,c820db4d37e2cf48f9afd533aa0e25460a1dae4b91925b37a5c1b60e813a517e,True
s07_normal_mean_m40-1962,0647cc706b5fe8458ee14bfe2e0d67e0,238dd59b7b76bb1749128359fe36759ace4fdaa794e531f0fe18b7b4bfd97302,True
s07_normal_mean_m40-1963,8954c919534c5765808fcdeda27b7dab,3300b983b8a30e620ab82e6dade2707835f18bfacc53e6b2e011a00c04e43cee,True
s07_normal_mean_m40-1964,134f6f91511298bbeea700aa63f55d5c,9ee4ad2d977c3d8365556c2ed243c2057c1c7756a4d8610e21bedf75d694ae82,True
s07_normal_mean_m40-1965,4f00317bbbd1b6ef5a7f431171e2fd75,38a8dee3abdeac39b4cc6240799d0bd8d1352c70f3d14971a4c11c4a9a22c8e8,True
s07_normal_mean_m40-1966,5758800aa03801ec7050dfed69c57ada,2e9d769a25190060c9e27e5f20da10dd16c8fe2575a354e4dd46ff1b6c987aa7,True
s07_normal_mean_m40-1967,f1eb4c0d65fe049a3ee1e4c5084bb8d0,ef08384941863c4f94fbd5b3074f61fe71dd3e7ae701f423132d8192a7c08e10,True
s07_normal_mean_m40-1968,075766e1f1234ecef0a6cf332af892a1,b12a3bff0d37d4787573d584271303b9058f671c0c5ae2ac0d94c590282dac63,True
s07_normal_mean_m40-1969,faf0e69dab053adcc5b884d86bf4e596,b1f69cbf5a20d9595e655dd0c505f2587ab0cc9dc8b257284f2fdcbd1d698f51,True
s07_normal_mean_m40-1970,5beb818c2cf22c35b58344acb45c2c6d,7e4260122456c358e5933788a9295397c1fc3f01c8a2875959c7540b291af002,True
s07_normal_mean_m40-1971,9dc358243aa4eb8fb5fa37f7c9220af1,a9d0371ed5d62bf3763a584dd25aa8ea5b47e16aa24e48c46c9747814000bf1c,True
s07_normal_mean_m40-1972,c54605d838c452c9444ecfb2efb8f22e,ef3a7b95d9fcbcb9526eec442897479f9f236886f37996d6492e8d382ba5e77f,True
s07_normal_mean_m40-1973,9734112a4c9137e0be63bba2e35c4207,044271cf5964387b008aac2351edd1422e152cafbacfc5531a5c20e45b44a6db,True
s07_normal_mean_m40-1974,e5b753e756b6dc99a831a479004d87a5,e06b1bdef0bb242d3063fbd6f4f917f191611266b9319d329b95880aa73b08de,True
s07_normal_mean_m40-1975,0f1f09fda774acfa1e83816e81526421,2bb9486838b14c31ecaf831bd9411ecdf13abe838d0cf3c36ff2ff724b320c0f,True
s07_normal_mean_m40-1976,e67a0019695e517aba5d2d42b9234eac,e7467d50fa4ac4b039b8cdba4891ff56f2d2f538f42e1a1c64b791cd3a61baf4,True
s07_normal_mean_m40-1977,da8ff79c9494f6be982a00f4c8295073,d0fa5c926867408ef42b043d5907e0569b976770c501e165c702470f259758b2,True
s07_normal_mean_m40-1978,3a5a330452518e496dd6ae49f1fb2760,b6c33168978cd77e13ea9c58c1b11533fc3fae5ecd8c01789296bc33ec1e5abd,True
s07_normal_mean_m40-1979,12f62c845a97c13725ad73b4869229c3,b95c8ef3c08c6c04744e0762bcfb6627a4a9fdbfbd107c7219d62857e322a624,True
s07_normal_mean_m40-1980,bf7b323e6397dd4ca70597d4da0a4253,d0e706526b93a63e631b944c4ff9878fd065729b3f91fe817eee0797dd868063,True
s07_normal_mean_m40-1981,0811294fac3fa0a24ac61e9f2eb32b9e,8dfaeacd1c00becd7edb6e39f38c83f1e3fc15f3e690d85ed20d960ba60b6d64,True
s07_normal_mean_m40-1982,12cc618a16c5ad3e0d92f10a3382e77d,fb44f31b3260dda50ff53c540fb71dbe20ce1d6e3fe91f78b187efe3577eaf87,True
s07_normal_mean_m40-1983,e562871672fc72da18a5b008d281663e,d93800e8c3ba2b5005fa61ca883f7e0df21cd6f8c0044ec018204e63ce79fa45,True
s07_normal_mean_m40-1984,ba561dbefe0dcc92f6a79f7da12b6f75,ccd355b65294668117562fd024e4ba13fe57202c757cef9b35e83180a9866a29,True
s07_normal_mean_m40-1985,8b3d97e52b25231aecbdba8c672bace7,f9ee14a19bc981bb57733578e8306c4cb3f67241aab7316215781ec3dd88f0b8,True
s07_normal_mean_m40-1986,838c35aa8015a128b99acf1d5bcce32f,31b5eb02a5f307d330feda422ca5d2032d2de0dc75d7bb38f51ffb77dbb209a5,True
s07_normal_mean_m40-1987,3185188a984923c46c3851907b817d62,6e60a45e9cffa35b4f0bf2756082dbc79c8795cf188a39ca525a74d6ba1b89cc,True
s07_normal_mean_m40-1988,31164c673b6e2e8744bd6f16d07969c7,f3c857ddcd510c6b6fd4534dad358d8d937acc083345cfd0e1d2d29cc0074bf4,True
s07_normal_mean_m40-1989,4302f8f7576e75b8a63fbe14ee5a5d70,10122d269ca75e9d2ee0d23504ebd1cb54dbc117bc5a06feb5a54f76a3cd1f4d,True
s07_normal_mean_m40-1990,adb31cd0308845eb5e64b309288853c6,1098903da4655be8ccca809881df03d8ee21454b4c689fe95cccdd5c86117a3c,True
s07_normal_mean_m40-1991,657e3692806408462592f23e252c8677,2bac9065053b4aa2589524a1016399a8b455db89bbd8c00d16714962c5bb3fe6,True
s07_normal_mean_m40-1992,c4414c45e57239809181536e0b50efb5,e2ea138d0cb27d1330982d07a1384df86777d4f7c4e676073fa3e5ce9e239e8b,True
s07_normal_mean_m40-1993,2d8fbb9d731e8fcabb7fb02761253c1f,3029ac90d1aeb95d1498c00966f38a3fa0b32d0ad355a50044889f17c981fcbd,True
s07_normal_mean_m40-1994,357367d399c1e060aba57a144b26a874,e0e7ca1c745f53d2d86ba97c7b7caf1982b82f30aab6760936548ce5c5929d9d,True
s07_normal_mean_m40-1995,68a57e107ea4efeb176ab278163abf74,031ea094238c61a15359e672bbdd49e8653cb08245d701bdbdde6aae26123edb,True
s07_normal_mean_m40-1996,e5c331ec03bea39bb068f016936b835f,35362450fb187bdd6c65fc2e3a36e470c5fc30d539c3cd532cb7c9b3a0858242,True
s07_normal_mean_m40-1997,1159e00104222900abe1c3cde460e8de,17402e84f62781879d99dfca4faba7acb5dcf9580917c1cd44f43f64fddf0777,True
s07_normal_mean_m40-1998,403435fce54f37ed1aaa2c4fbb62ddbc,e3e3f291e1e31dec432a8f5fdb494bbba423bc8771e302384be95a8679b89d8c,True
s07_normal_mean_m40-1999,f9cba2ce73e5da5acac2c836854bacff,b1e159f5d785f8e02fcda1004ad9ac0400e69ac9964fe7f9799b72874696ed8d,True
s07_normal_mean_m40-2000,faa7dd7f723d7a57c82d439ba0e14c0c,5828d9b354751328d9fcfbbc7b7143bbfe1614648bed0e50a916cb0eb46c180e,True
s07_normal_mean_m160-0001,f1b3dab62114c9f9f3311d8e5c2cbe61,80d099e35a5690043cbbd1cf32e457a7693a43cc10968d1aaeef200473dd55ce,True
s07_normal_mean_m160-0002,c00f7c310bb67d6b2d94465fb74b2d6c,d66f06e853549a52b1f3a497a531f0fab2533a14d79f8ecfbf2601ba457b8b2a,True
s07_normal_mean_m160-0003,b4923217a1af13006f16d6dff34ffb2b,1b91612b31725898c886f879694410a555ba2422c1cf80a901a001400a8b6d27,True
s07_normal_mean_m160-0004,6ebd0cfef6ee6e2ddc3ec09843f9746a,04496a6a5e85e87b5c59e4b3adac4cc71afe20452c4299b0312a1f0457bf274c,True
s07_normal_mean_m160-0005,ba4255ecbaf5fb8c5bc7bb3e7a21afa2,1e6afbd37e8afd3bca899a30f913e0852a48afab48aa4a33df85ea343e1bb93f,True
s07_normal_mean_m160-0006,b29e19a54da0694fcfe6a90382b430a8,d7d33eae65eb27695dd46e90b46e7ba1f1ead1bc5750328db9f0670a1fb40b25,True
s07_normal_mean_m160-0007,b843c126b1c59161c5d38c795fe36665,6af9a3c579bcbc79cb756b4d90826a00be72b423be6eee5942dde1da3b584821,True
s07_normal_mean_m160-0008,be9dc66939d0d12f74afbd1210cf7987,e1b5b2ddbc809a08e4d8a2e9789e061ac4d8bf9d7740a8c125d8c0374c6a40cc,True
s07_normal_mean_m160-0009,4e4c907a13c754fe787c632033553f30,cc5d388c584a96bf14b94241e9778ed9871568e77875d7fbed5bd72875b66b03,True
s07_normal_mean_m160-0010,f72fda72710fb811c60bcde07b581f30,08dd890f417eae01ced4c83955dd0aa5450fc67b67edd2ad5d20b96ec688e361,True
s07_normal_mean_m160-0011,fb7527c7ce9cfd34afcc6663aa5b7333,3d586784d1e225764b891c67efb4b7c880d9f082fda7445b2678bcaf4215ec75,True
s07_normal_mean_m160-0012,ca42d9c5b2d26c578b0fcf08d7ed44ea,1978d96c01336ad68547fb3a6d3cff4456da2c0014b44351df46d26c984289a5,True
s07_normal_mean_m160-0013,f5cd4bacf1aba0a1b22b34b630ff2c47,eefdb54617411f814031f8d186a8c1e0457e19566049a0feb172a8b913164a30,True
s07_normal_mean_m160-0014,92c19f3f2fb9fb357c6728a7620b3482,0393edcf6a2f671c0f8cd7cf37f8bcd43d1f8a9496b80994a92cd16413aff527,True
s07_normal_mean_m160-0015,880072881fe4afcab35ebd18b65b06e6,044226fa6a769ad317862acd366ff948ef3bd1d420873547ac9836d5e0b422b3,True
s07_normal_mean_m160-0016,6cadc54cac5a4a68a4867e8ba10d8b37,4de6556c33cfa10bf1191a0b70707e0f8606e4439855feb3fa759cc9f02bf10e,True
s07_normal_mean_m160-0017,b68e7b755684befdd99d07997fc2f1c4,cea2905322145df276ff7f9395a2c5b682104cf258c44b2c2389144304efd16a,True
s07_normal_mean_m160-0018,08f296f33e3344b458b102e0c10a416c,5f00415f3c5aa2d6a54a4d851bb4505ffce90cf5430982a6f3746a128793996e,True
s07_normal_mean_m160-0019,629d2fb95cf6353c527cebcc3f1a6c49,cf6cef77431fc5e9f7e680ab081fd01354b24cd1f9f6800391c5e69e5c55a44d,True
s07_normal_mean_m160-0020,a31db1c37b03ea286ca63eda170ee3bb,b1b18fcb4aa3548fe5f274aa5c835a201cb4d0cdbf8304d9765a8860c7786244,True
s07_normal_mean_m160-0021,991eb6ed87e6d79ef0a8d0271fac643e,e8bc9369aafd164ef160e9c5e3619a91143ebfbf8f27abe24d4461c8c0e652ae,True
s07_normal_mean_m160-0022,f586de307ff111af776c3716a632b056,a7d9527b56a037c8768cf6798bab74a2f42a06c3074376b66bff6ca3fa18a81a,True
s07_normal_mean_m160-0023,83fc8593b5440749987db7bebb5fb072,9afc603a8327f83697d6cd45cce4f58febf20d5375423f1340a309fa070994ad,True
s07_normal_mean_m160-0024,c8c726c8b03eaef704dedc620e3471ef,a18b2f445c9e5be2a17173fd62871d4d94a3dede4202c9850e56072c86119e63,True
s07_normal_mean_m160-0025,b862263c0c97519f85aa6eee39d10682,a21d7b1594a9d8c934bc67a14548853f25c88d840acebf39b18d1212a255d5ad,True
s07_normal_mean_m160-0026,a1e1cd9864c96219b0f690ee9cc33071,f2dce836c6fb247722266c80ff3ad7525add5e1671f33db17534d9f930a3f61d,True
s07_normal_mean_m160-0027,482c3f7e9621f2c786ea6958c63b2ad2,c2bc1ddbd2cf28ae8c20d1a49b37da2a957b34392898a345659b78df9ec0e2d6,True
s07_normal_mean_m160-0028,6b179d60e15ba2ca3ce3a2125049c9cd,5f66c608e20029905c9c1d6cbf84f19c9ffdc10bd88e68594c15c0a2e0bf124c,True
s07_normal_mean_m160-0029,728da3d965fa56a47009f3e21604e2ad,acb69e2dc4a78ee9648cb7a217dcc4fc7182b2f8c2f2eca56fff6c22daf67944,True
s07_normal_mean_m160-0030,2964406a651ad8f8d6ea103107c28e25,4b80230bce758ca5bd65d3127141a63add998f8086d7de1e0b5549384f4dfbb1,True
s07_normal_mean_m160-0031,2278ce98ef0a9ad4d95a6f5df8a632ff,1e72d5994761a7374ff3f802dd26287618809a602aded87bc0e9d53e69647868,True
s07_normal_mean_m160-0032,78a168c3a40f3c0c9abf28559234aa72,0a44ad640cd2e62cc7b7c01f8f21612bdaef04ece686a9f1dbdcfab5e355f024,True
s07_normal_mean_m160-0033,1b64c5ae61e945577a13ce1ba1cb44ba,85a7f4127da338da12e2112f60972be107baf3c26ecd277671c7408b2aaf9cd5,True
s07_normal_mean_m160-0034,06a7f7f37af1901b8f279046c4469fb7,a0a39756d16b004f5229d9f358e6fe9ad40810272ba42c1dbf870af495898c07,True
s07_normal_mean_m160-0035,b77a032e8733d1436c29d4a1ef63b7ae,0be2eb6472435118098724f01dfc4c26f42c686dfb81ae38f73a2770f9f589a4,True
s07_normal_mean_m160-0036,825a4244031220ab34b9e01f5acbad1b,88effbf82e884e1103889bd0a9df34287d046a34b4b8b85e42b26d3cb395252e,True
s07_normal_mean_m160-0037,9aa9876e2cab6efb9b2528f711959f16,bbd8f9c28c578af23094d51fe10a9c9ab70c3fb7674cf53ed32c58f57fe2bd6e,True
s07_normal_mean_m160-0038,2082f3869f7b82570d387a8cb5fe2c60,ba50d1eb34659b218ce7874d3eb9fb1603c440956802b6c4e63d1badbc37df0f,True
s07_normal_mean_m160-0039,16a2a56333f5f687ab715e45099f3b06,f2a59240c35d6186f419524ef0491c24a01dc30b0aa0276d6f96b097a4e318c8,True
s07_normal_mean_m160-0040,7587657aa28dbddb5d0cbbeddd784f78,7f905e1a946837135922f46f453a60b05d16bfe19cf30bcc926efbcdef8589c3,True
s07_normal_mean_m160-0041,aef1e9c640e4c9a746983170e4f76c73,a1460c8d37b6c8dcef6f4817587406fc0c5db7ff8a698b22cfec9b7388bb58dc,True
s07_normal_mean_m160-0042,5934c1926fe04cdb895f8afae3a9992e,53b4cb66a834c66aa5bf293287266851f77b4600331ea9f71c5f25cfc523dd56,True
s07_normal_mean_m160-0043,b82f89384a02963f5d548e1e3a7200c8,dbd84540e007a832ee64dd4fdda655c3d8f792d00dc3034783046eaa66a54574,True
s07_normal_mean_m160-0044,ec52acaba42eabdfa464aea0f120d298,415752e23e41bbb80e6cf48cc425ee83a9fa66079884e701c2fe05fb915f67e0,True
s07_normal_mean_m160-0045,c12b476bad1d9b199a5676787ab702b0,caca27ee8745b2b924a6809616d3c8f207566e65321483347cf1191b646c1437,True
s07_normal_mean_m160-0046,317ec9bc92c3ea950d777dbd2502289b,049e4f4396eaceb190a01764a5989dd505ad87f571f2483adbbd820af048160c,True
s07_normal_mean_m160-0047,e6f3ee4540093a116132c06b401a8971,6fd51f4bf15bce2d0f7cf85fe8f7179989a4a922e966ba277f4d9e3ad8269c80,True
s07_normal_mean_m160-0048,37f1f671f77e1418c2d329ecd7185e90,2cd0771c334b79154f739bcb5a9b4b526f97d854052e7e7a600dd0c3ab601558,True
s07_normal_mean_m160-0049,0b3ad4a6ef303211fff2268a136625ac,25c7f450c866c7936289a7a9e15b562cf06391c64cd4b18260454e3a8b1e13b8,True
s07_normal_mean_m160-0050,9f3ed6dd72198cb18c9dd92182202f73,72ee5edd2bdd17478fab3e1908c029fd25c1660e98522192257325745b9e5946,True
s07_normal_mean_m160-0051,cafa19d21d4c228db1b4e07c2026b77b,694449e54ff483dc1668f7e31031abbf68b3d37a09945e84bce718784afc6976,True
s07_normal_mean_m160-0052,d79f5b110a9afcc0ab4625ad9f177248,af18274edd4e6403467c60fa88ac2f36d3deae42e3c43d21adf820a3aebe7f5f,True
s07_normal_mean_m160-0053,6b27f4c81fa4c102c8a2bc87d4254fc9,7585343c1ddca9fa04fb54749136c15c4291284849c1de4e39dbc957bb242a06,True
s07_normal_mean_m160-0054,3f4bb15bb9c5725f946d468dc41fa32e,5bfa6f18b9795acc2f462e557df5914ca45f89f91800710e6d6024fdefd77b58,True
s07_normal_mean_m160-0055,caee3da69c8c988268e901ea123aa70b,a40ab489092ff0fd842d42408ba6251d857c26b51e17327ad40cd003f7117dde,True
s07_normal_mean_m160-0056,208e8405648d2ad1d28aab952aa8eff0,9a1922aeec661def2b33fb8ec69d04e9e963f4eb7142cd3ce2537430068807c5,True
s07_normal_mean_m160-0057,6032cbc56d48132b6a19eb41f55ee4cf,67b14a02095baadee95142a3fc0e7e4a0215a09f75f931756257f1aa996f1b08,True
s07_normal_mean_m160-0058,559a621ade2b38533f847d5697462743,065be22b16ddbe5ddb82a6d1fb58ea78343f597b06b36cb28aee8456b08ae708,True
s07_normal_mean_m160-0059,39d4385eef7095d7725cd4b9f1b5d63c,264c13f7feb0aa8d7f5350e407440fe56c81f26b1d8a52b6a1140bb744cf47f7,True
s07_normal_mean_m160-0060,af032c85ed1ae6f27c6b09604778cfa3,a507fbae6e8e35471b18299b041110dc664447d8a095edf9e2933a899f31940b,True
s07_normal_mean_m160-0061,201c75d5e3d0d0a3fc31692161478bd5,be9ff43d120faa9ebfc8ddbbb3bda332c0039e4794d6458839ad454ec193424f,True
s07_normal_mean_m160-0062,4c94cf54b5b6c0a9e795811cefaef3aa,6f186d30b78f0499dbc39ebff5f46cd3d1589443563a86e832eb10ce23295c9a,True
s07_normal_mean_m160-0063,639d7b183b1c7cf6dcdbc50921b7545b,f896f32b453495e25138e686c613b4dead995c6feed40185f32a72dee61826a9,True
s07_normal_mean_m160-0064,151d092b3a351cdcbe9dc9edcc313379,39e3f75a824603b1a7289afd7df47c181c7d4af49f9bdf843f804409f2adec64,True
s07_normal_mean_m160-0065,1f7a7bf8d995193245437de1e8a9113f,ff2055f06f45af52cd46f2d478f0c51af58de925fd57bb518adb8ea61c975eea,True
s07_normal_mean_m160-0066,685b12745a3a25bd462e09d2bdb6982a,461bb1cb66e5b691868687abe2036f971ac4418b892df320b5561ce637620e2b,True
s07_normal_mean_m160-0067,0442791205f0e231062e6c12f4b2c2aa,de333e5a019952cc3394038374c11bd5a738a52ca70fa47c078697ea33194de9,True
s07_normal_mean_m160-0068,98266b91e7d911e694932867624fdf84,47b05f8c16b7ea005f5127bd16ed97d77afffd35e97c822af1b153d048e4099e,True
s07_normal_mean_m160-0069,1d2f530ad5ae37da488ff675770b7171,1f9dff14a7474d545d83980b2ced172d051abda2590abc824e1ddf8bb96d413b,True
s07_normal_mean_m160-0070,665ef4e28747dfb0d9ddd98022210dc2,e4b3fae09ea150da800d84f7006f722dbab15e1cb2bcf300cad02d29aede086a,True
s07_normal_mean_m160-0071,e695c47bb106f8af6079ee5892e3230f,766ecaaf5b35ec8737c47cea852ccfb143d57f2cf65473e23dced66992ad445a,True
s07_normal_mean_m160-0072,8d20b19031d705bf5ca0b88fd531cd06,87ed5d939c74e06cfc80517015811e991c230f1ecadd6a0ee9ba44a495ab13ba,True
s07_normal_mean_m160-0073,6c4c5b0596a62f6fbdcd321df35f4051,95af596f8a6c4eb3bb6ad324c8cab678a35c242f316125063ec8e42ef932f684,True
s07_normal_mean_m160-0074,24623881c7c664d95506df90050129bc,3436bd511007ef3c794b3261c0a5cecfaaa31ac1b458855bbf68663e1e0216a0,True
s07_normal_mean_m160-0075,89ee6c58dcee70199f54598448ee2e76,5ddece1211d1c1ee2336c07a695e25087e432fb963a015728b6c4f26c5fcdfbd,True
s07_normal_mean_m160-0076,d1f5caf448e6368186f9dc7aea1c906c,3821bfe6339bdc3030e14235fb1eb1f2d49beb9f13cc4e05600daf3ddd338e1b,True
s07_normal_mean_m160-0077,5bd9374da62834277bc13cacce162bcd,6d2b138b73ba1428d2d40788455e931a233cfc976936dc35cae9d67db739d05d,True
s07_normal_mean_m160-0078,2ad3a2fccb23a9021cf7bdc1f230a705,7e377efa8e6c204232425740cc06a6357d0aee6243a717d4ded587361d02f3e0,True
s07_normal_mean_m160-0079,c3be1140ca6a5c35176b32aa9874a22e,1a2642cf4749a1402d0b0e2c3eb574b1aba7aafedf4f8a04f6283a55e62950bb,True
s07_normal_mean_m160-0080,d6ee2627cd7be97707b78906a864edcf,82dd311c2d6c6c39228bf1364ae026f6d3d9c9538094b8cb5d51a1b3c86934f7,True
s07_normal_mean_m160-0081,f831f70829be6886e5312591bbd7b29e,0d42b8a2ae152706648f81dd6b332ce23c2d850c0ffd12e648a5639b81812f5b,True
s07_normal_mean_m160-0082,ae0e15a92a7d0a6ccfb37af3d67f50df,9e3fe4d8f3b17f7ada33226e461ede4469f8cde3a47cbeb5e4489ccb07be2bae,True
s07_normal_mean_m160-0083,9c515a24a6a8b52eef83def445d0e25c,719677a26ba06a09be67e38b9b37b103ad7bce3ab9c3a1fb2b9339eaf80cd90b,True
s07_normal_mean_m160-0084,647deda11312d2d601038b8b59b31c32,8ce87ef0641f2c09a8634eecd5c4ed47298d95e15e7671935cb7beef9d2b2279,True
s07_normal_mean_m160-0085,6fd96b11aed98205aa150e0ce501d5f2,8c1cd097e4e72093a3eb199414af4ec9ade56785d3dedd2d053ecca3800ca647,True
s07_normal_mean_m160-0086,9bc0e387a8eaa6654a7bf9b3cc7ea35a,509bd0bc466674736119a2748300f8ded7ef54da165e1f49b2c339a71007d312,True
s07_normal_mean_m160-0087,e0b4f0a85cc864a23b7f8ee1aa0193d6,4f9bfd7ba74346f19831274d7bc9ed4b9e8ae0c793ef8ea5473a424da300d26a,True
s07_normal_mean_m160-0088,51222691fc97074ada42ea800e97e803,1c7810de5b9f8287521f40d004c9c62dabcafda6e7f49e0562c3564091ade146,True
s07_normal_mean_m160-0089,12cc64068b83002ac788599a28ec0cb3,3681b058fabacd2e33517345f4e2f98edf2301b308a03efa68fcf50632b6d229,True
s07_normal_mean_m160-0090,dca37cc2e0f3528f9dca698081b0850a,150fb022a3368090efa2a88c2ae812cb97da6b674ffbf9b675e17ae3f5c207d2,True
s07_normal_mean_m160-0091,7ef82a0e3a56f5ed435ce77c54faec6a,369481941b88c99954d4fb8369f4cf16489fa89ac0ae2326632a3e99563f6602,True
s07_normal_mean_m160-0092,8dadceda377e4bd77635f5c84c9f2317,401817ff1f257be128457859f0587ee629997cd2a609a8e9b1463dcb940b1c99,True
s07_normal_mean_m160-0093,facd43c507e6012af7e81750c3c46b79,24a907def6e514a9f79b67140a6056a914c9d639acffbdab9586f3db6ec10b05,True
s07_normal_mean_m160-0094,d27f126613c3e9f7f752432514b98cda,5afd76fe81228c69cacec1c30c6afb906a2a81b0825554b681d6a5e35208b255,True
s07_normal_mean_m160-0095,61c5074dd24dd3b9f4fe038184272c2c,75f95f7bf3bdb67d9cfa594f1c61730e32ab2e4be3444b7d2c8f38876fbfd96a,True
s07_normal_mean_m160-0096,53f873b50e1b3f0011df3fffb37deafc,a6ff631cff0612d5f495cc30559a254cbd409fe4f22d71d5a3c6b5a463d48e0b,True
s07_normal_mean_m160-0097,ad5de2f7e9bda3f89309ba0179186043,8bccb929840ee3bf81b47e0b6b294454a77906d9e984046cdf050deaeec624ac,True
s07_normal_mean_m160-0098,f78e9dc37a85350520c306e99b43f894,173064cd4e116049e1d951dfa3ade4b4bb2fbfdc127b5c15e650e300e48c5109,True
s07_normal_mean_m160-0099,719ac25a09c5cd7565682f5e3a0f2b59,d832e8e3d1254f7533f02fa755a263e99b798327f5cee4826bc49c51b201b03c,True
s07_normal_mean_m160-0100,997a995dd435b51946f1ba5061c7c186,eb138157a88d1ec67e64fb0d54ff8997b0146af3ac9dca63b3655845d8e9fa72,True
s07_normal_mean_m160-0101,5407011ed549473a21164d96eb87c01e,23a127f70a8344f25c0373cc39101bcb9bc70edc5452a651ddabb0ec2cbdd88b,True
s07_normal_mean_m160-0102,ab8691c51d163a12596dd94bdfb865bc,9d3e39814822150ce0be20d9b477c6e179b1d6e8e842118d9ab6e8ae32c18e9f,True
s07_normal_mean_m160-0103,d8933549f7889c8bcacf42cea7c641cc,769205f25416b136b6ec9be6d71bf10631fe02a41c4aed273236f0395b1b3d07,True
s07_normal_mean_m160-0104,f61cce5a31378a3fdbb3ae76be60af2a,cff4a984daf68548b6e3c905c6520a73e6176b3209ad70ae4e00e088725952d8,True
s07_normal_mean_m160-0105,5f5ae47101a9e6fed6d494d60fcf6e5e,b3aab76efa074da14da9169b762a571014b846f7457b1ff6057896fbbd7b33c4,True
s07_normal_mean_m160-0106,ae940374d9a3abd63ea3c15a487a596d,c53138ac49f2291a8684fc5c7526aa02716a4dbe62390a98c50ef275c658737e,True
s07_normal_mean_m160-0107,272f8ada761ed3b263541997def45669,f82edec2a3c78a175b9e88593dc52d3733a7172b898459ec492963d54fda429d,True
s07_normal_mean_m160-0108,b4dbabf0ebb10e3eafc05db930eef2d2,f71e19d1bde14208b86c37a8719fd70453396fc203b3e174d001d1cba2dfb4b4,True
s07_normal_mean_m160-0109,956da4f4eb3e13bfedc8ee437e6ec05e,c7dfdcd2374b6586e20b54c80d5711489a9f56ed0d3488ea021939110618f878,True
s07_normal_mean_m160-0110,eee9022b01d6e5a4617da4f0a48af674,1a7bbd72f9760c99c5fb5c36f0a4a39c9c77c3404a398c6750553ad400514cdb,True
s07_normal_mean_m160-0111,20a593dd412221adc316119a1e96a126,c55a067e977deb60335d854a00d15335b7bb8e49dab973252bbd1c89a1410831,True
s07_normal_mean_m160-0112,729bb72f13256699efaa4397c6b27f58,7c07a7521e4bc77cb66497324e4329b9a75d9cfe86d56002c7d6d61a04067332,True
s07_normal_mean_m160-0113,14e874c163d0647e711259f8b99c255f,8dbe90153f2c887a75eda5e7fced30534391231ed12c40f5839717571c113ebf,True
s07_normal_mean_m160-0114,1b98fa7a99eb80a55f07cb179a5a1bbb,662d6b7b4269bfb84e293c320abfaa6914846c27887864f1d5b2cccd88357bb5,True
s07_normal_mean_m160-0115,b86e784d8ec5574587d8b1a6a15ac756,c673809cac4aa1731032fc7a01e832271523a25790bbafae8676963d741af730,True
s07_normal_mean_m160-0116,d9aa01ae4574d71d7e84ff9b357b1362,5977363131bbc3ee427ec483358c67b9bdfd2b9f538c62108dc62b69e370bf3b,True
s07_normal_mean_m160-0117,76c3ad749c045bd937967c07648aa932,ddb0c4c9711387460dcecfc177b039b75e561ee8a5a809468db7facaddff0737,True
s07_normal_mean_m160-0118,68cdcb5ce924ad7989f361cc6d21bf20,9d6a12d67e9f0e77055471cfb886e1bd3e27f32a20e0ba100d33069ffe5d08c3,True
s07_normal_mean_m160-0119,593b5a312b27b503469a8dda118b8450,c967baa697014ebcfa2ba65935c35b3f7c26659b1a2b47049fdf3be4bd30e8d1,True
s07_normal_mean_m160-0120,dd75fad1b54fe0f41ee4968ec4d59617,8db2781f612b723b3f6559d5e7ec2214a8958469f93e6b04ce28649b2caa53c7,True
s07_normal_mean_m160-0121,7c5e1ea6d50470f95e2e7b835af10b78,9119b5d84c8a99357f2f44bc196c33de3f19dce8e362e6f9ddfd3ba750525584,True
s07_normal_mean_m160-0122,e8254e29c0a006298fdce0eff60c7160,92942d9c737ff9c21c27c2f68513353d5f86e57c657431ed234524841b6e747a,True
s07_normal_mean_m160-0123,cb733573f5fc99d2fae63bdd86f3e830,d20f8fd0d6a39256e4b0b4505f6fa4471fece744c17e36084dbe0654c4c9115d,True
s07_normal_mean_m160-0124,8335f2b826ed26bfd9cf33700e89c4c9,42d52d3096892911ea0680c291a42cdb0285b055213f79e6d95a7032ff9ba1f5,True
s07_normal_mean_m160-0125,56b935337532e91d27d511af4722a5fd,11f7c7a3c5ab2611421ce30fcbb78b79f2e2811868b218936d553f721224f626,True
s07_normal_mean_m160-0126,5e4ed891616417e3e1fd686fb6e654a7,0fbe58a90659477fbc4ae15799e8ec974e9e7baba144a21663f0775c3cc131ee,True
s07_normal_mean_m160-0127,c1cc3ffda09170ef26fac264733b715e,77329d762b4e6ec4747cdf456f5e217cd155600932d4341c08c1b4f1f3076075,True
s07_normal_mean_m160-0128,66fe3f7caa1a517d439f1350ead3d674,8aeb4fdfb1d3dd9361678c8cbedab4987f3d6cacf78161a00791197560e28ab7,True
s07_normal_mean_m160-0129,9255b18a6c3403666c7061b5208300c9,db88101ecd5705c02df73eff1919c52159fe96069fd26376b8176f84d04ecbb0,True
s07_normal_mean_m160-0130,11530ce00e2f8b23d4b02163753ab4ea,9b45938092df11f17f66e50e982a39d7e9f9d5c7ad3b9c2d68c89efc10c1279c,True
s07_normal_mean_m160-0131,4270982aece15d1e04cfa8fd614e5972,df6a0314ac7a2e0c86410a8b2d0e39e2fc4981b491eb9d67c773d2a722dbecd0,True
s07_normal_mean_m160-0132,6bdc27c0a76e7e4ab0ceb6f5d16f811c,368946b6c6b5bcac899cbb3d87fa33397a1217a894ed9177a92a52d60285ee91,True
s07_normal_mean_m160-0133,7bc0ec5c765063f7214499961d3be457,4cda3e9631138467548820861c62a4ebfde82a48fe5308376da48f965b9ef7d5,True
s07_normal_mean_m160-0134,609a1c6370e44317d486b91165bd2172,b8bbf6fe2e863719b4de31fff161e69e322dbc5d6401d090e07d1a6a239b83d2,True
s07_normal_mean_m160-0135,2a7924d3f5c3570f86bc0fc22896eacc,3d4e44b4f4c5aba37cd1ffc8917977eb86506535e079fb2606fd6b3c84b92265,True
s07_normal_mean_m160-0136,b1e138271a63ad8ebb55e297b4d51ab4,79735aea71e28af698f905c6605d43caf2e91490735617a1bc2b7eae67422044,True
s07_normal_mean_m160-0137,55068570928661993206e3f92efff03a,595800b0f2043abc5086bdf968c6ddc157f37bc308b5d0ebe459f20f499f7beb,True
s07_normal_mean_m160-0138,2bd1c50c33125b28aae5958027ff4ac7,d0a4abb3d3885ea10e0c28f48619dc9417e63eda1eb10150505302486cd92a00,True
s07_normal_mean_m160-0139,b377a5e1660716dcfcefe5bde65ab796,fb62aff6a736c48b2b1ca7ebd387aa839f0813b8d414d9f55cd1dd591a71dc63,True
s07_normal_mean_m160-0140,203dcc89ea2c56cf3c65cf23c6a1dd90,595a454debdc5a116ebeff36280a7f6d7765dfda76586ae0c4ee1da7412e72ca,True
s07_normal_mean_m160-0141,71e241c591d7c7f51cee91c80ade30b8,6312fc871139b5a8cf1be0ea58c00f950d391d762c2582cbe5da132f33a4a6f4,True
s07_normal_mean_m160-0142,a0ca0d485c73d3daebb902e5829af773,a02a6cff1182efa1f3efb329cb372293134b5c3cf9254c3032f33aa6b863501a,True
s07_normal_mean_m160-0143,b07339f7f91e7c558348ecc2191f0b67,12ecb3707040c67a67fd29b775e434882940b20d6d7262d125f55fb895b18712,True
s07_normal_mean_m160-0144,79b4a8224ef6826e6ee48a75e0cd29b3,31dd3a6ebb0053759f44690ce6ba413404c2605768df53940536e235016c1ca7,True
s07_normal_mean_m160-0145,e82a62c3646f566980d38fefa910f10d,5acfbfab4b62eac630eef775a89fe6885608c3d8f708f549188373335d6cfa31,True
s07_normal_mean_m160-0146,974a87a6e2aa8b293310943080ccc5d6,5a81b03d0463a1f010abfc2417b9ca89dace657087f20d2b46fb419dc0af9580,True
s07_normal_mean_m160-0147,7cc74baea44f2ce582ee60d5bddac758,7fc5c228cb7db20aaebd5c336bfcd7f13786734106a186fecbd48e0982bf8042,True
s07_normal_mean_m160-0148,340a5f28081e5e5808c40f6a2c8f4400,2afff4f1a965c3b177662f48ca89e3d2ed97c57a846a07250d23ec43f899e617,True
s07_normal_mean_m160-0149,107490134c26059e981b8ef2d5647114,72aa7b4c75a34e217daf81f7b09bb840da584e870efe21153e8748b5a40f8908,True
s07_normal_mean_m160-0150,9044d164ffec12e09a2af8ea0302e0dc,c8043c62128e3c98d3a03fd959896b782f43fdaf954d28ddfb9d2a6124831a4c,True
s07_normal_mean_m160-0151,7901aea36e36c2b2cab82004f03c8405,f7a3fb610954b4e0acbb6c32a940d2620235fd014f7692f8947dfb92881d9b0a,True
s07_normal_mean_m160-0152,c481c0521d3f73762df124e83aff2fb3,a924b9c2b7d43068d980b96672ae9ecd93ef7700811cd08a2affe317465d832b,True
s07_normal_mean_m160-0153,1c8996903c8b9918cc11a9998f6f06fd,27a7c6f2655e5468203f6f24156fc58980e3291a25abfe13b85b28b2e97463cf,True
s07_normal_mean_m160-0154,348e438accf7bbb971ca955af6fdff75,144cf7861b48fe7ef036faec34ed0029c7a9818b679214a6d0004a99de7aedb9,True
s07_normal_mean_m160-0155,c423654c894e5b5b6dc6d54acc2bf843,d61a75cfed6897ed5177f6cb9abd899e6e91b4ed893d6a2731ebd0128d62ab8f,True
s07_normal_mean_m160-0156,d8401bbcae8ff4613aa238a0383606da,e31e9f69646f8a5a5541dba13cde3a5abf278db80eadfb855d48243a5b84423d,True
s07_normal_mean_m160-0157,89074e2aeea4ee41d2031e861b367d7f,e2cfa896f3c1c45832d3b2eec75f3c4f0d1e6597ce1cfba399d2dfeb011f1699,True
s07_normal_mean_m160-0158,9adb221e9171b34c32ce53b7e7fd3d4d,0cc74155d9dddc1dcf02492169e35bba5a237b00ec57a937034e98bc18629ddb,True
s07_normal_mean_m160-0159,115c9d0aa67c08f0264ca08449d96e08,1482cd055a5ae8d0545996b90ec40a250cbc75acc2628206bb38cd25dd71da0f,True
s07_normal_mean_m160-0160,f1a5401681ca749e77f5b40b8783e513,51097f9fe6246afbf61875122ff09ae50353f0e3a68f15ac89999c684af898a2,True
s07_normal_mean_m160-0161,3e2262177679f89ab1a8a598ff86caf3,cb5855f7fa9c3b377ceb1ca9a1185f607f57a57813cae3ed8888b38f0b794f26,True
s07_normal_mean_m160-0162,81340fdf4431043bc9028f17d7c322ea,22797676999fb8b4e5921d83110240801c6294d1dc4a5ca1aff2f0ae0ce6806a,True
s07_normal_mean_m160-0163,032b5617b42a4f1613f875795de68367,b8d3ab4ed99c3fdbdac4b4851b12d6732fb231676796fc73e2885f82524d8ec0,True
s07_normal_mean_m160-0164,49f031015587475ed7b0646eb69cb911,5bc0de66b78169f538c7307b3ecb25b94773faf987c833b8c0d495d035c5d438,True
s07_normal_mean_m160-0165,b0471b4e95b4b6f1a294a44cb028cc45,dd7bbc174e9f644638c98d270acfe245653278c48441b306943854d91c5f293f,True
s07_normal_mean_m160-0166,e21baca497620be80ac1cf52c57d055f,bf3865c3f1c2a6c7651b0c49f9e852f70c6c24c0276b3b8f209dedb94316b299,True
s07_normal_mean_m160-0167,957c9934145a4e7225664967fd37fdf1,90ee7751b5fe2c803fffe88c7d62f8e4440d27319b9b007c440cbd3acead08b9,True
s07_normal_mean_m160-0168,ba227d2a3aae99fd0bf701b5e1944543,b823518ffa3083b352a226cb20e9528ef32bf76edad8786b5e31e865369d4558,True
s07_normal_mean_m160-0169,e48f4b722ec3e114bea65e7c58f7c38f,33e39395f118d87473848dc542d38ca5dc82dda33341d7609c198a7a8922e86d,True
s07_normal_mean_m160-0170,75bd1a6d2a416b8afe471a734fb95492,d60ba5998204338cddf2487e180d26fdd7ff8a917700b73cc843070883fcf8cc,True
s07_normal_mean_m160-0171,c83ac138e41cc067fc32f3d80820ba6e,7c811b5971923a698454622c88f68bdb5c7aa22672f99375a203e6b6808c4811,True
s07_normal_mean_m160-0172,742217f7ee6cddc4d09db587ec4c4827,a5842226b3bdb04b52396b85e9fcff853a20b8fadad7a32ec69f9250cf19ba23,True
s07_normal_mean_m160-0173,adc2173e9a2e4adea6f92341069ce479,609895716435495e23494b41a8e8f6431c89ed6fb0ee6096be0586f1b423f79e,True
s07_normal_mean_m160-0174,03f6e8b19604241c5928eb5160c74f18,ff89885937c22326db07d3c58f1fa6bd4c355ae53ab7e06dfe3b6f73b55b1be9,True
s07_normal_mean_m160-0175,dac6d975a33bcee9f2fb26e8640df390,6293cd082420e85ee609937f6d9dfe05b6c3773e371dee443dedce1723c31dfc,True
s07_normal_mean_m160-0176,44fb6d44e29d7d779140b41a3ca90a9b,2e2b461de5b4c19e440a27d4269984b9c49818522f94e3021066dca9a08856a7,True
s07_normal_mean_m160-0177,6bb81d1c1688e642a8f049bf6c3fdebb,1197cfd1b058f7d63dc51761868fa3956ac42d9a49166f59f83cb053a8c04d30,True
s07_normal_mean_m160-0178,a8d1342554bc56ab1082b151073b9395,b7c01234bef5ce30cee98f27decfd16a7e0f572eac2580ba92ec8bf4e4e6fdd0,True
s07_normal_mean_m160-0179,841db3c580e5c6dabc80d630e659062a,ef2f51ad06bc860bda54e805ddd5c214b39e4956aac370fd24a8ec8a6443eeff,True
s07_normal_mean_m160-0180,7e3ac2bec5552bd7bfbdc2fe2059f9ac,b2f978744c4353457b56189633a7148c97c13cda0e470133f547046ea25ad889,True
s07_normal_mean_m160-0181,3ce94dae52abb41f11b3a1375bc9201f,97c584618f58b0051addca702b75591ba14b73c96b92de87f272b4ddc48f729c,True
s07_normal_mean_m160-0182,0a111b26f85c3043329e3f04ae386678,156b39dd163237263097075f9e1dff176960ad4c8a2a3c5273d04bdf5a7d4825,True
s07_normal_mean_m160-0183,a76cc67e3ca6c8a3b41f5e4558f06da4,e13192fb4e3501a5ad77e01324b0a3d65462a9c322300dbdd667a6a92f0bf551,True
s07_normal_mean_m160-0184,45ebcc331bb5975a31a74044dc3757b4,65fdef6914cdd1ca6eb4aa9240f4c6e1c2f2bb214718c3042c284c442abf9127,True
s07_normal_mean_m160-0185,470b91b3a8644374a7088e65fa495466,7047c1c05131bdec52cc1fb1dd974f72ec983711d71b6e1371736175fdf23ec3,True
s07_normal_mean_m160-0186,d532d6a3820b4d763ff4df7f171d0f7b,633208ecb2d47c73b25b1dc966ea5e280f42fe2cd8ed0489c8a79690f0dc1127,True
s07_normal_mean_m160-0187,46ea2b5ca8ee8271f7987f93c367d4a2,d793efa9cff86e4cf07520adbdc98eef822967c32833492ef8453c4caa901046,True
s07_normal_mean_m160-0188,fc344ceaade57d7ca28f87d4527a562c,f6aa302d4997af382820a46aee71e00b20479886a60e33e2a998314130150c0e,True
s07_normal_mean_m160-0189,2a2508a1956e9de463447fe7f2259bc9,7a2d7109b536d78f9159ac80174e7473ef10bc729e38c957f1643efe1b5b4c76,True
s07_normal_mean_m160-0190,1ccfafc41a6248a61c0cd708d07a88eb,372fe37ab191c4ffcdd13cedeff3159231553d41f00a360ac342821c50328792,True
s07_normal_mean_m160-0191,064cec57d681f3cb785b5027708cbbac,5ab54013c7b8e430907ee5f346b63d0347431d79ca1854877874e6a59c41bbdd,True
s07_normal_mean_m160-0192,5580c4ec278fdc5a31fe3eadd2dc3186,9f271434e23495a88563f008119cadd31c05daa503dbb1c110f870780949f100,True
s07_normal_mean_m160-0193,e671caaddf6301c0786c94b5fd92ce20,3bd187ab7eea074ff56dd18c2ec06b28baa88e1ffb7a05e9aa54c2ab08b3197d,True
s07_normal_mean_m160-0194,ec6ae7474c63c9a0d892f9b87da91f3c,152784c86c61636ac441e09a1a92794561467ff6af149902bb042942f5f40337,True
s07_normal_mean_m160-0195,3228b5d27cbffe9a0d1ce35d5dd5de98,70a596d2b006d974fdf33449843def4ea45b6b8dd73a6cb19e5649d55b4f239c,True
s07_normal_mean_m160-0196,6f60364aac208a4742d9e29594d52a52,044978e653e8a9c0b88f8ccad09a6d4ed50276ee686a8fe7a4a292fd944257f5,True
s07_normal_mean_m160-0197,a95a35d8d94aec76e4375563554fc516,60965749ba522340488eb6fc47b5286f9b6aae7f8de3414edd66743bd866c0e0,True
s07_normal_mean_m160-0198,c1491dd5c493610cfd19591912ffe005,03715563d835643ffce787099dff76b7e9b1aa4fbeb3aa575f0d6684051f96cd,True
s07_normal_mean_m160-0199,acf391cae0aa7723fc578586d0317414,75540752b0f1e44cca3e3006e89c3432c11d5963553ae0ad4477eb8908360917,True
s07_normal_mean_m160-0200,3a7acb33f34c0c35871235f97aae10a0,d41b4ab878d38cc58b6376ca47de877745983044d8a904cd45f3469c71ab9362,True
s07_normal_mean_m160-0201,9c46cbf2e4bd53687b6cfded8d401bcd,8c7ea67d80d996311785b14c8699cf39490cfa0bfc49ccfd905f67ee526996aa,True
s07_normal_mean_m160-0202,c9867ab770d50e5577eeaf1d7cf4edd0,93d3743e5409463c9862d0183cd2261edde54e3371a5dbd9d292f609edb7b3c9,True
s07_normal_mean_m160-0203,94e7fb03f12a4c530d4adc95550866cd,fb63f665a57081bfed239b5cc36f4c5e46f74edf46c742cad88ae3c6748ca809,True
s07_normal_mean_m160-0204,2f15d5ec4d2fe9b62b54b401cf33086b,afbc0917feac97e86318dc394efda189d68a8417a24181394facd118e2e0422b,True
s07_normal_mean_m160-0205,ae1801d1270e13880d4545c547088122,fa49ffad84ff8a956bdb3dc1f57ff33e36456a46b1b78b8233e6f1e2d7174be2,True
s07_normal_mean_m160-0206,f7f5665d6803cbb707e6144519282f6e,fc99da2365312b22f1b621c1294ae02d41134485651385b4535b476456182269,True
s07_normal_mean_m160-0207,125f966d99e7db308b0a77d9cc0b1d36,e01f3f37be696f0ca0bbf5e8ee2d6c5f8d215292f2019b249157ffbc18774425,True
s07_normal_mean_m160-0208,7de31b0bc7eda39fd700a78091e45046,dce47a11491ec844dffb910e8b766fd95b472ab3b826fee28f9bf4e2a3cb6252,True
s07_normal_mean_m160-0209,f082fb570822cf3eff73448b66ec657f,ae2457df4bdbb75b799e0329206b262ff1580862c2a4e995430fa66415d3d78f,True
s07_normal_mean_m160-0210,c34f8e6a6eecb9aaf1ce34113bd48af5,63c1208e1b3eb577d956035b2e90492a80d6402134daf9f08e001e67da45933d,True
s07_normal_mean_m160-0211,fcfdae71fbdd1193ec7266dd43ff900f,55409a7b91de4a3e571ef2c0125ca09d4b8bb23905a7cf17569a7b887744b78e,True
s07_normal_mean_m160-0212,b590db83ed2626b61ca5bc81a6a6fd85,34c405b75c8edb3d23a8d51841dcfb9cb75fb5e894ab7eae12f52d630993632e,True
s07_normal_mean_m160-0213,137c78e6a5f61efaa26f9d1b647bdefc,96ec8a3e46dd1685a03d80561cab0406d29811782033fe5e8a3a153d056e3383,True
s07_normal_mean_m160-0214,0473b7db7e5f06b4a1b49e5559b6b965,b00d7683a52d8d77455fbf95f8b2509d38c985e2e08747658642445d00080615,True
s07_normal_mean_m160-0215,10ab1a1a038ca589644f57815f85b8e6,71f0cb782f43d2044c25585e4404dc11853b85a2b6a113613e6949e11914c02c,True
s07_normal_mean_m160-0216,ace500eabcbd6f9699c3194572721379,b5c228664ac6a5be79af4df3f54d6b56b3a50282d6d06c39a24b241bc84bc7a9,True
s07_normal_mean_m160-0217,d824dfa2be70c0178b2ea97b12143b9e,c41d19031cf079ff4603ee09f38fcea1f1366079a14867cde436be2c86ce9a55,True
s07_normal_mean_m160-0218,d6781f753d3d9c4a9f43f49c6af3b0b0,c456818fda15783d460d6313cf0f29a4c692b06ab73276955563287518b21012,True
s07_normal_mean_m160-0219,05109c52a384501bb9584c1d1fcef155,2285a9ef512c558ea7262c0faea1274bc74091fae72fb084adb06db0b5e59b6e,True
s07_normal_mean_m160-0220,4bec5e844e2b212364ce22722dfa629a,b9d91b16c69de32b62559887d74d1e2c7918aa3bd2fd65cbe57205261bfcec78,True
s07_normal_mean_m160-0221,f899297c862a66576538475a91a526c3,a439f04a303c9f6f89cf892f18659862b56ff5fe93bab0143fdfde92cc55d558,True
s07_normal_mean_m160-0222,4cd2a35fca0d864dfc8afc80d8f0af06,6271656b70f3b4c1bea20b34dd89270288ec607d40784733b31e66a994a80f13,True
s07_normal_mean_m160-0223,2127b948dbca5b6a2b7f9e9c71c33c4f,51603800acd2eae0efd1dfaebbbe3334238f212757e08c05e62231c2a7d39f61,True
s07_normal_mean_m160-0224,0499dc50f065aa7daf5a0a96c526f2bd,55da0fc22e87f857a4de12303141f8edc67e59abd3f215c0c0b7619e1140e0e1,True
s07_normal_mean_m160-0225,0b5863dfe673127360880a9afa483ec6,14760774d5817124e5d76aea2ed4852e36d2c1249b60906e0e8474bfa77433a2,True
s07_normal_mean_m160-0226,b435cb960516721124ca2f4b18682259,53e966896c874536adf2771752b6ac6a9e8185ad461aaf798f3a4a729edbfdac,True
s07_normal_mean_m160-0227,a132ff7de1b749ed3c81af4d115acc51,c2095635fdf68cc47e44f4e6a8a9292a8a39d6160c68a6b3c2f035548d1da0a4,True
s07_normal_mean_m160-0228,efbf2d45bb33854c6c26772fd4ef7c36,0aeb2ae22a84b784d5cbfacbeeba3164d0c5e2c4f6efda221acf71221d10664a,True
s07_normal_mean_m160-0229,60a3b681ef4a555381451ee6b2b95347,835b3e9c32e555d192efe7ac941520cf4585bf0070fb9ea9fd8a1917e89c4b98,True
s07_normal_mean_m160-0230,adafdc44e22ab56960abccb54965a5be,63d7b81c861bda10603aca16d73d6e592521b33ab37a51f405d508a5081768d9,True
s07_normal_mean_m160-0231,cfc135fd0636007e703c815ebd09b219,36695a739e9d01dcab3ea897ccbb1450b558f17babaef659cb109f5d61f8a1bd,True
s07_normal_mean_m160-0232,37eb832ea712e20803adf6309557e740,888b3be77b046c8f0d5fc3a8398dfe171be2f3705bb0871f2d91464e99c85eeb,True
s07_normal_mean_m160-0233,b937cd1a3c0269a07cd6d14f4b0c6e87,3136f9036f465cc6eceaa5ee31260948d1b4f889adfd2b27b5932038e8b6f03b,True
s07_normal_mean_m160-0234,9b3bfe6937585cdd44cfef621a26d592,dcbbdcf1e28818d7fafee7694eb9232a1a4984828b62435086d0d8cf1f6063ae,True
s07_normal_mean_m160-0235,d6b62ad7caaf6cb465abe55892790b94,ea377241fc1579953c8295d373808ba8a8f6f14d164df8404cac2b5e93589cb6,True
s07_normal_mean_m160-0236,af4c6aaad0c66ad978ed201d5cb85f85,c8b9ff8120528aa5c8cc58bcfd0cf0f3d825d0e7e01d24146ed8e4e43dbb6222,True
s07_normal_mean_m160-0237,7619e0940d131218b375d6f4dea4cf2d,4ff0f4a573c8f0e734c8dd4bf7b05912ff6fd9b2d93c84fdf283f87985052330,True
s07_normal_mean_m160-0238,661bdb2fa5798bb4e4f3da710e4a9880,12a53124a2ccd5b9aa4d1ed3f391cbd21112b3984a6dff0463db4eb626709840,True
s07_normal_mean_m160-0239,a1e7eefa6a29266c2bb6e425da0216ce,de7712fa0784f1585b835b7c11bbbcb9d0da79f9b3ac760c760f9276ca36129b,True
s07_normal_mean_m160-0240,05b04b41e98eac98bbcd9e91a46f5e03,090be05a3535ed2d65b23fff23b43885bf9f0a43b01bbd70d924fc866d2a521b,True
s07_normal_mean_m160-0241,ba71f16972b7ccfdac5c7c3ef17860e5,9c9e6e9c83f4143aec2a4382733af0c6ee263dfada22cc4ee59bf1e67771d098,True
s07_normal_mean_m160-0242,efeba809576f1417512b7b5dc14ee115,cad17ef8aeaff68519c0bcde51707f9b457e09b85e65a83152a35ce1a5d67993,True
s07_normal_mean_m160-0243,7f28b2de97c010c53f093cc6222a9dcd,acbb353e42e3145c3dcaaa7de6e3e399753fe5e337664f5ce9708644f2bc1793,True
s07_normal_mean_m160-0244,c441de5dbbc3aa9912d8130e13c777a7,c0775cf0f2b6ce3ff2829814c2b5c9501055676accbc16512526654598a42d6b,True
s07_normal_mean_m160-0245,e25aba0d853aa3b4162f5f76d83bd2c9,fd12be369eaa4cbff6f3a1a9e83d6543d543573a8772d339cb43c4306cdb796c,True
s07_normal_mean_m160-0246,19d8f8c63aedef46f90d0c5b94a23b32,7f729968aa94a3c7f55b240745178e6840062a1eed0c1e182a29046a6f7c48e7,True
s07_normal_mean_m160-0247,33dfe0f6ed148f5d5867700e2c392e94,d348d18d430ec97aff5ab05dc6e85b51dfa39ebe778931d97b77a710c95d49fd,True
s07_normal_mean_m160-0248,f3055c7984ca8cbd167760218f3f58a8,541307df44185c7693657c6695c5305a7d785a7ee7d9ee46be0bc465258c6431,True
s07_normal_mean_m160-0249,bb1275fb2e0f8700111cdbb01c1a50ac,729e89bfc72b60c36f60376a23b12e761fc1e7387191181c0903100a09475062,True
s07_normal_mean_m160-0250,092c3c4eb31fe1b6628238d0c219a795,0a55919794ad0dcdd02ea0729a0d1fe75b89b734b91671d5a362f5d4f160e856,True
s07_normal_mean_m160-0251,5bee93bb5959d7eefc19e4f9d1f580c4,8436827be53b6286badd092a1bea4a6509c16708f0a17ffc78b242bb83880736,True
s07_normal_mean_m160-0252,5528b540b572115b6495385b2ecae1d9,9696bb990252a977d4ef01d12686b342a5623b7384bb7c17797c83d780495b89,True
s07_normal_mean_m160-0253,b5e20dae05c5c77ac98d8349598ba0eb,5fd467a5bfb34c2c161c73d00922641a382bbabc3b3939c94b959e12f748d01d,True
s07_normal_mean_m160-0254,ecd59bb47a1db50ba49bb472a105db81,2551e0315c4a54ca46e6173c654da4bf0d95b755d92db9738c97fe6eb991aa4e,True
s07_normal_mean_m160-0255,8a7f20443c444c0e37e8c74d81952512,b44f35cf4e78f63edc1de61a204ee3788028ad27fb0c17a62b6a2452633993d9,True
s07_normal_mean_m160-0256,b2b3ea8787026469ca49ff31c47dfe72,34ca7c67a8f7243b3a8b1422cb17d8a66a7ef39b64115eded8c7df496a2f77a2,True
s07_normal_mean_m160-0257,76cffe8afb4de8980a0512ab57affa90,15ccdc64701f386d59f6925cab49543902d15f88b8e7ebb6fa30cfad0caf4af0,True
s07_normal_mean_m160-0258,43cd0fbf0209e0e0ae839c66390e662c,4e357b97d16fd9198796ae0e9e291d0d002c82d5383f20a7569f2746edbfa24a,True
s07_normal_mean_m160-0259,b7e1136ffede07caed9d78e9aa6c4a32,8d21ac40fce93aaa2ee9347c116a007f7c66d17d53652848ea939f1ab712aa9f,True
s07_normal_mean_m160-0260,fab78715e3a84759ca256087d18b0fe3,151f7452e606dc18b8e041142b275b8d166d91007e92f73c41cb594280a8948f,True
s07_normal_mean_m160-0261,debc1ad662199823483a6b23ea8382b4,c089c82ba0b5a2e8511a93c3c88d15e7d7617f0ccec0909d859ef0b5aaf59905,True
s07_normal_mean_m160-0262,840686633e82980bc85580df7fd77fa0,a5a0fa2320d9442074c79d6e1d846ea3ea0d05059da447817b61d3ee0a9ad0aa,True
s07_normal_mean_m160-0263,39498a4b4317ab810569ecf90d8de902,0aa127041a530036a2490b02fff4d936d0f81dd88f2ae5a6335b622ba9fb7287,True
s07_normal_mean_m160-0264,ec8b23f0d77611dd918cd6656586bde6,46aa5afde144628544606b8f456bab8b2ee67a9e89eda2a5e640f4b677e8adc2,True
s07_normal_mean_m160-0265,6160b72872610cb580ecb12ca23e8e59,9ee817f9200a680b58579951460e1b677bfefe403bc89db6bd838eecaa1c974a,True
s07_normal_mean_m160-0266,2a3ed144f2c5ba86c2b2774926f56d5c,a4cd2ab3fc7c799215d8c3cd677a9e883473e8ecf3e1af0df7b18bd31f085f54,True
s07_normal_mean_m160-0267,3752866d611a5d38695e4cb383b50733,7c4e441508900e0d410b5e83e1ef85b2e4820595d19442b99a14666c7cee78af,True
s07_normal_mean_m160-0268,542f87f452dec833d2ad525f2d733bab,f9b5e8373f72997d6837cdccf337dff30be0acec164269931ca55bea35c763e2,True
s07_normal_mean_m160-0269,8fe8fe2ff6db8f19625982214d8afdf3,065cc9bc27ce20684218eec3cb47106e2a86c5c090c1352b300b5e67e483a295,True
s07_normal_mean_m160-0270,a6bf511532f6f1f3bb307887993fc083,dbd7b7fe5eba42d3309ae6079dee1db13943c2b1b0ee2dc7d26e45dc36d3196e,True
s07_normal_mean_m160-0271,eddf8b87c7153de45434693b29bf5c22,68b734ff26ff0b44618213060f88c024c392696c6649d2cda06f6c8bc4c49d1f,True
s07_normal_mean_m160-0272,8db4f1f526f260c0f3cce7cf2882a8e9,ccf7a556b7b383189313587affe128c04fa9197d21a1a2b96cedfb71d060fa75,True
s07_normal_mean_m160-0273,1e1ebd22bfca70b17d819173a26c1224,061fd3cda6f6fc5f4e91e9bfba2682474765d311a541a4bfbd995895409b8fdd,True
s07_normal_mean_m160-0274,a6977e785e63941b81b8bfbf0d4f3f8f,adeeb7fb3d9af251677024917e96803cf5304a7d0fe62612272b3da296fac8a4,True
s07_normal_mean_m160-0275,5f69c3247e3bfdd4790ee5e1c7c6be79,bd7fee623769ec6204faca2fa4b99a404bf5309c02ad6df2425d114c0b0d7a6a,True
s07_normal_mean_m160-0276,9d657fb6476040fc6a30c0094ff24e6a,5f371d75ed559cb465bd5e5aee54a9a38c1819615b86e2c1ed202d5a90cd45ca,True
s07_normal_mean_m160-0277,31393a80c2319c96e5e1f3aadebd6d0a,504a9dfff19a7c1b04a42bbea898ef465e87d0915700a954a1d542199254e2e0,True
s07_normal_mean_m160-0278,804aa71fe7ebbd999bea6a1b6b282a9e,5ec395ffca4e58eceb54fa7acedfce09892a17e0752bf05a66c51710d751283d,True
s07_normal_mean_m160-0279,1102e3196695f4ec28a66b9afe6beb16,3362e148404e32202a71f61b9e42b27988f5dd51d440085e17dd69b41ab66199,True
s07_normal_mean_m160-0280,ea3f7119e87789ede3989cb9637255ae,d8004443211eb4159e9586933441185cb18c5d97107298466c78351cfbbd3831,True
s07_normal_mean_m160-0281,1200dd3275c1b8665572347f24196ef8,8d30d1d1bf7f3c3cd62b539c5852a17dbf3fe1e919d0e2421b51a26201932a8a,True
s07_normal_mean_m160-0282,4370042f45b0f4380c2fbed6f60ff97e,86a543050bc33d9a0e55f3fa16e2545b95aac05247039bef61e0358356778faf,True
s07_normal_mean_m160-0283,fc22c22199ed2be89e2ba13b33a88b2c,7e058184bb3913c3d9126a3a406c061533d786839bfdf4da4d892b676f095213,True
s07_normal_mean_m160-0284,87d0ea058c1b9d5ced65c5bcc8437b71,4d5b7c65caec03aa1fed91fc0724b61a7bf3dd4469c9d2663279d5d5b9020d57,True
s07_normal_mean_m160-0285,8b4ec875a941dd9f78d2068b2d970120,91d5fa323552465c50519afe5bfecdd33fdc35c037522c3b8d8b52ff448bee34,True
s07_normal_mean_m160-0286,4e82b178a8d77db5f19297a6fa647a35,11c2f1cb6af1cac46e50bb9b03df19e3e21bbe31f510c0512cb7740f2283dd61,True
s07_normal_mean_m160-0287,b7d35a20de8f20fa7aafe3744c8f6d2d,329e408fb80368862a0a54bb7798376a42b6c1820cd86cfe7d346f375d070086,True
s07_normal_mean_m160-0288,f50c156bd5a256725d9a4e74c43c8278,61ab88141cc41649ac31d612e0efdc56e29ce4adac74f2b298ce3078209fc5ba,True
s07_normal_mean_m160-0289,3f91fcbc2596b041c94731b414b46b9e,bc00ea64224c22157350ada8551625d040a27780cc3e44bf9618d44c10982c64,True
s07_normal_mean_m160-0290,a1abbc54fe36ef035bc172969d02ed8e,d46716c6e2b0bc3346831ef904d5087b04d195925626a850d21b0ea607efd33e,True
s07_normal_mean_m160-0291,7bb18341b24a3898fca588d609ec462c,3933a9b69a256ff365bc8b67766b819595f65fd56f925823ddfcae31f1209fe0,True
s07_normal_mean_m160-0292,db21668ffe72d79bb2abbcb78da5b66d,886c2ec81f29eccad5ff52817b17344867e4e03da63f622972a0a3e4a994fe77,True
s07_normal_mean_m160-0293,f3ec386f837c6bb9b2765b2ad2d382f2,4433301bc3aa7031209ceecaaeba1884471f7a84b3a2b7854f921b314b3e6afb,True
s07_normal_mean_m160-0294,9142ab65d78781e7d45fe3ac90d0b79d,0812f4a30dd6aa394481aa4e73e3f5aae1a782383cc736fbb47530ba8807d5af,True
s07_normal_mean_m160-0295,3d245caa514f8cd52798aed65fcb920f,832c369ef2877fd6eda1b62def4f5e60f6a28406c9e8a8b50c26385c3a1c5e73,True
s07_normal_mean_m160-0296,77a59832184a82ed6f1e9d53e7dfc9d6,c9183b274d58b50cf8fd9311371f4cf6bd4971b9520fc5fc58921c4f001c0ee7,True
s07_normal_mean_m160-0297,7b197a46045dc9f76ef36211cb3a471b,21f98e7bcb5f3b7069ac8e97c04b7c59ebc0745601039ff9dc22d1c178205411,True
s07_normal_mean_m160-0298,56d91f5bc6c8fe6741fe8458abc2fcea,aff48edf5f09220ff7310c0bcb807f0dd9b3e61397f3f57c105686ea4e205c41,True
s07_normal_mean_m160-0299,861dc7230eef44e69cf828801bd29b08,933db3c4a8d3d834ae2b5eff834ab1da80c8260baccd476ba85b615a00a1f690,True
s07_normal_mean_m160-0300,aad6c27bf0b2d78248aad587632f4393,9958056441237f5e548a29645f0a9e244e22c53edf052729710c2cd4848b2873,True
s07_normal_mean_m160-0301,896d893cc02e3f254d28a9797fe80bf5,648fa0111fec1b7590a2038c98a013af089a072ed9d92dd6805bdfe7c6bb2570,True
s07_normal_mean_m160-0302,0a114b9a4404b8929080c1537bea74cf,40d032df8cdd0b4a07f59b8c2ff3a0ed5ec4b3a6d6df5cba4bca84c7366d6f70,True
s07_normal_mean_m160-0303,76aa9bf05933cd62b410e5c991f61496,ad8300fddc8a59f25cc80510f7fca92004aaa2c3bbcd21c6eac86a19ba449338,True
s07_normal_mean_m160-0304,b209d5fa32b3ddd6cb44a0c4319b44fa,f6654d8f47e4afba1ef32aec2111318d8326fd53b975fa3cd73a28380da3b01c,True
s07_normal_mean_m160-0305,fbc35839d8ec57f4d38cccefdbd1c7ba,49cc90b85be352bc0f54802aa8e5c9a02de8290fd9418b1b128a073a3e634043,True
s07_normal_mean_m160-0306,d70697d269cda93ffe12d007d401db6a,ae0a04d36d2313d8e5293faa37b9aaaf00764e0533e11ce98fafad38a09bbe24,True
s07_normal_mean_m160-0307,26cc2c564dbdfc0b7e53e7a3e993f928,d3df0f62412717f71454eabe3d60282c208f6f5dd31ab6c6a06eaa697159b4ff,True
s07_normal_mean_m160-0308,5426b7e71be85fd4a4c7bf6da1a7c385,8c6c8e52e6122e21d1f74441c6e2b3856ab4319cd5eb740aac534785705e9b0c,True
s07_normal_mean_m160-0309,eb954ad105678c110a58f9ce49072d0b,4744b9a9c21517a6dc7149f9226dd5496dd426d38c8775e25eabcd25f202c6d9,True
s07_normal_mean_m160-0310,555a30d2f7d8af130e1af6c6e3df7622,d5133beb9ef667eb9e19cc0eb9ffbb6662967f83c2276710882248d8123cd80a,True
s07_normal_mean_m160-0311,a9dedeba7dd5adb16261c9af5a32da94,ba19c987bc25d4623b81a68d871676c15f348999c28905ca4f7a043fbf7d0f7e,True
s07_normal_mean_m160-0312,c315fad10c1c355772e3bc7e0473a8a8,b48c5d49bf41c28f2a5617b2305cd34cbab554c8a2190df9a43deba6f1ac0176,True
s07_normal_mean_m160-0313,6d2d27ef9d7447f3adf818ef655ba0c8,3f6b39f967f1c19efc6d60d80113be2616ede4ca674c985c596428aa732ef5f1,True
s07_normal_mean_m160-0314,966eeaf07dca639ac7a705a6efd0c49e,afc266d85836416a4b04287a22d27c750505ac225b18366504cf37a515b17a60,True
s07_normal_mean_m160-0315,1cfd7f18942d58e738e8aab6fe4f004d,bfec3d5b9ff7d28899e93d63111da685453c5359b024892e29eef68748deea07,True
s07_normal_mean_m160-0316,16fd48f892fe8a357a427b42dfb31ded,169429470bd2bea80790b5034d993c20c65bb44d4d43ad2090442075510e9578,True
s07_normal_mean_m160-0317,d9378fa22fde1835464caca8498abade,516c935b19d746e4a3bfca75ebf7042d0c31498aa77bb7a6fabdff881fcd0b59,True
s07_normal_mean_m160-0318,8439a57f25cd33dcf6e4aa5ff684a57f,9ff5996e9d0b0cd81b50714f4960173c5cdaf8cbb9e8893e03cc535600114bd3,True
s07_normal_mean_m160-0319,703847950eb8b94e0ea1b8482d4aca8b,1345997e7ba04d781af9de8a596c12973b54b1728f3b2b45add82da14a9ff2d3,True
s07_normal_mean_m160-0320,44a16536bcf02fab74eaaad194af55c1,d0fd827f51a15e2de4cf9395d936ce96a5be7de4c94bac20a56afddc86f715b3,True
s07_normal_mean_m160-0321,285b6c011dc8ff4b4de6d8ad0bd75721,c9afbbeb02f289a7db9974a827c7f035d253d53b24df8248c0b3a60fdc18a9ad,True
s07_normal_mean_m160-0322,34772dfdab3fc4ca6042ad4f9d3815b6,f38b21f3d8243222c629d121d011b7a444ad7569e73fcab5860d201949f66f62,True
s07_normal_mean_m160-0323,10fe4d37188b5d4cad0b8eae0855208a,b9795664dd48ae7737b27e130c3b5f2d9b56f9f96ab1896ff5994c0e76317ab1,True
s07_normal_mean_m160-0324,d09955ed1047b394f34b4fb7bc7d8c80,46315201c945a23e3fbebcb623fb91dcdaa120fa80c597784d4df0b9a618db6e,True
s07_normal_mean_m160-0325,e615f61da2eb1513e92c4647a96e9f92,2713c0f3c1032c97c40285b2e95f489583761ad5b639b4e167d5323327ccdc5d,True
s07_normal_mean_m160-0326,d56171f79cffa86d7d66a32bed25c54a,71c822e7ec589a0c4c74806f40abcf5d0dbfcbb920eedecba32eea9713870e98,True
s07_normal_mean_m160-0327,ce910425928a3eb132c755d7d241b1ce,b31eb6c7a865c32c658838160e13aebdc2831efb70b37006e936f96575e41b9a,True
s07_normal_mean_m160-0328,8df0893f51950b2031a6efd82514013c,9a13c6a1b45931c1def3597d2d8a2dd6891b6f1d298000d4c0528401b0abbf2a,True
s07_normal_mean_m160-0329,6a5882201d70691397b471ddb040950b,81312d9394c00b91f59dbb2e0d90ee0b7eab703f88abfd803e62b38516e47d24,True
s07_normal_mean_m160-0330,6b16319f9100440e4647d16ba581206a,60f83546f24a3a92d3c917587af57e44b23af95592997984bf787af96bc9bcc3,True
s07_normal_mean_m160-0331,54bafcd0cf34f3fb5616b96852369284,34b4053b426ea05533758f2d96407b08e1e66fa9e52b2fa85963a3ec98e24fce,True
s07_normal_mean_m160-0332,e3f95a9be408a102ad055cb21f5ae811,cda2f4a73cbd14177d86c14abf14cdb160c629eb015b7685354b1d2990e10c88,True
s07_normal_mean_m160-0333,b31204d1c4c4dad14ee0daa2c473a1a1,47f8a75657e996b96c0cba523b1253cb6fa95556abd585fc2439bdc67cca50fd,True
s07_normal_mean_m160-0334,c294b64f710ea5323dd704c9ffb8eb29,2b872c57fb49717f0f22d26cc89a2736681df75213a3ee81235ab1c849a327d1,True
s07_normal_mean_m160-0335,19e5d0f16d02dbffb0faa67a82e9fa1b,b3f6785d3d0fc59ad5f4bf7068decbb22f5ff78fd50c86470a790a518d6b4b93,True
s07_normal_mean_m160-0336,b6e3c43d168b19fcef6ad7819175fed3,304d751165f68ce48c979701b20e5c3ed189d193d66a362dba3a05ee1712ed3a,True
s07_normal_mean_m160-0337,a2c4a55f62df51098def300c746001ab,d52900d07114f5cf178aae00002406894521f71ee90d4b2f0ce89c3f108881d4,True
s07_normal_mean_m160-0338,5f6a8ee44f710fdb93cf06ebac922c08,22acb3b63acfc7988462eaf89d91ebbf81ed329fe1edc79b72c5fc79c2d7c1dd,True
s07_normal_mean_m160-0339,ab6f7ce00dc708288ee0102d874b300a,0478aa190ddec680da435eb18444672a0fd8ac35b5dc3e711ea9c5c9ca59ee30,True
s07_normal_mean_m160-0340,9b042706bb9de684791b518b4cc86cac,daa0b9b3666f2fc5fe894c5c4faba7bfe60479a568436c30d91cbae48824975f,True
s07_normal_mean_m160-0341,913ed8ec70ddfa8e8da8e50740c2b253,9d8825f5918d36b319aafbded89b13da9d77e0efe20d3010ff1a48a70f65548b,True
s07_normal_mean_m160-0342,2375e00766a2965b549b6afea99a2d0c,8cc7e5c6b531ebf6b63ec8693615aa226b5b1adcf308cb790e431e36cac1ad71,True
s07_normal_mean_m160-0343,f251201e8a1b4ba19cf2c646a92c8400,ec5331c900747f1b4b80f2f9921f33e8061949c62d4b09b7531e632e8e09e719,True
s07_normal_mean_m160-0344,ea8224056d10f6fa0d753b1b8c1a6e95,1f966899604b940a9650a651542fd9b475632e56dbbed9e08cd42cd3fc4d339c,True
s07_normal_mean_m160-0345,ac90f6d2f76d9486a31237c999cef814,79ea491eceab921a80d31f15819c0ffd3c451fc1c0133a741cf3877f638b8ea7,True
s07_normal_mean_m160-0346,08a5e8ecf0795a4e50c08cb2a08eb658,d867fbad87a26d8084735f791d25417f2af514df2e16c7efa76e4cd8dd879c29,True
s07_normal_mean_m160-0347,5fe23d64faa1946a94c12d506b1ea496,92ba051df469e1947416424e06a142c95497eeb41a56a09450baf35bb2ccc27d,True
s07_normal_mean_m160-0348,655ecc1a55ed8b83092e95c0056c796f,bc2276347075aea28da5303ae04e6662b2747f93de5af590418f965fea744e98,True
s07_normal_mean_m160-0349,22ed85d8edcf5c6bc06b60f5ac8e23e8,160c6a572cc9aa2c40802bfedcd8c887f853295aca550f7048858f222a0e80e1,True
s07_normal_mean_m160-0350,99506180d56448c68e8b2fadf5160b4b,ff29c8f5d36097ac9a300d2074fc350ca3dca1375a1821d820d89424de143904,True
s07_normal_mean_m160-0351,3da3209e8c95efef409cd4973f1c0d0f,32e7c2569dd28da43530b7b8c0610d1ecadc01827819bf0f50ef8baf6da2c0d4,True
s07_normal_mean_m160-0352,4cdcaa11de70d42d3094f32b1c9aca88,bcbe5d34f609a5f5e36a91b05c53073d9aac3e3c55ccfb56f028851704a1c410,True
s07_normal_mean_m160-0353,6b37e9dc13b7f6beb6e116611a648558,6fa093d91146669edfca46f852b4dc564da1f9bc79b73c3404b7f60f41a4550b,True
s07_normal_mean_m160-0354,5c280e0563691ca096f0200e061e6cfc,99ee6012076b5bce9e4c5ece7b527474b7084c1fe01965128c562f69b86b9c4e,True
s07_normal_mean_m160-0355,fcd65dff335adde1d39af02bbe255e47,7e4c1689210524e77d14cbeba7a1007d0638ec0fc42b8d4d01eb86b1ed57db8f,True
s07_normal_mean_m160-0356,c264c887291cd95041b72d2f4df75cbf,9783f7c7353e72c60194415024900b84bd5c784e4be1397c2ada35598f184b97,True
s07_normal_mean_m160-0357,86fc6f89f76090d9ccfc3f8ff74e9656,3cf2094ea693ed109cfb606b646760dcb5561c7a149d1064b6875f8e1917745d,True
s07_normal_mean_m160-0358,70da681288f60e8ce59ef41dea25c943,502bd2251dbf2775a300a373d63077c88a1fd4ed810fbe5879ca3f5d14d87591,True
s07_normal_mean_m160-0359,3a11151181f5665a3ad16adf5f232c3c,1ba3fdc73d8443588bf5c63d649968052ad3f9c6c1ce594fc0e15533689f9f99,True
s07_normal_mean_m160-0360,6be29b1f083a03a9cc77f4def2a03683,4a4bfabab32a4d27ac0b7f1ed0ec32c88f56c0d7fdaf790ea52002c9728d6d40,True
s07_normal_mean_m160-0361,95d4fee4c4f6eeb1e5db88f92d1b592e,4d94bf5e37ee344fe72feceffef5b2b395ec34959faa10d94c9ded78c8741146,True
s07_normal_mean_m160-0362,a85232374613f90a035285e507de77b2,d4677442103f10bb2e5dfd146a930508d2d119f1ac4b4457ee6d81c62c5cadbc,True
s07_normal_mean_m160-0363,314bd2d24a9ad4a7035731fa199027c0,a0208fe095d5a001a4d4c880da303e9f6749849d23688b48484ec96124d37484,True
s07_normal_mean_m160-0364,2d1771ee768ce70db6ff3a991eb258f6,0d786e0ec72d8380adff44d96a05ee709b75484c276ec10e10e3db37cefd2696,True
s07_normal_mean_m160-0365,9b552935dfe20c27164d1c1e0ff37418,cfdd12f08be1deb2f9009019f30aea17560f806b293db88e48c45b4a48272da0,True
s07_normal_mean_m160-0366,5d72cae658b1cc803a663d20dfbc8f2f,204346cbebe2e40e14e026633a9b1f144b818d5baae61e7f60df8ed06f78e7e2,True
s07_normal_mean_m160-0367,264b7bc8432aa7255379646490bd5a37,6a17d5e80989f635ffb935ae9ee0ee2197dcafeacf5a8184786f3e536d6ae550,True
s07_normal_mean_m160-0368,c0923f02db78a6d35f7704677ff0b0cc,4b7e440566200c4e7914863cf644405c94010a55c28a83e4c2797aab83d7f0d8,True
s07_normal_mean_m160-0369,d033ce138ada5b3c107e621d90d5821a,eb31db85aceac422dcfd1332d48f4c81f48c6f7e3af81845c7c301e02b7c144f,True
s07_normal_mean_m160-0370,d69d958402f1d59416324a426ebbf7a3,285d1ceb031ebfe371b67ce6abc2772b1dc766fd4c2389016478e8e0634ec171,True
s07_normal_mean_m160-0371,06d345dea0dc4e15c909a5476ea5770a,889c49f2e43eab2aed20136b1e7d3c89271e28a10e64002feaac70422e5f366c,True
s07_normal_mean_m160-0372,88ca50b7c7a583dc1cb251ef579bc2f2,22e594e9723b02c8dc97a4b8c6cb593a236dfca411d2679e74a09aa986b0fb71,True
s07_normal_mean_m160-0373,3c48c912e439ae50ee2c06d0c55aa71b,6ece590481fbbd0305bbd194d70133439d2d90884984bc761bfced16a34820e0,True
s07_normal_mean_m160-0374,44518b426c43e8bcfcc213cadc63f52a,1ae97660b8caa4d9e6b608312f2fc43f1284639e16c1a64154130cf25b9f37e2,True
s07_normal_mean_m160-0375,fa2e26ff0ca4192de1020ba6cbf0456d,c7ee0ea0c323bff9e21338eeb13eac7f0944e5897c3f0a638981fd5fa2905eca,True
s07_normal_mean_m160-0376,5cd189b4f43ce7364a5bccd3cf2c52d6,32679955034487aa213d5ceeb96e9ca79231bc6b19459de1ebdcdf3e1d094623,True
s07_normal_mean_m160-0377,233a09bea89a21c59edaffbc5415863d,4dc171cd55a3bb1443bd95d4ed32f491d0f1783018ddd12f5af4e50fe303f27b,True
s07_normal_mean_m160-0378,1a50a36d0f4c7ffb7a986db019ae73a5,a0e7dc989c974982127ded7d1758d599aa1f6637ea97b6991e3a6bcb5f793f8a,True
s07_normal_mean_m160-0379,206c797fd778529384ff763697f79993,f87c8fc6f58fee78c9be425f079dda6e14504937f557f1b442d4d00312405507,True
s07_normal_mean_m160-0380,be098869828a4c025ce803a2d2a0120e,446cab5b1db61bdef4e497fda0dc5c5b74b604806c0ad3a1e768c7f09257a311,True
s07_normal_mean_m160-0381,03bde4d0686a87d4e1a2e0a3d44f13f6,5e281df4917b8c1c944fc87f169a7b3959971472bffc1675abf789a46feec9da,True
s07_normal_mean_m160-0382,bd318d74e16ff4f3ce0a76648d881877,b534b22f6500eee25f01ea46b36e6f3c88acebc5eae046c9f397d0072b585ff0,True
s07_normal_mean_m160-0383,5ada3aa3b0cca9fea1a3ef53b562ed47,8dc176fb607f51d85edbd4bca18ef2f2c80bee00386ed22ff9074c65c5fec2f0,True
s07_normal_mean_m160-0384,79d59ccef897a452edf57a1de80b12b7,36a522953693ea5bde78b63739bb85f9d00d2084cc20012b6a75f17a2fa7c105,True
s07_normal_mean_m160-0385,b5dee8f0276f3d2401031f7f3c0066ce,09c515a200dddf395699ee1a179b44e6dfe5b548c1dd409d51d4a55b5fe529d9,True
s07_normal_mean_m160-0386,e4440e13dc7cc1877d1bee2801ed6078,b16c3efcc3faa24b48ee8721366d41aa0b2bb3520eb84637c2e5919d4f5eae9a,True
s07_normal_mean_m160-0387,a943682937160544a65d64d30abb7842,77243bcffd8c95a9e6f29280c0e08540da8a105df8acc2ef18aba9930315edf6,True
s07_normal_mean_m160-0388,71de34b75feb5b15b8cb632d96e0bc26,351ce4349989229446fb4a1469e76a72a43d69370c997d693e303fb419dd74aa,True
s07_normal_mean_m160-0389,fe435026a97740d944476fa07f7dabe5,79a9662a6a13ef3390204761fabc4ad1a888899a5fa209973002017c9cb97de0,True
s07_normal_mean_m160-0390,b91b1174834f3663c8683b52bf0ce0b5,b8f310efe4d6164da9bed46833d5cbfe3813053a5d1ccea80c7c2c4ba443be7b,True
s07_normal_mean_m160-0391,f8129c95f3c4e6a50bdb0a0b1fd41c10,a30d9c3dc170c0bc9271cfa28b12d5f04e19442d34a253b8ff6cecc2d65d5f49,True
s07_normal_mean_m160-0392,ddd2165a367375699187ad3b9b36e131,50574a9d84ea438f99cbf673a67919bb14b1d3e79455a59aa33a4407dc7fe204,True
s07_normal_mean_m160-0393,f7d6fa15103d4f67d0921ca9a1244ef9,0fbd19c04f2f4d8c1a5ec4a327840a5dc8ab9212f96a70fd04cbe034be243894,True
s07_normal_mean_m160-0394,0e3d9988e5276fcc6624d7a5da7bd253,5e908deb675c7115245ae3f9972e3e4b5d1782e364ecb424e51ff3e900d54b02,True
s07_normal_mean_m160-0395,0ec68763f0bda2e6a849f848272d54ea,5508d810fe03d23df7fe267131dd1a310be9e5bd19c5805e0efa772551544441,True
s07_normal_mean_m160-0396,10dc88390566f0099643fcede674f739,552ce72ab0bd0c604744fee2dd291c593cec1bb5b4d3293248fde77d255cb68f,True
s07_normal_mean_m160-0397,9cbfdaa87a0828509c8caafcb52a33a1,4499253d0e5252d8b5d20441a5f3ce7c769ae8134a1431e68abf9b76b8373c78,True
s07_normal_mean_m160-0398,5992827ea4975101b8514b4be74aa403,28ad57356ef5bfb25b86e605a65cc41c65fc73b56219e8f96b14786c29b233f8,True
s07_normal_mean_m160-0399,210ed8dc5aa39cabe20198176b3a4283,fdbd8919ee922baccc91928296abfecf983deae5d5f5841407b89d7ef6e641a0,True
s07_normal_mean_m160-0400,d1b4ab0947e3c5e29f44909b87df3a8e,3749306bb77d85d3b693dea162d00ea939ca57da0becc6997ba422bb2217a704,True
s07_normal_mean_m160-0401,6327fb9efa5cc55704a0f005d84778ae,9b800f44bffd18a7c5b62ab07c8e7f7a67bc94d7ebbf48d261c6081436b00210,True
s07_normal_mean_m160-0402,d71d138faf939def4457328bc89e1ad2,d56349835e698bf5097609f2157aa69cf01b23199d3ffd299addc321acadae9c,True
s07_normal_mean_m160-0403,47b2e73bcb0f969372cea8460e9cf89d,0eab8f829a52fb4932b5acae657721a2c4b51be03198a85a465689e48d9c92bb,True
s07_normal_mean_m160-0404,e0c24c66f00671ee68ef57df028d72e0,c8285d4e7a746ee78315ea998a7b38a77072c14fad053bbf3ee9d367e928fb2d,True
s07_normal_mean_m160-0405,e1608bd054e516fb552b737fcf13e537,9aaebe37772fc661344f4112e15fb368d673aca2f9894106c69697024a98adf7,True
s07_normal_mean_m160-0406,4ee604e0571f06a41b39ca3cc9aa177b,d0c352cee6a31a008e5265c3559e8828509dce4ada1b98ed3b89e336c6b0dea0,True
s07_normal_mean_m160-0407,43c2ac027e23d8acb5a072c3c5749a79,bc831225dbe4f9a333a4c19a0a08da270d8b1532c0a556d38988cd635a4161b4,True
s07_normal_mean_m160-0408,b69f466f2cf407a36a51053822dc86bf,dedee14f5a5af67c8b998bca9c470e4d10c9c9d979f813e040846193c659facf,True
s07_normal_mean_m160-0409,309c832145c7845287c833a4fd47a530,68341cb2d32157a012b14ba69773f532eddb2afc2e7eee5a213b85ad85373530,True
s07_normal_mean_m160-0410,3c91a1439ba7afd28fc04e242185a188,f6a29525e5c389f4d737ee393493cd97a2da587b340565a1644f7d377bb204f0,True
s07_normal_mean_m160-0411,10bd72562fcafce3ff8f90ee80a01598,69fddd89fcd01895fcc1121047e2fe8c4c1c714b9d9ad9568980ff2f88e84c13,True
s07_normal_mean_m160-0412,76fa47317a9039606b415baf2bd101ac,6a728499cb90abe92630f58d375161d7a047d6c1eec533dcb2239642cffe779d,True
s07_normal_mean_m160-0413,1acf4732cd4a245d373bfabe45ae1588,cba6d076ef799cafd598f06930e87d68cb0f00c730c94e51fbcae75789a1778c,True
s07_normal_mean_m160-0414,7299aa1a32b9f0c835d884fd74527555,9dcda4fb67b0f3c212aeffe65aa8567438f7dea904d521d92be7d30fb94c0089,True
s07_normal_mean_m160-0415,0504d532d6b0f39604a9f01b70829272,8fa6f0fe751a6bf1536928e76658d39091c157de3c8c0cf353b514ae5c693585,True
s07_normal_mean_m160-0416,e55596d4a065390eb66c44f5f8a0e8b9,83e15d785d5705cfab16a5d6bdda790c00dd0331087c185aa17edef2a1445f9b,True
s07_normal_mean_m160-0417,f61f174ead645f48639a7e1ce72aa9ec,1803ad439325469efb617dda701e30e7dc2aacc1a5f0fc586602804d0d615740,True
s07_normal_mean_m160-0418,4932aa25a812b23ab627e35ce9fabfc8,409a4492799e54398ccb0cdb5189a25be39c47a7af96535022041f8d21b283a6,True
s07_normal_mean_m160-0419,ca67c35d0a73cac24e118fea85ab500e,a8c38811d63a244097a9c83be5cd88ade835b379c447a4a25c6ba81ea4587ec9,True
s07_normal_mean_m160-0420,865c27331b4a06e64d30076671fcb16c,ffda25539be62ff024812d2f1351bf5a57b64c592547f516ad75dc6cfe77950f,True
s07_normal_mean_m160-0421,ec8bfb5b2ea2be98af54bf40983433e9,9edc4c659cbb77ffcc18dfabe64b35ae2f639e7313223de876d2a150ad4e74b6,True
s07_normal_mean_m160-0422,351c30145668df492e56a204f5413bbb,a04b9df24b2f11c7a6aad941ff82a459516688dfadc0a09357e5891464167962,True
s07_normal_mean_m160-0423,cc877a3f374f959e3aa779ce24e48697,de97f675c6ae3121aa2ef15b8f6e511db2bd881c043b7ac2c5b2f7c2c9a2b778,True
s07_normal_mean_m160-0424,9515c28bad53c229e40600d1b9a96d5a,d9a0b0257b08b177213b8b6a2317a5233bbc43491e8e3409dc27317e7be0f4a1,True
s07_normal_mean_m160-0425,05d6a97f25e239cf5ce7e7e1b781ed16,182b3786a2a54e8fe1a1fb9c6bc24bca3398143c1c14cea8672052b9e1464ede,True
s07_normal_mean_m160-0426,f5f5c898efc2b45c2e59587fd28275dc,8939c7773604d4a6849aaedf8b694890f23a8e7f5e01db05dee91a84edd2f994,True
s07_normal_mean_m160-0427,91eef4742844abc64e9176c277136650,87b8baf2494453b9cc40e799bcaaa1230d29c94a7b9b90b89bd9fe0f2e083a7b,True
s07_normal_mean_m160-0428,c23a9945a7c7c353402ba4328b0efde8,410082d6a8db584a72eb011e6b62d4b4b815b9b4e4b675d68e8f08d316af3008,True
s07_normal_mean_m160-0429,e50566e487ba1c3f1f746961bc466dc5,052e7a025eb30a9d155cf35cb5090b501d19d015261efbd15f38375ab82c529e,True
s07_normal_mean_m160-0430,3b84250c768c5b9bc2eb30a4f326fd9b,3ad2c4c0f1036d3ae7502fcff627540ebd03729263e1827a4b2489470df4c7c1,True
s07_normal_mean_m160-0431,68d3ea2a7c52ad338412e1a485b3668c,2285b608885c7308c8f757ca6dd7a3652c8e6c3a5c387f103a0e30dbf8e186a0,True
s07_normal_mean_m160-0432,a772d3dfaba02a7ca2d9db56adea49c6,92ba8b6944d543c235dea5aa61c899ed6c2a9539cf1ce22239fb9ec3f57765d6,True
s07_normal_mean_m160-0433,6b1450b48419995dd9d0dc0b6bef79e9,8c95866f075673523b4a7b35ed0d5cd9e57c721016c0a0084649879559c7ac4d,True
s07_normal_mean_m160-0434,69ec72d85b7ef629038c68ea9f9a4e11,e6fcadc1e7553b10ea847aa771e6887c37c5ec3b46d97620f0a98718b747f6df,True
s07_normal_mean_m160-0435,f06c2a4c276d8fbb874a8f588f04566a,82037e36fff0b2021619ae324d96c919c86061c550c07359c3c2c6e6e71b7f71,True
s07_normal_mean_m160-0436,e0ca90e5ec43f1cf93ebb2d96eada13e,d957f76eac4d4b94a36206c1ff12f17748899c66611e9b0ab08fd8f4d00279b7,True
s07_normal_mean_m160-0437,38ce29b305b8446aa749ee60875b0ef6,81cab032f63039409cabccd93f1a42aa64d53c460cd9b699d5a8fa4961131da3,True
s07_normal_mean_m160-0438,f75732f62275887b0d7b3eed846b6054,e851e51a00c222e7a056a1cdcfa4fa833b248609495c01c04d91ecee536dad20,True
s07_normal_mean_m160-0439,9e9538bac7b4803da3ca9da0fd83b969,dfc1f359960b549bb2295fcec033ff087ef428135486be4a9267893952c11df8,True
s07_normal_mean_m160-0440,a4373c9be0e95b2f094ccf90e3205e3b,fce1aac77ab34e30722834433990789a0f6039a27085081129a76ef7625ae785,True
s07_normal_mean_m160-0441,32b9b65d54e310cc0e7288a6c762c678,dcc7e3a2df24fee9eb519a80d9feb85d4e2e9d573c40bc9bfb27438cf26ac28c,True
s07_normal_mean_m160-0442,fc1d445378a638007d03ca93a5d12f61,dd8c46587fc3aecd62a0009cd1737ac3a17bfafb8a7dc601950a488949ecc322,True
s07_normal_mean_m160-0443,6aac341f1b6679d85a67f7a01e945fa1,2d1ea8ad5950b8f7d239969e413680d877fc4679c3c9a58b44a244ed2d084e01,True
s07_normal_mean_m160-0444,1f3a0b493c668aa8c680f2c3c424ae61,d515c473c7c8db35be3aea7292c91a3ac93801d0ca4eddb898634a6db76aae53,True
s07_normal_mean_m160-0445,07ff45473b62eb565769e03e98c18aef,e037d1ea798308e0727db94b97bfcae6d750fe4f5f177f4b3aad508ab0838a1c,True
s07_normal_mean_m160-0446,797f3137231507fa549e079fe7bd2c65,9a81ab13ae03049228e7a268908c705a23c159fc4f249f8f47d3d764db374de2,True
s07_normal_mean_m160-0447,9665846637c9b7d33e6cc469afdccf66,c42e518d106de39fbd8e19f476496e108782c7e7b6e18574b35eef5d76207684,True
s07_normal_mean_m160-0448,95bd7573356e9d266e00e7046f3d8bb0,c05ddced2da120b50d76c03ff47d179fc2fdc6974e4390290ae653ab8895ed2e,True
s07_normal_mean_m160-0449,747b7dce886660bfb939fa30a41aac00,5c1c5fcbc247871f22ac358c3ed82493ad8b42e31924146670b5cae4f6c1384e,True
s07_normal_mean_m160-0450,b37a1b4014803c4905de6557aca6c4d3,828a0f6dd61431e92ba3e6f82a79068acceb1526f6dc062a33dbed6b9468343f,True
s07_normal_mean_m160-0451,95dbe58bcc1d16063d1818442bb63fa4,954f97cc49f0578d5cebf3b1df851896e35ffbe7714f4edf23d29805578832fd,True
s07_normal_mean_m160-0452,3fe9c901fd40f9c65354aa7502f88b29,9c7fb425328465fc3f4591eb03c75624f6bf3a6397c01974e0855c4d3c798bc5,True
s07_normal_mean_m160-0453,5c90c31bc035add3a67065b74222490a,cb83ff0ea780491dd7590ddde68ad2a4e76a5948f4a3ed80adbe61c2a132d05f,True
s07_normal_mean_m160-0454,7fab91e2ff4cf149b052b1aec8016f38,57d7bd1a2b4d87ca398c3cf46fccd3ab5bdb7e6bac7113464971e4cb30ce773f,True
s07_normal_mean_m160-0455,f2aef63e63189576b91161544f5831c3,e7ee70ad34cf948eca462afae2c0fcc41957399f1b5d9257dbe913cc4050175a,True
s07_normal_mean_m160-0456,cba0198470ad198ee23807016d9641ea,e1176be1fbc2392e59e68d4e890e41cc036b8c065c62c54e0ac06ac6fb928dfe,True
s07_normal_mean_m160-0457,eca733b3d4fff67b5cbf9ac3138a8b72,c6905f3203e390f3506c2cc6958f5d659046bdd2856cbe21b180ca2a08b0172c,True
s07_normal_mean_m160-0458,fe87fbe261b23fa06df8f5386902bcc9,d9accc5257b324f92a2258f7c9701b2a2ac27be77467d280166486d9a7ec0677,True
s07_normal_mean_m160-0459,bc31a1b82feb8b0058ca772f1edbd24f,70b5a8f1482e4d19086f250e552c32d9eea1e10d44f25bc974fbfc4e355d7158,True
s07_normal_mean_m160-0460,8491c5005e3a2f889180300e7dee5d9d,3ce442e6078d39cf3e7c1194c2af5602d9a673db41c222857a7578bddb752a67,True
s07_normal_mean_m160-0461,2b770e87fa9b194f36b287339ad97a63,da73903ca26a8405f246449f2acc3cc0b780ea4af4f8e1ce02833f77f048498b,True
s07_normal_mean_m160-0462,144e2d2cf13beb22dc58133a3524d9c3,dd5132704a368d791823317dc83a38f84b0ede597885a336fe347d7737e257b8,True
s07_normal_mean_m160-0463,7e8cde86b9c6044c2ccdf5e659846586,c7522e060e18ea8e2948257bc9ba7506081e8b0259321f9fe38f94466f70e321,True
s07_normal_mean_m160-0464,76e3c3112868b67ba5fee5fdf8aced06,026fa7388b6b921fbbdd71755a026e1cc83bffa31652d2c06c2ae1cab05bf669,True
s07_normal_mean_m160-0465,41654a17f40e97e15b5c7297b5450ea1,3595af096b3b49a06734df33380be606d50d0d6bc1897d4782caba1dc7f9a098,True
s07_normal_mean_m160-0466,21deadd2a23003f1f5b93522e7dc185a,d5756a602df2f9b1ba996d850a52a5c17611805baf8675e851ca1a99478591f0,True
s07_normal_mean_m160-0467,bca556d2246597a925132532d0f3fa98,ae642a3d2a1cb660e8c3e22450ff273717977940b5dcc5ebed1d62cab28cf5ff,True
s07_normal_mean_m160-0468,f248779caa13f851705efdfab2722719,9e283c6e519770a7aea666dfa3788a6842f367f65ef36aae252f28869c165dbc,True
s07_normal_mean_m160-0469,b89af743d6b30e18a3b085f12a824a04,539c9500d3f7b4e15e4bcd259319f4a39550efeccb9e64b63e76e40068a1607d,True
s07_normal_mean_m160-0470,1599aa9674f0e45f7926e2e4992988af,a0f5b56480cb4c037b733a25804ac46e5ad6cc46be57d122ea5a4b3f3b50d4cc,True
s07_normal_mean_m160-0471,ded13e21675c05e71b1ca119ec3112c6,6db0d4ff1d9729cf9cc93ff47d1438b62497964205a0b2c277765b1e31d41e0a,True
s07_normal_mean_m160-0472,b7c4c550942c0dcffbd8d6172db8b860,f03cc937a8a076fe4313bc5b037b37e6f98b205d64ea79eab63d22ee46d118c9,True
s07_normal_mean_m160-0473,9c280b2a431a812e3cd4e53b914b3758,a86c2fdf31797cb01f496a7f74487ae5a62c56812712ed1149e8aef880282eaf,True
s07_normal_mean_m160-0474,e1e5d83186ec81f435fa70ff1951238c,d2cc59712e41d6fb349c06bfc7f393f81d381a0aed32fe1e49c57232238be88f,True
s07_normal_mean_m160-0475,4e9ef5f35c7e535e0d003699e9cc2fcc,d4d066b8dd4270d9e92ea6092134594d68a4836ae4cfe950300bf28dc886eceb,True
s07_normal_mean_m160-0476,6ba13e5b134c476dc5190749612825ab,53ed2f8eb2cc75955f063706ff45d07e836470e3aca500a59910e058d428a924,True
s07_normal_mean_m160-0477,3e067aa287d357ebc95c18a671e7e64b,4a30a90e2239296ff62ec1e23d8c6ca91c2b35776c98bc6ae4e14af36f99f2c5,True
s07_normal_mean_m160-0478,d10a7e0b9f49991476dbf229f4f1b3a1,4cd722a7a14512a52a5f0378a0a4e3dc21eb6cb577961b052dbe9c5958c5138e,True
s07_normal_mean_m160-0479,beef0456528bad0996c6882f71e9ff86,d0f0e8792533037ff62052023916f1f456998d6dd1d0d605bbf68aa585da1470,True
s07_normal_mean_m160-0480,a782f0737ea406b6dbae7ad16e98cebb,0f5570d4df5678d6eef0db18f6ba08d63d2410fc184232eb7a622188e3514351,True
s07_normal_mean_m160-0481,6f3763dab49b4c67b6db35b39a0fa047,bdd460e0c9fcbcf0e9c849048dbf87b4af97b16d2cbe1373e6527021551fed4e,True
s07_normal_mean_m160-0482,e86054fe74a4f28af5528633110c69bb,49d0a629d89a4aeaf6c964bc5b729d76801e0007606ef7aae8116a0a634e4c16,True
s07_normal_mean_m160-0483,5395f78b184c7c3a09d956ddb25452ba,7bf0037e3275c66ef5ff27a8162e6f2b3096eed4a14cbfd20db6d56f4d5970d9,True
s07_normal_mean_m160-0484,8785d6a6d669ba2cecba98a85ad38a35,6e5333f2c5dc272f87db1160f5048864eed5c798852f6f9a8e4a7a9e6b365775,True
s07_normal_mean_m160-0485,3f9ced3e46d472753a8fae013eae1633,a3db7ab35881cb82b3d54656a8ca789d607eccc069d9833cbbbca4af2cd0389d,True
s07_normal_mean_m160-0486,9c0d9d5fb0e0ed9a7b3c7ab786e53eda,a1956d0ab8d002c7b69c07d5610c7d62c76c445f246ba6ac0419e36811591e6c,True
s07_normal_mean_m160-0487,20723b4686923951d9205661ecc4f476,9c3c96d90c87a1c76a55a135ac96b37b35a2e3237e0a29a96ab8339a58ff55a5,True
s07_normal_mean_m160-0488,dc34e2a7efb95dcd0760bf7ffdd64731,d3972fba9fb5927e7c33c63922c79c3fac8828fb0c64bd613bae7b48da7a6f16,True
s07_normal_mean_m160-0489,28d5fce568ac90afa35cc6d0bbb80a1f,7776f767f2b22ed6f653f31c321e448a37a9c31445f0381fc59232a4aacd8f8f,True
s07_normal_mean_m160-0490,e7fd2dc6748a8d557e6270e1c9062e83,81ab411a378c0b9998ece8b92f4f1ae5778e914f0865db68fdd8a940f877389c,True
s07_normal_mean_m160-0491,1734e7bbb14d524abfdb7822ffffdbf9,1ce89974b3225b9ed530ac05012d30e44f6e1a60bb8f59443d9d0299ed5771d1,True
s07_normal_mean_m160-0492,9902414214459dd8266050a1d22ce1c2,d62c066e8dc793ca49720c15cf45fa9d19bfc1ae2b3fa5d08d78f8dfb426230d,True
s07_normal_mean_m160-0493,e643bd2bfb8f3dde140da31b133e6767,40219f88be7bfbae284c3c2d38b304794e70a737c7ba072bb01d581b8b1b114b,True
s07_normal_mean_m160-0494,f1609586a9987ad1bcebd74fbb8f5854,243eee92b752abf38e8b3939078138acc5a1aab6c5321f19fc863bf95e5e836d,True
s07_normal_mean_m160-0495,1eb41ed24fa6dcb971415eeea8cfe0e6,22f16cb6d1666fa9e364546ff06abe7c3c1aeaeea2086e95b7657d7b3fa7639a,True
s07_normal_mean_m160-0496,56d67674fd1c540847ac3019bdd13e24,f63e90772db67f0d5dbb0e9231c026592390b62e0eb2d7d0422671ce1e5aa840,True
s07_normal_mean_m160-0497,3c6f8a0809efadd5fbef535f649e9a25,f91206534ce8682a0b72536abd54f12bc37c4beaf1098521a44b5c3427e2ebe1,True
s07_normal_mean_m160-0498,67a045f5cd4a978ba0a723bfd984a07d,749118deb1e34aa7344f151d11ddb632234957ffbdd4f1ef486bf3c7ea5ea42b,True
s07_normal_mean_m160-0499,fab2e753295bd5fa457460b40299976b,7b01f0816096a317d60282ac731e340f24d5de406fc2dedb9cc90449f0b3ea38,True
s07_normal_mean_m160-0500,c08efd1f9707c35cbd0c3a266de009d6,e0bb49185bc700eb3304db7ba2405aa09485c74ceae88a9f444dac2066eaddd8,True
s07_normal_mean_m160-0501,2728d3524eaa8c894866bf513fc67d29,5ac7ee6b5df79fa16290be53c288aaafe5615236da735de37a8bb6750723f74f,True
s07_normal_mean_m160-0502,a7a7d09aa98d03000b26270fb823ce90,bdaf70e794a3fde918a88ba7eca1a26f2bfc666b4e7d3d7942a6dd8cb22d08dd,True
s07_normal_mean_m160-0503,7e52296cb45713babbfa939eba2374c6,565179f25034b0c046742615e64221e7941ad09d080312c438d80bdb052e849f,True
s07_normal_mean_m160-0504,f963f818983bee087dd12f75d9a97df4,07217c4d6de7eb0183104599cce96f67068174e64faa41cb77d388cde3007433,True
s07_normal_mean_m160-0505,b799ec6bf74ab232bf22c30e27f0d4fb,341694c500b6dc0e0f8de60e402f6a80262a0aaf7c463e6aaa7ce8824103fffa,True
s07_normal_mean_m160-0506,014282f0ae015951cb5f8fb8d2012a77,e3fdada3c5b19772d8afb1395291e23952cbbc5aa830e7882b1f3ebe65dd422d,True
s07_normal_mean_m160-0507,8261c2a8697a4680a9bbe3a5201dc14e,28c4c97eeebf864495b04684d250c11ab00f2f26bc2875fd7ff9cb69786f81c6,True
s07_normal_mean_m160-0508,32db72fb2a45f504847784e0c824acf0,10ad60179a3fbb7973a1b173e6b38aba662db85bbea7e930f840bd2d014b7b88,True
s07_normal_mean_m160-0509,6e60630f0d6409fcc9b2c586a03f4a09,243f0852bb8c408f798c09826db020285157830ba62b2ae8c5b953981b038dba,True
s07_normal_mean_m160-0510,91de9e09f8e8c7b79bfb9d245ea5a646,587dbe733363e50bb66cdf772029ef729514f0112e96be84276321a427d4a277,True
s07_normal_mean_m160-0511,2ee44cde96574756adf3a84bc62ed909,519c5e1a9c60277adbfc01a3e2d37185dbd782cfe0bd5190c6e33c14529f77ca,True
s07_normal_mean_m160-0512,328698729c8b1644cdeb81a2639ac462,a206080e328f5fb128a91bfeadd7708a2cfd5fd3c2ca191c21d8f054d5085644,True
s07_normal_mean_m160-0513,b3efccade1c2ef6b998eb457609bb834,764bc8c30a527b5667c14b90d4705b0a3aa022cdf8c2132371bc6fd5bf32985f,True
s07_normal_mean_m160-0514,9459ad0703e941540e0ea5edc522e593,ba5217d94d2bed93e08d93226a45df7e30f4d3049a5fedfdff511e8f2e52af85,True
s07_normal_mean_m160-0515,5820b23e0bac3ee63cf4d263754866a2,694fc4f77837dfdf0b8aec4bd069dff1549bcbb0d330897b5ad9d0c0772d89a2,True
s07_normal_mean_m160-0516,c4140580348f3385dbe2e15acb98cd42,4a269aa8e9dced9a6736d645451ef4a18034345d89d6af8c33eaab9ff011e6e0,True
s07_normal_mean_m160-0517,7b8417e5115196c695d0e4206ec410ea,711709795ec0c7106a3c06fcb41607d7202fb4cce2d79654e7fd38f7d352175e,True
s07_normal_mean_m160-0518,713430e56124b73e5110257a83a25b8c,24db4a883aeb0c2e83bbc8351b998abc0a591bff1bd97afc1202f0b837825266,True
s07_normal_mean_m160-0519,ab8f009f0fac657ebdc7383f617adcc1,d2801b8f66ad55c2c65b3085a134783ac2d4435e3126dc0250e5cfee535fd96f,True
s07_normal_mean_m160-0520,54eac92673bbf25b9e25cd61adc63ae0,e83640e9db534228229f7c4ae1dc78de1f5ff20fb43ce7db5e9fc217ca16937d,True
s07_normal_mean_m160-0521,1f9d6d13fae693bc1a685b03e164cb60,26e91409f5d0fa47175d6c8b200f1a560f3e631c356dfbfd3598173d2f457c78,True
s07_normal_mean_m160-0522,559f6e08a0867c79da564b71c96da5fe,599af8ec1eb9c7db0fcf7ac0be408463dc0f3977e6022478d05dc077e2dfd232,True
s07_normal_mean_m160-0523,1ce02916e45e07aa92e7022b5a09b630,f9dcb6efbbe9a6fbb1f338d896d5ed9a3da52251682505f8c115e34773f101fa,True
s07_normal_mean_m160-0524,26c151d2f5fdb5823abe6b531b98d4d0,e74f8521e6088f0b88017f935940a5a0ba52a0f98013edb4d332aa844146a5b1,True
s07_normal_mean_m160-0525,44cfb09a51e7c569342720dc3548d2d4,566301ee0d6235590a287a21494164e1fd5b36b1087a1e97cec4241a2ae85726,True
s07_normal_mean_m160-0526,dadbc310b07fa654fe991e9999f81bf4,bea6a633ae03563a16fbfa8e41331c4a1110833b5e1300ec8e0f478cca8be9eb,True
s07_normal_mean_m160-0527,8a939de124caf9784cc7e8a580991ba0,f04fae9e40b9f955b67b787ab2d12b5d94347f0b58b83f3e96561a41e71f8044,True
s07_normal_mean_m160-0528,728ac65320ceb905cc8725ab80da22ed,de2b40cd32cdd3e046c7fbefad9dc6840ab0d36e95867492b0812c2c3d4c1acb,True
s07_normal_mean_m160-0529,dd350e2f5de40452b932184acc9797a3,f19ed1e2a2c08c0d569da85ea772a5cc00004faa96543f1ee0639d76fa8eccbf,True
s07_normal_mean_m160-0530,13312052dcb733f92d1d46d17e5100d7,7e78eb6dd561149303ddf66af39b5bcfa59e8bc84966670bb25d125699dd1102,True
s07_normal_mean_m160-0531,d60010d5e42d365b124e3ca279e43713,1eb119b4057aa57707733ce5d61599afb28c9060f1c89b660283867950f50f1e,True
s07_normal_mean_m160-0532,f127136c0c20601278489dd0d72cc1a5,04976b34397f2240dbffdd4e919997f43af5fa9c94b182a27147bff7c4f20843,True
s07_normal_mean_m160-0533,5ba987ef50de1c63234287a8fb3ce14e,27af0a87ac3a588a1700b4e6495b50cacabdd312c2d0f641e38e2c52ade6384a,True
s07_normal_mean_m160-0534,b3f228802d18d86f86e7b998ac407aff,d1626d9d391edc07362e935cc0a5926426a3aa3b97913465f8bcd7fbe7d31e5e,True
s07_normal_mean_m160-0535,63ced868855f996096dae2424f8b1e51,086b93e6f8e454c60e8dafe068cbd7de5a4c6ff97403c0e38df929a1de24d972,True
s07_normal_mean_m160-0536,3427292ce57484379b7b35a62ea24e17,8f9fc74d3143e0b0436930d8e12208db448ba34517e1d99f00b938e5bca63e46,True
s07_normal_mean_m160-0537,21a75331ab9cc520c32998274f1e01f9,8e8fe38456a3a621c5330a4121c990bfe0d70a91e125121a93a6d9c4c11a809e,True
s07_normal_mean_m160-0538,d0bebf1b52ac3f607f49b5e7e4bf62bd,31b1746f218b72ad67a5c48d4e6832eddac329e3abc196fc250edba111c4124c,True
s07_normal_mean_m160-0539,ba0502ebe5f43a3f40df46e9a04196e8,dfc3cd02c36c5a3a61dc9e9b46709b696a1ca02e7ced181bb1a131ec9881cce0,True
s07_normal_mean_m160-0540,ab329f303d987dcea4c762e296ae9cc9,44b7ba191ac28b83a0248d2d9a1179a38cedb2a6a6339bf20cc70537f9d20897,True
s07_normal_mean_m160-0541,f60b732c13033b2d50c4af2ba0cc31cf,135ca8c3b7f1ab2ae4e2797be13e251833ab9e284ccef87e3d47750d6e81ea0a,True
s07_normal_mean_m160-0542,5dfee223297064d84d1abcb800af7cd3,b65cc8e2efbf7a74aeca9965e55b41551365ab9a0f077aea870f22b2330fa1f5,True
s07_normal_mean_m160-0543,92e4a8acbad0fbbb3e777863d5d5b891,20a306118cc1b8fd2da5501894d3f9dbe07b9daed1adeb5fd60bf2fecdf605f4,True
s07_normal_mean_m160-0544,470892b78f0b8595639481a9c97e270c,686e7cb6d4cb0c5cb4a9fe440e7198b4312c8604718a09c237db694eedb6f0bb,True
s07_normal_mean_m160-0545,7da705a2dc1c70c27040df1ae89a905d,1ed3983f744120024aaf9650247fd882e137dd39a0d74f4eb30b2134c11f12b2,True
s07_normal_mean_m160-0546,47dd903d8430cacf2623203b796552d9,1a86ecf70c61e1560e60ac6293b8ec42fc530dbe0bcc3428a54de84f838d917d,True
s07_normal_mean_m160-0547,1aff369355a4263374124dfb7146369e,416be5d99bfb35110c18ae80649abef3e844458dd20c87d553e35c7959cd3934,True
s07_normal_mean_m160-0548,5d5584856778b274247512e4a70474e7,cb7e06fad5462180a66fcad51ce2918483ab353804ee599e8646eccd71b7a916,True
s07_normal_mean_m160-0549,0241190d434a1d9b9f1b7faee7252180,f3bfd353e4417fd612b0f09cb0da23f6eb652318b9980d4045343330499521c8,True
s07_normal_mean_m160-0550,a0ee3ffa38066a39ae93312f9feb456c,27409ca42c8898cbfdf64502002dac8ba8a5ad93e34a539f460a0541500a8780,True
s07_normal_mean_m160-0551,f9d7a3b1e07afed32b4e82f4e909fb97,906093af650288086f6dc180d56b35f54df99a00bc453dd5909c5a1b9d4e4f96,True
s07_normal_mean_m160-0552,bd47a1750ecf2dee7b1c92c984333327,0b4a00b6472264bdd806dc30377c8b12445266db148a9315d828726731de9215,True
s07_normal_mean_m160-0553,457859e263207a53c3c6a48055d22809,a47d0140d11eae8b7922dd35f3d8a4d07d7266b76cff49eb22f52dcfe10c2d34,True
s07_normal_mean_m160-0554,b074f56e8c2c881752c7e59dbde3e694,9a736113d899e7ba30cb10fb43e31b9b0eada90a3e4fed60a86ec12626a259e8,True
s07_normal_mean_m160-0555,c47fef5343db22aa62969a87b1fdc907,314487faf7d798694794ca648d880c6638c8d75bd0cd624658ac6c335fcbe17c,True
s07_normal_mean_m160-0556,b5cc89acbbb36d1fffa56ff4cd035d06,5f63d2c185a6f7453c2976d291baba3296de992d55f2754adfd534297d7141a8,True
s07_normal_mean_m160-0557,086fcbd6e8945de97aa192bc1e6691bf,56ff488fb0f89c8c6fa87e824c713e9c8ffc676ec2665f9d7914723dabe1d48d,True
s07_normal_mean_m160-0558,b769d30ede72cf50e71f91e4ce3137fa,4cd39bb456b45231132a1d6c76aa563e396786c39bf9e4795131e6d7e8e34de5,True
s07_normal_mean_m160-0559,a089fa2c177e57db1cf7d934fad7fcc5,396801c39b960c123010b9e6e0a9ddf72939a7ee693770546831b3702312169a,True
s07_normal_mean_m160-0560,21cd00fe3b4f601ea665bcf2242f5a70,1091fc08ae901ecf01645625d1787cf030906669780b71e795b54cf741649ab7,True
s07_normal_mean_m160-0561,10a53ca226f065659553020d0144e59a,5e3ba001a364eeb34706704e1783fa88054d9995f65febd2dfceb205a93a46a7,True
s07_normal_mean_m160-0562,8e63ba90553c745d9be3257e0256b17f,26d166c9db073216c5c9be282fe14e4c93116ad2b782ec7f58378069b28c76e5,True
s07_normal_mean_m160-0563,26adb26d1918264c380c9988959b86ab,6c4c5275c9f41b20ca35009f3839521c986dff1de4ba4574d9faf5429f395875,True
s07_normal_mean_m160-0564,99b1503a47cd5e565edee2f3238aad74,c3f281521ece2bee3c3e8a5fe8e9a88f1ab38df0f2c472f745840309b37c168a,True
s07_normal_mean_m160-0565,f144acadca7e56e1f1be26b46c751803,127814535ebf31621586b7339baa9279ef0fb7926e7d2b5236d8ee4cf5abdf0a,True
s07_normal_mean_m160-0566,363341158826949d950d45d876ce32f1,b08dc59f4f44f2cd6036de1f406cf6f0b1806dad8bc9dca91c4dbb91994caedd,True
s07_normal_mean_m160-0567,fbfabb6953ccb61f66c0b54ad01c5f77,787c0173cb7cd5e192f9cb2591bc89c481113f3c7166ba0ca3a31f04feda82bf,True
s07_normal_mean_m160-0568,fafdfd77a39d067f487384d4489f48b8,0e6fb821187bb672c637340701aabbdd98ba580aaf1cf3aca1c9996590073603,True
s07_normal_mean_m160-0569,845ffa57cdc258f5ba79a302eca79015,9ea7e7e1774683176ce436819d8fea0f7336ab6e5790163d0f6bd3c54699bf85,True
s07_normal_mean_m160-0570,310a06e0e8c040aab16888a2e801f844,a9d75536f5e1f5c3f70a0eb4c500a740f3193c35b5290e5a863541f6390dbd07,True
s07_normal_mean_m160-0571,723a0a8c025c8958b835df280ecec85a,b186b5a4a03a67ef3687b913c27112ee864d3d4d7e660666e1b55aa3a5d81a2e,True
s07_normal_mean_m160-0572,dc80d54abfc2982470f104710ebb627c,05a603a45d3c1b496849e086cd49305a8fbf21f719c0bdf06afae865b256169b,True
s07_normal_mean_m160-0573,a951ec2eab50e188d46e3c835d166186,34a74f3bc2c16c08b33e4be5b897b53c68c573fdd76c929842fc89973ddcb587,True
s07_normal_mean_m160-0574,0430a617fc38d3621a59b2761cc748a6,4b1e8b3b08ee2064e3cdcdda429486ef9fbeef9645187d91e365acda646f2814,True
s07_normal_mean_m160-0575,72d9f997f5be834c9d83f3ed69d931ea,d02649c7f067dae3be6037b07ba549c3c9c4bbc86b7bcd98fc18cf39cc1be23f,True
s07_normal_mean_m160-0576,96d0469a7562cdd1d4748f3b6b1e4009,b3cf7c5103b4812e2883fdda14f91fbbdc18951908852d79f6cd26217c6e9a2c,True
s07_normal_mean_m160-0577,51b4587df2f1c90546d47b9c9410374f,28be3e746ce95f7bf5e0102398cf42951b28ef9fa7fe49b23072fd7b71421230,True
s07_normal_mean_m160-0578,9a58ade55e59d9a91995659f692afada,b13b0cf044fd92bd22300bd96cef37f27d40468abfc8f59d5dd8eba01458055a,True
s07_normal_mean_m160-0579,2cdd44c2e482fe383a42a7a77210e7c4,338a337b84f34ae076d7ede6cfd7013b7f8e4d3d8ab342f53f177795e7827535,True
s07_normal_mean_m160-0580,2f91e162783672d7f4d87d8fe6456e64,53a205335d5e91848acb39410230fabe7f1b16fc92f1abf7a38f0effff6b4581,True
s07_normal_mean_m160-0581,12159a5abed255b63a1acfe5b2ceae1d,0e207ca07253870503fb8eeb104a34c3e3266b7523292c7f34ac582bad2c8c33,True
s07_normal_mean_m160-0582,81fc50b3cf741defcfa8fb01e8a21d19,f59cce13d287c2e010803ef62d6a9cb289eea47945964a3d921950eabfbc382a,True
s07_normal_mean_m160-0583,55bcc0470c6ff68df71d5e6588a519c9,3078915070444f94aeef195e0810b0a0a2ef7a4fbe3c7667ee16133fab1cdde8,True
s07_normal_mean_m160-0584,db80a06fd9ab33f83c32d1127d66bd83,1dcbdc73fb2a190ed61e5f39e319cea882315e6d343dbd025ec2a0e0a50cb960,True
s07_normal_mean_m160-0585,21d15edb75757fb7c984f0992da47ae9,5f847c3849c3d9fa4724e827ba95827ea12bce226601b1f8fb8071a3cc5a344a,True
s07_normal_mean_m160-0586,0e329f9439c048896f3b7afcf8cb113a,44d09366da2d0820bb24cb391915c1c40df53d2160e750ffb283eba6cfd9e902,True
s07_normal_mean_m160-0587,3f5b2a5304be3ff4965142ee9493a455,916ad2fd268ec47eb7660a351809640063169b0b0ad3e0b2d20dc1ff0da29136,True
s07_normal_mean_m160-0588,98e6912b9b2d0589cdccd75c4973753c,a5156a9f5b5912fe50c73a3a3eabde3c8c107b8808964047aa85e7b7173c0ff2,True
s07_normal_mean_m160-0589,19ec0b6d4bfad9dddfbb7a1ab8391f42,d56f9ca025ee16f7b61adfa2b901f9664ba8fb2724a36282334f7504d0d630cb,True
s07_normal_mean_m160-0590,acc25a87c6da9212e541fbda60925b92,3887dd3bb0c374bea7a581033dbeb1b1d45885503670d675d7a38a7bc7a22b15,True
s07_normal_mean_m160-0591,d710fbe0753c498f725b6199c73bc82b,a2502ee3855073b42ebca6424f41b7e074e2568d3db571fcd747c3a91c19bc15,True
s07_normal_mean_m160-0592,4a8472353ee3659fcb915b80667b0a56,7b9ef19cd29d54242a77704dad0877d2b4bad20ad888e0efd8131781166ab224,True
s07_normal_mean_m160-0593,edf8496bedd1b16ba15e20052f260e22,0199164fe96c843dfe506d5fbe3a4e2088f5024fea7165ad6b60eee44c87ff4c,True
s07_normal_mean_m160-0594,1b9500d341db456e47a4c2eb0e6c98ad,542ff9bee14a9e36939bed2ad243e56b730a44105584fa2debbafa33ea4371a8,True
s07_normal_mean_m160-0595,158a03ce7c69e7ee2c02e758e5210c68,bc22bb1a72c17d1040baf15e62702dabab4c81bf1c3d5d888d4c65834db83a35,True
s07_normal_mean_m160-0596,5d485f1b80081aa48104954a67ea7311,65f4b6cfc874d4af22604e191e07b4948396c748ba7f0e3fe62ac58c3318a0cd,True
s07_normal_mean_m160-0597,729770bf453ead0956a8d0a92a00476e,a5e018f9e09bb72bb3f6d382555c0ffbbf74f8726fc4fa9b5e012dabff1c2659,True
s07_normal_mean_m160-0598,8e7b96b42837e023ef820a33e016bbfd,a5734d6e8b85ddc1f0c341e07ffe803a70eadc7deb3fb581f5293a129877a8c6,True
s07_normal_mean_m160-0599,9681d80a4fa7c2181a15e4c2a3777d4b,1c2a5e89ff6ece74baa0c24e4eadc008bb1e36cfeeb67034c2b0a9e1dacef475,True
s07_normal_mean_m160-0600,1032a610e5309a6d93f3d6892d1ca4d3,666087ef30071c68037bd371a747466b434f7de4e793c7b042ed246b3a76a530,True
s07_normal_mean_m160-0601,13beba60ef3e3d0d05f7a50ae37524ef,d76906016378efa0760f27d3bbcaf1098780762ef3990c98f5a7dbce6cf80e5a,True
s07_normal_mean_m160-0602,507ce1f46d15399e9136b831679631fa,7a2f2c166ee2f4b9d56d92fd55ff0970c11dc2256ff052f924ba9f73347e9a83,True
s07_normal_mean_m160-0603,8d287f9b93a2569d40cc3c6348033ac1,e285c8f76197d31279b3c6d337be2885daebe814b613138462dccfb566ec81ae,True
s07_normal_mean_m160-0604,465d72c0ab8979f726a6aa7db287007e,12f525b98b435a96001f8588eddb8d36ee33839396c8ce41d1439c2124d8ab4d,True
s07_normal_mean_m160-0605,c031e2694391904c064bc055fada1d6a,3ba76a5a4f8151103573bb8e4b7f32bf334fcc5c2ac317c796f1f4e815f208e4,True
s07_normal_mean_m160-0606,bfda361912189ffc034b64f2cf702235,bcd2775e43e40a8495eed3c099a78fff42d5f35d691569bcd0cc5a540e85d227,True
s07_normal_mean_m160-0607,77924c1d4e7a90db2337c76471d8886a,2500ffbd5e7ad736331b9bc14e13ffab089471b4bef0c07af7a8fed67f9b6b1e,True
s07_normal_mean_m160-0608,a5854901262fabb9f6ed599aef08963a,abf06e2749842022f269d423220b2246c2e2e009035616e0168d85809fc1a9e0,True
s07_normal_mean_m160-0609,6d72fde2d7b7b37d52b762776c574990,8ee5bf0d4080f281f62ed988fd3ffde16933889e01e4bb9c0fb9ad84a75c80f7,True
s07_normal_mean_m160-0610,6422925f5a471376544de572a2595d20,3c447d2ed2f5ce794039be6931dfa1287a36b47b06480c23b229efcf789b08f3,True
s07_normal_mean_m160-0611,6f2150da368fbd00856ab97a9e2bf5f5,7737fff58488433e94ff6b79d16f779a64e65fbd95d4ff9531e711e0c87d3693,True
s07_normal_mean_m160-0612,63cfd0fa2077377a08a3cdf23f622dc0,12724c8bcf577af472d1a097427ede2f55d739f1affb72620b118c1e5787c555,True
s07_normal_mean_m160-0613,93ae8e6bb183d11ef0635348577e2285,8e5ebad1f03642f3e90888a0ddf0f78f79bed861842f4a9b796c6fcc09003639,True
s07_normal_mean_m160-0614,b4bb6d3d1d9f6550c471dd035cd3bdab,b99324a9f96637b826ccb0cd6bd696bc221404c28be8fb77eafe4626f328f0a2,True
s07_normal_mean_m160-0615,de1c9df9d4922cd71305ba188b3081bb,9959586062457c557558e67df0a0e872c32d02beb15c3406124d095776c28cbd,True
s07_normal_mean_m160-0616,c03d18a3f7b31f54485f891cceaf2f5e,af00461bd5100bc959526ec0d5c7857d590690b94b8f919fbe7187b31fd1b493,True
s07_normal_mean_m160-0617,1ebd68f1606c760dce86c1b47f761d70,6900a77a2b35675d42d7c8a558327f05dacbed3706eec37a0b87a24eb1b4dc40,True
s07_normal_mean_m160-0618,b3bee21b9be578f1ed1ee09f70bfb2b9,c011284971a73f1c87896b78a014e28b1bbc3caf71fa3dd6d51856c5521756eb,True
s07_normal_mean_m160-0619,3163d5775c88ca1c366fc0e0efe708f2,fef130a935106ad442cfc577b36683131d870152f498bf671b955682c91f287c,True
s07_normal_mean_m160-0620,a65b9370829debb74ff98657c7610b24,53e993a6a51c321ba88e799c88dde9db7d31724fdec976757837a215b438e0b7,True
s07_normal_mean_m160-0621,b3da1b65a38e33b718428a08d5dcc0f5,0573cd1aec1deea302a4615bcfd9ac6655a4117327c5a8146562ca05512e0774,True
s07_normal_mean_m160-0622,2b8c0ecbd9ffcab5040e0c817c5bd64c,9e86bc456a25f3ac37e9b720b37ef5d0afc8718e473a058964a2606630fe664c,True
s07_normal_mean_m160-0623,29e98eff79319930c740d6c271475e84,2e82497e4d46ee6905ddcd0c91d420a6c0efb1aa0a10878f765b0d52d4d97202,True
s07_normal_mean_m160-0624,635329bd74bee848444b2d6e9fa1ef39,b7f37e16a1f37956a1a43aedf280397ffe9c78fa5bfa63a203d516f9c43b97e4,True
s07_normal_mean_m160-0625,546091fbbdfc4085fcec498d98910a55,a471a74764f4ca92d80f7c02ec19837bdb959f35afc3f9df992a497d42a4b110,True
s07_normal_mean_m160-0626,0b2bf754f6f68538cb1728cd87808620,19356434e20bac3253644dc17f918263a763a39b6f8e559f39130e5f7eb0558e,True
s07_normal_mean_m160-0627,9a402c7f21c015397d1d590403106ed5,921cc3037be92791bfcc63af7d5535da18480d59cc20d0652a7cde3b4fb7afe7,True
s07_normal_mean_m160-0628,29cdbdaf3f736db9c464d4f1ac5ee48f,9d505cb2f1e82f3dd1bbcda16192c9761bb63c0e47432b2b516431206eeb678f,True
s07_normal_mean_m160-0629,2f46a5b5b024c8508fb1ebb27a012619,f8a26b0a45ef4170f60b070a744a63c245f5d47683aa007f701438bacc6e2fc2,True
s07_normal_mean_m160-0630,b4eab6c97da6c85c5c95dadcb5a916a5,e1be80e6f948179b6f43d27d7822d1354c633c648c8f4448d65cefa3ad064064,True
s07_normal_mean_m160-0631,47ec906e73e6de8ed2e75acc0dbafeb5,a81c3a636c1e6360a275153700fdbac18abb06c2a8772a95e4aea34be02aa567,True
s07_normal_mean_m160-0632,0b36bd41e3cf79e8e72c333313dfc974,3d6a3f3544bf532d0f1170c3fba10d0a24c73db3c84f8309969586e03edec983,True
s07_normal_mean_m160-0633,f002cd2cff6b52f9accd54c2addc8785,94816a48c048529d6baa9d49be3acdfdb1a582306d38fbf0bb83cde7c39f49a1,True
s07_normal_mean_m160-0634,b4b763ac2940473c823573cdbe5686e6,f34b0b9ee19c495556c2fecad5b4bf42f25ddabdbb53695006b460cb42b450e3,True
s07_normal_mean_m160-0635,844f1f921f8d9e281439baf3133c8225,5785449d5955380aae8434f35f02f736faa77658a1b983a9731f53a3a7e026d5,True
s07_normal_mean_m160-0636,3a9164c2daec91110618d70ce0294ceb,68fb1ee4f29ff513d45b3c7da18ac2cf90e3f66991a7b738a5d35b5a87aaba45,True
s07_normal_mean_m160-0637,98030e80cd4538e5a6d66d6ef4a40d64,4c6f148f8a3e7262fa89f3080c42842629bd923c0c18aa890eb7590aee7cdccb,True
s07_normal_mean_m160-0638,941f1b6ebcbc2d5396febcbe0061df5f,676316b74414ad7b6094e636e6a6458781d2fe83a435ce3d33e94e582e096d51,True
s07_normal_mean_m160-0639,92dfc7b9af6c866dbded5ee7ea993662,38773f001be5802bf99b6f029678e44bd1d77a541db792c487a7a723645371bc,True
s07_normal_mean_m160-0640,2ec15b1b4cf226c0e1c483b95051b923,a0808ae66836dfbc85d1ee1213dce18c16f5d1b2ccc865866da3b5e57e56b8ab,True
s07_normal_mean_m160-0641,686c83fa3ed65fc71998a7fefab86cec,b15bcefda42ca4fc7c49c3dbba28e11a45a7add68d493af281b4e1faa4cb3463,True
s07_normal_mean_m160-0642,5e3d4c0def67bfd26f713a7be6f3e7c2,7c95483487a555b2ace97cd8c781bc17fc2c6be1b14222fda293776a731f6470,True
s07_normal_mean_m160-0643,a1e1b1962db77371229fc68e2bf844e4,bcf253bd07c61cf12c40032e518e9f909b979120e5fb34f73beb09139a7d5107,True
s07_normal_mean_m160-0644,e23787d0689804a23032af9598a87998,49c581364adf766d8b95d6987ae56b6f696f88591087bd65bde48337fa633651,True
s07_normal_mean_m160-0645,adf0d6bba02e281b56a04f465c11b0d5,68dc9a73bb8198396f4f90538d3733d447074e4eba9ad45449fe78ca9e683668,True
s07_normal_mean_m160-0646,9d6442d5edac53b1ae7eb7319c3417c7,9300e2d497591f05e37dc165b17b4a69e84ae762e3ff3b1ccd8c5817fc9a778b,True
s07_normal_mean_m160-0647,ba39aa24f1c1230fe4bf6a499873e4c8,8c0f221b387078dbaabf6d6ce6a74ec96c01837e414d8e71d9b7c235907a374d,True
s07_normal_mean_m160-0648,ec0a168359b5a52c9da88a8100da9f1d,a1ae3a0362e90ef5b09e1ea9eb7b0d1842dbf5379e164d7ee87ce25ab8d74268,True
s07_normal_mean_m160-0649,d74df8980fee0e94dbce2e230106add0,babc26cc0c4bd9ac7a06e000487bc4ec1df56761824b9cc1df275298e2890634,True
s07_normal_mean_m160-0650,c8db037dadbc178c5c9290bf1f1a0451,5cf4a58a5335a943f53fee53aad35b7e80dd18c325897ae07627f4c45326dca6,True
s07_normal_mean_m160-0651,985f77f380417a0a7989ac2e14b8d55e,eafd4487b2860e1d53f79361119a119d81efd25cd6050eebaad7c2e252bc4b2e,True
s07_normal_mean_m160-0652,6289ed87c2e18e0c8ecfefd7ad26352f,4c64e5544c6a60a2cc565999cff1d386ba3c72605bff3b1f0cf85ba1a1e8655f,True
s07_normal_mean_m160-0653,0693912d569586c8d436c932dd009972,0aed2b9ac7b03772b4c3ae1518bbe07f1d2cf0231fe2983a7768d37dc40c0be3,True
s07_normal_mean_m160-0654,3d7a8e67be5c35b524690d521553944a,83009b6b2db005c49890701b0da09cf9eb06412ecae907465c5a13922cb05dfa,True
s07_normal_mean_m160-0655,9be029bcbdb7bc3ba2d6fc95bd55e514,8c6805a126c227cb55dadea3e872adaa359ec186e9540de3a7da76508786fa1b,True
s07_normal_mean_m160-0656,5be31b18fa4ea6f4ca9e1399ef79f883,f693d9ac7e6994e69d3aac6b25fe8a8b2c78d4b5d12d424e031fec4a22bb07fd,True
s07_normal_mean_m160-0657,80f4faebd41a03129489e1b8be33e77d,59bf75f6bd9e990c9803f89d957deccc4f5bc01286b1d6b9f4c491ea0549c320,True
s07_normal_mean_m160-0658,82c679c28f8b46a72269f501bcc4e86e,6e5002ee054c979fc4b3ecf2989b42b37af0caabbb34370abe073f8ef1f01435,True
s07_normal_mean_m160-0659,9c0e1a18bbdd8d70a3737f759ca41529,60f955a9f1863841e1a4e3466fa0cca86f6193dab2d1020c06cf30087802c8eb,True
s07_normal_mean_m160-0660,f18dbcd6e9988ebaf14bad61edf6f0bf,d4f02a16c4aa3b6ee63a02535f93441b7d7229535ecc087062dbc3cc7f8c29f0,True
s07_normal_mean_m160-0661,ce2f1626ef755bfa58dc511fd059aa36,fef45190c687aa6b1c486702f2048a5f86db63721c20c09634667618f26fe019,True
s07_normal_mean_m160-0662,91dd4d84c09134ccd5b5ad3ea19d2be5,924d9e1cc7c289703ffd66fd77718910e2214bd01b24ecaa8d11ea356b325dbc,True
s07_normal_mean_m160-0663,c2132060aa7705d9304bdf7b42069d05,47c4bcf0e80c98cf5816553d13d5ff2b48fc2a463bee9e71cf8370d778980706,True
s07_normal_mean_m160-0664,14fda049ee94fd8d520844e88eb76341,b586206df2db72faa2ab8fdfb7e08de10051a00aead5dfffc926ea41ee5e4620,True
s07_normal_mean_m160-0665,fae21d56cb9fb48120e9f4ff2809f049,f0e8f1675d06fb31a1c6e622c446bdf102d99df31c379fadfe8b42ba90f5f5fb,True
s07_normal_mean_m160-0666,93e732a0a204f4a56b2ef3334362be09,d8f0aa1044bbcf9840d359413dd8cc7b328e466c2b4fefe74fd449298734f644,True
s07_normal_mean_m160-0667,5a9e28002f1c80eaa1c1d0419317d81c,e73c9aa3a7bd6537b4fadf392e420e9b7a61024633c5fac120f94223e6808bc2,True
s07_normal_mean_m160-0668,f6f2a21b534a7f41875d3e2027ac4473,040ceee3abed96581d22d36af296a030be86581911168592ae9116346377252b,True
s07_normal_mean_m160-0669,66cbbf0efdf146ff096abc6ca773ca7b,d484a773a3f019d9883ce389c3e3f76cc59f811effe36701f05f9b8737e6db32,True
s07_normal_mean_m160-0670,abde61d316d2328aa98e5403887b0107,86bdbdb51dff8ff99bb864abc6034a15a64a8b201ea8fbf3d5d7e92dca113019,True
s07_normal_mean_m160-0671,734060b802c09e0d54c24fd3cfa33197,0713fafb30b6f0f39f44234df8d4ecd76bb9daa33848403c0e31ac320b9d8d83,True
s07_normal_mean_m160-0672,decc3904d5905f23a2cf64069776a2c3,d6fd8232529c854b58114feeca2310c4060b3ab7764b45c42271d359f808d50a,True
s07_normal_mean_m160-0673,e028f0c665235d282012a5ef11f4a8df,c43fc7d9395d5ea2a6e0714b7aef5d32d46fe4d63e527addb3b42a96f4bec3ad,True
s07_normal_mean_m160-0674,74e0ba0aaa131a66fc95dff6b0c43e04,a98a8afa933d38b237bd04581c86411d5d26f6c964b4e21d4a89bf06140be8f0,True
s07_normal_mean_m160-0675,e789b1b75c81b8d0a7faa975931dfb64,795d61d7353773987ccb67b13919df28a078bb98cbfe3d1641867fe9b45232eb,True
s07_normal_mean_m160-0676,351ec1132e6fd7acc6c2655366486e08,88972a20e94e75fd77ff206c02095f08e71b661d5425ce971eef097d013aa749,True
s07_normal_mean_m160-0677,5eef39f372c94d5ea0bd81dcdc257bd6,f5c43d95831b46a6564307bacb52564429c4fa9d4c3deb7563a3f1008fb74eb7,True
s07_normal_mean_m160-0678,c239bd9efc1de52de41c2978189cbb6d,386ce17799f4b7ba70d07e6b7969c5ccfccf3539a7978cd575d8c169f576146a,True
s07_normal_mean_m160-0679,f8d903545f6d96e2b0f3eec5c6421b1f,99b70a0f4fd0e2f50b06f59614208d7e31e3df9796b61c17cd9497cd54319a46,True
s07_normal_mean_m160-0680,f04666524924835fbf24bc750b33088d,1677c634b5b38399c761223420c13a2da125178a445d2dae06a8eb2b696f5de6,True
s07_normal_mean_m160-0681,7700d318586633179b0f3842ba6efd27,416f1657454faee398bf7c5c6d73d65f4eedaec390cf6e65315743be86e7997a,True
s07_normal_mean_m160-0682,82f6f5dd7133a0b458152a01a4a2c7e9,f48ba597c0e31c85e173cdc626d0dd07d61643da898f4fadf4a8e14884348fb2,True
s07_normal_mean_m160-0683,e0ffb0e7234e7c51036964f5f084548a,a43077a17f1bc57ed15a1d3cda47747430849a5284190c4ef17eea7845c397ff,True
s07_normal_mean_m160-0684,1bef0002b87c58d9cb2356bc82d84415,d0cb3e7f314336ffc868d295cbad7100a53ef058ef54aa631e1e024f1d05b6cb,True
s07_normal_mean_m160-0685,1a061556749f22a12ac2d76cb5fcfd83,5c8fa98c529730db77bda506076ad930c83445162d8e36d5e8f935756887abf7,True
s07_normal_mean_m160-0686,207bc90875cbe77ff7457892776a9cfd,4b829ce20aba63e6ddae38a745741cd45e9fbafae02c4ae286501e20bcf70c9b,True
s07_normal_mean_m160-0687,83c3f18f2a026ce65512c89daf14eddc,84f494d8be3c04564efe4dcfa742c3e0ee8cc330198f1a6682ba68491c9de0c2,True
s07_normal_mean_m160-0688,131f688a3cfb4505b8313eceece479ba,4db482ba3d6628c8f50c03c909639767574277c2c8c439805b25de6ba279a020,True
s07_normal_mean_m160-0689,3f75a6ad80ddf1bff7f8d04c7d51abb8,ac41f404df7b3b2a166a4cdc8e1a10553685f3983ced13ec5078a95ea07fa1b5,True
s07_normal_mean_m160-0690,138df27f7b97dbfbd9dee0d791746c87,0f13d9061ad338f35bd53f2a2c81f9a16d048d69cfdb04a46ef49e8cd4d3644d,True
s07_normal_mean_m160-0691,daaa807e901693a8a4edcac8977582a5,26d3817ce9649cc7382ad795891c8573ca0ace93c3415babc9906c243de6e902,True
s07_normal_mean_m160-0692,ceec853dc8b52312e8fe6e97793d8ec6,5ac735d14e398d6a96eb8c835e3c60ed02ab827548e8efd1956b79f80612f261,True
s07_normal_mean_m160-0693,10ae1fda98aee1482a2d974495ae0d93,5435f5fcf9c6c3f309ef6551a7d20f843de47e4c312f64b79fec2c630ea15ffd,True
s07_normal_mean_m160-0694,ccb16502829c5c4e8ee7f654326a9d5a,1e8e605f24d4eed1f9c841e0f6f21c0d28806173bd771b23bf2206f360d9d250,True
s07_normal_mean_m160-0695,67755018c955685ab6d697522ecc3485,97227bffa7dc75fe0251f97e5039d0bb6a06d814ffe9e25c610f0361d014fdd9,True
s07_normal_mean_m160-0696,130c2ef9d8d6f68525867015bbefe60b,a652aaa19052b6a5da9776026191cbd966e2df8438dbcb081d1f6cc8f83e0e8c,True
s07_normal_mean_m160-0697,a7ddab92b07371fc03983d9f6dc3a951,c1d539b4491ba204f619baece64e351076e4c19e1264e634cd86cc9eebd5b7b0,True
s07_normal_mean_m160-0698,93cb0ad2cf2dfb8fee0d278dca39312d,4bbf9c249d24276159697bb00ab3ad3e31f6ed5360e6d763fc089e6183364644,True
s07_normal_mean_m160-0699,ff12864d7795ebbf683fc9b9f7a25272,e099d2bff7fbb19012baec283576722151bc930b5af93ce56210a2ecdfdb46db,True
s07_normal_mean_m160-0700,e1cc231fab2a35fe24d2372dcc1d1d8f,22c5d3b6c141ca2a14eec9cce2222836f0c032e37e69ec1b0746b8241c5541bb,True
s07_normal_mean_m160-0701,41aaaba9b7f1adcc10174706d2d53d9e,673074d09b1d68c18b71e7bbb66d6230243712824a38461fa86a3de363f8db44,True
s07_normal_mean_m160-0702,7c6ae20ed7d3d7834ff2fec32eb6d239,5f5c7bcd6ca393705dbcaa7f5da352560c7a698921f81bb23d3b356d44fb23ae,True
s07_normal_mean_m160-0703,3127daaddbe4ca57fa9ae38b53f7a063,67cc015a17292119b2316e03b5d336dcc10b3a2cd1514e80ce592347a4f9fcc0,True
s07_normal_mean_m160-0704,641f958c1ddf6bed4bbb8b57fef963e1,24a6b62f94b85009e7fae116a6ab350c0fb0c1b0a77fb8baf422d7d9fab704d0,True
s07_normal_mean_m160-0705,5590890d1bc56fa11b37e889062f222a,a22ff33b24f580ac9df06edde010e9b76df881b7e1e5468f511ef4e8a5a50060,True
s07_normal_mean_m160-0706,a97b03c5a63cecfddddf6e7273ade471,190a540e65d53c154631b5a87bcd9097c85901aea96189378153698b56aeae51,True
s07_normal_mean_m160-0707,0e9f277f24c846860a25d5134c6041a5,ee565598cf20201c97996f6b9ab86245d1777d3c1335f44a5b4ec80047f606cd,True
s07_normal_mean_m160-0708,3b466df1dcbbb1c8921e6c43c89beab4,999b8b4727c6f5ee68e491146b82c2eb6cf70e79452e1bc7daecff25114dc4f1,True
s07_normal_mean_m160-0709,29551c9e29223d4a1e805641a376157d,336b4c539145cb958044dc9d1363e6c5f432a585c7e09579ea3f8633f6511282,True
s07_normal_mean_m160-0710,449be95e4f0eabdd8e37f434442371e5,5a5b96b1db225eb7301476899f0b76a0aa3df76e2f122a650915342442686caa,True
s07_normal_mean_m160-0711,d48a152e083a4a20d54bedf2c9852a2c,346146e88fbc85f72a29a7e9ea07dda01b27c8e6b12d97689a7225927cef2280,True
s07_normal_mean_m160-0712,2f9786c6ec3ac53e3749e634f460f8dd,841c58ab58b74f3603b70c1e159cd122d98053659f059c353be2e78c93820743,True
s07_normal_mean_m160-0713,008e18dc23af032d08f52cbb8f04e11a,0400c57864d22984d2fe98633262125aea94700da46a91d7178878e8b6402716,True
s07_normal_mean_m160-0714,404b42d02284020b1131743e0d83f49a,f4a8b6531f96d724d1744ce02126f8ade070f165501f868013e288dc161cbfb6,True
s07_normal_mean_m160-0715,928f0e96acbc72bd6c519ea0c85850b1,d112a1086a32a930da6e67c0f3f232c7a9f4b7fce8dc8c3a8ed0a43ab1cbb691,True
s07_normal_mean_m160-0716,1b370db3eae7f924818d66ced4f9d96c,1ca25f0c7d7e4727d058668a0f00ced91957c3b6b65d5b5aeaf00bb9ba857a9a,True
s07_normal_mean_m160-0717,321f24c9303c2b698cb6620f98bc6f89,5898f007500919dd93b0d5a279edbc783b983811bcaecbf1d2936e630d90049c,True
s07_normal_mean_m160-0718,dac7d7d0a8594bdbe0c81a0b87e1b9c6,1cd23bc59f6c9b023b9b45edd57d43a1463fd2c9504d4b65e3bf4227b2f5de2e,True
s07_normal_mean_m160-0719,f1fb25a9f2c7c6824f83ac80405c54a4,2f0ee9f1b4c556d657757e5c3fd7b0f379110003c3a7a4c0568af7ed7ee7daab,True
s07_normal_mean_m160-0720,4d8fae7a58467e6aa28ee9a699483242,36360f7aae6a0cb1f0d52d8aebd134fb1e29f77ba2257e183fc90a2dd976afdf,True
s07_normal_mean_m160-0721,a692d76cff5caa03e51ceeeec6a7242b,91d5baca27bb709475f30aaacc00a8bb0333c8a9b2cc086559c25d9dc9ebe176,True
s07_normal_mean_m160-0722,f8ee2f76d3bb6a8abb69c4711952f3a6,4bf5b873e16d7041cd682f59e9487be32ba32f9fe548e4aab5795e30c8e56186,True
s07_normal_mean_m160-0723,c400d2e702cd1e1f129a0648fa6f0406,585e8c41774c1b1105284140ea521a0aecf31bcbd1d1068f539fd04f53e4321f,True
s07_normal_mean_m160-0724,41638a5bc51f77339d7f32f2d150b85f,047915e8d2bae62e3dd2be39e94b6991daf6772dfc8e9c8ffd274f7951a267ea,True
s07_normal_mean_m160-0725,1d40f1381fa430a91df7f44fa3a3a8c4,ffb3c999d9499cbef797d72b9a6d99b7d659e84d729e64d35cf79504b66fe817,True
s07_normal_mean_m160-0726,901a0d407b2f4e2085ebf9fea4100810,acad32b15c811a61032f79b7fa0993643c46b117fdcaf84afb22514d2d5dba7c,True
s07_normal_mean_m160-0727,b8a383b4cb4aecc3c90cda2c07f42f16,4ff5d0eb349e8a5b113a930e959a0c3b3b6ab5e114bb0dea7ec5895fb0f00d3c,True
s07_normal_mean_m160-0728,f73dc07f75b131307916fdb5f4608be8,c674aec6c82ec0f8d8f11f3c1ef3368c3fc459194f2887f87691d424d57c4ab4,True
s07_normal_mean_m160-0729,24a01e7026e4a18f149c347aba0a9871,0087febbc590bd1c3ac8e547a9296db5207defb7bf03cc3e2f824d9daaba4ae6,True
s07_normal_mean_m160-0730,d0601ee74dc9e7277e1ad178d12f3353,2caa45058ea66c8b106b1a3db71114e16a9f8ead3953b63efe78e71da938740b,True
s07_normal_mean_m160-0731,8f231cc81388090146834c898e2a6591,1eae5a88e82833191adb1f635aa59e93f705cc257142ecd052b5d9435a358dca,True
s07_normal_mean_m160-0732,0a29a60af3cf2d755343c37dbf1e4d62,4c2c8893eb6b1a354395908684513efe242403b7efa777828e6e1f5c2bfaf8c1,True
s07_normal_mean_m160-0733,abcd01860b35c4b36ac5839edbb9e7a9,6fc4e1abfe27a03fa5b764635b635393766938eede3c3ae3349f9e147ae7004e,True
s07_normal_mean_m160-0734,31541c86dec33d0d869ebfd664a8a6d9,0cc36558a748030062ed062f47794025f8f087580156a99ac3fbc16661fe4777,True
s07_normal_mean_m160-0735,8fffaf7e127ba889ca4c3a5ad7f4d5f3,b5d21a71456cf163d9c9f9099ee892176cf525fb7d6b51a3ebe96055ce4ba1ed,True
s07_normal_mean_m160-0736,0e21e385d7c4dbfa3c630c54ad964a95,08f12d7e6963ac50c09a13f26d0a7f85d6aa996e1f9d37ee5e886d1fe2f694d2,True
s07_normal_mean_m160-0737,2da414bd57b30eca45c905e7bdfbc49e,1477744b116fb04fae65d1131c03a98446c27d9b77bdd1bdd94f13c1d02fd243,True
s07_normal_mean_m160-0738,22b2c06d1e14711458bc2858ccfc7c3b,a3165c56111e8346649fdda2176907a4150e4da113a045a2ee119a271b0eb330,True
s07_normal_mean_m160-0739,252ce0dc0c106ac9a097e9c8a8f6ba9f,69cfb9ea03a8caee2eb0a20be16ecf32afe1d8dde7b25fc7c3bc3610ac1ae8d1,True
s07_normal_mean_m160-0740,8140eb341bc5db9b5aecf1e11c0e3c03,6bafdb93bb0f1b0fea8a08dd293959bf06200b7e4de25dbe986387aabd1d700c,True
s07_normal_mean_m160-0741,fd53c84037e90418ca4fd3887b83fc12,58db3992bee92889fae8736dd2adee94864397801430fe73927498b1eae3cf57,True
s07_normal_mean_m160-0742,6db24776df74a9d60a439213d07bdc65,5f637e840ad3d1989c66c41046cf7786492155c489ba5ed7e229088b7b0e35d9,True
s07_normal_mean_m160-0743,20254cbe426a1754474ee4822a78d7dd,b4d0e01ad31378c701533173fe892f3e032d330bc164d9255672e41e3c674903,True
s07_normal_mean_m160-0744,68d201b721000112ac16df8be6ab3296,9bedffd5247bc451d4139674fc3a09b739160d177f86b0e5b1ac95f331806d78,True
s07_normal_mean_m160-0745,abb3b2627595f5f1b997918442c8e1d9,969603c8f45bec36b6a38ce76a31ba7fd4c43b7ffc870b13f379dfd32321c6d9,True
s07_normal_mean_m160-0746,cbf802204a9aeccce6755cbf7ff63c2c,ce0978b48c9edd7d09557d1ba70bccc4c1267c588ccd26f8a3db20fb5321c886,True
s07_normal_mean_m160-0747,39764baf082478f977e2c3eeb25fe753,526002c3522a2dfb674d576840f0083cf8ebe1e51e739f6288eb71aad64d30d3,True
s07_normal_mean_m160-0748,100a0defd3c0dc898dc5f5378865563f,fe75ca4b5893c6edd853cd276d0e64681fa637a8ca773a4f78e3a9a23a6e7bb8,True
s07_normal_mean_m160-0749,6fea64ca2d3b1d4d1f5d769535f26c13,fd15205c6bfbca2d393ef662a5467c8fe02c4102bbe502b201827682809b32db,True
s07_normal_mean_m160-0750,abceaedcb88fa531568eb0de37a5d2af,94c79368e2ee21a2095dfa2e37c303b7734deb0aa0a7dadf1fdac218d9c617fa,True
s07_normal_mean_m160-0751,fe6c7e33f968693556b11bf5d86604ec,24a72c45c222d75b93aae04f34bd7c7af113ecba7fa890cac5ea17c8cb5df0c5,True
s07_normal_mean_m160-0752,410d69948ef3eac018af1a9ca17dc9ef,92af92934c51a95c4bdcdda5a9dc4555edf06122f37e0d0bbf8592f4ffc6ef75,True
s07_normal_mean_m160-0753,2ebef12fd15ec363c416e905b8612abe,08387746b69536976674324d13d61c5ff544740b928209f7a25fbe217c55dc79,True
s07_normal_mean_m160-0754,2a7ed9978474200a51bb2caa3e4d188d,f6982d233a9d2770282df086aa98d951ecc89afab262973cee6448224edf7304,True
s07_normal_mean_m160-0755,437b79ecbccda8daefe84d6a5170b93e,f81a3f14978d20d6c0ad6ada075a708e355817054e6b6fe88bdf549dd1877bc8,True
s07_normal_mean_m160-0756,3bc96354659a18a8e501f52cb6f1831d,b5976c12e50c0826668b377ff474178a4b8753140efa8c28d103057e97213a72,True
s07_normal_mean_m160-0757,3f67a18a7540ff3386599383fea5bee0,3f2de4b82043135c13b7e60bb1d251cfb60c4300e85ed7e61495fa36cdaec731,True
s07_normal_mean_m160-0758,ee8d76811a049cd9ebafc7cc3fd7613a,7dbc104ab4707631f0598c7f9d426400613acbf393c98a3caf42d2ae629ca17e,True
s07_normal_mean_m160-0759,cec4edf37dec1ab6d34fcb28dd860e73,f075ce2bb15c92925e7d29a82debad293dacb16bbbf5cc63d7b375aa15ab7a30,True
s07_normal_mean_m160-0760,d0479fa764d19c5c91d7d9bf4da9ae3f,2a691d7691b81816e09fbc94d67b5750cbdf0da0ab11b544af5c27f77173c83c,True
s07_normal_mean_m160-0761,fd352f8936cb99f07e499a0fbee454c3,6683630c21fb800812f5730fc0c9fb02a94d04799b0f9b9dde064bcde8435142,True
s07_normal_mean_m160-0762,6aa4d1d633d1fd22a50585fef489531d,1122b814a8871efc3dd920f8ec07dd0d5ae2df4490bbdf9d85cd8dce16e83e79,True
s07_normal_mean_m160-0763,be2635bd7993d0297dbaefd5349f66e1,670fb0380d7bdb2fa4b8b308f6e4706e5ae5dec8de80ee7204fded5154b5fea2,True
s07_normal_mean_m160-0764,611bfa3aa575839e7e07a92f45d0d98b,1d37cc37da5efbfe170333d7f94fe4bd994e59e9053ee8d2e8550f4a8db0a352,True
s07_normal_mean_m160-0765,712d0861de09a4e8450efcb589cb7608,fa75ca9ab2f47c6d0da96fbd2b97dd8bd8f10e77f41860c0385d0789ebf9c96c,True
s07_normal_mean_m160-0766,b85aca10f0209c58dc6f8d2535b885ed,488328cc7e92c102492055f854c17cde22da4c897e4667354a8ebb77d3031a8c,True
s07_normal_mean_m160-0767,f1bf255a5920a0a35dc412952a576c2d,2f54e14a0fce6ea56ff3a76bf31c4475dc8f83614de1f336be089f6d9bed4636,True
s07_normal_mean_m160-0768,09c72245f4b5fde6fc01601399fc7964,6aaef888458a6e49ad1bdaa2343c8be6e09b70613f21bd40aa98a06041d4ebaa,True
s07_normal_mean_m160-0769,a2b845e6c560ceca866559beafbb9931,5e18340917ab5d2c8d60dced2fb27b0c4bdaae77e1421852fe28c931197b5405,True
s07_normal_mean_m160-0770,1699cf1f200015c136abff4937edc11c,4e5da51af71c9228be8f4120e80c1a2d97c0dde78645c3dda32e46099580cbd9,True
s07_normal_mean_m160-0771,cbf7812e6ec1a58cb49776ed09727b36,42e6c3787483fadc3f717f70d0c65a9b5b9bd143eb057a24a2d39a3c3db2af48,True
s07_normal_mean_m160-0772,a6e95eb3dfe2648b23d95a91966051a5,b50134cf003907bd036e26acdd6150049c4c34dab20a02dc5b16ccfadc012b1c,True
s07_normal_mean_m160-0773,c43e6fb1bb36e83c2845ce8183f9e4b2,10aaeda8f134b014f62959295f10ced17d6d734ed39dea8db72a12de6150eda3,True
s07_normal_mean_m160-0774,07cc980fd5354cfe8d84d31557f8a8fa,6b82399f7198ddf991c0b2d768ebeab76f3c2b9675f7462735a6c2c6b3678ab3,True
s07_normal_mean_m160-0775,8f80d76d97bbe0d3ccdc440709ed02c9,221b8b2ab82bd27f3f878a9628225223a3aa335d5b445f93803f7a5e387dd824,True
s07_normal_mean_m160-0776,4d11eedfa8533165691cbb1148ee6c87,1c1b654a3c18f98edb91bdf00068c9cc9c055fc553c1de6d36ec0cfdf609ba9e,True
s07_normal_mean_m160-0777,57e087172ae160df16d58d601b1b2241,4771609b4b18133fd0d9123c3d5188d03cee0a8e344f9d54de6330edec1d9b80,True
s07_normal_mean_m160-0778,f8c57c34e29169de101c1d5f18dcac6a,260411a90e35afdaa79afbaf570ac300c6fbe7016d4329195302ff0b67afe6c9,True
s07_normal_mean_m160-0779,18f4d11a01befb82f80c9b47bf905090,d59cb0af04812fa1918e56a0caa6b69936d55d165eb5273e979eb99c5142f567,True
s07_normal_mean_m160-0780,85e7888b5aed4d83c96d8511b2be2689,beff74e3f1cf68f3f0e72b70ae6856d210b7181bd01d577e1a2b0e7b2dfb18ce,True
s07_normal_mean_m160-0781,27a5d995fb9f22741742fb2b4f42378f,6c07e0e5abbe89e931c48e7863ba9c8cf222e6959d2543fb477abae34eba9bd3,True
s07_normal_mean_m160-0782,36df2899b2a3289710f31b2bf2f9ae1b,4578b642f0d1e73ca9da65986c72fa3d1f55833207a01f7ab47cc1a8e5029216,True
s07_normal_mean_m160-0783,48f60c168e292b3e06c7a04bc312c719,8a0e954e9aa47838869036e699ba3e3b02eddcca17dd7a89b068e7501b718070,True
s07_normal_mean_m160-0784,77741dd73744c20f4bfb77c49a49a60b,15d6bbacdec0c345f6e102b1e01eb96126c288da3c08e4ef4e40aef4144793c2,True
s07_normal_mean_m160-0785,5518fbb25e11502092eda77b9d807cc6,e56918701666dee4c8ab283473c877bfaaadf5e4bc3096105a2ffd189bf28b3a,True
s07_normal_mean_m160-0786,caa5e435dc24af150c6a459647c5d6b7,59c5db9c7b9379a826fcfc869e32c3ccd582cd74d220d11bd1bfab7fd81b6d25,True
s07_normal_mean_m160-0787,7227124d3f8b0b4e83d655077d2be5bb,2ff3ed1b28e567989c022bfee10528a80f470ff5e61ded7b34e8545d904f2537,True
s07_normal_mean_m160-0788,8bfcb6c745a4a63dc4225fec7ab62e61,3dd03184364a93629883fa895956741b1bb1ba1980d7f742accfb5c486fd3a76,True
s07_normal_mean_m160-0789,7fcf700706c4cedd8066a97249595cca,9c2cc8173ba9541b8b8f2595431ba5fe94ce378180c86c4eab39c34dc7455372,True
s07_normal_mean_m160-0790,cf389e755897beb04c4ade5fa2177ab1,2fbe993ffeb6bd39302e4b5a9517ab30289990b5caab2368f7961ff1abae37e9,True
s07_normal_mean_m160-0791,ec7cfcc8a657230d5e9fa04614c970d0,dc31c5b0cdf75f294d1816fac186a5a3b422860f54f528531c0fe7b84c7cc95a,True
s07_normal_mean_m160-0792,d40b670fba265bd02ebef3b33a33fa22,f0c2f767951b30c573fb498474e24e118fc71f9888c3f451542f4343acb076f9,True
s07_normal_mean_m160-0793,6b5dffbcdf2f81f34773ec2afb3b4e0d,a93982685afd8610b09d2d48ddbebad9d96503560196a0b93eebcf2f84eb5403,True
s07_normal_mean_m160-0794,69c22307a022424f43915842ab058eff,1a6fada1ddbd22dc67d821ea43d81028f46235cfe0d2bfd47322c6dfd6126f12,True
s07_normal_mean_m160-0795,0f900826428e311144346a897f711454,6fb38c09f1edae663ffd80c8d08e9cc8ee3582af873cff827ffc9ced6b418433,True
s07_normal_mean_m160-0796,79192d0b5e466f18350cff95720b2a55,8787085ada575e8b267dbeacc9ddc93fe2b7f430a7ee89083dcb172d3c235c67,True
s07_normal_mean_m160-0797,73836aec172f6f9d7f51d3b2ce495bb2,660db31aa55f60201d971e8614165a75ea5d3252f571825f6fc9122c9546b82c,True
s07_normal_mean_m160-0798,9d12a2af8bc10ae7b62d4ce01797c76c,25f234e58e4538bf74ff3f48def4b949c1326338b8a764dcd56b3013c12aff38,True
s07_normal_mean_m160-0799,2456ffd15d0ceddac78041bc6c422bbf,a0cf54e02cb847a75e068aeceb8070e1cad14876654e82dbc4abade95290893a,True
s07_normal_mean_m160-0800,d8f3b7cef4c451b05f73814224bd3425,562e3b657f82fa5d2e0976a446ee1b1b8066e548784fde1ec63b4db8b090b2b7,True
s07_normal_mean_m160-0801,ce84bab8a300584891168b6511935351,065b2e0c4f1daef34b1e4af8160f5df741c8272f8ee9f51d94dfe03af43ccfef,True
s07_normal_mean_m160-0802,082ea0ea3eb7a7f809eaf77e8138a838,cf58c594db329d42fbdbd88a0761b55f04e8e119fb11631ac9efeae052025d3a,True
s07_normal_mean_m160-0803,b01aafb3c6a2fc9fd1e5757fcdcd7978,795e748d813b799ee0eca3fec332d32cb4b1ae355aad2f8b268404cf871358f0,True
s07_normal_mean_m160-0804,6e4d68e57be55a1cfa8ce8e6e5007eec,800ec864c4255302e5dae1d77cac968a56c99cb980039fe91f50fb3ec44049a9,True
s07_normal_mean_m160-0805,1a06ad34869aa17035072025d6896a27,14a4030fa21e1e4d0e4f73881fccae894a2d351898d05885e14ca086e32f89cb,True
s07_normal_mean_m160-0806,05d7436d8479c3650643aac8db8afc19,98c89b55f3bb5b1ed4732ed743c5bf2e3e06ad65a0f4012a11081b885da7b31f,True
s07_normal_mean_m160-0807,f4efa2519ff612892dfecefdb788b7ff,8232439d93beaf145730bc6166981425ef1fccf1746e34c493c0b637a0db9bcc,True
s07_normal_mean_m160-0808,57c773748b9059215d78cb28e21c7a83,078b24a09ca1ea34fe2b4c39322ba8053dc72f26db989c300eeefba484e04611,True
s07_normal_mean_m160-0809,8fdcc4675c47b3c0d9c18f6e82d85245,96bbfd9b29af5214a5f77f0e6b2f8d22bd109d902b63f318ebd6565eff7fafd0,True
s07_normal_mean_m160-0810,d2b91cff92d64280005724265c5b62b0,af0a9c2754c8bdaf22c793f99e44e1c244165d8c92fe5a7d66fc29031173964b,True
s07_normal_mean_m160-0811,daccb9bb92336ea14d1d57d4dd0342b8,a86651a9b0665bd0eba708e4bf356f063476941174b6671c71de8e8abbb01653,True
s07_normal_mean_m160-0812,14d0ab35579bff6986c92d80fa062989,d4ca108af776b9b6c3f54dce661d7f977bbae3be72fd64ae20d79c6651e27ac6,True
s07_normal_mean_m160-0813,e684fae1dc609155abf01ff8ae119299,6a2832eb906142339d813350af8df1c7f71f5ec679c2c74da64505d8923e4502,True
s07_normal_mean_m160-0814,5f9d24c72ae043a07c75953296474eb8,d6b3a56dc6e2c091bb94678b09643bbb1fe2622693f5282fe3c930f122809882,True
s07_normal_mean_m160-0815,120c4c8997e5121930cc7b776273a165,09c76b0fa9e63785c8008eb65f3ab1a38b8c9ca6423dad3eac3dc30f0be2e186,True
s07_normal_mean_m160-0816,37ec241cfa019869997f5b353423c335,95e67b3bd88818f0b1f0f715777bc6e2d1ae903962965b87fd3ce7723219efd4,True
s07_normal_mean_m160-0817,1e8e32a83abca590190c7d4eeda12b21,cf756e46577a769ae4b902b2b91792fa0cd9e16249d102893f20cda960c6199e,True
s07_normal_mean_m160-0818,87b0037309960c90221cfccf77fa349e,12bdccb823c1e9db41f272749fb91280e08e15e8c84d8be45a94a55c8f2e3a3f,True
s07_normal_mean_m160-0819,761f5f553e6099c7a512a6dbe616a17e,7000fedc117dc35df6ef6de4cce821a0ed2d077aad57d0f6e1ce5829fba81522,True
s07_normal_mean_m160-0820,0bb5387a907f6556f942284e71a3d6fc,ceaf7b610c9e5347c4716d8c66aff5c181672a0f22912cb5886bf0329a545dff,True
s07_normal_mean_m160-0821,b75fb19ecc57ba42780493d512f82f65,24d141dc23b7166f55e93c1615e012297ad10f650fd9f7a4a0074811b9ba9b57,True
s07_normal_mean_m160-0822,abae2b0c77f97aa0fd77b10c0806177b,8849c2a5328cb0a78bb9ae5e5190ebe5f4813653ae22c2b2c645ce3db4bc25bc,True
s07_normal_mean_m160-0823,85abbc2b112214995f5abeca36836722,17bf9571589eb014d23b97668d605aec20398da36c8be9071fe295edaf3a69a8,True
s07_normal_mean_m160-0824,769de2b856ae233322779d4672323de4,024d3d48b76a63efbfe8b4f27a1533fe0461c71544edd23c6fdf50b68e45d6ca,True
s07_normal_mean_m160-0825,e913b0b6ceab7afe7bc1b22701f71c2c,8f35ba78ee72b62ba3ecd95bedb399da97a07cf7b263bc7079ecd46ae05706d1,True
s07_normal_mean_m160-0826,baf3e1b9ca1e7acc494b4164582b5e0c,d757be9aa28208477f59b9b0246282dcd4dcee80e4ec449aebdd4b1b82c94dc3,True
s07_normal_mean_m160-0827,9375292b6156608348de14c66d3ae61a,d81df42575ea38ed2620b6c075db13aad72f92fcbb35cc9ea9bdccd2b9914545,True
s07_normal_mean_m160-0828,6d1cd0fd04f33a0cff78eb9297e85950,545efa97251f6a18afd19e16c5fab0aa13661f6c9c295718c9f1bceb9fc38c60,True
s07_normal_mean_m160-0829,a52fe1555b41b461b8f8e2103dfc7a97,28ab82b23cd3d940a95b98d868312d3f746367070c889d54d11c8c3a932aee92,True
s07_normal_mean_m160-0830,bd9d811e7c50e5c6ee723a791a2ea519,adac639496be89d7530b42590f595d30ce0e88a3122d5a23aa075b87bc69186c,True
s07_normal_mean_m160-0831,92cb3cc109de845c352ed668abb5ef6a,70e7a58501dcd4ebb48af037cadeb6058245565b76a728db6aadea3afc2e9505,True
s07_normal_mean_m160-0832,f4d71319f99ea713e8b83057b263e127,0a958380ce5153fae105a194ef16fe198062326cf24550522c316eec1f7063c1,True
s07_normal_mean_m160-0833,0d3dc6cdbb2e5563d699659aeec04a0e,831cc37356463e681cbbe964f90eb1e9a0ed71ddb05944973abc6bb26e5756c0,True
s07_normal_mean_m160-0834,3842ff3ce7ad9cae9a7fbcd132ca2801,d9f6d91c4e171590148e7fe2032beb50da48786abd20ca3c1da80853269ccfcd,True
s07_normal_mean_m160-0835,80cfacc528d369162a6c7a92bf93d366,595b347c2a91dd96cec249e9f9132b8306e3e9bea0ef1fdc7c6d5b537c73c239,True
s07_normal_mean_m160-0836,fbfccc674cb8e4f93f50e6fa83b7651c,89f532c7e817285977f526bf07c68a1d4ea8dec13954a15d104d3f1688fd2e61,True
s07_normal_mean_m160-0837,e4ad85566755d5e869c284f596748324,7b58e11f7202edef1a0f0537d4429b190ed56ee65c91a51295826144b94696ed,True
s07_normal_mean_m160-0838,1bc2da42c37c144c573152d86e0cbde8,990fb8742f93f4a434a667d63c8ebb70df32032a2f1717e68d0736889f03f592,True
s07_normal_mean_m160-0839,d54b5b83e023623f9e956a3eb191a2fc,94c1905b311ee4cfbf7fef9559edd6d56a1eb1914ffd0791443234879685ae90,True
s07_normal_mean_m160-0840,289f358229f8d1660279bb4e17477f33,25ad99d7e868d340407b65b048c86401ff28d1c38a872ef2ac09eaf473ab72f7,True
s07_normal_mean_m160-0841,e0ba852753e71ca5e8e7adc5ec508ff4,316d3c1d46120280e1d203c1f505877ceef4375fdd5ec8cdc44ce1df37917cfa,True
s07_normal_mean_m160-0842,9884ba7c7be2ebff9ed7c2ff9b6b1dbe,d8bd4ae3e717ba5cf12be9a66cbe00149230fb186c62413a91ba2cffd908882f,True
s07_normal_mean_m160-0843,7084c9569e2f42897b0136f68adc6d03,42bf56bd5ee93a05a16cfb66f63df2ed24e9dc8a9858518400e1ff13eddfe327,True
s07_normal_mean_m160-0844,794819bd1967bb68526ccadd3024b6fa,c2a20dbfc579213acccebda6ec2787f90ad1718ad99a3207aaeaf8bbf1e091ca,True
s07_normal_mean_m160-0845,a9f2e319a45c883028724f9df692f2a4,0ab90f9fcab589b3bfc0ec782b7424e1ba9803590b4dcf4de4bd4b9288df1982,True
s07_normal_mean_m160-0846,36f262744398133421c72d055bcb9f1c,b47a50bf437a5a4abbb9aaf4eeb6e4d18cbdb074860948b3924bcf2637ec0baa,True
s07_normal_mean_m160-0847,3489e924791eb0542f1702206ee3f8d0,13e17839765037fdcfeca1dfb51e10f338ad8b725daf6e1c4fa66c14f87ea958,True
s07_normal_mean_m160-0848,68a728aad133a2a83fd761ada1dfe98c,20f6b0314e6782a92e982820f3533b86cdd9844f7828e9e0243e1ce5289e0de8,True
s07_normal_mean_m160-0849,026f4f922c563163757e1927f858d575,6c3e3cb08637ec2f608ff29296895aaf3b20217a7ef358bea4267db132b0fd71,True
s07_normal_mean_m160-0850,1e304b6db59d3e4fc44cd529e06b2c98,ee3616ea9b3b80d397c1f6cc156cab17b4aa3c280c637380d89ef03209f6a28b,True
s07_normal_mean_m160-0851,177b08c15c6295d156023cbecd123341,4674453261b31b6186aab91986052ae85c863c5430b97d3dce84279888c68394,True
s07_normal_mean_m160-0852,dd6329a16f584523b3c59fb55507e762,bb16603def284f4eab70ee014ccc50d01f1e2c5da87c7dbbd3edf9cb1d3c7599,True
s07_normal_mean_m160-0853,5c7716eaa656ddd68f9eae9fce8a7929,3cb6f8bfacd00b6e610861c39472e7338eee681385dce187cb54fa21a495a975,True
s07_normal_mean_m160-0854,f338bff1274297e69ff4e5dc1079b3b4,79b7998e6c4cbbda1dc6737be4bd23bafcaaf8aff016c56917262f8f12b4364e,True
s07_normal_mean_m160-0855,1a6f70f780fe4fc44e30c6975af8f35e,48fe2d9a01a20b472189e8166e934c0ff902eb5e31dc132f40f2d0b49588ec55,True
s07_normal_mean_m160-0856,aefbb772e8fb8dd0b2cbda220906a78b,f5daf27096bae7ae0f4444d193605009daa4a92c5d1137a38e48502627947a54,True
s07_normal_mean_m160-0857,de0e8319c8de0b27f377514a923936b1,e10b45b36825eabe128da1779cc95481ccd5084034cabbccffd875e8436192e2,True
s07_normal_mean_m160-0858,7f3537c0e0822c18dfe66e7a1554d461,5be16edc2cc3dcee40486a54f5504ca2f99a9a232b2282fe765f2dac063ba1fa,True
s07_normal_mean_m160-0859,67d02ecc9ab5545a2d4579593ea89de1,7bfb194da8eb94eaf318960615283633fb85b043f876f57b579dddb2cc98e3dc,True
s07_normal_mean_m160-0860,2554770857774b67ab00e3949c2b4a73,69fac32bd4dc49ee39c35fdae4ce420098cf7adaac2ee9debdd2b9733b649680,True
s07_normal_mean_m160-0861,7b1b85d51fcdab1d6af7d80696abce75,218dc9e3466e5115a250a35a50c42229ad488fddec9b0b63bee9421e56e12d9d,True
s07_normal_mean_m160-0862,c004bdf2a4951710e960828a579ac9a3,f4792431cf0a8f1916096164470bb5a2243b5e7f7201284c49e5811fd6e8a180,True
s07_normal_mean_m160-0863,1fcce8050941acd49bfe11befd185cd8,78eb489475e9b3e3a7ce0ffa062f8fa5dd539099d877a46649a45d59188d6897,True
s07_normal_mean_m160-0864,004ffe0a6ac269dc9166104b68b9e229,333d3d56a90d6c5e7af95fe1fd6966e1bd91033e94753830b217eda622213cb0,True
s07_normal_mean_m160-0865,85f261791cf025f2ea5301225f948cd2,3cc98b012fc4c22795e76ba3eabe21129b1d3f1a4f9561fd96e9a3baf523b492,True
s07_normal_mean_m160-0866,001ffed9eaec0a810bff0b2734d194e1,9f713443fd5ce8eb019f75b1301f59b0320e96b1ba14cc7938fdaeb417c0acae,True
s07_normal_mean_m160-0867,8605732132dc89777ca6761b16b64ac5,588c2fcc009ca2f6cff427468c243d94a61b04ac391cd7a9aff974d71555daca,True
s07_normal_mean_m160-0868,af89b1cdb0cd1262c6d39987227c63c2,a9b0c3971315fd73d4ddff9d18d5ae7e8313ae9633a531036e9add50f00ffabf,True
s07_normal_mean_m160-0869,4192abf2245d478882fbe92907072297,770a9e3dea6093b601dbb09a3fa348ff99e46cddefd6dc91adcab64156633fec,True
s07_normal_mean_m160-0870,73c4b729fe88055501d7b5ac377c412b,90c8747fc51d1a14d6c7aa05756714ed451f58ecf7432b1135b12dcd492d2a85,True
s07_normal_mean_m160-0871,f6d5600d2f57c76e3a5e06b3bf9cb74d,2bc9d9433db1105cc27fb5425317a3562f6a58096058a89d855fa7f38df59439,True
s07_normal_mean_m160-0872,7f036f53f151aeb980446de2fa94919f,9bba2fd852cf668d7865e8e47a4b2acac778b6c8166074a35f25c8cc22d57ebd,True
s07_normal_mean_m160-0873,c34fa8243060cd9ed6f6a790279d8577,1d53213737e2a0999f255b60f8b416b4ecb61f5488989159e5c8ff568725797a,True
s07_normal_mean_m160-0874,9453c2dc18f32e1e6a63b29575e0d006,8aed775ff12ff19f87e28f315ee0506cc76bc914afe8928d5a82c84b9a809c55,True
s07_normal_mean_m160-0875,ddd5b86b6990e89059577f627e4af0bf,1b0ff84a37e3942a227f586207e26ac7c890879bf3398cd6a637017b71d24d45,True
s07_normal_mean_m160-0876,6c46fdc57c2d84e1e0c9aa29ca4372ae,deed7cdf93663b4e7dbc7f40d5e0e015e628e0b39ab9f645a6430845a9f47e06,True
s07_normal_mean_m160-0877,dbda8737884fe6e915172284568f8468,a6a171fa9bb4f4e03ee006f32461a2eeabe540f03bacf32a1599c1c3eb5187d9,True
s07_normal_mean_m160-0878,e9949a8ce9fb466708dcc0554d8a44e4,145c9c1fafb6388e16f19dd0b6e4153990d7d1582d76e8f737318bb45aff2263,True
s07_normal_mean_m160-0879,33abbc33c4c1c4d71fa84eeeec1c8313,e50f04fe62d48f95b719b6f97843d59c099581971dc68c61cd651a45ebc598c7,True
s07_normal_mean_m160-0880,60baa1f3580b27ef1f793a639b9722db,8ea28865a7779dbfbb8e489e409080d255bc1e7799393004b35b0981a4c7986a,True
s07_normal_mean_m160-0881,3c5421e65d15f26de06305bb73b5ebf8,a6d1c2ce107d0c33f2ecbc6f30bbaf0a4a28f215ca1ffa9983a56bef22a74d45,True
s07_normal_mean_m160-0882,9cd5b115c6fd119d29c638b484d6a246,3147e148a7e0436ca4624f1a2e814c6310dcf90a2b0ed3174104118041d20681,True
s07_normal_mean_m160-0883,96901891f827e4eefc36253d3960f2cf,a76bc1b5df3bed847930d9ccbeffda30216501cf85cc836decd31a94327b2479,True
s07_normal_mean_m160-0884,9d7b801531d56f6f42a1429ecc111b1e,f39c3bf6206e79c997be56d36c23ef5c08338c4315f3af3c7b35d8dfa7775580,True
s07_normal_mean_m160-0885,e039fbf262d57c97f118457e445a5a43,b0ebfe98d70f4280e88bd84750f7bb89a40e29ae6b6603ee1e32338a98460aaf,True
s07_normal_mean_m160-0886,11783a8afd0eb023f8e42f31bdaa0f91,9c32f12b68931b31aff1f9c7fcac3e749f4737556fe19db0c9dda2350aa6b3a8,True
s07_normal_mean_m160-0887,73a7dcab1b392e31a31dd5ac0b963491,56fab7e761833db31627acd526a68c0dfe5666000061da79692505757eb56cf1,True
s07_normal_mean_m160-0888,2d833fa854a144a6df3ac6787cdceba6,17184312812fdb2cd14dc2c9d5646f5ef458d1ef9fabe0f31ec8733ae1c2668a,True
s07_normal_mean_m160-0889,ac8430282bcbb7c42d8fb4520953a78f,5083bc6bf434a9fcb704b80987673902e4911498934a6e3b8702f817f9d220d2,True
s07_normal_mean_m160-0890,6ff3b050b2aac764fdcf64537cb6dfcf,7f58aa0a3018f30b0bf1290399d1e038ac298568d66f1bfac3f4d0079bb96e47,True
s07_normal_mean_m160-0891,054f025c016bc80e8ded60e57d3203b1,629530933186119b022c36306f638d5d6960832ffeadac5678263801557e1943,True
s07_normal_mean_m160-0892,cdd64e957aee61e272c4bfaaba0960c6,2c48466bc18276ef270c7b0c7f3961f38e1959ceb586372e64ced065747c7304,True
s07_normal_mean_m160-0893,f2e1ef8647489d433f36797ed7cf1605,2fb526bbb68e12045da0d751abb91e627d1543941d15a49c3537045ee54a3e19,True
s07_normal_mean_m160-0894,97215cebafeb992f5924de336603f0bc,b5abf0c9f708eb91390caff13eae6a06f3120689bb30e669f777ed5493a58811,True
s07_normal_mean_m160-0895,332d0a848d94c54c064aac158998e7b7,1cc5151547cc09112c1d8512b0c0d5be4f9174d2a8f28ba218414e6a522600bb,True
s07_normal_mean_m160-0896,0559e88afff50c4303ef436969d0bed4,410085c173ec20c92bc45d7cf1f620db9ee142b25b5daeecf1d60a9a3b68e0db,True
s07_normal_mean_m160-0897,8f903000adc5675d7b8a4cca825f4648,5e8047322b550c0d8e18cbcc27e0c2d70b0fcecb6e0e05b339bb545ff5a61c4d,True
s07_normal_mean_m160-0898,7f27581c947ecb78785eea52007aca31,9c66dac691827102f2566a634e84017cd0a8cfd15545229cfba4c81b8084b4f0,True
s07_normal_mean_m160-0899,2c478d7495aa76fd8e2c41b8fdd06ae4,cd6f0009ab7faaea92644ff32834187fe38f211e466dac55238e748770dd566d,True
s07_normal_mean_m160-0900,583c3a1922d7174e7c876727bac0c7fa,d1e05349023ba59ad92cbcda048f10c82b8a3b771a9b1c89c8e1e53034503eca,True
s07_normal_mean_m160-0901,7a0c462cd512df593bfda34f02ee5939,d60ae2ee990d8d47cd4e15fe10b8d8483dd80d3451e29f751d0b1f9cddd34514,True
s07_normal_mean_m160-0902,2974c79c20b6a2d0d198e014f7436ee3,7fd9079adfd8cac49a80d5b76e5f22901e17fdf7a647bb28c428e6c85085a97e,True
s07_normal_mean_m160-0903,4255420c49a9c27bdcf4e537ce61c113,a0be170f02419764315be6acf2f248c6733d78d35fcc534df7f63f260790ef46,True
s07_normal_mean_m160-0904,e5fef7dd82af7cae060d23c1523e9173,d64c64f8cc8f8d68e522144ad4e90fb5cc6d02b48d37298021d684fba9ebe9bf,True
s07_normal_mean_m160-0905,a1637615d112c311e0810d9b7c28b0ee,367273c538606c6ce0e8462a967952e4b6324c0aa7f31fe8e8982a7c05c93fcd,True
s07_normal_mean_m160-0906,fbf80713f2c7691fdf7e567710e30c67,ccecefe682b9a944b0270a87b6dbffd09f96aba86b9d4797d7e15f384e57a167,True
s07_normal_mean_m160-0907,f7e976b4e021a0b66a27d55a39f47cec,a968d34fd495b176364c14386c244863dd9804365c6c904c8792c324d2702688,True
s07_normal_mean_m160-0908,deb6f55f39bdcb8adc2947ad0c76b8a0,42ab7b9839413e863b3ecc322fdaf358ae7d24e6a4a5ac8abfb7ed1bbac221b1,True
s07_normal_mean_m160-0909,9d390d401e8e269103d8104f64f422c2,fd514dc7303be44aa798ac78622b51eace2b77c3faf0fa3a6a245993ff5b2473,True
s07_normal_mean_m160-0910,92f6e99a8906acf6284576ffaae7be77,d37da8fe28c7920524e7fd17a930e635af8fda4bb1fc3a1335fe8d6810ec78d1,True
s07_normal_mean_m160-0911,3ecb9ace244d0abbdb5d5c9b7b238ecb,597f54da8620019239576e14fb91a65d0aeafaa0c13e49c55f328a08919b0af7,True
s07_normal_mean_m160-0912,bfc9e79e7ad821dbf2f63f33af4c6f89,4f8d57207997595079812ddb9cf6afdd4889253f5bd599887d9ff3ab2a5e156a,True
s07_normal_mean_m160-0913,ffca8f44aecee2d54826d37000033a78,6e00891fdf27dbf2826faa3122995b09ae20aaa55b71c259a65c64bbd2a7e481,True
s07_normal_mean_m160-0914,3068ef8e921b71f51be991a4a3a80be8,d8aa80e734c96bb72dd45ce716de569e744b19908b7db40c5856cab03cac2da7,True
s07_normal_mean_m160-0915,97c32fc36fb248afe5165345e3da6f12,4dfb2aedcbbf895162def8af06202f74c7a83c6f501a82f568fb19d0825f98f9,True
s07_normal_mean_m160-0916,d703af0fd2ce32ef25e3d558a1621db3,bfa9f7f3a7ba9a02a001f199861f19d448aec806d0aad314016af3582127de04,True
s07_normal_mean_m160-0917,ee135d9581648916869dd9a8630831e5,d92a82244cb1e8f109c88d1dc5320c0ea6401a5859fac3f1f21c4b1fcc73a094,True
s07_normal_mean_m160-0918,2f336a475720f27fa972bf686787378a,603cb05379a32b65103ef794941ee7feb558ad56fddf03c26fe4831046d5ef9b,True
s07_normal_mean_m160-0919,33cf536a86085e922becae639fe337f5,325d95f6a4737cb12b52333e49d5c04a837af2e8b20b049b36fdbf91f0478d5b,True
s07_normal_mean_m160-0920,25351aeeae05c8c5486e1b6b21d80833,25384ee7580bf46e97a87624c373dc408a5b21d28972be6d6ecca1f9816115bf,True
s07_normal_mean_m160-0921,df9a9b39fc2a7eb24bb1941a8356ff16,37e85449641e371456580d7068fbffd3c46c2e2df332d74024ec937e113ed7f1,True
s07_normal_mean_m160-0922,ae7b5dd5a74173eb3b443549b139110a,28210c8134b71caec83d61d4fce9d966657ef2159e115d73d5953c6f19725273,True
s07_normal_mean_m160-0923,a6bbdaaf88979fdf68df256c5b03f049,01f1f26896d89bc000c7f616f731dc0bbd80afadad699264113c46ef9d466ef9,True
s07_normal_mean_m160-0924,a09f44c2add204b3a2a7851f22693644,3883935707cd3ee8af1d7dedf4401a9d00203c8a199f8143a553e2f875b4ed9e,True
s07_normal_mean_m160-0925,e16b259272b17bbf427706a8662f4439,b649417ff68f27460d0274870454295c57accc1c0fc380aeb48a560b558ced69,True
s07_normal_mean_m160-0926,7cf10af9c217b21aa8b992d1748f7852,828a09f283a27609cb4a437f3439a4d31f88431de7bba1256ec587626dae5afc,True
s07_normal_mean_m160-0927,36b744dd4c5226e5b8233c558dd53dec,210b4a16f0b366d867f968e85f3bded963887bf0647fc09bd7ad7e0622095497,True
s07_normal_mean_m160-0928,9ccffdcc4e957ccbb73e7b08867fe2fc,63eef0a53aa880da35f285a311c6cc12392368d68c4a6a830e9f0bea001d593c,True
s07_normal_mean_m160-0929,ccc70c0832ecd87a37d22914326e83ef,4470106a362558e7238239bb05ef0a4269037b3f5cacc5a56def3e97b07e1119,True
s07_normal_mean_m160-0930,084246c3f9b9e42e495b7e695f36e23c,85cb1f2cbe84edf3b33223d93c4e3f8984d43f46e5c2431e0abd9f614ad676e9,True
s07_normal_mean_m160-0931,c65d35883632b89643255b91b3043cce,141060d81655c3b49360e95376e46b986de46954f88f59d961ac57342e12a047,True
s07_normal_mean_m160-0932,6103c21b9604fc449aaa0514b21cc175,bc2745137f049e2899c6dae8a39f595a0b52a3fb0a8c15f0a95c41d5c48b1b41,True
s07_normal_mean_m160-0933,e80d7b0036248aae938536597807c94b,a58bdffcba81394794950f5e76567c0848c3f0f5624b3d758cc7c1023b1b3cb9,True
s07_normal_mean_m160-0934,4a895fa3d9e441e039320c85c7bf3169,e73ad28d886195fdb11361d45f2742910c3243e8ca2cc7b22888e41dca6c7d9c,True
s07_normal_mean_m160-0935,5cf62056dbbec2c010e083b62b30e1b3,245ee58abe62f6419b0ef3b81f0c4d73c4d4fc421f8a02f9437a2fde4f250b55,True
s07_normal_mean_m160-0936,d8cbfe883add111cc1ff95e093e26f90,044f50f8dbd67cf41c5fdddeb29fd36bbe1be2c3f86f519b855912c92367408c,True
s07_normal_mean_m160-0937,0f5f8954312984d7a338e1cb6b83df06,f22a89a4efaf53d64edfe9eaae16f54c5c2c7b844f5050fcfabd41ab33a4598e,True
s07_normal_mean_m160-0938,2e4ca9b0d2504f031bcfe8146226141d,d7e5c8c8505ed02f8e1e8f9ae94046cf4ffbb68e7e44631633cd068ec398fd7a,True
s07_normal_mean_m160-0939,cec23ace84cc6dbb3514017594bf200c,d8261495ded3315b79af21876eeba47cd42be14f0e54c2d67b9109bb5a4e78a3,True
s07_normal_mean_m160-0940,4b2277b927b4ad07443078a47e2ce423,cd891c1fbb8664eedff0fa588f75958a4b48845ab81dfaea22028c5d29ad61d2,True
s07_normal_mean_m160-0941,6e4030a6c7ad98dcc037b4ec889205b8,c2042827a7f95fb39f4c14a1acade924bdad88d95cf6338e44c70d020110ac86,True
s07_normal_mean_m160-0942,7a33159dc15f3b862401f4fc20199812,3199d4d39091343574687630ff3fb86d6c051678fe9d564abed7ffb4388c197c,True
s07_normal_mean_m160-0943,94020e3398accd24da0fb876c70b0519,4aceb84f783dee3a1b64a0830c42f0ef7f737190f6edfe3df339b60c7cfecc50,True
s07_normal_mean_m160-0944,fda2d1b5cc6fe4cd37c38133fe15de5b,dc5210bed38cd0f50f9a9030eab899131114834e0e082ce476081792925eaec9,True
s07_normal_mean_m160-0945,db53c4c5dfd7e6dd7494cd94c80a9c68,5372c688f9e54aed4b8ef770ee10554bdc8a0a1e7b260442fb72f0915624087e,True
s07_normal_mean_m160-0946,2c2d5da5c5f4fc8052707e5176237e02,9a0e95af7108a123f2aa511f87396142cb13cf0f9e73ba4f6a214a83d74e2a11,True
s07_normal_mean_m160-0947,9c212329274fb783066f6b8867a5d7bb,ea9d09aeb1a489c5b33ba8ba4c76778bedcc5a8ca748d0a26b54c0ba51e21d3a,True
s07_normal_mean_m160-0948,d7ee8dcf4ec81eb93b7c7f232e44c1a6,69147fe1d39306fc37f8e45d5a612dd3862da110b178a703b1c003aba1cec7b2,True
s07_normal_mean_m160-0949,2bd1779ab7cb07606113681d5b5a7f8b,5e4ca20c8e79c911032010a4bb6ce26d8ea78d31539cd54d235cc6b96492aadb,True
s07_normal_mean_m160-0950,34716917c2221ac9400dc29e7763965b,0e1014c56323187cbb21afd618df7c715d8aa12c4f665e931e439ab07fcb43fb,True
s07_normal_mean_m160-0951,c3ce478f43acac2370a520ea6afceaf6,daadf5f6a89592cc9f409fd00dfd8262a778f4ebc084d42e870b4a5efc3310b9,True
s07_normal_mean_m160-0952,2765e4729baab102833643155c8df19c,58e6c85de16fc59a1e49508ea51a7b6c8f98077f7c5193a40bb51c6bc8cc0d60,True
s07_normal_mean_m160-0953,020a882fb96a2295d3fd47e9bf2d4599,8e80fcf3bea7f7c97d81e78deacd48a0b06f9ce98641f1d6543243e04fe20717,True
s07_normal_mean_m160-0954,e2604cddeb86d50983a7f61aba8385e3,bc846523ef752a9029e1e8908e763c8cbb89d356917013d7418ec4aab0eb45ef,True
s07_normal_mean_m160-0955,3b8af6758888faec5ca00bc07ecad862,df76596889c455dcdf69e57856ab2bd857989f71ecb9d76750c63a4da24e2528,True
s07_normal_mean_m160-0956,5a5e12566865846f243a18b187c1b112,da2a2a99ed7be1d7e4d87aa14875fc9e47ca450b4fc9a8048808c56035baf928,True
s07_normal_mean_m160-0957,bb4d0df30ceb14eaeafac3a275178e34,115641035871e3f53729e5f7e0e0fe448b0eee86a8827a522a05d08f5b3c1a98,True
s07_normal_mean_m160-0958,6b2844a17b4727f8744dda1cf5d08898,6013e234e2611d14847811b8e1b5b2e9122aadeed9deb3faeb720afd729c72f3,True
s07_normal_mean_m160-0959,c11c9dc2ad639bf8a111d03ec53df9fd,19b73794f93966b421b979f1b419e27289018baae59dcb85b81c8a65b6cee03b,True
s07_normal_mean_m160-0960,ca91e9c67b55fde31155f9aaaa1e8704,41316a715d13829667305098095fea09e3b39fb2243a91f5aeb7f73e6aab89c1,True
s07_normal_mean_m160-0961,b1c2548b36e0bdc963df715409a64fdb,2c6bb50cf803e8a2f69e57d26d0d6513c2e0bc02965bbb1f1fb68a03450c8088,True
s07_normal_mean_m160-0962,279c2e5b5ba0b8c8148e75d0515a47fd,ae1787118adfc545be8304a1af94260b6b770b178aaee949f3db5f16ca89a244,True
s07_normal_mean_m160-0963,09e023531a27c6d65de4c3509c62166a,4640564126bf02a20da087ff09e214f0345e04882126c7b244703ded23e644c9,True
s07_normal_mean_m160-0964,83c9b7fcfa11081ab721864855943b7a,dc75fcf751d96d45e3f1c93327169da6ea8ae97e42a137c9255832f6f507c293,True
s07_normal_mean_m160-0965,d257917a5425420a83094566ecc47a98,d24b2d6a3181282eafc224743afbdc01f2ac0a52d9e3f3ca0034824f935f2c0b,True
s07_normal_mean_m160-0966,dc49552bf5e3ec415af3c1a1a6ac5c31,66cbadafcdae75dedb22c8a143c4efd36af36a08804c7427b691cb5859328fb0,True
s07_normal_mean_m160-0967,3af444db677de35707908cc45638427f,d1f72e750c1ad74d4a6b8cf74b5787bfbdddeacec3dd32d042fd16ef654d76c3,True
s07_normal_mean_m160-0968,0a7db67ad95a7dd5e99a0c87315b1726,4ae9ce36867c2128d7b13ee02e6fee0d7b776e2d3ebd2d6f8e2a34f8f2445095,True
s07_normal_mean_m160-0969,7a96319e4a75620cacb89f960ac5b485,6cf31ec51f37d44984fd04f7288c7f139b3327a6e5c153e4695b23d41e2f4aed,True
s07_normal_mean_m160-0970,c1e16afbbfe7abef8d4ec4d375f87739,3a6c3be4426b0dd5bfaf49f79c100a31fbd441e2d1ea6b40f34f2b81bd657b13,True
s07_normal_mean_m160-0971,c92f8cbd4ebc47d1fa1cc2d44d0f0550,aff77d163add91f7a9affd08436d16b9d21ce8781b5f539b31b55a61fb936415,True
s07_normal_mean_m160-0972,091f82bfc4989fa6070ce71a6a8a7052,4623c4a62f113a1d92fbe387f47a546f20c7af096d42fcb361383453534c54dd,True
s07_normal_mean_m160-0973,497dad765daca593a78a6b47b9dcc8a0,005f4c73aeb1c7ca1cd594990c47fb6475fb850f2e893a31d7228f74863b5ea8,True
s07_normal_mean_m160-0974,fec8b38a8514249dc77f07f86c3c0edc,561d664b3ddb92b921033c44d6b4a72d287c367cb039f97628321564f667f32f,True
s07_normal_mean_m160-0975,cc8ab2b68ed3e7608f05227fbaffb624,933f98c15578a350da3c9686143421c0833fbcf82e02588bc9d81892022172e9,True
s07_normal_mean_m160-0976,6eb687d6fc717145869421a9fdc62199,dcfe5e4e8e7f2f047fc0bd85f244bd467fe3d77039176f0a64092c384e8e2ea6,True
s07_normal_mean_m160-0977,731feede63a5c65c75f8f64356b6a9d9,b3e3e855508bdf51b6b6aeb3058647e6c3d5d903acbd80d3948cedc914455fd9,True
s07_normal_mean_m160-0978,3d5d5d4a35d4d9ec6e10b67ebc977a83,1aeedf4103b85ac2fa3f4b8e2f8b5e661a1517ed5968e5c28a4c93b0f65076e0,True
s07_normal_mean_m160-0979,6c2f43511993f8527e5440285249565c,91a25bae440f4c17266a927d636b6acb16ca8b7c9b77176cf0e34b7af15caa18,True
s07_normal_mean_m160-0980,6b8fa5d8abcbbbb676a1c517b71d4684,87a75f764a828ede5148d9105f77ad980c2a76806347d2bcd942fab9b9b2bd62,True
s07_normal_mean_m160-0981,052f9402884891ac49f05794cec38e17,863f53bb0f57d6a6741222198211bdec09d7e5e4719816160777ee1d410390f9,True
s07_normal_mean_m160-0982,cfbfd71bb03d219d5d71969c7fb51c2d,e23cf14e48fe5414a26ecff0d38d3a22d0a8371792131963427d5e01ee952be7,True
s07_normal_mean_m160-0983,51b60c933f3b74eefcedb421e317bf8a,35e408762908fbf6fb224d1ac596febee0f47fb8320032a25a6872997381444e,True
s07_normal_mean_m160-0984,980f89e5049f37434ec27eceaa0bb82a,1d8d32b740b755779e454f38cba745706e499d88fe384c151cb3f34a4c046a5f,True
s07_normal_mean_m160-0985,09e1dc32097d098af60f0bc1d1348071,f1f4071a69a139fff23094492c47dbdde99e253d811d80e976846ffcc2c0eb6c,True
s07_normal_mean_m160-0986,6ad050aae95c70a41c0dcd31a364ae28,6f8f463a9cdb1bd564543904c4cfa74e43dcbab74591763634f0ea157f585e61,True
s07_normal_mean_m160-0987,2612b054f3ad55353dbc29b067d6c10b,e4c1aa67e62af18598ec00b2f04de11835e0ec85300134167c9f7dca5f339580,True
s07_normal_mean_m160-0988,933aca6d02e93dbf4e1fa92246960ef6,72a072400f7a028847029e827dc12979fe34b3890c99505faa98a2b12b293003,True
s07_normal_mean_m160-0989,0db3dedd2995a8e0db26f9a944de93a2,131a3fd615ff9b36742265ad6ee1a4eb88952b99217d6b7ce2cc3defad0aba36,True
s07_normal_mean_m160-0990,71d9263396986f2aea835acd5082b994,d215a4c3b5f3643c50de2238a3f54da0ef0ce01ee75fa8c8b12bb8be83b399bc,True
s07_normal_mean_m160-0991,cfef5785536d5e5604d4bf8a3941e991,701a8bee08e7297b0b7a97982d81efb91e1a8259b2cf849ac4e7a7ae66f9ca9b,True
s07_normal_mean_m160-0992,77eab15cb76b6b5051d8b3a2884e118a,21d395d95fe2007456985e0dc1103d15bd146ae4820c04f7bc3a165a2e160002,True
s07_normal_mean_m160-0993,7046fd226a639a412887095c548d66b9,023ef995d479eef4f099db1943716a5e0ea73ffec910f8df40dda4d70feb748e,True
s07_normal_mean_m160-0994,74e3ed3d54cbb65007f358be1adb388b,09ebe20a5862a9f1094b68f43861099dc35c47f95b6f3d5fe92fd2aa5057cdd6,True
s07_normal_mean_m160-0995,90d1b5b26fc46ea17e8cc679d785b367,6cc8ca5f7f8351276be7e9f62f331ea496c9f324a598403eae4f9e0bd8dfc650,True
s07_normal_mean_m160-0996,e9356f0d3858e7da227f5f139b8e8209,2138f71534d36bd16b4c9ca098b5e84b50483ce462bbc229fe5cbac3d6211168,True
s07_normal_mean_m160-0997,50cec365876ada253bddec5f09c8cbcd,44aec05579ce98a0bd96e3a949820c344dec2b75c9385b023cbcfa4aea0131c6,True
s07_normal_mean_m160-0998,773ae70e3b76d79d1dd64a5056355224,f75f2dda097939c555b08a9bb107574224251e4daccf9f92c874e3494b855edf,True
s07_normal_mean_m160-0999,2a3d0e00cd106eb3c4fd00ebf1b588b5,2b9ed9679ffa2eabaa546601f9c71f223f03bb2d7068705c00149c05ec25f466,True
s07_normal_mean_m160-1000,4182421a54489516af8050f17bcd50d0,890926bd4693a56a4a56ae9d12177286f3adaaee93eecf79608bab5f41c22a03,True
s07_normal_mean_m160-1001,2182639c70c2d4af885b875549cdf0aa,817f896d929d6305adf160e19783f14436706874cf59d3fe6f3a65e83cc2f49c,True
s07_normal_mean_m160-1002,16e0be271eeaf37cc5010485e93b04dd,510ed3b64decc9a313098217d881616af3da3576627227c55db3507a211e9407,True
s07_normal_mean_m160-1003,04b6c5ed77b3c5aade1dea7ad2f9313d,490e6d2b8e2638ffa3c6986cd86a2ef83ddb316f975a71f11a3fc3279838c777,True
s07_normal_mean_m160-1004,7515a765bfb9e247fe5d8ccf497e5617,0bd547546b2605c96d9521d8fcf6ddde139abd1f29bd79d0ed8da5d651643deb,True
s07_normal_mean_m160-1005,3c696a2051ee6e77e621590bff1e0996,f9e7def4579fb207058da5d0f9af7e25dbeb404337af1cc43f98527212d05ec3,True
s07_normal_mean_m160-1006,f8ba4103460268c99dd65e737697049e,eca49105676d78f19a207229cd57a8b921276f2148f7c8e5b0b533e66d39baa8,True
s07_normal_mean_m160-1007,948733f565186a0b0ea384bc709f2881,16d2fc6bf4018cc2d8d2207913e720cc2f325ffca9fa03382ecea8c21d53d76d,True
s07_normal_mean_m160-1008,960d87204de05f91688eac2ab0f74dd3,b90af0f054f5b3494ac92f634330aabd2ca8aa495b1394eb5af7ee7fc0e221a0,True
s07_normal_mean_m160-1009,44fda30fcd62876ad20f05e363b41f16,a23d450ddcd1c620e02829290c397201aceefdb61ec7eeb86478124569fc27a3,True
s07_normal_mean_m160-1010,6e1c011541bcde75b5b043c4084a1c5a,6cecc900cebd926dbddc3ace2d40f2ff988432bf63ec65f37518e2871223f00b,True
s07_normal_mean_m160-1011,6405e1db2099c8bcb042b07e61fbb366,5a371f743357fd5de773b72f7579f530eb150a8d906f261cfc49468812ae070a,True
s07_normal_mean_m160-1012,18959613057e32c71c8e748a89a17eef,08f9e6f26a375ff519cb96ec7f220d7afac1eaff1b14b7f477857401bab0b521,True
s07_normal_mean_m160-1013,7d7ae299d68362d826c7aac34d39ea06,b0bc4d7401d25179e8070646199215a1ff9d5e5b5036427d434691baf4619417,True
s07_normal_mean_m160-1014,8a01245d919113e234d8d495cb35eef6,fdc497c1c6c55d065035c92c9ce56f898a37cf801216d7391dca553025b6a6f3,True
s07_normal_mean_m160-1015,fe5e1d9b3800de624add37fcbd312569,d5b403ee7b611ebf398dc5bd2d2cfd084344f9736462964d99c47e7a7287eb4f,True
s07_normal_mean_m160-1016,752d22f4c43b7797e9630b73b1d18763,eb9906ed9350ab6a99d5fbf8a371a681e1d8d95b7662f50418747e2c10fd17bd,True
s07_normal_mean_m160-1017,55c682f77f25f035cab6dab7ef079519,80b7e286635755b324aeefad98e4f01b683d46f258f9c2de3edb3e673f2605b8,True
s07_normal_mean_m160-1018,dd2c8bb9e458b3b291f7e848ba2f01a8,758630ed29ea789e0e6428eda0edc0f0fc3120f5cfb0afc559bb960cd0f1604c,True
s07_normal_mean_m160-1019,fb289b38786e455b6b5084039e5cf786,d775db0355c16f457e81bf9ecdeaabec3b433830fca655427da5e81bf6f66e9a,True
s07_normal_mean_m160-1020,bb215bdd41956b1bd440e644e16ff56a,3041cd4676641b1f75be7c20673a5a87f971f8a93dab4611303ca33e39bf583d,True
s07_normal_mean_m160-1021,18ec50aaeab18ef5771e549715bbaefd,e10b4b74d81f2a862707859d607bcd08d5b817794f7f113633d6f47dc6c6d531,True
s07_normal_mean_m160-1022,07f783ccb5c6338a81b22e19845b5a4d,b2f2db4af58e7221870e4fa80ea9e3105cf0fbc9fa39eb1ce858ada0a3f042dd,True
s07_normal_mean_m160-1023,9d48de4ba39a255d2b603c2820280754,0529fed2ace3a5c9ac1a842a4644635bccb9fa859b7e41ee989b0651c7cd0eae,True
s07_normal_mean_m160-1024,b0dea6473c6cdfd2f4ecc65eeca124c3,19ef5b3bc8610dab8e1194c9165e14fe9fe647dacbae9c9ed66b734177229c26,True
s07_normal_mean_m160-1025,7950527de73dec94f353045125067d96,13df1597b946fd069c2327476de4c472896e38c419aa72aadf2eafd32cb320ae,True
s07_normal_mean_m160-1026,2cc2e0d91b4ec32bd28d92bbf6ddd771,55452be626b06068f6b7685d5693d7134aced71dba1e52ba79428e5f47b70f7e,True
s07_normal_mean_m160-1027,e9b64a484a6dd481b330beb317810bd3,aa3a1be1a74fc20f3933f52b454254db3e20efc68cc77c1f88797e85e40b4acf,True
s07_normal_mean_m160-1028,ab535ef5fedbf50d37786da8e9ab4280,6fd2b9ebb938411f95de4ff607ad50a2b2cdbd5d77582a42f334664f3bcd68e4,True
s07_normal_mean_m160-1029,83963887266d267ecf9f0c91688c8607,999cf179a648af0ae6a95bc9431c436afda4d51b159f8d1e737b5026a323842a,True
s07_normal_mean_m160-1030,bc81ea68d6f91772f43ea7b0dcee60d2,c5e9fd13923748dc2e11ddf1a2698ddfcde806d2690c9b912a18f56ecb1b2ea3,True
s07_normal_mean_m160-1031,8330377885791be9b0419e535f186ed7,df23655345affb8497db797c5aacc437c5f76b94569df7fcc49851c7de5ec24a,True
s07_normal_mean_m160-1032,57ba5b4da70bc154b3e7bf82584c5ff8,2bfcd18cc8d21e026464f4cbeee3e6d6715801f32330a4db3493a9476cc39608,True
s07_normal_mean_m160-1033,88370b59dacbcef1fc75b3a6e9706479,dc87b75c3d378e3c9c5b8d5cda20da40b115df62a946552b9ccec7b6c48bf7d0,True
s07_normal_mean_m160-1034,ea905cc736f1fe419ce469f71fe2c18e,61ea5075fa6621cd45343ad5c6cd46c8766b4556ebca83def8877a79f0d4a0f1,True
s07_normal_mean_m160-1035,ee9b32095e23545ba20d6fb65d9d8c78,c5d5c4aa8284b24386655898a508d36b630b35ef7c928b6d137656360ea77999,True
s07_normal_mean_m160-1036,09989769184f6845ec2fb6646a497ad4,5bc8c68e1655f653a766360c2f5bf4ad057cb0fba6119864acc2f0d6c830d850,True
s07_normal_mean_m160-1037,f4e6805390086b4bebb5b2637d7146dd,e4d3f43ac79c38af952670c96b16fa7063393e19d718088180683c22cc8dd5bb,True
s07_normal_mean_m160-1038,c9e44064775f8676b5c4c0290552eb11,c0ebcc4b88c2d6208e5720790602c912cb673ed6aca495f304f91db0b6367f90,True
s07_normal_mean_m160-1039,c16f3f536200acab74121df11b05082e,c3cf00e33d0fc8a0debfdbe35ccb89f86be69d32e30cab28b51933928b13c0e2,True
s07_normal_mean_m160-1040,77060fce0f3d429efa02b0cf4abc90f3,b32c3d75431526da0dbf64c0948d3e59e30a79d1eab5d93d31ddcebfffec2816,True
s07_normal_mean_m160-1041,92988c34aa8469ac506100ce99581008,f4376cc04aab86d33c7273de0580e0002b441aeadef72711e120d82b72d38778,True
s07_normal_mean_m160-1042,76523fa95ab7a76397d2b47e49f333ca,e7fe7995d0c076968a1ed66be82a69f419c0cdbf37ab16f107d7c3bcb669c286,True
s07_normal_mean_m160-1043,58a201a54b7fe6c263cf4128ce3e51d3,b4cb410def7cd66ed23fbfa8e86a5162bd28484cd3a75f8d3bc578df83af635c,True
s07_normal_mean_m160-1044,9aaf68f4f92691b011592c80d9a55f08,d59a3bb1e63f4f9dd3f468607d2ac9e35718dbd1663fb49e09081c883c0b679a,True
s07_normal_mean_m160-1045,87fdb6b029a7416daf0a69aaa02a1a96,740f90668f538e967c0e6c89077082c066a959c027d9c185f30702587875ca0a,True
s07_normal_mean_m160-1046,0cdd7daeac02454e0547d7e312d43ed3,aa7046396a930ba520fe7bbecd6dd1527155a2cba0022ae8e5b992e3dbed5a7c,True
s07_normal_mean_m160-1047,db7a9ec28615692e93a2094857332ee0,c818f9357488ce3d0a4d85d79ebda259287652a32b41d741a396a5d6df6513b8,True
s07_normal_mean_m160-1048,8f470aaf5ec65d1f0ad4925a629f79eb,d64e6abcf30fd40c7dc3451e897f4891f19a35fff8231ba01509f6be9f4ed548,True
s07_normal_mean_m160-1049,3f2787a20b0aa18671942186a5485c94,d1024c29967d7d49d06f6034ac9477a3f248aca9515e725540735376ff74655f,True
s07_normal_mean_m160-1050,75cfd14141e6bbce5fa4e1ae1a0833d9,f17beacf4d5bbd1d76a3fb1c4309f15433f69119ec71b43b333dbdd585f5371c,True
s07_normal_mean_m160-1051,60bdfd566b58d3a3464bdc1dc25b7889,0b3005534708ca3f4b2336a0079dab9b5f492858c5ffda1eacf1724c4476b57e,True
s07_normal_mean_m160-1052,dfe459b17d7a1b29ccda235f25c315c6,631f54743d62fc6a274bfe0f36a7dfde18796ca4192455bf5de61828ee26f593,True
s07_normal_mean_m160-1053,3bc3d28eb626d7444e2380cc3863fa78,85ae355e8f83c42c6bcf70d56ccf5560f8641d210fb5faf1a9d53103dd5930f6,True
s07_normal_mean_m160-1054,9816845396077478aa98ef16bf12af40,dc0103098e16345558a575f2938471c9a3376ae65309618e57a7261ce61ee7ac,True
s07_normal_mean_m160-1055,191ed611655ec186ae95b28b9f3e9a1d,d9909c7743b1d24c991a080d35b298f111e4fe028c0b77410b905a6269967e4f,True
s07_normal_mean_m160-1056,6d399103b9b2329173732db5449d505f,0abb59c9716b7e389858dfa02a72651ad5c88b450b44f34d77499018207dac4a,True
s07_normal_mean_m160-1057,5acf0a71f57370e21ed0503490cac6fa,de3e38a8bb0db2699c6a3844f095369d98d6b1485a6f78d46332df3613030497,True
s07_normal_mean_m160-1058,c6d07c8560942665cac707577155d3d7,7481eec4a30d3e9711f5c326f39efc4f8738405bd63741539310d741c3e54517,True
s07_normal_mean_m160-1059,a134ac399b2dfecf913821e6a08d9526,d1a5e14fd157dd2533cf9733d5edc5927fdb01843e045bce0639b387fd2ef732,True
s07_normal_mean_m160-1060,72ae71fd28e900d1a7c1122fb9b1a0bc,3d15441eae9be9eb21c18227929ee1b0def249bc020d5624a183d1bf83e01d45,True
s07_normal_mean_m160-1061,047db0121dc83d83c566b19d00b7cc29,9e28ceaa5977b89f0e3633ed1e075f103d136a3f84bce58a42eab71a832efaee,True
s07_normal_mean_m160-1062,1323515be1efc14901deaa58ada16a85,6d5c8785964635f0d84c60d334c8470f738f78e9028466283cefa7f583335b6b,True
s07_normal_mean_m160-1063,0d1259c10a9dbf39c323661849ddbb8a,603e385e27e3fd87756e3234a55a251d699ecfeb6c77fac77c3e1ba7e503b9a0,True
s07_normal_mean_m160-1064,56cb520d14fa33d69f9fb36e4a8a65ce,1c52eb241ca5d95eb61c63e46cae65ce4e480d4aab0ad8a244ede10207aadd51,True
s07_normal_mean_m160-1065,641e8b5980c85fdc3f59f496f40007c7,2fae98779682fa135878d6908cfd688e8382c26ae0179ff44f4728589c4ce597,True
s07_normal_mean_m160-1066,91c54a61c14ca1c540cf1f65806c43ab,0c9df510ed6c85b0f2448288554fe7215fdb82001173e8c4b1062c6988b3e992,True
s07_normal_mean_m160-1067,72305c51b9bc0d03469d83e0df1f079c,3d51eb196a298c3d34b36c39c108b7ee34eaf1d586c9d24d950594a90c69ce6e,True
s07_normal_mean_m160-1068,4bb823d0a15596f692d2ec4dade2cc58,306447cceb8cf26d5ed3c53bffbb7149e6c0582a7acc0b617c1f20a4a25cb661,True
s07_normal_mean_m160-1069,f4aa7f3d402a5b3699712209c59fe53a,e867ce0281f6732122f267306bcb51ed42c84efd362da67a6d4159c61cda0c1c,True
s07_normal_mean_m160-1070,214f12ba54449dc69446a69b654c9bde,9aec144bc4e8850f67e2c9843ac1052bed987bed8b6ab9150338b2ea9905d853,True
s07_normal_mean_m160-1071,b797bd1d681c612f6f33218f238e7a97,67a0695d1ac11f7f7777b6e2773bd9729a23954908d19bc5f7624c984482b4ef,True
s07_normal_mean_m160-1072,474cb23b8994c187c34eccd85f13b48e,2aa9614c46b3473e952dd94e53fb5c63e6682fbead3d748a5f64d4008a958312,True
s07_normal_mean_m160-1073,8dbfb7063a3568a2ba49aa1aa7f4cf16,4a1f155213ae4a2d54ca75b348a58be2b8bb44da42e2f6be386d6c5c8c443a7f,True
s07_normal_mean_m160-1074,3dda50c067b3fd153ca01a9021e3eb55,403efffb005b90120752b276cf4c23466f02186ae782c29388172a0c3e99f79c,True
s07_normal_mean_m160-1075,ae26ce217235d410fde7b55aafe1a1ed,14ea78e6ba7c6ddfe36cfcdfbfedb0b3c90ee92316d3c4ffdf31a9c6a0f7ab6c,True
s07_normal_mean_m160-1076,613034e4e7796ebd39e3b78a98c63088,8d84e873347942a829f244385c623f1c2269969ed3abab43c9b68932f83210a3,True
s07_normal_mean_m160-1077,f89e454045a86469fcb3353a3eb70c4a,e060a969a05440be72f1b8c3b0d34f7c6067f52af466502af2d2f50d8e5cbb62,True
s07_normal_mean_m160-1078,d9e90fb2d76a1fa448809821c5415113,17a90400ed3e5a8f6f13ecfe0f952119b6235c042a42d904f103e1c83458aef8,True
s07_normal_mean_m160-1079,8ca6863fc27a64c49d650eae5ece72d8,cf6ffeb845562bdc9e077c38a7784da7b2ad9ee088279130fb46684fe0802b7b,True
s07_normal_mean_m160-1080,158a8e28ef1f9a3e044e27513d4130bf,6cfdbeb8d5574750fcf43a1ab35013c4553a6925b27694a26ab95b6957389758,True
s07_normal_mean_m160-1081,faaada6e7966a280b9d56561f15398c9,ca9424c94907dbbd05d38aab6abcfb36725c4a32f13aee0b90be746b4f1a0a2f,True
s07_normal_mean_m160-1082,749798444b2c0c64dbd1dd033bdb4da0,cda211f93bcea22cac595e1857085ca9a73a5e9a7f5e740b37010281ae560dff,True
s07_normal_mean_m160-1083,2fdf04c2d9975ca8912e97b8ecebb5dc,22ea436f37e3f3153397a722423c1e861fa1843e8077876cc72fce9ee22963c2,True
s07_normal_mean_m160-1084,99c96e69ae0b754b6bde15d0ecb1488d,4aaec705e76d761594d4501b84e02a8a2dadee215332963eaadecd89f0bc8786,True
s07_normal_mean_m160-1085,2e40e5255da8910f6d0913bd7c78634e,d361be1e7eb93729b2d11a5636453964dfd3e163c08b8857f6e797982ae86f92,True
s07_normal_mean_m160-1086,bd08a882ce11174d5826ea009400d836,31efa88aff167b96ab768e160a5a3095d37fae35ba7c4649bd78e101ae06223d,True
s07_normal_mean_m160-1087,80f0e115b2c4193a79f3569b885d99eb,871a1611df30e28a1496f1184217647123a9fa42e158ebb98a2c9d97dd830d72,True
s07_normal_mean_m160-1088,7004f660209cc98059d259fb72a5552f,366f9c841bed5b04dbff1793c4347bb63a9fbed4c4063cdc8851c01cd3c5cb8b,True
s07_normal_mean_m160-1089,f615d3e1ce731340510b90314ae21757,05e3074b4aedb890db91694b4c48c4ee62ec58fd77ed986b1006c7bdcd5a77d1,True
s07_normal_mean_m160-1090,6f137998085f846c06da316bedb6defb,dc7ee52f200308239747a68b243d63d4f180a4c9343cf5e48d52277209be51bc,True
s07_normal_mean_m160-1091,e4a28a0d47f5690cf83c76a04ee41a4c,55e98283dff756a46de1d7eeb41902d88a2c48a45019e4321763882505274240,True
s07_normal_mean_m160-1092,9594c723123ca2910b2c1b0788a79d85,96a02874f2a2a64358645d99c159b4c57d9b89788c65e3af2ecae3a27ca74532,True
s07_normal_mean_m160-1093,16d588283a9db919d2fff94e98406a2a,6437afc76b23580af2157384c46994cffbf48653b6863d3924fa6bb9b11f9a48,True
s07_normal_mean_m160-1094,dc0489cba54312c223611c982a45e1cc,7f4b2b484bbc8520b8f5de44de7009ce9f5ab62a450fa7a3750e419a35192c0f,True
s07_normal_mean_m160-1095,269c32c583a39e2ceeedc6686740bd4e,0da8187fdcf94584825a39d17e56f2c9cc982715254275c7e8cf9ee6e5f20dca,True
s07_normal_mean_m160-1096,b0db287cf5c18070096775e668f0b6ce,64453eca21606b97fe6298d03ef2e0440c6558cd5b2876f2e0054ca22add50e6,True
s07_normal_mean_m160-1097,2d8eedfd50c8d43a1490deda45717baf,b71c91b9b5bb00b51bc41e2f4ee25ae87a13e5fc3446e5df25e544aa6b9073ac,True
s07_normal_mean_m160-1098,30f4ce26dbd493c8cad100707a0746fc,266097843691e00ba2cf1f8a54d692bdfbbf195bb5ed328a6a00939c1a7c98ba,True
s07_normal_mean_m160-1099,0dbe08b4dcc3cdcd81e05e44961078f7,7a139253da4ce9fd820de2ffbfaa7d2474016548ae8b65b413252d69d48179d0,True
s07_normal_mean_m160-1100,7bc9ec3495b288cba2b29af91d3f9373,5b7529dd25ada40724a3562933dc33709e3eae39bc6685dc94c1510c81be5c43,True
s07_normal_mean_m160-1101,4541bc74d192927867ca3a4f4cd0314f,f0e642420974732139777e0d00fb44327f60251e67b78c413cd4c2a7810a6a6f,True
s07_normal_mean_m160-1102,097b3e2ad30bad1a77de9283ad09730d,e95263a5374ff8f5db3d563bc081da5b4377294b7e417067c5f96a049d4f1768,True
s07_normal_mean_m160-1103,d51b0f9a65608a1aa7bd73ecf922d528,c7381e552b29064aeb3b2bf5e8dc96ae66385b1e7908366a96f971b5ce7fd18d,True
s07_normal_mean_m160-1104,ece87c12225c3c9d7b95f40c1b1ebd8b,d5285790cca663a6be0a1f77a8a383c05afa2221a8c4914747bd2a3fd9860338,True
s07_normal_mean_m160-1105,2527416bff106493a29ac70875e9b612,02b48835237ee21c74accfe8c0d1384e07ddd6866ba99dd348984b69f80b3c31,True
s07_normal_mean_m160-1106,562b1d980c38e7a029c29a3343734074,a0815bd896130ae1bd7440f1f333bfe7a81d1ed7af382cbcd55f80ba9ae03c77,True
s07_normal_mean_m160-1107,d09770da801277028c3a6c4feec275f7,179d703cd1f07bc8e5480dc7092b95abcdad4447ce1e245f0438232ec175b14b,True
s07_normal_mean_m160-1108,338f311f5a9e3a3ba123fdc9b74899e7,480c7f0c43f16314a3eeda0b4a516fac673576276f0bfbfdd1f96d60b28277eb,True
s07_normal_mean_m160-1109,2b9a4838277cc49c1b1a3eee5f10e9d6,1454bddb6aeb5fd5f26ac5d15580d9b446404f966057e49ea300b7e6f0ff64ac,True
s07_normal_mean_m160-1110,5733205821d32ddeba2a8f49adca58a4,8929b531d3f13ca5f97084cb51249d05fffb97572665cdc11c20fd020dbe87cd,True
s07_normal_mean_m160-1111,85ada3bbf17b09aa34206f2b71cdcc33,06326d5f687355f1ac53b583eb2fc4858f73d9ef8f52982ca81704e2bd36bb19,True
s07_normal_mean_m160-1112,a1618c17e4f5eae213b438125c861cec,befcaf547344bca648a3b74cc452a14de712c1b8570142c2b2da7c0be37563e8,True
s07_normal_mean_m160-1113,ee125f50f779c24d02df86ceecabd01a,8aa5626fa6b20719ed68d3a64cb0b54b2ae846ae19ece81104e0cd646952bb0e,True
s07_normal_mean_m160-1114,123f7f8f5922ca4dd7b0033664e7021a,99c3bc741c72f9a59339037e689c23c1e395c750ef91ca679049a6e1f0eaea7e,True
s07_normal_mean_m160-1115,a1e06e80c3563debb2ea2a62a344f13b,e984cfe7bd606f373520db632d290082626b27324c2dc581931ed04b84d87efc,True
s07_normal_mean_m160-1116,4c5bf432e91669dafdaa13dde5355deb,d5e6944643e50ef5781f5a438bc3f756f81cc930401ace771cc6d3f93029b5d1,True
s07_normal_mean_m160-1117,84d6d10f3d5362b0b1ade8c3ed57d992,b87552f90e33134e475994c67d86dab717a9fe16d1716fed2cf9a5d9d53aec10,True
s07_normal_mean_m160-1118,9b32cdfde6b784e73e4c6cbdbc6f0cdf,4448e46b6e561327a0d59774912f2db2512e7ff53ee8eab75d12c7498dfbeb3d,True
s07_normal_mean_m160-1119,750777b743dcbfd52292408ca83a8b1d,bef804c9edcb3d8db77b511e1d50e0b2adf03bba7a457a1c73f61ec36fcdb3a9,True
s07_normal_mean_m160-1120,1cda973ce3e99f53d5b9a7a3359964aa,c2983a89f78950fbc847d45f311bc62e27e5da1dfcca41b1b3e41e4e6df54fe2,True
s07_normal_mean_m160-1121,54240fe9e878534b85a7f61484da35f8,571fe5d1f5da55b56bd382da5b10e4f98c6975f612571e016e258de5896317e0,True
s07_normal_mean_m160-1122,e240246d96e76c9fabc043c2a64aa748,f577a7e1e97bbe4c6d9f824987a31995fb54bddb7310228d6498cca16d6af247,True
s07_normal_mean_m160-1123,4005381c11813c6d87f1a05c0438afc5,5d2b065419dc5bec946c7085d5754bb756ca6a7afce093ef619a377b8b613380,True
s07_normal_mean_m160-1124,749e35ff1f8ed4e625990cb094649824,eacc4fda62e3ca83d89c5ec23b925742098ba392dcb68271c9d1b64d65fb6959,True
s07_normal_mean_m160-1125,d1dcca10d19c49010143d11fcdc5cf68,8a1c913415f401ddcc4c48fa54e9e182cbe43f102f166a09d8d37b94eb76671e,True
s07_normal_mean_m160-1126,130cd84c16904c1a1199f3be771ee57e,a522e562fdaf7e50e8a0fa4324d1aa68d9f21e0dbebcd6be1c0d7e833224f157,True
s07_normal_mean_m160-1127,37c89485f6fb3ec6ea0c2df29029b26c,e3f61002d8b5030088e037edc5ec95e3c06099407db145749da85f74b95e4cb1,True
s07_normal_mean_m160-1128,928945222dcc4817c3698cee3be1f521,7bbaa03c018f301c30e58eec46c4fc37ff5c3aee5fd244a1d6f11265b4ea8d4a,True
s07_normal_mean_m160-1129,441cdbd265b3cc258bbe7a5be8e43342,9d1092738e75949914fcf66cadab4620c6261893fbd586f33f768cac80b30f99,True
s07_normal_mean_m160-1130,92667da36fde6bb89498e06e16efea67,c8be5288dc0171cfbcb0524300411722dc25b9ff4387e078ae0dbd1940dfd713,True
s07_normal_mean_m160-1131,c6f7c72990ab375439a5a4d0951ece3d,6689d7b66c03d43191acc49998902debdd3cb595701002b398fe39547f058e50,True
s07_normal_mean_m160-1132,0a8632797f5b290b3950427bbab0de73,ed1c30922dbdd168b3802a99786ae1f2600ce1649346a838918be846325499af,True
s07_normal_mean_m160-1133,606cd31068f402798a3baaddd428a03f,bccaf86644a205aaeef57796eee7720bf0e92efc6a55ae9e9f96a53c7549307d,True
s07_normal_mean_m160-1134,f1a517b40b84010e18bf7649aae6a5a2,5c6a1a79eff0784ad8bee69b54874e88cb455475bc35ecfa3a2709c5ec005b0d,True
s07_normal_mean_m160-1135,9284c37280c54436edfb272de58fce97,48c71614f318752f4e8b158dd1848f5161f74af8908fbbcfa875ce132a3fcba1,True
s07_normal_mean_m160-1136,4a758487fb58115f2fb0a35164e6b150,7f915f2926ad19975e5d75f1e2d648b87eeb96cb6d398db6d8ae9baa3553a94e,True
s07_normal_mean_m160-1137,c64eebf966ec0f1cf3e3dab215c67088,3f10eadd25a59789d8b2a0b0c31abcfd32143526d7f38096eabea9f429c3543b,True
s07_normal_mean_m160-1138,cc39d3b794f7bc3fee97d811a6196f7a,9d2d13a098be95bea0671afa24e190c5fa480a68a20f943847b805aafa54295d,True
s07_normal_mean_m160-1139,2da543bd0f800e9880dc2859b82edb5e,014a8674d343081bef862af61c4fe4ea77fb0e9b9b6cbad3a71d469a06225270,True
s07_normal_mean_m160-1140,7f6c45a8596c3418820dae924b079581,1f7f75186e6d9d5f6853c226f07146ddb16d537b2b6c04cbd95c4efa8d937ccd,True
s07_normal_mean_m160-1141,45d01545971e05ad78aa8e0ec3729bb6,bdc3eb92723c744e4e0b090f76149f8a4a7d9e9b165befd8d5985641c94ef98a,True
s07_normal_mean_m160-1142,3ce5c9203797233e26f8a7c3b0db6c0d,b215d12d10f48499a50881c1af9bf3b6694cd87bfca5987409c468c2268e6bff,True
s07_normal_mean_m160-1143,8c2da331af4b532fc7a7fc3f75c4c60e,57059c3299a8f03026c8c58938a9085992e189c342d324b89dea1ccd478f463a,True
s07_normal_mean_m160-1144,c17f31ab5973fa867e1bb49045c5cfef,f86f8ced0b02e0f86a7f145686b2ca2d9b1d42c109561d65a1a255a44112b3e8,True
s07_normal_mean_m160-1145,8ded81a091d542dc6ef59ff214f5620f,4638604dac3b85a1d99dc6a385fb1c0e8663b9e39018107455e1db7992db45be,True
s07_normal_mean_m160-1146,0ac68c034a7d87d64b49459b450bca8c,b0cd6a49b1a087074dbfdcce73b60212f0e6037e965b939523873d5829e6c7db,True
s07_normal_mean_m160-1147,816fd3fe2c1488d5dfc5391b2bcea62e,0658290e1bc6142c24d68f1dd9710dcfa833ecb0213eee45ab0bbdd8052a856a,True
s07_normal_mean_m160-1148,73fc6109d5b4752439fe4ad650db06fd,7c7378f961be3a8336e4d28bb550c75a4e54f953d2db7fb0664c42f1913082bc,True
s07_normal_mean_m160-1149,b10d4d27768f73f44033e5b9118275b1,82fa4716c72c3fb8828d4fd742b8f2bd00c3912e3bb9ab8e9f9743091de2b826,True
s07_normal_mean_m160-1150,311f0c61b720f647d545f597da472ad3,d7b4114012f6d8c0fe086701d6b12670a86a945f53bf6efdf3c9db4fb8cace08,True
s07_normal_mean_m160-1151,179b804f61fb92962dea376fa460d630,916d910c8837f284b657f1a93aeb428e4e7090af95f814d81d52d0436b25b93c,True
s07_normal_mean_m160-1152,98ef5282ad36cabf9e400dfd2aeea7a5,8056b6a93270c1b3c7da12d811c067820dbd191b56bd1d43d0928438889b51e0,True
s07_normal_mean_m160-1153,41ce641657d066bc5289c8e58bf7f7b4,5bc7da505f179da0f499168161b7ec3cb51d80031c872d61cd23d1a59e5e46d5,True
s07_normal_mean_m160-1154,632cd2dfaf5a7b08c258844fd1b5ab45,9fb797326bd8eef16e796df7b7f3d9b567538d6eafd206beac0ca236f0e6bb81,True
s07_normal_mean_m160-1155,36d9b91d4697d079faabdb9d8d1b717b,32d10eafb9bd450db5b908831861548eed6b9822ae26959c4736aa573a1fcf0b,True
s07_normal_mean_m160-1156,ac2ffa951c1a4d240327675f3419863a,a76dccd982852207bed4d2b0b97f2097b0290ff8393d1cb83db5dea5e288552f,True
s07_normal_mean_m160-1157,cfe81ee35acb14b6dc1baf0a7cd62280,a9cc9fd0d5ff8dc6ab17376739aec75c34f6339998fb89c5a72896234cebf577,True
s07_normal_mean_m160-1158,c49db37122d6dd2c9dc8f0aa20b85faf,9b6c4e24fdbee2b0a52a36cf36b900b47ed1a3d20c77dd5e013ad737f7392160,True
s07_normal_mean_m160-1159,d5dad1f952cac5b875196efbf8978afb,9e5d4c2f7feaed307142637d3a49ac5d13ad19cfeab67ccbe0519ec6f9ecd20e,True
s07_normal_mean_m160-1160,bcaa9440189aed303bf263930bb70361,a376d86a4a4397e0aad48d5b38e1c4e1fd401d8b648a73ff9163d5e9930bc0c1,True
s07_normal_mean_m160-1161,a84c3532fd2a1d178309a1f128604a39,d75ad45951fd4c316baece145e0845a3725dd9ef1c440266668a4fd52bad5891,True
s07_normal_mean_m160-1162,b9d0bf55d5a4c28e8b8fe5023f7204d8,0f029663e06ecdafec8a4f7df11292bece305f8acc0ab775f5f20d59d535ac19,True
s07_normal_mean_m160-1163,cd3f75690c0028d72115ed0fb023fe88,e7195e3054a61d63e91a85edf274636097bcad8119d13a403f5c570c68d70c4f,True
s07_normal_mean_m160-1164,b39eca3ec3c94b7bb2b6f7bbe7188357,e52cb4fa57c09e5cf790526d41bc6ba242eb3f98b25a689f718b9e02828df9f7,True
s07_normal_mean_m160-1165,8d358172e55274a717d72340b6829581,531ffec5bcd327791d12d3abe51a364b53bda1c155a648177bd619f4cc8498fd,True
s07_normal_mean_m160-1166,f5e0c8953eadd98fb7343005a47d3589,1e541ad09bfc9196c333a236c5d477e26d252a32474a300c1cc81dbfb6b63c96,True
s07_normal_mean_m160-1167,6a35e7ce9e5ac49c8dd7edb3e4bdd590,7bcc514f9febdccf6b11f33c49dc40ebd97a8ee0916af28af4836820e795277c,True
s07_normal_mean_m160-1168,ec829b3514615ccbf95df53451687058,d930ca1a34caef3f99e9bc44581845ccff8b10bbe7e37f6d1334137527caf84e,True
s07_normal_mean_m160-1169,10f92717ed88e5e99ea847853510dfcb,ff6a4396a6604953789e508aa0646d7f876ac0a7d22875220ab5bf6b7acbc39f,True
s07_normal_mean_m160-1170,a73c8ec6eb43b340af0d5e04a1912784,39c204bf41c48e1a3f10d6ec67339033639aa8c677c5131674e3c364611ef7ec,True
s07_normal_mean_m160-1171,424a6f32204646c0979f77cef596c7bf,27c3d9977cf791aa9b37b590e3926cfbf3e27c95da5ecf6da63828d7edcfb145,True
s07_normal_mean_m160-1172,46c4f6aae5f0163fe0ac1b2ef1a7adde,5372bf46d810b40c37fe406e18a235fdca3718e2b1cd5d0784feaa410e226951,True
s07_normal_mean_m160-1173,5a45ade876c0840a61012ec4853ed9e4,1b2e7ef2b8fb7b1e69a2ed57912be4d2b570abb51e8f29da5a966d7c5e047301,True
s07_normal_mean_m160-1174,7dbe66da7941cfd489fdddcfc154bfa5,c47435d4f4c00e5977b40475d7d601959285acfa541d510fd4e58aaf99e8fb14,True
s07_normal_mean_m160-1175,8284efdfe7b65512782d97bf7fa38b6e,ab36a85d020e3d579c419195cf173baae219f874525ac63c9fadac770e21a343,True
s07_normal_mean_m160-1176,95cbe3d32b6ba4b8f03497d34e449b30,6563f85188407de4c1e39017b20332437b5cba2236c79103fa622a8f43153cdb,True
s07_normal_mean_m160-1177,7ae47b7448c46a700f5d1777aa535043,b68681447550d91fc26f9d3f4dd374ee5bb05c9d0ba8c0c1f9c7e1f0cdc519b3,True
s07_normal_mean_m160-1178,4483c4c5bdeaddae5919c8b0e28a56e9,2869cd8b4ba051272408ed1c62e2c159ede0d2d9db46a6864dcad6d8ac4638ed,True
s07_normal_mean_m160-1179,97fc8e88bb85952286eadc5f1dbad2b4,2adb2eae25eb67f756044516894d59ba865cb5bc7634b46280d7e676eed603d6,True
s07_normal_mean_m160-1180,c92a7f2ddc07f7ed7ef1fa4f0ed459b7,d47bf3a676eef2a5908dee26390a8a1fb07b50a52ed498535297e43a1e0fc261,True
s07_normal_mean_m160-1181,a587600f740b51e2cd7c0f7ded3e887c,400c5a1bf463d515288a584cfd0d18c70d59d3721e302caac95c31daaed580d6,True
s07_normal_mean_m160-1182,d26eb01799131946a67589a822584aee,3b45dd801f19bbdfbbb5cb5a1ee81277ef92ad1d15e8234edfbd109cb45ab475,True
s07_normal_mean_m160-1183,4d47760474651cf56dbeeafaeced5924,d1f1271c5a6628644f2c0b76124383d1c4cf9b5b69d0bc7d2b26706f380b4950,True
s07_normal_mean_m160-1184,2eac89253cfe3134b0d623835ff191cd,24b74d9c03d3502994811405db2ba20985ddfd42039919b3972e0965f1eb9374,True
s07_normal_mean_m160-1185,ad05ca9867e643ad856ce2e9773df0ce,c0dfd3f5025f494adf154e9695aa1d5e6487e1a31bedcf78ade76cbbc996a137,True
s07_normal_mean_m160-1186,0cf2093b9c754163ccd363cc4cfa31e5,c1e3dd76b3bc3ecd2708e57e9469081fe125e9b0de5f1837575aaed57009b44c,True
s07_normal_mean_m160-1187,ee723d7215b04f216dc3b3ef7e5f5691,a72df6d8ec3d23e6cd2fcb5f6d4e99cfab9567168b145d1752815440d19c48cc,True
s07_normal_mean_m160-1188,98a6023ab76657ab52e0928708a735f9,72e5c974438473e808b5cc1ba80c5b4a373b6dabc5858ce83223854faa17cd94,True
s07_normal_mean_m160-1189,d1b82827f1370c46b567e88019ac8e81,81fd01111b17ff8e69beef7ed7c971500ac01e4c0ba2618f578d22e0cf0fd707,True
s07_normal_mean_m160-1190,e2478a9e435fc6b08ad140f14171780d,5cbf2ed6cd23b05e47ae9ef048cdbf5d87a5b5edf0a19bdebc366361b0f8789a,True
s07_normal_mean_m160-1191,c0e83c5e07be114f6b1007bcc4501372,98f58cb90f304efa8230ff70e2a2e20c1ea94068cc8567fcf15bb38c0c78bdb2,True
s07_normal_mean_m160-1192,f8fb8c12cf4db8f792f6735562956f96,8d431f678a451370b50b756c0ef26f37f6343832a93baa854d26dc1921e12204,True
s07_normal_mean_m160-1193,842513ef62cbac0135f7008762642b06,0e954cbad286bc1239f5f97076641588189663399630ffe9249fb5ea5dcbba97,True
s07_normal_mean_m160-1194,75ed0a9e1f54635f1dc1fa7ec8ad89e5,fd9d0cad43f16549633a8e5a981548bc93dfb8cd6371968462f76dba3791304d,True
s07_normal_mean_m160-1195,a8ca24a08809b7ba6d5b9e42a588e019,89514fd501cb9064222fd4b10e0d277dc1bea27b8081bbb6407347a9f3742f52,True
s07_normal_mean_m160-1196,c9f2e86ef42b31879c69e719c5593a53,f7a33d246faebf010f0b8a930beb33fa9f28acd0c0ca46c07a2f49bb5586a923,True
s07_normal_mean_m160-1197,f691cb55293bac76b138b0faf5beee4e,516e2e7581d72bf7c2293be6ef2f56d47d6279a3e2100d175836a62c72461c3d,True
s07_normal_mean_m160-1198,b706aa2c6c6254db7e4d5c5d2da17b3d,7337fc77ce7e56729eb78598040c31d85d8d47ab878ff1a9197be1f152965838,True
s07_normal_mean_m160-1199,651697fe05798bcc1fbf3edd65101f7e,dd80705b387a95bf9e3502fa15f63d2b9b883c8bc007daa0e9e5e698923586a6,True
s07_normal_mean_m160-1200,9119607eb2d40e62c451e57dc90f1192,a1a6a2fe3959ab4ae5b6806166df2f1b3ae07f4bd3bfe8727a9f452dd68258b9,True
s07_normal_mean_m160-1201,b3254f71d2badf00be83ea7e55254545,feb039468d98dbec19499f86b0bc50a81db9160170404ef6c135955436f3e594,True
s07_normal_mean_m160-1202,6098858a25b40aab3d2cd26e3bfea37d,a487b4ca16b433192dcb30e04f0676a992220a859211bb1d7b33373aa8263a0f,True
s07_normal_mean_m160-1203,b30288abf8e6fabfedeb05ad9f9977e6,e44cb97b84fb041850aa920435fcd84e066b85794611bf4a6ac24bbd6a0a5546,True
s07_normal_mean_m160-1204,e078b334dc9a257606349e2677a95412,11f0553e01b998b06c536d63debdff8b0c992060f6a00aea83568fbc23de11f9,True
s07_normal_mean_m160-1205,5ae469deee2cb0afc4f8d34643353ffe,c535417758479ea66dac6c51595b9baed6376401c3b15ea94bf900da2be33be2,True
s07_normal_mean_m160-1206,0fd3bb02dcd9560c6cdb086d1644b61b,39a9df9fdb55196089681a56099408bea9e9278159509ab8d1bcbd84172a0ff4,True
s07_normal_mean_m160-1207,0b2fef99d5c6c1c85760728f8ffc0b60,b9f7d08970b2c6891bd0f9895a07671d6679ad1edbbcd11439fc985052ebdca8,True
s07_normal_mean_m160-1208,b24cf5182021c3653c95b489c23bcf2d,48a2f47231e677f83f6d6123eb8dca82e524c81eaac7a996cf5e5275fa300413,True
s07_normal_mean_m160-1209,73c601c0fa697d23141198e66ee48396,17a87ccb6397ef7d2ae891bfb0c5dde7169b0e3caf429cecba19454ce3d2c19d,True
s07_normal_mean_m160-1210,986d43003f40abc718dadf44fd0b7efb,252a33ad38f838efe8799615b12765c15a006864f3055a38169cd856d77775b0,True
s07_normal_mean_m160-1211,48910ec7aea26e3534b9e3db4634396d,b370f3e4018a86c71000e73bdf8505b36c066d678b5a064319e1d7b74e1f2454,True
s07_normal_mean_m160-1212,6f01b57fade74396db16b42cbde7eb8d,b491f1ff411c4498cbe2cdce11dd769c4e17145dc0014362c8d7b2c06ba7bdfc,True
s07_normal_mean_m160-1213,35d03685b6f4bdae6db266f749999a1d,0b010d86919f5471c7fc3e64b07ecae3e880f80196e48d14637b7ac4584e18de,True
s07_normal_mean_m160-1214,af9ca4d1c4639d61ac1054f0af98c0d4,a8f26006eff49fe4235c1f64a2a32de793bad054d724d9cf3aa0dae0aa2afcb2,True
s07_normal_mean_m160-1215,f4c809e2aba79120c80a4691d2c4da99,c58cd386b17004b1ccc4b194f97bb3a6f579e12f9ae4f5dc21058d2e062dd8c7,True
s07_normal_mean_m160-1216,49c9178fddcf0cf1c372b122d9f8cd36,c538747b117bc4fded30c4fdbb2d8d254f008d49e0db14be9b07db2c33289820,True
s07_normal_mean_m160-1217,1a0b8b455afa3bfa0e84b855523229f9,d33afa7f490249e418d488da0b62f12bb4beb582cff401f64d1c60bdda095390,True
s07_normal_mean_m160-1218,8bc616723eda5223c5c9f279d7864ad7,ee6581e05ebde043bd57df728b3b6164bd9973fc8e1c0cba571b895fa380d4df,True
s07_normal_mean_m160-1219,0ee1c0920da0cf630189daf6146a7970,22720e8c3bbdcdbc0a54d85b1fff7161cf88ec6c4455b3c19aa42cc63776bde5,True
s07_normal_mean_m160-1220,83df29020200d325d1d678aca95bfa07,dc4a6ca2f5599c69bb3019fd67aa4ce71f27c01130a4847858e55b085f4666f3,True
s07_normal_mean_m160-1221,2ffe7ba290472ae22bba53af9430dc9a,da3ca2e13bd6ff7049af10b43494b79aa44bf93a2c885381b26794d13f10694c,True
s07_normal_mean_m160-1222,9058ea2a686c58a36852c30a7d6aa99a,a212a01d1a5b467a5a8f61ee8c181a53aa563f25aef708b7e777e8a5296ee5bb,True
s07_normal_mean_m160-1223,59ccaa1cac6a1f267fbc9f372c0c69f5,85065917d0c3516deb960232985e5bdeac535c5d1294360286eb3e23fbb077b2,True
s07_normal_mean_m160-1224,19905123e0f6cd678c914e713ed9de18,6353df5bf964e926db55c8bd34ea70f5b58b483233e8d1d402e0c5d645f4e63f,True
s07_normal_mean_m160-1225,7707a72d256b1ee12b96f86b3c5e4063,ae72525380bebfb7a76d4df75a6780bdb645c8990134d7e61946ec70a19c55e4,True
s07_normal_mean_m160-1226,7dd5c347bb8c86bdc244a5b694c45718,fe246581a588c9dcec138ab46c09e54fd028d02f8eabebd7020ea20c88d9f9bd,True
s07_normal_mean_m160-1227,0a24f1ed7369ffa0e403e3969fee736f,2d31018d8ee512fadbbbfeee05ec937f59621d010d2fa2e9b8b857d4e491e257,True
s07_normal_mean_m160-1228,b0e915e077da154e124468af2073f4c3,6cfa87a944cd4e3477c4b7d2a519b77445be0bbc696aba5ed5bd2a683e522541,True
s07_normal_mean_m160-1229,e2410761d901d13e9c8a1fba61c716c8,12331edf50a4a5f83f9a0356f3e3f799bff11988e3203307f3726071613c598b,True
s07_normal_mean_m160-1230,ebb78f2c952f0ce968d9464fd4e937bf,b39524ca15c2f5229f3345de9ce7e2814ebde4ddf15cadd07270732772417128,True
s07_normal_mean_m160-1231,843d2cc4673728f29974f2173a8e8cb4,8d518ebc8bc12d681909f046670913f880ab43501a90525ed4792ab66c7b4947,True
s07_normal_mean_m160-1232,ce65c76ef520feeeb792160f8f314bfb,52598b2853119bbc3f6d267ff930c8840ad827c3071c19cac72d398a6a53e7af,True
s07_normal_mean_m160-1233,cd741662269ad31565ec929b388ee885,cefc588a76f83048854cef16a73f6c42ac7eeea26f0d3bfd5afbf7af2995a66a,True
s07_normal_mean_m160-1234,545a6146f1d5317ec977b2c21c95b0cd,343c8b69dd6d5c5cf48b53a57dbef6bb53909822308da31a38719042c3f0fc04,True
s07_normal_mean_m160-1235,21eb307be86a17ccdf2f5d093f3c05cc,95bc62ea58fe4e7abe680dfb9c95b42539ef9578c5bbde2093bf9f89c5d65970,True
s07_normal_mean_m160-1236,91f6ae981eafd8fa35104d447ab56afd,cc863b9c719f03ee742a5afbe09119d51ee115cc5024e36e98d9b6a44823350e,True
s07_normal_mean_m160-1237,9fd5f4f7c74c54f6596855e346c2ac1b,cea5cd75bffa34df8cbfc9e81d3a85c1387c57868905454c812db4c98a4562f0,True
s07_normal_mean_m160-1238,c2606008606b35c3bc53607cb462ffd8,d435db12f935cd9c9a9c75f6a660ace20c87ad74e05bfee7a6302a5b5d937bdd,True
s07_normal_mean_m160-1239,b46ba6c29e004ba49506e18f2f4cf0bc,43b58b5fe76e113a912eeab87f7fa201b82ae872205bd105311623df94aca39d,True
s07_normal_mean_m160-1240,474dbeb388995cbf751a4afdd696f29c,7841fbb53b1b94865fbf72e3fc07c82e19ff044f1a2e70c74c75a02ea2e6f8e2,True
s07_normal_mean_m160-1241,c1cd62fbafb5e1d989b380ba54e9bf54,787506d055887c98c80a1b94571239ce63f709b2c3d8995e0fd0413acbc72629,True
s07_normal_mean_m160-1242,b68be5334d7e3745c78700d5e71cd68a,95ae5ee5a6f89267b65086833ed04492a93dcbb930ef106b93dd2a8834758434,True
s07_normal_mean_m160-1243,6f45dd23a3ae532e477b1e02b897fa37,76cc593cbbea0d81a7cd32e282e60726f1795a9dbe0359260bea818105d00900,True
s07_normal_mean_m160-1244,200b36b1fbbed303730c00ac4f365c1b,8a584a05043193e9275dbf43e73e48010862683c8086279dbf7d4b5f3cc41460,True
s07_normal_mean_m160-1245,a0b96835b133d9f019b2ec83244f7f48,a1295068efde84bf7e34ea082a543c294318bb49ecfef0d14a0d43a3560bc895,True
s07_normal_mean_m160-1246,07333d51f5bcdbef7eee3b308c323942,18f5ff8b4cc64ab9ced1eb4d5efdb7e58465ac7c16fc3dab3779122bdd706de1,True
s07_normal_mean_m160-1247,6c12fac0179be07ce7b42fd82ca641dd,5d74e269a5a526c28e2cd749cf874b3a4ee14b45b2c6e084a2c6801d50d613b8,True
s07_normal_mean_m160-1248,06ce8fc9eb796b4daef12f85b43ab98f,dd7bd584cd043d6a2997151921c33ba7ffcdf1976a866d9ef056714c86210be6,True
s07_normal_mean_m160-1249,2051d05a0c88d7e9f8c8b302aab0b78d,05b473d66101afedd50436804588a4b8d579404d140356afabfa033e3f0ffe1c,True
s07_normal_mean_m160-1250,39c300841a09315584e984e220cebfe8,6ca501317b39ebe00d7a4a73dfb5f1a10016b04da7bef8335b49356d57b668d3,True
s07_normal_mean_m160-1251,b0781a0b9dda41ac99f05724a3d950d1,3e4797fac7d3e38ba98d910f217e2387c1f378c45869cbdc69f3454f2e1668af,True
s07_normal_mean_m160-1252,6cf74aa2fe44d10d545ff4b22abcdf57,a9abc572d62f88b829f945a502497aa80951924d61c0aa92e33e909011ee19e0,True
s07_normal_mean_m160-1253,d2957482508f57624326c3bd0dafc7f8,57d622856df28a8103532e938492ae9a2ebed322de7ddbfb37bfd5858f145f4e,True
s07_normal_mean_m160-1254,b5220464b1c509e745630c8c03bd0ebd,1addd7fe488f72645cee0961f433db645be71f05f1cadd3de78a54499b9bec74,True
s07_normal_mean_m160-1255,2a5eb11b8dc2405bd0333a953879212c,e448252548bd1f697de16a1f97b265c67e9983195490747c18fa1d648db23d89,True
s07_normal_mean_m160-1256,65e0e8cef526ac245c5b7ca65fb53c90,b92ede7a113fad663920d98782f958333d9db08c0377fc1ea279e7c67fa3eb3e,True
s07_normal_mean_m160-1257,2bc00b8c473caec1ba0cd8d1d95a288c,458b5b60bd1615471ec35e2e79f6e7cb5ccd66dfb49b826801d3ab6e8ef8eb07,True
s07_normal_mean_m160-1258,5d3a7752d2b1d4c8d4cf93df652e8139,a0d8742cd2ee4b434876fec8edb23fae354ade0ae886b61886a93814a13a2ec9,True
s07_normal_mean_m160-1259,7ce7a4c5674f544014038c0b2427848c,1c83e025699018ff18467ae4a8ae763be0a3d60b9084c3a9f78b6b4b76040801,True
s07_normal_mean_m160-1260,58ef01c18754d91a5424296342352881,51bda17315363bd2dc9071a676e958b2abea96b400eb5a5133ba5d22eeee3dee,True
s07_normal_mean_m160-1261,c5dae1e0958d9ce8237daf1725f02e29,12560b5d393fecb511f2b4f34a9fe74ff05fa716513bb2c5559268961539d1ba,True
s07_normal_mean_m160-1262,eead176c97da4c882ae376406fabdc03,86f8fa66a3b291c403c5498c8a361d0112938a3e60e940bc6a49d4c010a92ebc,True
s07_normal_mean_m160-1263,1f1f6350351d79cf292c7f6e3b9fd340,cb277b1e36c59947a836e7b1dee4fc69da2f433b96ebd25fbb394dcc9dd4c9c0,True
s07_normal_mean_m160-1264,018a0de757cb8720e9f53881508971e7,9a87239dda3846e5187df7116266d45688588e740ae8b1886b75415d07d179ab,True
s07_normal_mean_m160-1265,623a89b00e304f4c0af4b8e0079d663d,81470d4408e78e2bfc99ef9f6c76d71dbfffbec82737e7d767e6510ae84ab9d7,True
s07_normal_mean_m160-1266,e00e4176edeea69f5ae59994fc71cda3,b9b98a5867e77bbec1867b9582943faf0ec3ae5db7f6a0ad1e3198ee5b5c0237,True
s07_normal_mean_m160-1267,c252778850db7bf74b2d50ab3b100432,0c41a229a712cd1dfd87df16ef6f99ff1f455d20e6c0d2b1eef74262a5b0031c,True
s07_normal_mean_m160-1268,7e81e5c5d5244a7bb863fb2975ddf573,b258615689b713c5ed074eb63b83e7566068d1fc8774bc3e1abe8167c456e9ae,True
s07_normal_mean_m160-1269,3f40565c27484cf02e8317f8044dba25,66285b8a488c3d1cc9dccc54c8fa7ed996b99143acfb72bae93b8a3f29e0561a,True
s07_normal_mean_m160-1270,8ffe3182ea6e0a2d5feefa486398cdeb,d601ab3cb510766b00f80f3a49e2142957d2e562e7b95cdf628e8a07af003ea0,True
s07_normal_mean_m160-1271,b1b0ed7b25251df3acc75ce8a6f4369e,e16fee7492c179fdd608c58ab4f49f03efcb04cf4d0c30ce46d80615359ef486,True
s07_normal_mean_m160-1272,d9db0b033a6ca9fd9bb159e6e063a912,c4d01b3ffd3a871a87ffade824db35b3884c902e8a61fcbf44dc43eda7cf9801,True
s07_normal_mean_m160-1273,e8d076ce088ccb79df9518aef4dbafb5,7cc9e6a48782e3b4e060dca32622854842db21518fd5276b6b8973045923487c,True
s07_normal_mean_m160-1274,5ffc91d557a6a7c54c2c34f2a8c31d4a,aa29e2f65de04492a2479569ec8664a90583eb5cafe48455ca7d128b44844e6f,True
s07_normal_mean_m160-1275,8db41feab33c2f3a6877e761ed2b55ca,654c6ba601399801d8d57f5add3ba90d7f9583961e4ccb02ec95ce80d88b0074,True
s07_normal_mean_m160-1276,f7ffd692b548778a4a54cf7be4089e41,e15c179d0878f48cbff11f760953a50bf1135fd752c96b7719f808f3f18b1d51,True
s07_normal_mean_m160-1277,dd8ee8efb54095602a89d6ce5bc28cba,7847e1b55d54017ee006a40b33d3a4aae38fe61595ff7bfafb02f0e3d014b700,True
s07_normal_mean_m160-1278,88c80c5e7984f1503df22d8659a4e7b5,cd3322a0b705c8f69ed0245d5a90fa287ab2622f69e84507cd360841f5d2295c,True
s07_normal_mean_m160-1279,7955ca0beecef6a08e2e5f913b8ca986,c594f3c234514af679551478e07e61d88c858fd079bac7c0699b0965d790eef4,True
s07_normal_mean_m160-1280,75a8ca12ade8fb507f192382d9734b11,1fb04c7d04dce51558f53f0b5748df529d63cdcbb34199a0b6ee707aa8697fa4,True
s07_normal_mean_m160-1281,e87c294b7adbd78d15541dcce9ac6b95,f70e84a7559097e747143cb59030050e876bb8684c41b61b28d3071e531ef980,True
s07_normal_mean_m160-1282,cfd1064ee71339089ed99ee789932fc8,e57f7243ec85f2b733fac5eaa7d551672df5559ec2225e84dd01aafa0334fbb6,True
s07_normal_mean_m160-1283,f5eedeaced6075838fda05cf330ccfdc,075bea6ee93cf10e7358f407fc2114206250d5616cf0b51c2f2f47da792d08a3,True
s07_normal_mean_m160-1284,ac4d5899064c7d3a966d8cf8b541d495,2132188010b9c44711d1ddf347ecd65d6dc610ccfaf3376d3f14331176a56c17,True
s07_normal_mean_m160-1285,b7889b161ce36a1b1d70fbd86bf16d28,98321aba56fd271501df5e1ffc5260b91abc4c7c9ae64c41858a9ec1cf26ee07,True
s07_normal_mean_m160-1286,f57e827ecaa69f8cd14d85fc2ad1d423,1256816317684fb8002d3a468f2a6870c4a52b59d59ea663acfa7cc9972783db,True
s07_normal_mean_m160-1287,5785fdd103e8fada01fb87329a8a1aec,eddb104960249c93e3f452ee3848599816f9adb544c0cdcbbc94362bceae7131,True
s07_normal_mean_m160-1288,02bbbdc29682264bd5ee18d30320955d,0c41dfde9fbe990bf6946a8d39693582e0ba9a5e6e1d42469c78cfa0eb9627fe,True
s07_normal_mean_m160-1289,0c7774cf8bd1c82d3e42e45fc1e3d1b1,45d6ee7983d01fcde72d290757f705cb2158d9a06dd14062b9762424a4d8d655,True
s07_normal_mean_m160-1290,58ea90097d38c377d6fb5216fa8de260,e38903d2a935b97c24bbfa41fe4c990eea1f690f6310ebf59fec14d8cb919e6a,True
s07_normal_mean_m160-1291,00f06aa6c93217082224ef4e1d0c86ca,c656606649f20109b5d486b67cb83382756b3f4c7eba270b89f112fe603d572f,True
s07_normal_mean_m160-1292,8f32818ada2a52faf81c8d7680441fc2,bbd3f44aef571cf34d603fe3f7264d774d744e75f271e548ae354868278c8977,True
s07_normal_mean_m160-1293,ff484a9a6daf16d625665ac493a35377,09300c843e7012c32f2ced8d744588d2273002c08c7fe97e4bcb83ecc96387ab,True
s07_normal_mean_m160-1294,9d55188ebe384ce5232917d44863374d,2364ddcb33bd593d5a770e83f9235c58e422ab3a924c6a6b50b88109fe864485,True
s07_normal_mean_m160-1295,5f723eb3f1c21c0b42e605211adfd46c,e64a91e49e3cf5b2dc2cca7bf9c51a8aaf581a4ac4f2931b23183bf7acb05201,True
s07_normal_mean_m160-1296,a4a5212be6a70ae97d626b54711c2496,98148cb04888a786b24ed2622521579f9a732cd4a658c4ab37f502eec2f45cf1,True
s07_normal_mean_m160-1297,ad217335266a1b958ea92670ccb4f097,53616edc97418c5eb9e496dab04af56e7e2a6d3ba42c90c909719b972781a184,True
s07_normal_mean_m160-1298,0d75afaf30099af4c764a848653c87b8,d7077c62f220003dcb12d3720ad5156ede5b6d07e89667c692ddf965bb5b3397,True
s07_normal_mean_m160-1299,97c55154011f2e428ca88f2e73caa514,c27096e0c65f4a7b85d2ab37a1e163d108fda74b166e2729cd51d08d28edb412,True
s07_normal_mean_m160-1300,d0770d5e95c6ac75e2bcc90d9d83c274,67211abe77655e45d34e735ea34988ee571f4ac7f8491ebd47374172ad2122c6,True
s07_normal_mean_m160-1301,05bfd534a2434927ae43d57425ab805c,3985f3f31015f59b518fbe60b60e06436164f0a4d7fd06dbd2efe80fdffa3075,True
s07_normal_mean_m160-1302,3c312c508f1afe2ba1fe04eb2bd1dede,488a9a6c26db4189ac990e2d313134808160b348bd0504dae2c5050c2bc4353e,True
s07_normal_mean_m160-1303,6b4d34ed648b30f4edf46de2aa224a08,8d72b870076f9ada69aeeac70c3fc3162a03ea9348b6c582aa1783db6630c94c,True
s07_normal_mean_m160-1304,9ae017ade7885ac68a032e7b7518b45a,b8dcdc4115156c320fa69423e7b4c27276ea1de228bce8133fd6f3f34340480c,True
s07_normal_mean_m160-1305,9ebbb26dbcefb3d725402a3c358ad55a,80f92d094c6befb0703ba227a47e0aed5ec1d499388b0d144f4d96e9a082a995,True
s07_normal_mean_m160-1306,bfc488477daf516f5e31dc899c41cea3,4857da1c3127f1ad1c53a0c2f5437a89c628a135774bed4b65799a90df58ed07,True
s07_normal_mean_m160-1307,5da12564faa74e3ae7a43354ac14a25d,4efe84199c0dbcee4c7b553c8ecdfd99bcf5600636a0c6c7fa63cdcc372552e1,True
s07_normal_mean_m160-1308,80dda4f55243896722d2f0db87144245,4238b00f1b5a76732799f34780cf474e93a598480b93a17a2b7ca0bd0281ee29,True
s07_normal_mean_m160-1309,c1fc3d52dca48347951ad5c1cbc48996,8ce274b209d8d7b3090a75f420d6ef50dd476cefc7c49f2c5345535f862cf88b,True
s07_normal_mean_m160-1310,f981e8128d98635b69ba7dabc2bf84b0,13b52e9cd3d084fb79ec8ee8c629e9ed87c168e78ab1674e3c2ac2ef1486ea33,True
s07_normal_mean_m160-1311,c41eb0618893cdb6d3add25572718905,2272b506fc37103d719600d8a1c3863ef9f771c9a1fdd717fcdbe57b522f9719,True
s07_normal_mean_m160-1312,85ff3882d2bbcd3ac38ab8bad4fd499b,51e6b6894878487d2cc6a9b86160af73f4a870e73b757dee63688b6ee3e9f5ed,True
s07_normal_mean_m160-1313,c7ba54fd63abe585dc030412464975de,9439f95a9a17a4aa0e063d6feb1ce36ed085d811cddc0736fabd00d4882d4494,True
s07_normal_mean_m160-1314,a12a00bb7c30bfa7f7e5afc85d7a2fe1,3e839fd76e72e6484b0739a70610b91b0ac0d7098c736be7152839dc26556fb9,True
s07_normal_mean_m160-1315,bbd632771ff39183407b8d9975726fd2,de21cb067d56738a993fd58cb0193b7133a28ab634fab5169d88f9d509e01de9,True
s07_normal_mean_m160-1316,d914810c47d892e6390da38e4fff5402,83f8a349055e3dd61d8f576ee4dd4376029724c3614d841dcb7fe21a6b7968da,True
s07_normal_mean_m160-1317,90a2d1eb468d4ac005917ca2a7cf41bc,c367fe6fda266aafcae7766a726ddaf18c7e310abd650e5b6e499c7ece0846a3,True
s07_normal_mean_m160-1318,26e0475fd8d4a8e1a9814940f27f2446,07448a2a3033d7913b62b22459846dce1de750f9ee06840398299f15b1f2e2ac,True
s07_normal_mean_m160-1319,5ff613c23478f984e6ef56ea19a6e756,7201a817703c0a801b0eafedede99bf4e2c734ed58bfe902fcbd2c556f6545c7,True
s07_normal_mean_m160-1320,b395c0e574b465be04e3526ac0549613,752c9617b9e4fb96471c9f31b075cf21e2caeb783612a4a885e000136aff24da,True
s07_normal_mean_m160-1321,0a9186cace6de13c2456fb49ea6077ee,281c9e04c135cbbe5ff315d7a865d29b1ee289b79ded24b278edbd9dcdb32d79,True
s07_normal_mean_m160-1322,a357908142b4f4e62dee83bcd700d3b1,de993e0cf9564d90c37c9061baf7e126a35bb298e4587e666d62c810cadb5645,True
s07_normal_mean_m160-1323,ecce42145a575f6bf1b0ef697cc23881,1138ff0ce1e26ac50fa44d807986afe2972594d77b2b570f97fe7213f8eb453a,True
s07_normal_mean_m160-1324,233f0dac6b0582d05dad00c37c5625d7,a1c17171279d76c342a4179b8149cc60f6e734c7bf4228c47e9d8cd62ff35728,True
s07_normal_mean_m160-1325,5120b985987ab1da5a1723d294201fee,fcfb91ddb0afb7b96984756fcf10085bde98f97126361e9b49b88cfeae1bebae,True
s07_normal_mean_m160-1326,1fd885142866500b70b644774f0c4fc7,57ff9c9a23867e2eef346ac09ce8e4aed0ad60d07580dec21050a7f7ea1f454f,True
s07_normal_mean_m160-1327,d900c12e4b12b8dd91b33d475ba1c76b,f6b12eaad360f2f7793b700c6a15e5faf999528e35afdf0919f241d6a1e0cac5,True
s07_normal_mean_m160-1328,0bcfb59bbb58987a2a5e4cc2d42cf5ba,8862cb364f37adc2b83308074e829c40e57a08f4ec0bf0c41a0bbdc84dbc782b,True
s07_normal_mean_m160-1329,97a67aad8698a69abd5659f93a1721be,4df7f3bf65244d939d938b05ccf978e87c1a1392a3c05654fa56434810c8c8e1,True
s07_normal_mean_m160-1330,c2308c22f581dca7d33b4a59d1551f98,ca78530228e055afabb56287f5115b6a4bd1ad067b01907e874373bba45339ec,True
s07_normal_mean_m160-1331,8b5fc065283596cb579e138a5735e4d2,8cd8c39bb880fb09c7a2ce99199d99103382a5ea4f8b9b59dcbcc7478963098f,True
s07_normal_mean_m160-1332,b302136a2686185a3cb26385c055b54e,84c0b00da30bf97ae9ee65debb99e6d2c7cf4d35280aa43f5e144953f3bb8800,True
s07_normal_mean_m160-1333,fb715bb6c543234dc585ee8ae3e1fd34,a661fa66dadd035bef92b4854c380d1992309ba793221152bc170b388a1b143e,True
s07_normal_mean_m160-1334,57c2658ce92e563e5bdda76b14c941d8,615d4bbb4a7832f9df840a598f08d30fd9c1a0a460c9353045fe64076fe87ffe,True
s07_normal_mean_m160-1335,ced2913a72b66884e98e6f6885635490,43810a4da09989c59e1667b9f7a5226ff5f8a2dd79e7a6c1f5e43e802139fe25,True
s07_normal_mean_m160-1336,6921458213d01c62a8b1c3cda53932ca,06e281ea212cafb60f1e92a7ee48df40a6705157492b7446b46f73145e3bd7c4,True
s07_normal_mean_m160-1337,9b15725811ee5557d614d31d5185b32a,41b9906914680895f731565503e0f0b4b3996c4c7bd9fdde75846cbe333b2231,True
s07_normal_mean_m160-1338,c9f6d1f599b247f65545b0c010d11fb8,75f86ba71dd4121692310fe06dadb442fceb467948d57d521a65e47f57488713,True
s07_normal_mean_m160-1339,f577104229c67118730596e432757e28,b8b8fd0a8b01c39b64e4926110f809babb1fd9ba3220090af5a3f425fd8f1e1a,True
s07_normal_mean_m160-1340,9166d8af40a1a9a23eae66cfc5f54d62,335192f401e2e4f82c589fcd5d3bb0d076ac2e5fd2a168b99e542af4a1c9e520,True
s07_normal_mean_m160-1341,058d6aed03dc1123417a263ed2d7ba91,0a6dc2d0b111cc951f9493b1cbc5c93c829acc68595e68fd959f6acbde8bb4e3,True
s07_normal_mean_m160-1342,9b643f80bc15b44559705190af26ba0f,c1489c6ab363c12a4eeee98dcc646e8d8318f197abfb210e7e6e95e0cf4782ab,True
s07_normal_mean_m160-1343,1ca7845b09079b2848021ad7d0d3460a,f8f3f90829a5b9df6a655a187b07c5383061ff7e93963c3b2a2e021644a37f3b,True
s07_normal_mean_m160-1344,a71c25e722e776b3d54fd7795ecc8e6a,42ed2f77810d415c4e54468671f1378f54e1c80be6062c071a1705176f29f3c2,True
s07_normal_mean_m160-1345,c623deca02c57a1fc6d23aa7380fd0d5,3481bc5008fdad54a192ce14a09a258610f149c6d5cc2c6a1b108dc4d6471db6,True
s07_normal_mean_m160-1346,5dda38fe27b7256c9d08d4676bd3a2e4,c18102467d45d56ea6014aa343fb445ed9cd331ac412d390a8659b7f81e4c5ad,True
s07_normal_mean_m160-1347,532055b5b4d494e4e1c40aff423f1de6,8b216c996d065c97a2ac4b43850304f2eaa05f383c4308d98dcaf1e88797578e,True
s07_normal_mean_m160-1348,45b99ae4c099bbcf4a8b67cf703ec4f0,ad012027efd67ab6b0fa7ba43d64465bb58738f811118b51cfd346cc40f47c6a,True
s07_normal_mean_m160-1349,d15293b2cdd05e7feebd9dfb7ff463f0,01d37cd9af0e570a16735886f8f904d405681e7815b7a22b2079f2c6bb1c893c,True
s07_normal_mean_m160-1350,c4cfbca9015fb5611568848e4d75847e,1a49b0998998ca9e68914200c4b576c2a9b9a51cd978fb9440ef75cdede69b0b,True
s07_normal_mean_m160-1351,250c7d8c8cc5107812acdb28b23aa433,416978080420abaae71ff1850970fa72072bdca705780a26f5eb15dc7a0ced12,True
s07_normal_mean_m160-1352,435df7daeeefaf7aaf25878f02d99eb5,6ca435ce5e890adb80cfc4bb4a4ad06b1e18dab11d4692f50bc33653ec454c37,True
s07_normal_mean_m160-1353,a5d56412dad25ea3f3456e5f1a6a6928,bbfd2ade484c1ab7d1937c121eaf53754c294d6325a601cb667292176ae9f337,True
s07_normal_mean_m160-1354,5856dcd983e5d7e2c8913c942797fc98,a9112394994a29da8893e03f936c2c2fc5a9df8fd0d578392b3a7268c55c18de,True
s07_normal_mean_m160-1355,4abb1df6e8c7588688cb5af7febf53a9,f408be92f58f3949a3c510d1a53a83058fc439b1f12fff63ab887f9f1974fa2c,True
s07_normal_mean_m160-1356,3c99b8fde04a1dd45e6a4dc53c481f35,ac9545d80545327b911b6206ef173f09660917afa60e6730dc4b704058864d97,True
s07_normal_mean_m160-1357,c63dbf2ccd4d4ba1c3abd64cfc7bf8e2,353d3394ddd951e100a6cf41eadcc9d0f85bf2708ca86d24a8788ca72662d2e4,True
s07_normal_mean_m160-1358,698bb2fa9e9e8116debd5f9ed660c547,ffb21bcce568bc85564bc73144d7659d54a67ac92e2f475ae3c5effd9c59300a,True
s07_normal_mean_m160-1359,7a16737dd8c7f49b953aa582476000b2,5d2feaaaa294bd5e457b6cf8ef21ba3d8975bf09eedb6d5b418c6dc611b198d5,True
s07_normal_mean_m160-1360,49e781d8bab88235dd61425ec1b6e6d7,b6409580b68a3b310f8c8d7536aca18e114ee4c1a9f43c3a30af9aff4d9e5b4a,True
s07_normal_mean_m160-1361,b1cab03a8e8f73b1dc93f2fea57221ee,ec15546c78e130f6bc2f65b379014d59f6230e44f6066e307055e8ae66e67ef9,True
s07_normal_mean_m160-1362,6900ee0d5963571a5b5c81b4d5e97435,ad9b1bbfa82871725a14af2cfd4c706baab1e08a10060d773b913d18c9fc6fba,True
s07_normal_mean_m160-1363,44a8614cb3f6dbb8ac8e42f7b111bf53,7967b975bfbfd656d1c9d7bfe546665c24e24632b850e4bbd4de0de15ffd59f7,True
s07_normal_mean_m160-1364,0490136d1f1de3b47686e3791bd40f0f,b0aa4688b89cd2f6418eee343642d1dc5f2c51c270776788a3cf9d2ed0cda280,True
s07_normal_mean_m160-1365,3c5c49198584318b2a55f8225ca547d3,82bb1bc6623503b69a3547cff8202d568bdd2d603228f19c13f7238d42a5ce32,True
s07_normal_mean_m160-1366,bd7a1d1995670ef4fb611938c97747c6,de0c62e955722385ec6dd67f47df59346ab21bb7ac3af1c43012ca236bdd2071,True
s07_normal_mean_m160-1367,cd2488e1e5c40695e281dfdc2991c1dd,30afa0ade9ae4605f5fdfd765b27e8004ce3c96f5c02d5eb69f830391b4e6acd,True
s07_normal_mean_m160-1368,9d538a82fd16a408d92615b926a1f196,21ca5736b6431b07a8e0f58c22cb777eaaf6d8e0a2041a154072592c75440942,True
s07_normal_mean_m160-1369,b9431e0f8faa72eee1c936e50d3454a3,f5286207005496f555a6ad43f4adf4be32f630e4e538f32fab1abebffd0ca0b6,True
s07_normal_mean_m160-1370,db45dea10fb3eebccb9f6af934fc8110,f988067ca5bed15a5a17fa83a545f5069fc89e047b2752f8a02d57b8be8aec9e,True
s07_normal_mean_m160-1371,c34443821b8f4ebce135b5b6320a0cde,96678b0d4b30220d5eda17aecaa5d5c3ccef4c64607185d1984b72f7795342e8,True
s07_normal_mean_m160-1372,e554e5f786dddc43242c91fdc73440ad,507dc3dc4fda1ba23575fe8ce6f84138821fe36f73368cf281053150220dd987,True
s07_normal_mean_m160-1373,8a1279f9aacab617796c63649d575ff4,2d4f7c505cef7250fd7080dfdeb2245bbcb29bee92296041107d04d4e5058064,True
s07_normal_mean_m160-1374,d46e9a4dfb040f2697bba23b983db64b,d82b8341ac7bc356aa1e87f4c6b486542a5cd4438e9678c1f17d722dcfa02609,True
s07_normal_mean_m160-1375,b09bb2eb4bb9cbae69d35a7c1c422ad1,9206ed55bbd9857ab142a18c5893788becec9d78ee9ff8876a8024f8cc2aa284,True
s07_normal_mean_m160-1376,c1d5b15c1d7e8fe96d9fdef5f21c992e,4ce3d33aaca051f9f99a605deb8172af9817fc95be7b4412be167719d73cb6a2,True
s07_normal_mean_m160-1377,79b66a76bf58e8f65d3437f2c8915e31,5f59563860261ac047d760f42341b624bfcfc96d07173fa249ac8c2c69f42995,True
s07_normal_mean_m160-1378,a4450792e4ab869593d1b48eeaffa706,f6c41a1da8f33e8e7a8fc0ace89cabfdd8a3b8f89ef68e5486fb945ec50d20a2,True
s07_normal_mean_m160-1379,6ecc6e7ef6480cf0f1fd9f65d2b0ecaf,bee590815c235f88b7aed446e38c26d8a7982f6e7d7188222204b79fcad0f8a6,True
s07_normal_mean_m160-1380,09e5fbdb8cb39927e3754848feedd1ab,a5036e3fd98ddf63a2ea1af059d123df842fada1ce3db664d96c7636a07c1706,True
s07_normal_mean_m160-1381,4176c5947ebe98e0eec6d1f5aaa3dfa6,a7b85e7aa29ac91778ad01972de8478266bd798a24a0cd20a56fc2df198debcb,True
s07_normal_mean_m160-1382,5210f7f06316a6a28030d8596d5c6158,b0ff277c62b1bda96e6ca603c7697c80c86373c4bfd61ff4a473c21d3fc96199,True
s07_normal_mean_m160-1383,beeba0da258796864639757f07080362,d9bb6ca9720854d206828e7b39f8bd3375f10d9f2a4432601fa7aafcd1f20a18,True
s07_normal_mean_m160-1384,cb8c97606fd8273ed6c37bcb0de8312d,d7b00a91267e6795cad8a64ac6318540642c603793e6d0da8cb4d6aa4f426def,True
s07_normal_mean_m160-1385,5bd2af16d0f3535aaa8b7c3b61dca325,5bdff7955aea8d107e0399f786821302b702a4a3a356b25cd8f816b52dd8ce64,True
s07_normal_mean_m160-1386,1303c20a2dec8a0778053e2252a2d1b2,16b217b22c4cdcd309aa7b84ff94c7acd18a819a81957fcefa182fd58d6aed66,True
s07_normal_mean_m160-1387,e23a5f59b858738e51981c418a20db19,f14f8f2dfd441d880b61895d18ce150a895aa07748980411d04ad2260e7846c6,True
s07_normal_mean_m160-1388,041bd2e0314fe6842aab5068d400d8d9,ff15cf083da549527ac652b22f069dcc8dcf5546ec2001b491c9fef3e3703fb8,True
s07_normal_mean_m160-1389,d66c99a9e7c6af2ec6efc6d7453a99fe,35bd4ae8d3cc4dfe399fdb2dcf9eb4d378bd2c1c44f8c66462e86d05fc80d002,True
s07_normal_mean_m160-1390,7a01823a8ddeb277c4ff7dca9997c71b,b3da3a8411c7d6b584fcdb93028d1878493ed02c3c04f322737a71a397497e26,True
s07_normal_mean_m160-1391,cfed3505c1a8c78c38bb04638022d699,0201ea6c5421c1ec8d045b180e795bbfcbb247c5cc4e0c32c2d7bd90a494b067,True
s07_normal_mean_m160-1392,4a8cc45a017be802a8ff7dddf1d4469e,2554ca3bbe2ebbfda512b23cfd3277d82c6820237b9bca213afb0008101360ce,True
s07_normal_mean_m160-1393,d4bae4c018438b0dd57e8eb4ac7f0dc1,d2bcc08af1364bddf48bc0d3d14940ef0043789e56bdbcd8c67d98b8033b0090,True
s07_normal_mean_m160-1394,47a22265d53c8a47d50ea521bbf7d4ea,f5033bd1a84c54af53ae4b11d69d10be7d5b7e733f34d6539b1e39ed12541984,True
s07_normal_mean_m160-1395,f46a3cb13c2c24e85f05c1f779fd034c,b91f990cdefbe0510efd1bb47668999de9b6060e746365c7dc18fa8598a29f43,True
s07_normal_mean_m160-1396,1404471ce35b34858ae8c28645a6a0ed,221ff484263957d325c717c04435f10a7be31cd77e04e899cf095a0d2be0dbbd,True
s07_normal_mean_m160-1397,8155348425c68be05030d39884505ef6,e65e81ce15665a9e4f0c82682381be58ad900ea6c911b154c5935711b29d1fa7,True
s07_normal_mean_m160-1398,1209470b4590b05f37d616dfe5deba6c,a31f62eba61c8d4ac5b8d6dca23bc4e3fbb5af52764d9cd088c7a87795b1b475,True
s07_normal_mean_m160-1399,bec65da013f7a248a74c20cda11abc64,3d925c2fa646424a42cb2b145007f6553747523d3b856f1a663f6545cf4f30a2,True
s07_normal_mean_m160-1400,eb7937bb54e280583c70f42a5e8f2867,2704ea42c151d558b23e8a36a5d3d54ad232a13d6020d910227b501285dea24d,True
s07_normal_mean_m160-1401,f642661b7371d7189ad29c0b542b8edc,60ca191f7af84c35aa0a16dc64ee0f2404414ebc0a530f060809f6c834c55de1,True
s07_normal_mean_m160-1402,6df1bcc44fad7f74b2f409d0e9b16c90,26bfa200ba149ef3abe4cf3400053b4f573beb51fd26d068f2aa507715e478d4,True
s07_normal_mean_m160-1403,6f0e193c3528a5145d71154e36f74bda,9aa67fc330fd1ed032cf12c8d9ac610ca45860b4b3a2864c782811d036741596,True
s07_normal_mean_m160-1404,d18124ab5b4d348f664e8c9c718f2b3d,e85c9941a1a6dd93521a09a87a423a64437f0deb17a4b972fda748ec00de6f56,True
s07_normal_mean_m160-1405,b126bbc3e873ec67da2cedb20b88c009,fa82df0de299805488d2fbea26b503fc8b55302a8768bd1d4fcb54685f59a30d,True
s07_normal_mean_m160-1406,b66807ee08842da2eb6bf9766a1c7cb2,ad368d851a9bf348b1e647adacb370829b81f88318580a0fa34b94bf5dddd2fe,True
s07_normal_mean_m160-1407,ec7c76f41171624947a10998ed38cbde,cfaa8e1103ce121100959c47781185822e525b8efc21a099f7ba03b4e177ab7f,True
s07_normal_mean_m160-1408,da73347e1a8814eefdf8a13c603864c1,65efb76555d26feaf99c45ead7a5443ba6b378236157b0d5f7e447b2b0f8bb21,True
s07_normal_mean_m160-1409,a583b0b2586984292ae5d5d5c31e5c13,a8a45a84b115b03851cd0eaa021380be9d40591dae75f454c20b0753372911d1,True
s07_normal_mean_m160-1410,34910bc8ff96a0b29783184323042b7c,657a2423c66fba04d7be05f33d7b761eede2bead1dbe066eda258c45e9754c2f,True
s07_normal_mean_m160-1411,c4fe1769d87a4f7b519f6c6e3b7db86e,11b940b9e673415f586379b42d58d33e4154ef22757ed53cb2907ede0aa9fc02,True
s07_normal_mean_m160-1412,894ba3a8dfb4820ae432a5b11de8b43b,6d75f9585e0f9c79bdcaaeff5439dcc20af4ab6373436d0863a87fdb931483fb,True
s07_normal_mean_m160-1413,dbdc54319b1b99e8bebd73fcdfbeecbd,3f4ec66f5964fa0812b4989ed7d8e5fde504edf6d0c372aafec5314994373cca,True
s07_normal_mean_m160-1414,3058f92ce4787673e6b451298596379d,5f4a4631ee95f87fd837c623f42f6c816da188280b35edbef6dc6a474c0ae40d,True
s07_normal_mean_m160-1415,d708a570f601e0c08e5253e99fb9849c,ae4ea34782087190217e51c9161e1032e7a19f8c369cbda7ff5f5652e53b0916,True
s07_normal_mean_m160-1416,bb978c8c701bdcf0ae07968a1272205b,e33170cb53c707b487b3f03c03108759b37510f54c50f37c9cb49d1d0390623b,True
s07_normal_mean_m160-1417,c8540731db39d61ca6054882d25a718f,9b07406956f80ea326e9a3ebc4465d5b0b5c891bc691564d653ce5f0b8159a22,True
s07_normal_mean_m160-1418,ab3cf295671a68d234f504c59a7b0ad3,a836fe68ab0d43d2a1cf677ec0289da6b95e8454df33ed8c0b3fb9d13a8f5d9a,True
s07_normal_mean_m160-1419,8d15ec79f5cb001e0917a0d237b17054,c9a625091d706ce05d3a6c7faa44467416180784b1c9f626af44e74b83b3ab38,True
s07_normal_mean_m160-1420,b02796300e0b7aae41e317007c3ffd0c,b6fbac2398ca639b273d8848118959b1b525a2fa4aff5a3f98d2a2c68ff2ae98,True
s07_normal_mean_m160-1421,962ea63163e48abd41a0ba33845cb1b3,c6ff591b8f7519ea2a1093cbbb0a7253595bd363e811e2e92e9d14ba4bf19d26,True
s07_normal_mean_m160-1422,33143d280b81ca95630a42c4384a3a39,274b2948f3fac0e695a23d44d14715b53478e78a7917fc9b7f7ebed2e062269a,True
s07_normal_mean_m160-1423,879f9fb3c073fcb2e70220c6e147e16f,68c1e39d92d771f01a48024dd66e44ef0944596046233240d616311d7d11231d,True
s07_normal_mean_m160-1424,bbe7ce09967cd8d65296f7f01762f8cd,4864d857df84028f64b66b1436b8656a919b0f642d57de15e3b39083d38a6bce,True
s07_normal_mean_m160-1425,ce07d1f74c34a77ff911b22024b4b086,a6c336204fe1cfe00795d098fd159a50c8fd8ca6edd3a4a81091404471f8c9ae,True
s07_normal_mean_m160-1426,51f53228683b524288c328436629c75b,73287389a725fc370faea05f6a8cc9aaf5b477761ea807b0188bf0ea5ca39590,True
s07_normal_mean_m160-1427,cecff4b858c1f1b43878c70b4c53b973,f59954ec582a90fe01c887e4690236b4e47eb6dd6684fcedeb8942bb17549194,True
s07_normal_mean_m160-1428,024fca8b10157f4d063c67ec16dc4006,36de15d20b40f8a855b583c285f5f60ca6ff28280ca0e9bf5d07d1c31299dc55,True
s07_normal_mean_m160-1429,deae6ca2c1b8da2576eada8b1e24f28a,a713495e9237c2e6f851540ec8d87c776a5104859914fe65f9ea5d3ccddf6164,True
s07_normal_mean_m160-1430,eb7b9aea8ff3b21b509513e959668530,2e17bc31e9e4c71885cd959cc3f4b62955add298d61844ecce91597d516308e4,True
s07_normal_mean_m160-1431,4fc8607a4907e688c9a404eea7386a6e,578ecbf9a2c66a72b4792b6fe5c4c1fa9871ffad0fbe992c0d4b0e1fe3ab560b,True
s07_normal_mean_m160-1432,450198a2809f55f9fca8108b1cfabea5,3c601d281eabfe6b18cd0f17572b26b10b8f15d431d96ff4e1d58e487cd5393e,True
s07_normal_mean_m160-1433,ef7bc4f68d136fbe1def9518bc0934d6,c3937321e14a61f75bd79f94867e00a76dde754a05c93776c00737955a1d578c,True
s07_normal_mean_m160-1434,5589252875e594c9366cc67b88a57a9c,d065e710af767629e388c82873e8398c133f1532c5c518565e504ae5894cb374,True
s07_normal_mean_m160-1435,b78f242e21fcf606692bba64c1ef1ef8,4041e00200a38ed8c03b566d38a2c13eb7ce01f47f2cfe90092437c62ecec315,True
s07_normal_mean_m160-1436,8c6f0fd6b367d34009fe270c9f64b5e5,8abbe4f43a136d48575ddeca7b03490d5a9931ccbb019714f1f03a9cc66adf85,False
