"key","readable","table_shape_valid","case_dataset_match","tables","rows","problem"
"s07_anchor_g0p01_a0p25_m40-0001",TRUE,TRUE,TRUE,15,462,""
"s07_anchor_g0p01_a0p25_m40-0002",TRUE,TRUE,TRUE,15,462,""
"s07_anchor_g0p01_a0p25_m40-0003",TRUE,TRUE,TRUE,15,462,""
"s07_anchor_g0p01_a0p25_m40-0004",TRUE,TRUE,TRUE,15,462,""
"s07_anchor_g0p01_a0p25_m40-0005",TRUE,TRUE,TRUE,15,462,""
"s07_anchor_g0p01_a0p25_m40-0006",TRUE,TRUE,TRUE,15,462,""
"s07_anchor_g0p01_a0p25_m40-0007",TRUE,TRUE,TRUE,15,462,""
"s07_anchor_g0p01_a0p25_m40-0008",TRUE,TRUE,TRUE,15,462,""
"s07_anchor_g0p01_a0p25_m40-0009",TRUE,TRUE,TRUE,15,462,""
"s07_anchor_g0p01_a0p25_m40-0010",TRUE,TRUE,TRUE,15,462,""
"s07_anchor_g0p01_a0p25_m40-0011",TRUE,TRUE,TRUE,15,462,""
"s07_anchor_g0p01_a0p25_m40-0012",TRUE,TRUE,TRUE,15,462,""
"s07_anchor_g0p01_a0p25_m40-0013",TRUE,TRUE,TRUE,15,462,""
"s07_anchor_g0p01_a0p25_m40-0014",TRUE,TRUE,TRUE,15,462,""
"s07_anchor_g0p01_a0p25_m40-0015",TRUE,TRUE,TRUE,15,462,""
"s07_anchor_g0p01_a0p25_m40-0016",TRUE,TRUE,TRUE,15,462,""
"s07_anchor_g0p01_a0p25_m40-0017",TRUE,TRUE,TRUE,15,462,""
"s07_anchor_g0p01_a0p25_m40-0018",TRUE,TRUE,TRUE,15,462,""
"s07_anchor_g0p01_a0p25_m40-0019",TRUE,TRUE,TRUE,15,462,""
"s07_anchor_g0p01_a0p25_m40-0020",TRUE,TRUE,TRUE,15,462,""
"s07_anchor_g0p01_a0p25_m40-0021",TRUE,TRUE,TRUE,15,462,""
"s07_anchor_g0p01_a0p25_m40-0022",TRUE,TRUE,TRUE,15,462,""
"s07_anchor_g0p01_a0p25_m40-0023",TRUE,TRUE,TRUE,15,462,""
"s07_anchor_g0p01_a0p25_m40-0024",TRUE,TRUE,TRUE,15,462,""
"s07_anchor_g0p01_a0p25_m40-0025",TRUE,TRUE,TRUE,15,462,""
"s07_anchor_g0p01_a0p25_m40-0026",TRUE,TRUE,TRUE,15,462,""
"s07_anchor_g0p01_a0p25_m40-0027",TRUE,TRUE,TRUE,15,462,""
"s07_anchor_g0p01_a0p25_m40-0028",TRUE,TRUE,TRUE,15,462,""
"s07_anchor_g0p01_a0p25_m40-0029",TRUE,TRUE,TRUE,15,462,""
"s07_anchor_g0p01_a0p25_m40-0030",TRUE,TRUE,TRUE,15,462,""
"s07_anchor_g0p01_a0p25_m40-0031",TRUE,TRUE,TRUE,15,462,""
"s07_anchor_g0p01_a0p25_m40-0032",TRUE,TRUE,TRUE,15,462,""
"s07_anchor_g0p01_a0p25_m40-0033",TRUE,TRUE,TRUE,15,462,""
"s07_anchor_g0p01_a0p25_m40-0034",TRUE,TRUE,TRUE,15,462,""
"s07_anchor_g0p01_a0p25_m40-0035",TRUE,TRUE,TRUE,15,462,""
"s07_anchor_g0p01_a0p25_m40-0036",TRUE,TRUE,TRUE,15,462,""
"s07_anchor_g0p01_a0p25_m40-0037",TRUE,TRUE,TRUE,15,462,""
"s07_anchor_g0p01_a0p25_m40-0038",TRUE,TRUE,TRUE,15,462,""
"s07_anchor_g0p01_a0p25_m40-0039",TRUE,TRUE,TRUE,15,462,""
"s07_anchor_g0p01_a0p25_m40-0040",TRUE,TRUE,TRUE,15,462,""
"s07_anchor_g0p01_a0p25_m40-0041",TRUE,TRUE,TRUE,15,462,""
"s07_anchor_g0p01_a0p25_m40-0042",TRUE,TRUE,TRUE,15,462,""
"s07_anchor_g0p01_a0p25_m40-0043",TRUE,TRUE,TRUE,15,462,""
"s07_anchor_g0p01_a0p25_m40-0044",TRUE,TRUE,TRUE,15,462,""
"s07_anchor_g0p01_a0p25_m40-0045",TRUE,TRUE,TRUE,15,462,""
"s07_anchor_g0p01_a0p25_m40-0046",TRUE,TRUE,TRUE,15,462,""
"s07_anchor_g0p01_a0p25_m40-0047",TRUE,TRUE,TRUE,15,462,""
"s07_anchor_g0p01_a0p25_m40-0048",TRUE,TRUE,TRUE,15,462,""
"s07_anchor_g0p01_a0p25_m40-0049",TRUE,TRUE,TRUE,15,462,""
"s07_anchor_g0p01_a0p25_m40-0050",TRUE,TRUE,TRUE,15,462,""
"s07_anchor_g0p01_a0p25_m40-0051",TRUE,TRUE,TRUE,15,462,""
"s07_anchor_g0p01_a0p25_m40-0052",TRUE,TRUE,TRUE,15,462,""
"s07_anchor_g0p01_a0p25_m40-0053",TRUE,TRUE,TRUE,15,462,""
"s07_anchor_g0p01_a0p25_m40-0054",TRUE,TRUE,TRUE,15,462,""
"s07_anchor_g0p01_a0p25_m40-0055",TRUE,TRUE,TRUE,15,462,""
"s07_anchor_g0p01_a0p25_m40-0056",TRUE,TRUE,TRUE,15,462,""
"s07_anchor_g0p01_a0p25_m40-0057",TRUE,TRUE,TRUE,15,462,""
"s07_anchor_g0p01_a0p25_m40-0058",TRUE,TRUE,TRUE,15,462,""
"s07_anchor_g0p01_a0p25_m40-0059",TRUE,TRUE,TRUE,15,462,""
"s07_anchor_g0p01_a0p25_m40-0060",TRUE,TRUE,TRUE,15,462,""
"s07_anchor_g0p1_a0p25_m40-0001",TRUE,TRUE,TRUE,15,462,""
"s07_anchor_g0p1_a0p25_m40-0002",TRUE,TRUE,TRUE,15,462,""
"s07_anchor_g0p1_a0p25_m40-0003",TRUE,TRUE,TRUE,15,462,""
"s07_anchor_g0p1_a0p25_m40-0004",TRUE,TRUE,TRUE,15,462,""
"s07_anchor_g0p1_a0p25_m40-0005",TRUE,TRUE,TRUE,15,462,""
"s07_anchor_g0p1_a0p25_m40-0006",TRUE,TRUE,TRUE,15,462,""
"s07_anchor_g0p1_a0p25_m40-0007",TRUE,TRUE,TRUE,15,462,""
"s07_anchor_g0p1_a0p25_m40-0008",TRUE,TRUE,TRUE,15,462,""
"s07_anchor_g0p1_a0p25_m40-0009",TRUE,TRUE,TRUE,15,462,""
"s07_anchor_g0p1_a0p25_m40-0010",TRUE,TRUE,TRUE,15,462,""
"s07_anchor_g0p1_a0p25_m40-0011",TRUE,TRUE,TRUE,15,462,""
"s07_anchor_g0p1_a0p25_m40-0012",TRUE,TRUE,TRUE,15,462,""
"s07_anchor_g0p1_a0p25_m40-0013",TRUE,TRUE,TRUE,15,462,""
"s07_anchor_g0p1_a0p25_m40-0014",TRUE,TRUE,TRUE,15,462,""
"s07_anchor_g0p1_a0p25_m40-0015",TRUE,TRUE,TRUE,15,462,""
"s07_anchor_g0p1_a0p25_m40-0016",TRUE,TRUE,TRUE,15,462,""
"s07_anchor_g0p1_a0p25_m40-0017",TRUE,TRUE,TRUE,15,462,""
"s07_anchor_g0p1_a0p25_m40-0018",TRUE,TRUE,TRUE,15,462,""
"s07_anchor_g0p1_a0p25_m40-0019",TRUE,TRUE,TRUE,15,462,""
"s07_anchor_g0p1_a0p25_m40-0020",TRUE,TRUE,TRUE,15,462,""
"s07_anchor_g0p1_a0p25_m40-0021",TRUE,TRUE,TRUE,15,462,""
"s07_anchor_g0p1_a0p25_m40-0022",TRUE,TRUE,TRUE,15,462,""
"s07_anchor_g0p1_a0p25_m40-0023",TRUE,TRUE,TRUE,15,462,""
"s07_anchor_g0p1_a0p25_m40-0024",TRUE,TRUE,TRUE,15,462,""
"s07_anchor_g0p1_a0p25_m40-0025",TRUE,TRUE,TRUE,15,462,""
"s07_anchor_g0p1_a0p25_m40-0026",TRUE,TRUE,TRUE,15,462,""
"s07_anchor_g0p1_a0p25_m40-0027",TRUE,TRUE,TRUE,15,462,""
"s07_anchor_g0p1_a0p25_m40-0028",TRUE,TRUE,TRUE,15,462,""
"s07_anchor_g0p1_a0p25_m40-0029",TRUE,TRUE,TRUE,15,462,""
"s07_anchor_g0p1_a0p25_m40-0030",TRUE,TRUE,TRUE,15,462,""
"s07_anchor_g0p1_a0p25_m40-0031",TRUE,TRUE,TRUE,15,462,""
"s07_anchor_g0p1_a0p25_m40-0032",TRUE,TRUE,TRUE,15,462,""
"s07_anchor_g0p1_a0p25_m40-0033",TRUE,TRUE,TRUE,15,462,""
"s07_anchor_g0p1_a0p25_m40-0034",TRUE,TRUE,TRUE,15,462,""
"s07_anchor_g0p1_a0p25_m40-0035",TRUE,TRUE,TRUE,15,462,""
"s07_anchor_g0p1_a0p25_m40-0036",TRUE,TRUE,TRUE,15,462,""
"s07_anchor_g0p1_a0p25_m40-0037",TRUE,TRUE,TRUE,15,462,""
"s07_anchor_g0p1_a0p25_m40-0038",TRUE,TRUE,TRUE,15,462,""
"s07_anchor_g0p1_a0p25_m40-0039",TRUE,TRUE,TRUE,15,462,""
"s07_anchor_g0p1_a0p25_m40-0040",TRUE,TRUE,TRUE,15,462,""
"s07_anchor_g0p1_a0p25_m40-0041",TRUE,TRUE,TRUE,15,462,""
"s07_anchor_g0p1_a0p25_m40-0042",TRUE,TRUE,TRUE,15,462,""
"s07_anchor_g0p1_a0p25_m40-0043",TRUE,TRUE,TRUE,15,462,""
"s07_anchor_g0p1_a0p25_m40-0044",TRUE,TRUE,TRUE,15,462,""
"s07_anchor_g0p1_a0p25_m40-0045",TRUE,TRUE,TRUE,15,462,""
"s07_anchor_g0p1_a0p25_m40-0046",TRUE,TRUE,TRUE,15,462,""
"s07_anchor_g0p1_a0p25_m40-0047",TRUE,TRUE,TRUE,15,462,""
"s07_anchor_g0p1_a0p25_m40-0048",TRUE,TRUE,TRUE,15,462,""
"s07_anchor_g0p1_a0p25_m40-0049",TRUE,TRUE,TRUE,15,462,""
"s07_anchor_g0p1_a0p25_m40-0050",TRUE,TRUE,TRUE,15,462,""
"s07_anchor_g0p1_a0p25_m40-0051",TRUE,TRUE,TRUE,15,462,""
"s07_anchor_g0p1_a0p25_m40-0052",TRUE,TRUE,TRUE,15,462,""
"s07_anchor_g0p1_a0p25_m40-0053",TRUE,TRUE,TRUE,15,462,""
"s07_anchor_g0p1_a0p25_m40-0054",TRUE,TRUE,TRUE,15,462,""
"s07_anchor_g0p1_a0p25_m40-0055",TRUE,TRUE,TRUE,15,462,""
"s07_anchor_g0p1_a0p25_m40-0056",TRUE,TRUE,TRUE,15,462,""
"s07_anchor_g0p1_a0p25_m40-0057",TRUE,TRUE,TRUE,15,462,""
"s07_anchor_g0p1_a0p25_m40-0058",TRUE,TRUE,TRUE,15,462,""
"s07_anchor_g0p1_a0p25_m40-0059",TRUE,TRUE,TRUE,15,462,""
"s07_anchor_g0p1_a0p25_m40-0060",TRUE,TRUE,TRUE,15,462,""
"s07_ar1_g1_m160-0001",TRUE,TRUE,TRUE,15,480,""
"s07_ar1_g1_m160-0002",TRUE,TRUE,TRUE,15,480,""
"s07_ar1_g1_m160-0003",TRUE,TRUE,TRUE,15,480,""
"s07_ar1_g1_m160-0004",TRUE,TRUE,TRUE,15,480,""
"s07_ar1_g1_m160-0005",TRUE,TRUE,TRUE,15,480,""
"s07_ar1_g1_m160-0006",TRUE,TRUE,TRUE,15,480,""
"s07_ar1_g1_m160-0007",TRUE,TRUE,TRUE,15,480,""
"s07_ar1_g1_m160-0008",TRUE,TRUE,TRUE,15,480,""
"s07_ar1_g1_m160-0009",TRUE,TRUE,TRUE,15,480,""
"s07_ar1_g1_m160-0010",TRUE,TRUE,TRUE,15,480,""
"s07_ar1_g1_m160-0011",TRUE,TRUE,TRUE,15,480,""
"s07_ar1_g1_m160-0012",TRUE,TRUE,TRUE,15,480,""
"s07_ar1_g1_m160-0013",TRUE,TRUE,TRUE,15,480,""
"s07_ar1_g1_m160-0014",TRUE,TRUE,TRUE,15,480,""
"s07_ar1_g1_m160-0015",TRUE,TRUE,TRUE,15,480,""
"s07_ar1_g1_m160-0016",TRUE,TRUE,TRUE,15,480,""
"s07_ar1_g1_m160-0017",TRUE,TRUE,TRUE,15,480,""
"s07_ar1_g1_m160-0018",TRUE,TRUE,TRUE,15,480,""
"s07_ar1_g1_m160-0019",TRUE,TRUE,TRUE,15,480,""
"s07_ar1_g1_m160-0020",TRUE,TRUE,TRUE,15,480,""
"s07_ar1_g1_m160-0021",TRUE,TRUE,TRUE,15,480,""
"s07_ar1_g1_m160-0022",TRUE,TRUE,TRUE,15,480,""
"s07_ar1_g1_m160-0023",TRUE,TRUE,TRUE,15,480,""
"s07_ar1_g1_m160-0024",TRUE,TRUE,TRUE,15,480,""
"s07_ar1_g1_m160-0025",TRUE,TRUE,TRUE,15,480,""
"s07_ar1_g1_m160-0026",TRUE,TRUE,TRUE,15,480,""
"s07_ar1_g1_m160-0027",TRUE,TRUE,TRUE,15,480,""
"s07_ar1_g1_m160-0028",TRUE,TRUE,TRUE,15,480,""
"s07_ar1_g1_m160-0029",TRUE,TRUE,TRUE,15,480,""
"s07_ar1_g1_m160-0030",TRUE,TRUE,TRUE,15,480,""
"s07_ar1_g1_m160-0031",TRUE,TRUE,TRUE,15,480,""
"s07_ar1_g1_m160-0032",TRUE,TRUE,TRUE,15,480,""
"s07_ar1_g1_m160-0033",TRUE,TRUE,TRUE,15,480,""
"s07_ar1_g1_m160-0034",TRUE,TRUE,TRUE,15,480,""
"s07_ar1_g1_m160-0035",TRUE,TRUE,TRUE,15,480,""
"s07_ar1_g1_m160-0036",TRUE,TRUE,TRUE,15,480,""
"s07_ar1_g1_m160-0037",TRUE,TRUE,TRUE,15,480,""
"s07_ar1_g1_m160-0038",TRUE,TRUE,TRUE,15,480,""
"s07_ar1_g1_m160-0039",TRUE,TRUE,TRUE,15,480,""
"s07_ar1_g1_m160-0040",TRUE,TRUE,TRUE,15,480,""
"s07_movement_g0p01_m160-0001",TRUE,TRUE,TRUE,15,462,""
"s07_movement_g0p01_m160-0002",TRUE,TRUE,TRUE,15,462,""
"s07_movement_g0p01_m160-0003",TRUE,TRUE,TRUE,15,462,""
"s07_movement_g0p01_m160-0004",TRUE,TRUE,TRUE,15,462,""
"s07_movement_g0p01_m160-0005",TRUE,TRUE,TRUE,15,462,""
"s07_movement_g0p01_m160-0006",TRUE,TRUE,TRUE,15,462,""
"s07_movement_g0p01_m160-0007",TRUE,TRUE,TRUE,15,462,""
"s07_movement_g0p01_m160-0008",TRUE,TRUE,TRUE,15,462,""
"s07_movement_g0p01_m160-0009",TRUE,TRUE,TRUE,15,462,""
"s07_movement_g0p01_m160-0010",TRUE,TRUE,TRUE,15,462,""
"s07_movement_g0p01_m160-0011",TRUE,TRUE,TRUE,15,462,""
"s07_movement_g0p01_m160-0012",TRUE,TRUE,TRUE,15,462,""
"s07_movement_g0p01_m160-0013",TRUE,TRUE,TRUE,15,462,""
"s07_movement_g0p01_m160-0014",TRUE,TRUE,TRUE,15,462,""
"s07_movement_g0p01_m160-0015",TRUE,TRUE,TRUE,15,462,""
"s07_movement_g0p01_m160-0016",TRUE,TRUE,TRUE,15,462,""
"s07_movement_g0p01_m160-0017",TRUE,TRUE,TRUE,15,462,""
"s07_movement_g0p01_m160-0018",TRUE,TRUE,TRUE,15,462,""
"s07_movement_g0p01_m160-0019",TRUE,TRUE,TRUE,15,462,""
"s07_movement_g0p01_m160-0020",TRUE,TRUE,TRUE,15,462,""
"s07_movement_g0p01_m160-0021",TRUE,TRUE,TRUE,15,462,""
"s07_movement_g0p01_m160-0022",TRUE,TRUE,TRUE,15,462,""
"s07_movement_g0p01_m160-0023",TRUE,TRUE,TRUE,15,462,""
"s07_movement_g0p01_m160-0024",TRUE,TRUE,TRUE,15,462,""
"s07_movement_g0p01_m160-0025",TRUE,TRUE,TRUE,15,462,""
"s07_movement_g0p01_m160-0026",TRUE,TRUE,TRUE,15,462,""
"s07_movement_g0p01_m160-0027",TRUE,TRUE,TRUE,15,462,""
"s07_movement_g0p01_m160-0028",TRUE,TRUE,TRUE,15,462,""
"s07_movement_g0p01_m160-0029",TRUE,TRUE,TRUE,15,462,""
"s07_movement_g0p01_m160-0030",TRUE,TRUE,TRUE,15,462,""
"s07_movement_g0p01_m160-0031",TRUE,TRUE,TRUE,15,462,""
"s07_movement_g0p01_m160-0032",TRUE,TRUE,TRUE,15,462,""
"s07_movement_g0p01_m160-0033",TRUE,TRUE,TRUE,15,462,""
"s07_movement_g0p01_m160-0034",TRUE,TRUE,TRUE,15,462,""
"s07_movement_g0p01_m160-0035",TRUE,TRUE,TRUE,15,462,""
"s07_movement_g0p01_m160-0036",TRUE,TRUE,TRUE,15,462,""
"s07_movement_g0p01_m160-0037",TRUE,TRUE,TRUE,15,462,""
"s07_movement_g0p01_m160-0038",TRUE,TRUE,TRUE,15,462,""
"s07_movement_g0p01_m160-0039",TRUE,TRUE,TRUE,15,462,""
"s07_movement_g0p01_m160-0040",TRUE,TRUE,TRUE,15,462,""
"s07_movement_g1_m160-0001",TRUE,TRUE,TRUE,15,462,""
"s07_movement_g1_m160-0002",TRUE,TRUE,TRUE,15,462,""
"s07_movement_g1_m160-0003",TRUE,TRUE,TRUE,15,462,""
"s07_movement_g1_m160-0004",TRUE,TRUE,TRUE,15,462,""
"s07_movement_g1_m160-0005",TRUE,TRUE,TRUE,15,462,""
"s07_movement_g1_m160-0006",TRUE,TRUE,TRUE,15,462,""
"s07_movement_g1_m160-0007",TRUE,TRUE,TRUE,15,462,""
"s07_movement_g1_m160-0008",TRUE,TRUE,TRUE,15,462,""
"s07_movement_g1_m160-0009",TRUE,TRUE,TRUE,15,462,""
"s07_movement_g1_m160-0010",TRUE,TRUE,TRUE,15,462,""
"s07_movement_g1_m160-0011",TRUE,TRUE,TRUE,15,462,""
"s07_movement_g1_m160-0012",TRUE,TRUE,TRUE,15,462,""
"s07_movement_g1_m160-0013",TRUE,TRUE,TRUE,15,462,""
"s07_movement_g1_m160-0014",TRUE,TRUE,TRUE,15,462,""
"s07_movement_g1_m160-0015",TRUE,TRUE,TRUE,15,462,""
"s07_movement_g1_m160-0016",TRUE,TRUE,TRUE,15,462,""
"s07_movement_g1_m160-0017",TRUE,TRUE,TRUE,15,462,""
"s07_movement_g1_m160-0018",TRUE,TRUE,TRUE,15,462,""
"s07_movement_g1_m160-0019",TRUE,TRUE,TRUE,15,462,""
"s07_movement_g1_m160-0020",TRUE,TRUE,TRUE,15,462,""
"s07_movement_g1_m160-0021",TRUE,TRUE,TRUE,15,462,""
"s07_movement_g1_m160-0022",TRUE,TRUE,TRUE,15,462,""
"s07_movement_g1_m160-0023",TRUE,TRUE,TRUE,15,462,""
"s07_movement_g1_m160-0024",TRUE,TRUE,TRUE,15,462,""
"s07_movement_g1_m160-0025",TRUE,TRUE,TRUE,15,462,""
"s07_movement_g1_m160-0026",TRUE,TRUE,TRUE,15,462,""
"s07_movement_g1_m160-0027",TRUE,TRUE,TRUE,15,462,""
"s07_movement_g1_m160-0028",TRUE,TRUE,TRUE,15,462,""
"s07_movement_g1_m160-0029",TRUE,TRUE,TRUE,15,462,""
"s07_movement_g1_m160-0030",TRUE,TRUE,TRUE,15,462,""
"s07_movement_g1_m160-0031",TRUE,TRUE,TRUE,15,462,""
"s07_movement_g1_m160-0032",TRUE,TRUE,TRUE,15,462,""
"s07_movement_g1_m160-0033",TRUE,TRUE,TRUE,15,462,""
"s07_movement_g1_m160-0034",TRUE,TRUE,TRUE,15,462,""
"s07_movement_g1_m160-0035",TRUE,TRUE,TRUE,15,462,""
"s07_movement_g1_m160-0036",TRUE,TRUE,TRUE,15,462,""
"s07_movement_g1_m160-0037",TRUE,TRUE,TRUE,15,462,""
"s07_movement_g1_m160-0038",TRUE,TRUE,TRUE,15,462,""
"s07_movement_g1_m160-0039",TRUE,TRUE,TRUE,15,462,""
"s07_movement_g1_m160-0040",TRUE,TRUE,TRUE,15,462,""
"s07_normal_mean_m160-0001",TRUE,TRUE,TRUE,1,3,""
"s07_normal_mean_m160-0002",TRUE,TRUE,TRUE,1,3,""
"s07_normal_mean_m160-0003",TRUE,TRUE,TRUE,1,3,""
"s07_normal_mean_m160-0004",TRUE,TRUE,TRUE,1,3,""
"s07_normal_mean_m160-0005",TRUE,TRUE,TRUE,1,3,""
"s07_normal_mean_m160-0006",TRUE,TRUE,TRUE,1,3,""
"s07_normal_mean_m160-0007",TRUE,TRUE,TRUE,1,3,""
"s07_normal_mean_m160-0008",TRUE,TRUE,TRUE,1,3,""
"s07_normal_mean_m160-0009",TRUE,TRUE,TRUE,1,3,""
"s07_normal_mean_m160-0010",TRUE,TRUE,TRUE,1,3,""
"s07_normal_mean_m160-0011",TRUE,TRUE,TRUE,1,3,""
"s07_normal_mean_m160-0012",TRUE,TRUE,TRUE,1,3,""
"s07_normal_mean_m160-0013",TRUE,TRUE,TRUE,1,3,""
"s07_normal_mean_m160-0014",TRUE,TRUE,TRUE,1,3,""
"s07_normal_mean_m160-0015",TRUE,TRUE,TRUE,1,3,""
"s07_normal_mean_m160-0016",TRUE,TRUE,TRUE,1,3,""
"s07_normal_mean_m160-0017",TRUE,TRUE,TRUE,1,3,""
"s07_normal_mean_m160-0018",TRUE,TRUE,TRUE,1,3,""
"s07_normal_mean_m160-0019",TRUE,TRUE,TRUE,1,3,""
"s07_normal_mean_m160-0020",TRUE,TRUE,TRUE,1,3,""
"s07_normal_mean_m160-0021",TRUE,TRUE,TRUE,1,3,""
"s07_normal_mean_m160-0022",TRUE,TRUE,TRUE,1,3,""
"s07_normal_mean_m160-0023",TRUE,TRUE,TRUE,1,3,""
"s07_normal_mean_m160-0024",TRUE,TRUE,TRUE,1,3,""
"s07_normal_mean_m160-0025",TRUE,TRUE,TRUE,1,3,""
"s07_normal_mean_m160-0026",TRUE,TRUE,TRUE,1,3,""
"s07_normal_mean_m160-0027",TRUE,TRUE,TRUE,1,3,""
"s07_normal_mean_m160-0028",TRUE,TRUE,TRUE,1,3,""
"s07_normal_mean_m160-0029",TRUE,TRUE,TRUE,1,3,""
"s07_normal_mean_m160-0030",TRUE,TRUE,TRUE,1,3,""
"s07_normal_mean_m160-0031",TRUE,TRUE,TRUE,1,3,""
"s07_normal_mean_m160-0032",TRUE,TRUE,TRUE,1,3,""
"s07_normal_mean_m160-0033",TRUE,TRUE,TRUE,1,3,""
"s07_normal_mean_m160-0034",TRUE,TRUE,TRUE,1,3,""
"s07_normal_mean_m160-0035",TRUE,TRUE,TRUE,1,3,""
"s07_normal_mean_m160-0036",TRUE,TRUE,TRUE,1,3,""
"s07_normal_mean_m160-0037",TRUE,TRUE,TRUE,1,3,""
"s07_normal_mean_m160-0038",TRUE,TRUE,TRUE,1,3,""
"s07_normal_mean_m160-0039",TRUE,TRUE,TRUE,1,3,""
"s07_normal_mean_m160-0040",TRUE,TRUE,TRUE,1,3,""
"s07_normal_mean_m160-0041",TRUE,TRUE,TRUE,1,3,""
"s07_normal_mean_m160-0042",TRUE,TRUE,TRUE,1,3,""
"s07_normal_mean_m160-0043",TRUE,TRUE,TRUE,1,3,""
"s07_normal_mean_m160-0044",TRUE,TRUE,TRUE,1,3,""
"s07_normal_mean_m160-0045",TRUE,TRUE,TRUE,1,3,""
"s07_normal_mean_m160-0046",TRUE,TRUE,TRUE,1,3,""
"s07_normal_mean_m160-0047",TRUE,TRUE,TRUE,1,3,""
"s07_normal_mean_m160-0048",TRUE,TRUE,TRUE,1,3,""
"s07_normal_mean_m160-0049",TRUE,TRUE,TRUE,1,3,""
"s07_normal_mean_m160-0050",TRUE,TRUE,TRUE,1,3,""
"s07_normal_mean_m160-0051",TRUE,TRUE,TRUE,1,3,""
"s07_normal_mean_m160-0052",TRUE,TRUE,TRUE,1,3,""
"s07_normal_mean_m160-0053",TRUE,TRUE,TRUE,1,3,""
"s07_normal_mean_m160-0054",TRUE,TRUE,TRUE,1,3,""
"s07_normal_mean_m160-0055",TRUE,TRUE,TRUE,1,3,""
"s07_normal_mean_m160-0056",TRUE,TRUE,TRUE,1,3,""
"s07_normal_mean_m160-0057",TRUE,TRUE,TRUE,1,3,""
"s07_normal_mean_m160-0058",TRUE,TRUE,TRUE,1,3,""
"s07_normal_mean_m160-0059",TRUE,TRUE,TRUE,1,3,""
"s07_normal_mean_m160-0060",TRUE,TRUE,TRUE,1,3,""
"s07_normal_mean_m160-0061",TRUE,TRUE,TRUE,1,3,""
"s07_normal_mean_m160-0062",TRUE,TRUE,TRUE,1,3,""
"s07_normal_mean_m160-0063",TRUE,TRUE,TRUE,1,3,""
"s07_normal_mean_m160-0064",TRUE,TRUE,TRUE,1,3,""
"s07_normal_mean_m160-0065",TRUE,TRUE,TRUE,1,3,""
"s07_normal_mean_m160-0066",TRUE,TRUE,TRUE,1,3,""
"s07_normal_mean_m160-0067",TRUE,TRUE,TRUE,1,3,""
"s07_normal_mean_m160-0068",TRUE,TRUE,TRUE,1,3,""
"s07_normal_mean_m160-0069",TRUE,TRUE,TRUE,1,3,""
"s07_normal_mean_m160-0070",TRUE,TRUE,TRUE,1,3,""
"s07_normal_mean_m160-0071",TRUE,TRUE,TRUE,1,3,""
"s07_normal_mean_m160-0072",TRUE,TRUE,TRUE,1,3,""
"s07_normal_mean_m160-0073",TRUE,TRUE,TRUE,1,3,""
"s07_normal_mean_m160-0074",TRUE,TRUE,TRUE,1,3,""
"s07_normal_mean_m160-0075",TRUE,TRUE,TRUE,1,3,""
"s07_normal_mean_m160-0076",TRUE,TRUE,TRUE,1,3,""
"s07_normal_mean_m160-0077",TRUE,TRUE,TRUE,1,3,""
"s07_normal_mean_m160-0078",TRUE,TRUE,TRUE,1,3,""
"s07_normal_mean_m160-0079",TRUE,TRUE,TRUE,1,3,""
"s07_normal_mean_m160-0080",TRUE,TRUE,TRUE,1,3,""
"s07_normal_mean_m160-0081",TRUE,TRUE,TRUE,1,3,""
"s07_normal_mean_m160-0082",TRUE,TRUE,TRUE,1,3,""
"s07_normal_mean_m160-0083",TRUE,TRUE,TRUE,1,3,""
"s07_normal_mean_m160-0084",TRUE,TRUE,TRUE,1,3,""
"s07_normal_mean_m160-0085",TRUE,TRUE,TRUE,1,3,""
"s07_normal_mean_m160-0086",TRUE,TRUE,TRUE,1,3,""
"s07_normal_mean_m160-0087",TRUE,TRUE,TRUE,1,3,""
"s07_normal_mean_m160-0088",TRUE,TRUE,TRUE,1,3,""
"s07_normal_mean_m160-0089",TRUE,TRUE,TRUE,1,3,""
"s07_normal_mean_m160-0090",TRUE,TRUE,TRUE,1,3,""
"s07_normal_mean_m160-0091",TRUE,TRUE,TRUE,1,3,""
"s07_normal_mean_m160-0092",TRUE,TRUE,TRUE,1,3,""
"s07_normal_mean_m160-0093",TRUE,TRUE,TRUE,1,3,""
"s07_normal_mean_m160-0094",TRUE,TRUE,TRUE,1,3,""
"s07_normal_mean_m160-0095",TRUE,TRUE,TRUE,1,3,""
"s07_normal_mean_m160-0096",TRUE,TRUE,TRUE,1,3,""
"s07_normal_mean_m160-0097",TRUE,TRUE,TRUE,1,3,""
"s07_normal_mean_m160-0098",TRUE,TRUE,TRUE,1,3,""
"s07_normal_mean_m160-0099",TRUE,TRUE,TRUE,1,3,""
"s07_normal_mean_m160-0100",TRUE,TRUE,TRUE,1,3,""
"s07_normal_mean_m160-0101",TRUE,TRUE,TRUE,1,3,""
"s07_normal_mean_m160-0102",TRUE,TRUE,TRUE,1,3,""
"s07_normal_mean_m160-0103",TRUE,TRUE,TRUE,1,3,""
"s07_normal_mean_m160-0104",TRUE,TRUE,TRUE,1,3,""
"s07_normal_mean_m160-0105",TRUE,TRUE,TRUE,1,3,""
"s07_normal_mean_m160-0106",TRUE,TRUE,TRUE,1,3,""
"s07_normal_mean_m160-0107",TRUE,TRUE,TRUE,1,3,""
"s07_normal_mean_m160-0108",TRUE,TRUE,TRUE,1,3,""
"s07_normal_mean_m160-0109",TRUE,TRUE,TRUE,1,3,""
"s07_normal_mean_m160-0110",TRUE,TRUE,TRUE,1,3,""
"s07_normal_mean_m160-0111",TRUE,TRUE,TRUE,1,3,""
"s07_normal_mean_m160-0112",TRUE,TRUE,TRUE,1,3,""
"s07_normal_mean_m160-0113",TRUE,TRUE,TRUE,1,3,""
"s07_normal_mean_m160-0114",TRUE,TRUE,TRUE,1,3,""
"s07_normal_mean_m160-0115",TRUE,TRUE,TRUE,1,3,""
"s07_normal_mean_m160-0116",TRUE,TRUE,TRUE,1,3,""
"s07_normal_mean_m160-0117",TRUE,TRUE,TRUE,1,3,""
"s07_normal_mean_m160-0118",TRUE,TRUE,TRUE,1,3,""
"s07_normal_mean_m160-0119",TRUE,TRUE,TRUE,1,3,""
"s07_normal_mean_m160-0120",TRUE,TRUE,TRUE,1,3,""
"s07_normal_mean_m160-0121",TRUE,TRUE,TRUE,1,3,""
"s07_normal_mean_m160-0122",TRUE,TRUE,TRUE,1,3,""
"s07_normal_mean_m160-0123",TRUE,TRUE,TRUE,1,3,""
"s07_normal_mean_m160-0124",TRUE,TRUE,TRUE,1,3,""
"s07_normal_mean_m160-0125",TRUE,TRUE,TRUE,1,3,""
"s07_normal_mean_m160-0126",TRUE,TRUE,TRUE,1,3,""
"s07_normal_mean_m160-0127",TRUE,TRUE,TRUE,1,3,""
"s07_normal_mean_m160-0128",TRUE,TRUE,TRUE,1,3,""
"s07_normal_mean_m160-0129",TRUE,TRUE,TRUE,1,3,""
"s07_normal_mean_m160-0130",TRUE,TRUE,TRUE,1,3,""
"s07_normal_mean_m160-0131",TRUE,TRUE,TRUE,1,3,""
"s07_normal_mean_m160-0132",TRUE,TRUE,TRUE,1,3,""
"s07_normal_mean_m160-0133",TRUE,TRUE,TRUE,1,3,""
"s07_normal_mean_m160-0134",TRUE,TRUE,TRUE,1,3,""
"s07_normal_mean_m160-0135",TRUE,TRUE,TRUE,1,3,""
"s07_normal_mean_m160-0136",TRUE,TRUE,TRUE,1,3,""
"s07_normal_mean_m160-0137",TRUE,TRUE,TRUE,1,3,""
"s07_normal_mean_m160-0138",TRUE,TRUE,TRUE,1,3,""
"s07_normal_mean_m160-0139",TRUE,TRUE,TRUE,1,3,""
"s07_normal_mean_m160-0140",TRUE,TRUE,TRUE,1,3,""
"s07_normal_mean_m160-0141",TRUE,TRUE,TRUE,1,3,""
"s07_normal_mean_m160-0142",TRUE,TRUE,TRUE,1,3,""
"s07_normal_mean_m160-0143",TRUE,TRUE,TRUE,1,3,""
"s07_normal_mean_m160-0144",TRUE,TRUE,TRUE,1,3,""
"s07_normal_mean_m160-0145",TRUE,TRUE,TRUE,1,3,""
"s07_normal_mean_m160-0146",TRUE,TRUE,TRUE,1,3,""
"s07_normal_mean_m160-0147",TRUE,TRUE,TRUE,1,3,""
"s07_normal_mean_m160-0148",TRUE,TRUE,TRUE,1,3,""
"s07_normal_mean_m160-0149",TRUE,TRUE,TRUE,1,3,""
"s07_normal_mean_m160-0150",TRUE,TRUE,TRUE,1,3,""
"s07_normal_mean_m160-0151",TRUE,TRUE,TRUE,1,3,""
"s07_normal_mean_m160-0152",TRUE,TRUE,TRUE,1,3,""
"s07_normal_mean_m160-0153",TRUE,TRUE,TRUE,1,3,""
"s07_normal_mean_m160-0154",TRUE,TRUE,TRUE,1,3,""
"s07_normal_mean_m160-0155",TRUE,TRUE,TRUE,1,3,""
"s07_normal_mean_m160-0156",TRUE,TRUE,TRUE,1,3,""
"s07_normal_mean_m160-0157",TRUE,TRUE,TRUE,1,3,""
"s07_normal_mean_m160-0158",TRUE,TRUE,TRUE,1,3,""
"s07_normal_mean_m160-0159",TRUE,TRUE,TRUE,1,3,""
"s07_normal_mean_m160-0160",TRUE,TRUE,TRUE,1,3,""
"s07_normal_mean_m160-0161",TRUE,TRUE,TRUE,1,3,""
"s07_normal_mean_m160-0162",TRUE,TRUE,TRUE,1,3,""
"s07_normal_mean_m160-0163",TRUE,TRUE,TRUE,1,3,""
"s07_normal_mean_m160-0164",TRUE,TRUE,TRUE,1,3,""
"s07_normal_mean_m160-0165",TRUE,TRUE,TRUE,1,3,""
"s07_normal_mean_m160-0166",TRUE,TRUE,TRUE,1,3,""
"s07_normal_mean_m160-0167",TRUE,TRUE,TRUE,1,3,""
"s07_normal_mean_m160-0168",TRUE,TRUE,TRUE,1,3,""
"s07_normal_mean_m160-0169",TRUE,TRUE,TRUE,1,3,""
"s07_normal_mean_m160-0170",TRUE,TRUE,TRUE,1,3,""
"s07_normal_mean_m160-0171",TRUE,TRUE,TRUE,1,3,""
"s07_normal_mean_m160-0172",TRUE,TRUE,TRUE,1,3,""
"s07_normal_mean_m160-0173",TRUE,TRUE,TRUE,1,3,""
"s07_normal_mean_m160-0174",TRUE,TRUE,TRUE,1,3,""
"s07_normal_mean_m160-0175",TRUE,TRUE,TRUE,1,3,""
"s07_normal_mean_m160-0176",TRUE,TRUE,TRUE,1,3,""
"s07_normal_mean_m160-0177",TRUE,TRUE,TRUE,1,3,""
"s07_normal_mean_m160-0178",TRUE,TRUE,TRUE,1,3,""
"s07_normal_mean_m160-0179",TRUE,TRUE,TRUE,1,3,""
"s07_normal_mean_m160-0180",TRUE,TRUE,TRUE,1,3,""
"s07_normal_mean_m160-0181",TRUE,TRUE,TRUE,1,3,""
"s07_normal_mean_m160-0182",TRUE,TRUE,TRUE,1,3,""
"s07_normal_mean_m160-0183",TRUE,TRUE,TRUE,1,3,""
"s07_normal_mean_m160-0184",TRUE,TRUE,TRUE,1,3,""
"s07_normal_mean_m160-0185",TRUE,TRUE,TRUE,1,3,""
"s07_normal_mean_m160-0186",TRUE,TRUE,TRUE,1,3,""
"s07_normal_mean_m160-0187",TRUE,TRUE,TRUE,1,3,""
"s07_normal_mean_m160-0188",TRUE,TRUE,TRUE,1,3,""
"s07_normal_mean_m160-0189",TRUE,TRUE,TRUE,1,3,""
"s07_normal_mean_m160-0190",TRUE,TRUE,TRUE,1,3,""
"s07_normal_mean_m160-0191",TRUE,TRUE,TRUE,1,3,""
"s07_normal_mean_m160-0192",TRUE,TRUE,TRUE,1,3,""
"s07_normal_mean_m160-0193",TRUE,TRUE,TRUE,1,3,""
"s07_normal_mean_m160-0194",TRUE,TRUE,TRUE,1,3,""
"s07_normal_mean_m160-0195",TRUE,TRUE,TRUE,1,3,""
"s07_normal_mean_m160-0196",TRUE,TRUE,TRUE,1,3,""
"s07_normal_mean_m160-0197",TRUE,TRUE,TRUE,1,3,""
"s07_normal_mean_m160-0198",TRUE,TRUE,TRUE,1,3,""
"s07_normal_mean_m160-0199",TRUE,TRUE,TRUE,1,3,""
"s07_normal_mean_m160-0200",TRUE,TRUE,TRUE,1,3,""
"s07_normal_mean_m160-0201",TRUE,TRUE,TRUE,1,3,""
"s07_normal_mean_m160-0202",TRUE,TRUE,TRUE,1,3,""
"s07_normal_mean_m160-0203",TRUE,TRUE,TRUE,1,3,""
"s07_normal_mean_m160-0204",TRUE,TRUE,TRUE,1,3,""
"s07_normal_mean_m160-0205",TRUE,TRUE,TRUE,1,3,""
"s07_normal_mean_m160-0206",TRUE,TRUE,TRUE,1,3,""
"s07_normal_mean_m160-0207",TRUE,TRUE,TRUE,1,3,""
"s07_normal_mean_m160-0208",TRUE,TRUE,TRUE,1,3,""
"s07_normal_mean_m160-0209",TRUE,TRUE,TRUE,1,3,""
"s07_normal_mean_m160-0210",TRUE,TRUE,TRUE,1,3,""
"s07_normal_mean_m160-0211",TRUE,TRUE,TRUE,1,3,""
"s07_normal_mean_m160-0212",TRUE,TRUE,TRUE,1,3,""
"s07_normal_mean_m160-0213",TRUE,TRUE,TRUE,1,3,""
"s07_normal_mean_m160-0214",TRUE,TRUE,TRUE,1,3,""
"s07_normal_mean_m160-0215",TRUE,TRUE,TRUE,1,3,""
"s07_normal_mean_m160-0216",TRUE,TRUE,TRUE,1,3,""
"s07_normal_mean_m160-0217",TRUE,TRUE,TRUE,1,3,""
"s07_normal_mean_m160-0218",TRUE,TRUE,TRUE,1,3,""
"s07_normal_mean_m160-0219",TRUE,TRUE,TRUE,1,3,""
"s07_normal_mean_m160-0220",TRUE,TRUE,TRUE,1,3,""
"s07_normal_mean_m160-0221",TRUE,TRUE,TRUE,1,3,""
"s07_normal_mean_m160-0222",TRUE,TRUE,TRUE,1,3,""
"s07_normal_mean_m160-0223",TRUE,TRUE,TRUE,1,3,""
"s07_normal_mean_m160-0224",TRUE,TRUE,TRUE,1,3,""
"s07_normal_mean_m160-0225",TRUE,TRUE,TRUE,1,3,""
"s07_normal_mean_m160-0226",TRUE,TRUE,TRUE,1,3,""
"s07_normal_mean_m160-0227",TRUE,TRUE,TRUE,1,3,""
"s07_normal_mean_m160-0228",TRUE,TRUE,TRUE,1,3,""
"s07_normal_mean_m160-0229",TRUE,TRUE,TRUE,1,3,""
"s07_normal_mean_m160-0230",TRUE,TRUE,TRUE,1,3,""
"s07_normal_mean_m160-0231",TRUE,TRUE,TRUE,1,3,""
"s07_normal_mean_m160-0232",TRUE,TRUE,TRUE,1,3,""
"s07_normal_mean_m160-0233",TRUE,TRUE,TRUE,1,3,""
"s07_normal_mean_m160-0234",TRUE,TRUE,TRUE,1,3,""
"s07_normal_mean_m160-0235",TRUE,TRUE,TRUE,1,3,""
"s07_normal_mean_m160-0236",TRUE,TRUE,TRUE,1,3,""
"s07_normal_mean_m160-0237",TRUE,TRUE,TRUE,1,3,""
"s07_normal_mean_m160-0238",TRUE,TRUE,TRUE,1,3,""
"s07_normal_mean_m160-0239",TRUE,TRUE,TRUE,1,3,""
"s07_normal_mean_m160-0240",TRUE,TRUE,TRUE,1,3,""
"s07_normal_mean_m160-0241",TRUE,TRUE,TRUE,1,3,""
"s07_normal_mean_m160-0242",TRUE,TRUE,TRUE,1,3,""
"s07_normal_mean_m160-0243",TRUE,TRUE,TRUE,1,3,""
"s07_normal_mean_m160-0244",TRUE,TRUE,TRUE,1,3,""
"s07_normal_mean_m160-0245",TRUE,TRUE,TRUE,1,3,""
"s07_normal_mean_m160-0246",TRUE,TRUE,TRUE,1,3,""
"s07_normal_mean_m160-0247",TRUE,TRUE,TRUE,1,3,""
"s07_normal_mean_m160-0248",TRUE,TRUE,TRUE,1,3,""
"s07_normal_mean_m160-0249",TRUE,TRUE,TRUE,1,3,""
"s07_normal_mean_m160-0250",TRUE,TRUE,TRUE,1,3,""
"s07_normal_mean_m160-0251",TRUE,TRUE,TRUE,1,3,""
"s07_normal_mean_m160-0252",TRUE,TRUE,TRUE,1,3,""
"s07_normal_mean_m160-0253",TRUE,TRUE,TRUE,1,3,""
"s07_normal_mean_m160-0254",TRUE,TRUE,TRUE,1,3,""
"s07_normal_mean_m160-0255",TRUE,TRUE,TRUE,1,3,""
"s07_normal_mean_m160-0256",TRUE,TRUE,TRUE,1,3,""
"s07_normal_mean_m160-0257",TRUE,TRUE,TRUE,1,3,""
"s07_normal_mean_m160-0258",TRUE,TRUE,TRUE,1,3,""
"s07_normal_mean_m160-0259",TRUE,TRUE,TRUE,1,3,""
"s07_normal_mean_m160-0260",TRUE,TRUE,TRUE,1,3,""
"s07_normal_mean_m160-0261",TRUE,TRUE,TRUE,1,3,""
"s07_normal_mean_m160-0262",TRUE,TRUE,TRUE,1,3,""
"s07_normal_mean_m160-0263",TRUE,TRUE,TRUE,1,3,""
"s07_normal_mean_m160-0264",TRUE,TRUE,TRUE,1,3,""
"s07_normal_mean_m160-0265",TRUE,TRUE,TRUE,1,3,""
"s07_normal_mean_m160-0266",TRUE,TRUE,TRUE,1,3,""
"s07_normal_mean_m160-0267",TRUE,TRUE,TRUE,1,3,""
"s07_normal_mean_m160-0268",TRUE,TRUE,TRUE,1,3,""
"s07_normal_mean_m160-0269",TRUE,TRUE,TRUE,1,3,""
"s07_normal_mean_m160-0270",TRUE,TRUE,TRUE,1,3,""
"s07_normal_mean_m160-0271",TRUE,TRUE,TRUE,1,3,""
"s07_normal_mean_m160-0272",TRUE,TRUE,TRUE,1,3,""
"s07_normal_mean_m160-0273",TRUE,TRUE,TRUE,1,3,""
"s07_normal_mean_m160-0274",TRUE,TRUE,TRUE,1,3,""
"s07_normal_mean_m160-0275",TRUE,TRUE,TRUE,1,3,""
"s07_normal_mean_m160-0276",TRUE,TRUE,TRUE,1,3,""
"s07_normal_mean_m160-0277",TRUE,TRUE,TRUE,1,3,""
"s07_normal_mean_m160-0278",TRUE,TRUE,TRUE,1,3,""
"s07_normal_mean_m160-0279",TRUE,TRUE,TRUE,1,3,""
"s07_normal_mean_m160-0280",TRUE,TRUE,TRUE,1,3,""
"s07_normal_mean_m160-0281",TRUE,TRUE,TRUE,1,3,""
"s07_normal_mean_m160-0282",TRUE,TRUE,TRUE,1,3,""
"s07_normal_mean_m160-0283",TRUE,TRUE,TRUE,1,3,""
"s07_normal_mean_m160-0284",TRUE,TRUE,TRUE,1,3,""
"s07_normal_mean_m160-0285",TRUE,TRUE,TRUE,1,3,""
"s07_normal_mean_m160-0286",TRUE,TRUE,TRUE,1,3,""
"s07_normal_mean_m160-0287",TRUE,TRUE,TRUE,1,3,""
"s07_normal_mean_m160-0288",TRUE,TRUE,TRUE,1,3,""
"s07_normal_mean_m160-0289",TRUE,TRUE,TRUE,1,3,""
"s07_normal_mean_m160-0290",TRUE,TRUE,TRUE,1,3,""
"s07_normal_mean_m160-0291",TRUE,TRUE,TRUE,1,3,""
"s07_normal_mean_m160-0292",TRUE,TRUE,TRUE,1,3,""
"s07_normal_mean_m160-0293",TRUE,TRUE,TRUE,1,3,""
"s07_normal_mean_m160-0294",TRUE,TRUE,TRUE,1,3,""
"s07_normal_mean_m160-0295",TRUE,TRUE,TRUE,1,3,""
"s07_normal_mean_m160-0296",TRUE,TRUE,TRUE,1,3,""
"s07_normal_mean_m160-0297",TRUE,TRUE,TRUE,1,3,""
"s07_normal_mean_m160-0298",TRUE,TRUE,TRUE,1,3,""
"s07_normal_mean_m160-0299",TRUE,TRUE,TRUE,1,3,""
"s07_normal_mean_m160-0300",TRUE,TRUE,TRUE,1,3,""
"s07_normal_mean_m160-0301",TRUE,TRUE,TRUE,1,3,""
"s07_normal_mean_m160-0302",TRUE,TRUE,TRUE,1,3,""
"s07_normal_mean_m160-0303",TRUE,TRUE,TRUE,1,3,""
"s07_normal_mean_m160-0304",TRUE,TRUE,TRUE,1,3,""
"s07_normal_mean_m160-0305",TRUE,TRUE,TRUE,1,3,""
"s07_normal_mean_m160-0306",TRUE,TRUE,TRUE,1,3,""
"s07_normal_mean_m160-0307",TRUE,TRUE,TRUE,1,3,""
"s07_normal_mean_m160-0308",TRUE,TRUE,TRUE,1,3,""
"s07_normal_mean_m160-0309",TRUE,TRUE,TRUE,1,3,""
"s07_normal_mean_m160-0310",TRUE,TRUE,TRUE,1,3,""
"s07_normal_mean_m160-0311",TRUE,TRUE,TRUE,1,3,""
"s07_normal_mean_m160-0312",TRUE,TRUE,TRUE,1,3,""
"s07_normal_mean_m160-0313",TRUE,TRUE,TRUE,1,3,""
"s07_normal_mean_m160-0314",TRUE,TRUE,TRUE,1,3,""
"s07_normal_mean_m160-0315",TRUE,TRUE,TRUE,1,3,""
"s07_normal_mean_m160-0316",TRUE,TRUE,TRUE,1,3,""
"s07_normal_mean_m160-0317",TRUE,TRUE,TRUE,1,3,""
"s07_normal_mean_m160-0318",TRUE,TRUE,TRUE,1,3,""
"s07_normal_mean_m160-0319",TRUE,TRUE,TRUE,1,3,""
"s07_normal_mean_m160-0320",TRUE,TRUE,TRUE,1,3,""
"s07_normal_mean_m160-0321",TRUE,TRUE,TRUE,1,3,""
"s07_normal_mean_m160-0322",TRUE,TRUE,TRUE,1,3,""
"s07_normal_mean_m160-0323",TRUE,TRUE,TRUE,1,3,""
"s07_normal_mean_m160-0324",TRUE,TRUE,TRUE,1,3,""
"s07_normal_mean_m160-0325",TRUE,TRUE,TRUE,1,3,""
"s07_normal_mean_m160-0326",TRUE,TRUE,TRUE,1,3,""
"s07_normal_mean_m160-0327",TRUE,TRUE,TRUE,1,3,""
"s07_normal_mean_m160-0328",TRUE,TRUE,TRUE,1,3,""
"s07_normal_mean_m160-0329",TRUE,TRUE,TRUE,1,3,""
"s07_normal_mean_m160-0330",TRUE,TRUE,TRUE,1,3,""
"s07_normal_mean_m160-0331",TRUE,TRUE,TRUE,1,3,""
"s07_normal_mean_m160-0332",TRUE,TRUE,TRUE,1,3,""
"s07_normal_mean_m160-0333",TRUE,TRUE,TRUE,1,3,""
"s07_normal_mean_m160-0334",TRUE,TRUE,TRUE,1,3,""
"s07_normal_mean_m160-0335",TRUE,TRUE,TRUE,1,3,""
"s07_normal_mean_m160-0336",TRUE,TRUE,TRUE,1,3,""
"s07_normal_mean_m160-0337",TRUE,TRUE,TRUE,1,3,""
"s07_normal_mean_m160-0338",TRUE,TRUE,TRUE,1,3,""
"s07_normal_mean_m160-0339",TRUE,TRUE,TRUE,1,3,""
"s07_normal_mean_m160-0340",TRUE,TRUE,TRUE,1,3,""
"s07_normal_mean_m160-0341",TRUE,TRUE,TRUE,1,3,""
"s07_normal_mean_m160-0342",TRUE,TRUE,TRUE,1,3,""
"s07_normal_mean_m160-0343",TRUE,TRUE,TRUE,1,3,""
"s07_normal_mean_m160-0344",TRUE,TRUE,TRUE,1,3,""
"s07_normal_mean_m160-0345",TRUE,TRUE,TRUE,1,3,""
"s07_normal_mean_m160-0346",TRUE,TRUE,TRUE,1,3,""
"s07_normal_mean_m160-0347",TRUE,TRUE,TRUE,1,3,""
"s07_normal_mean_m160-0348",TRUE,TRUE,TRUE,1,3,""
"s07_normal_mean_m160-0349",TRUE,TRUE,TRUE,1,3,""
"s07_normal_mean_m160-0350",TRUE,TRUE,TRUE,1,3,""
"s07_normal_mean_m160-0351",TRUE,TRUE,TRUE,1,3,""
"s07_normal_mean_m160-0352",TRUE,TRUE,TRUE,1,3,""
"s07_normal_mean_m160-0353",TRUE,TRUE,TRUE,1,3,""
"s07_normal_mean_m160-0354",TRUE,TRUE,TRUE,1,3,""
"s07_normal_mean_m160-0355",TRUE,TRUE,TRUE,1,3,""
"s07_normal_mean_m160-0356",TRUE,TRUE,TRUE,1,3,""
"s07_normal_mean_m160-0357",TRUE,TRUE,TRUE,1,3,""
"s07_normal_mean_m160-0358",TRUE,TRUE,TRUE,1,3,""
"s07_normal_mean_m160-0359",TRUE,TRUE,TRUE,1,3,""
"s07_normal_mean_m160-0360",TRUE,TRUE,TRUE,1,3,""
"s07_normal_mean_m160-0361",TRUE,TRUE,TRUE,1,3,""
"s07_normal_mean_m160-0362",TRUE,TRUE,TRUE,1,3,""
"s07_normal_mean_m160-0363",TRUE,TRUE,TRUE,1,3,""
"s07_normal_mean_m160-0364",TRUE,TRUE,TRUE,1,3,""
"s07_normal_mean_m160-0365",TRUE,TRUE,TRUE,1,3,""
"s07_normal_mean_m160-0366",TRUE,TRUE,TRUE,1,3,""
"s07_normal_mean_m160-0367",TRUE,TRUE,TRUE,1,3,""
"s07_normal_mean_m160-0368",TRUE,TRUE,TRUE,1,3,""
"s07_normal_mean_m160-0369",TRUE,TRUE,TRUE,1,3,""
"s07_normal_mean_m160-0370",TRUE,TRUE,TRUE,1,3,""
"s07_normal_mean_m160-0371",TRUE,TRUE,TRUE,1,3,""
"s07_normal_mean_m160-0372",TRUE,TRUE,TRUE,1,3,""
"s07_normal_mean_m160-0373",TRUE,TRUE,TRUE,1,3,""
"s07_normal_mean_m160-0374",TRUE,TRUE,TRUE,1,3,""
"s07_normal_mean_m160-0375",TRUE,TRUE,TRUE,1,3,""
"s07_normal_mean_m160-0376",TRUE,TRUE,TRUE,1,3,""
"s07_normal_mean_m160-0377",TRUE,TRUE,TRUE,1,3,""
"s07_normal_mean_m160-0378",TRUE,TRUE,TRUE,1,3,""
"s07_normal_mean_m160-0379",TRUE,TRUE,TRUE,1,3,""
"s07_normal_mean_m160-0380",TRUE,TRUE,TRUE,1,3,""
"s07_normal_mean_m160-0381",TRUE,TRUE,TRUE,1,3,""
"s07_normal_mean_m160-0382",TRUE,TRUE,TRUE,1,3,""
"s07_normal_mean_m160-0383",TRUE,TRUE,TRUE,1,3,""
"s07_normal_mean_m160-0384",TRUE,TRUE,TRUE,1,3,""
"s07_normal_mean_m160-0385",TRUE,TRUE,TRUE,1,3,""
"s07_normal_mean_m160-0386",TRUE,TRUE,TRUE,1,3,""
"s07_normal_mean_m160-0387",TRUE,TRUE,TRUE,1,3,""
"s07_normal_mean_m160-0388",TRUE,TRUE,TRUE,1,3,""
"s07_normal_mean_m160-0389",TRUE,TRUE,TRUE,1,3,""
"s07_normal_mean_m160-0390",TRUE,TRUE,TRUE,1,3,""
"s07_normal_mean_m160-0391",TRUE,TRUE,TRUE,1,3,""
"s07_normal_mean_m160-0392",TRUE,TRUE,TRUE,1,3,""
"s07_normal_mean_m160-0393",TRUE,TRUE,TRUE,1,3,""
"s07_normal_mean_m160-0394",TRUE,TRUE,TRUE,1,3,""
"s07_normal_mean_m160-0395",TRUE,TRUE,TRUE,1,3,""
"s07_normal_mean_m160-0396",TRUE,TRUE,TRUE,1,3,""
"s07_normal_mean_m160-0397",TRUE,TRUE,TRUE,1,3,""
"s07_normal_mean_m160-0398",TRUE,TRUE,TRUE,1,3,""
"s07_normal_mean_m160-0399",TRUE,TRUE,TRUE,1,3,""
"s07_normal_mean_m160-0400",TRUE,TRUE,TRUE,1,3,""
"s07_normal_mean_m160-0401",TRUE,TRUE,TRUE,1,3,""
"s07_normal_mean_m160-0402",TRUE,TRUE,TRUE,1,3,""
"s07_normal_mean_m160-0403",TRUE,TRUE,TRUE,1,3,""
"s07_normal_mean_m160-0404",TRUE,TRUE,TRUE,1,3,""
"s07_normal_mean_m160-0405",TRUE,TRUE,TRUE,1,3,""
"s07_normal_mean_m160-0406",TRUE,TRUE,TRUE,1,3,""
"s07_normal_mean_m160-0407",TRUE,TRUE,TRUE,1,3,""
"s07_normal_mean_m160-0408",TRUE,TRUE,TRUE,1,3,""
"s07_normal_mean_m160-0409",TRUE,TRUE,TRUE,1,3,""
"s07_normal_mean_m160-0410",TRUE,TRUE,TRUE,1,3,""
"s07_normal_mean_m160-0411",TRUE,TRUE,TRUE,1,3,""
"s07_normal_mean_m160-0412",TRUE,TRUE,TRUE,1,3,""
"s07_normal_mean_m160-0413",TRUE,TRUE,TRUE,1,3,""
"s07_normal_mean_m160-0414",TRUE,TRUE,TRUE,1,3,""
"s07_normal_mean_m160-0415",TRUE,TRUE,TRUE,1,3,""
"s07_normal_mean_m160-0416",TRUE,TRUE,TRUE,1,3,""
"s07_normal_mean_m160-0417",TRUE,TRUE,TRUE,1,3,""
"s07_normal_mean_m160-0418",TRUE,TRUE,TRUE,1,3,""
"s07_normal_mean_m160-0419",TRUE,TRUE,TRUE,1,3,""
"s07_normal_mean_m160-0420",TRUE,TRUE,TRUE,1,3,""
"s07_normal_mean_m160-0421",TRUE,TRUE,TRUE,1,3,""
"s07_normal_mean_m160-0422",TRUE,TRUE,TRUE,1,3,""
"s07_normal_mean_m160-0423",TRUE,TRUE,TRUE,1,3,""
"s07_normal_mean_m160-0424",TRUE,TRUE,TRUE,1,3,""
"s07_normal_mean_m160-0425",TRUE,TRUE,TRUE,1,3,""
"s07_normal_mean_m160-0426",TRUE,TRUE,TRUE,1,3,""
"s07_normal_mean_m160-0427",TRUE,TRUE,TRUE,1,3,""
"s07_normal_mean_m160-0428",TRUE,TRUE,TRUE,1,3,""
"s07_normal_mean_m160-0429",TRUE,TRUE,TRUE,1,3,""
"s07_normal_mean_m160-0430",TRUE,TRUE,TRUE,1,3,""
"s07_normal_mean_m160-0431",TRUE,TRUE,TRUE,1,3,""
"s07_normal_mean_m160-0432",TRUE,TRUE,TRUE,1,3,""
"s07_normal_mean_m160-0433",TRUE,TRUE,TRUE,1,3,""
"s07_normal_mean_m160-0434",TRUE,TRUE,TRUE,1,3,""
"s07_normal_mean_m160-0435",TRUE,TRUE,TRUE,1,3,""
"s07_normal_mean_m160-0436",TRUE,TRUE,TRUE,1,3,""
"s07_normal_mean_m160-0437",TRUE,TRUE,TRUE,1,3,""
"s07_normal_mean_m160-0438",TRUE,TRUE,TRUE,1,3,""
"s07_normal_mean_m160-0439",TRUE,TRUE,TRUE,1,3,""
"s07_normal_mean_m160-0440",TRUE,TRUE,TRUE,1,3,""
"s07_normal_mean_m160-0441",TRUE,TRUE,TRUE,1,3,""
"s07_normal_mean_m160-0442",TRUE,TRUE,TRUE,1,3,""
"s07_normal_mean_m160-0443",TRUE,TRUE,TRUE,1,3,""
"s07_normal_mean_m160-0444",TRUE,TRUE,TRUE,1,3,""
"s07_normal_mean_m160-0445",TRUE,TRUE,TRUE,1,3,""
"s07_normal_mean_m160-0446",TRUE,TRUE,TRUE,1,3,""
"s07_normal_mean_m160-0447",TRUE,TRUE,TRUE,1,3,""
"s07_normal_mean_m160-0448",TRUE,TRUE,TRUE,1,3,""
"s07_normal_mean_m160-0449",TRUE,TRUE,TRUE,1,3,""
"s07_normal_mean_m160-0450",TRUE,TRUE,TRUE,1,3,""
"s07_normal_mean_m160-0451",TRUE,TRUE,TRUE,1,3,""
"s07_normal_mean_m160-0452",TRUE,TRUE,TRUE,1,3,""
"s07_normal_mean_m160-0453",TRUE,TRUE,TRUE,1,3,""
"s07_normal_mean_m160-0454",TRUE,TRUE,TRUE,1,3,""
"s07_normal_mean_m160-0455",TRUE,TRUE,TRUE,1,3,""
"s07_normal_mean_m160-0456",TRUE,TRUE,TRUE,1,3,""
"s07_normal_mean_m160-0457",TRUE,TRUE,TRUE,1,3,""
"s07_normal_mean_m160-0458",TRUE,TRUE,TRUE,1,3,""
"s07_normal_mean_m160-0459",TRUE,TRUE,TRUE,1,3,""
"s07_normal_mean_m160-0460",TRUE,TRUE,TRUE,1,3,""
"s07_normal_mean_m160-0461",TRUE,TRUE,TRUE,1,3,""
"s07_normal_mean_m160-0462",TRUE,TRUE,TRUE,1,3,""
"s07_normal_mean_m160-0463",TRUE,TRUE,TRUE,1,3,""
"s07_normal_mean_m160-0464",TRUE,TRUE,TRUE,1,3,""
"s07_normal_mean_m160-0465",TRUE,TRUE,TRUE,1,3,""
"s07_normal_mean_m160-0466",TRUE,TRUE,TRUE,1,3,""
"s07_normal_mean_m160-0467",TRUE,TRUE,TRUE,1,3,""
"s07_normal_mean_m160-0468",TRUE,TRUE,TRUE,1,3,""
"s07_normal_mean_m160-0469",TRUE,TRUE,TRUE,1,3,""
"s07_normal_mean_m160-0470",TRUE,TRUE,TRUE,1,3,""
"s07_normal_mean_m160-0471",TRUE,TRUE,TRUE,1,3,""
"s07_normal_mean_m160-0472",TRUE,TRUE,TRUE,1,3,""
"s07_normal_mean_m160-0473",TRUE,TRUE,TRUE,1,3,""
"s07_normal_mean_m160-0474",TRUE,TRUE,TRUE,1,3,""
"s07_normal_mean_m160-0475",TRUE,TRUE,TRUE,1,3,""
"s07_normal_mean_m160-0476",TRUE,TRUE,TRUE,1,3,""
"s07_normal_mean_m160-0477",TRUE,TRUE,TRUE,1,3,""
"s07_normal_mean_m160-0478",TRUE,TRUE,TRUE,1,3,""
"s07_normal_mean_m160-0479",TRUE,TRUE,TRUE,1,3,""
"s07_normal_mean_m160-0480",TRUE,TRUE,TRUE,1,3,""
"s07_normal_mean_m160-0481",TRUE,TRUE,TRUE,1,3,""
"s07_normal_mean_m160-0482",TRUE,TRUE,TRUE,1,3,""
"s07_normal_mean_m160-0483",TRUE,TRUE,TRUE,1,3,""
"s07_normal_mean_m160-0484",TRUE,TRUE,TRUE,1,3,""
"s07_normal_mean_m160-0485",TRUE,TRUE,TRUE,1,3,""
"s07_normal_mean_m160-0486",TRUE,TRUE,TRUE,1,3,""
"s07_normal_mean_m160-0487",TRUE,TRUE,TRUE,1,3,""
"s07_normal_mean_m160-0488",TRUE,TRUE,TRUE,1,3,""
"s07_normal_mean_m160-0489",TRUE,TRUE,TRUE,1,3,""
"s07_normal_mean_m160-0490",TRUE,TRUE,TRUE,1,3,""
"s07_normal_mean_m160-0491",TRUE,TRUE,TRUE,1,3,""
"s07_normal_mean_m160-0492",TRUE,TRUE,TRUE,1,3,""
"s07_normal_mean_m160-0493",TRUE,TRUE,TRUE,1,3,""
"s07_normal_mean_m160-0494",TRUE,TRUE,TRUE,1,3,""
"s07_normal_mean_m160-0495",TRUE,TRUE,TRUE,1,3,""
"s07_normal_mean_m160-0496",TRUE,TRUE,TRUE,1,3,""
"s07_normal_mean_m160-0497",TRUE,TRUE,TRUE,1,3,""
"s07_normal_mean_m160-0498",TRUE,TRUE,TRUE,1,3,""
"s07_normal_mean_m160-0499",TRUE,TRUE,TRUE,1,3,""
"s07_normal_mean_m160-0500",TRUE,TRUE,TRUE,1,3,""
"s07_normal_mean_m160-0501",TRUE,TRUE,TRUE,1,3,""
"s07_normal_mean_m160-0502",TRUE,TRUE,TRUE,1,3,""
"s07_normal_mean_m160-0503",TRUE,TRUE,TRUE,1,3,""
"s07_normal_mean_m160-0504",TRUE,TRUE,TRUE,1,3,""
"s07_normal_mean_m160-0505",TRUE,TRUE,TRUE,1,3,""
"s07_normal_mean_m160-0506",TRUE,TRUE,TRUE,1,3,""
"s07_normal_mean_m160-0507",TRUE,TRUE,TRUE,1,3,""
"s07_normal_mean_m160-0508",TRUE,TRUE,TRUE,1,3,""
"s07_normal_mean_m160-0509",TRUE,TRUE,TRUE,1,3,""
"s07_normal_mean_m160-0510",TRUE,TRUE,TRUE,1,3,""
"s07_normal_mean_m160-0511",TRUE,TRUE,TRUE,1,3,""
"s07_normal_mean_m160-0512",TRUE,TRUE,TRUE,1,3,""
"s07_normal_mean_m160-0513",TRUE,TRUE,TRUE,1,3,""
"s07_normal_mean_m160-0514",TRUE,TRUE,TRUE,1,3,""
"s07_normal_mean_m160-0515",TRUE,TRUE,TRUE,1,3,""
"s07_normal_mean_m160-0516",TRUE,TRUE,TRUE,1,3,""
"s07_normal_mean_m160-0517",TRUE,TRUE,TRUE,1,3,""
"s07_normal_mean_m160-0518",TRUE,TRUE,TRUE,1,3,""
"s07_normal_mean_m160-0519",TRUE,TRUE,TRUE,1,3,""
"s07_normal_mean_m160-0520",TRUE,TRUE,TRUE,1,3,""
"s07_normal_mean_m160-0521",TRUE,TRUE,TRUE,1,3,""
"s07_normal_mean_m160-0522",TRUE,TRUE,TRUE,1,3,""
"s07_normal_mean_m160-0523",TRUE,TRUE,TRUE,1,3,""
"s07_normal_mean_m160-0524",TRUE,TRUE,TRUE,1,3,""
"s07_normal_mean_m160-0525",TRUE,TRUE,TRUE,1,3,""
"s07_normal_mean_m160-0526",TRUE,TRUE,TRUE,1,3,""
"s07_normal_mean_m160-0527",TRUE,TRUE,TRUE,1,3,""
"s07_normal_mean_m160-0528",TRUE,TRUE,TRUE,1,3,""
"s07_normal_mean_m160-0529",TRUE,TRUE,TRUE,1,3,""
"s07_normal_mean_m160-0530",TRUE,TRUE,TRUE,1,3,""
"s07_normal_mean_m160-0531",TRUE,TRUE,TRUE,1,3,""
"s07_normal_mean_m160-0532",TRUE,TRUE,TRUE,1,3,""
"s07_normal_mean_m160-0533",TRUE,TRUE,TRUE,1,3,""
"s07_normal_mean_m160-0534",TRUE,TRUE,TRUE,1,3,""
"s07_normal_mean_m160-0535",TRUE,TRUE,TRUE,1,3,""
"s07_normal_mean_m160-0536",TRUE,TRUE,TRUE,1,3,""
"s07_normal_mean_m160-0537",TRUE,TRUE,TRUE,1,3,""
"s07_normal_mean_m160-0538",TRUE,TRUE,TRUE,1,3,""
"s07_normal_mean_m160-0539",TRUE,TRUE,TRUE,1,3,""
"s07_normal_mean_m160-0540",TRUE,TRUE,TRUE,1,3,""
"s07_normal_mean_m160-0541",TRUE,TRUE,TRUE,1,3,""
"s07_normal_mean_m160-0542",TRUE,TRUE,TRUE,1,3,""
"s07_normal_mean_m160-0543",TRUE,TRUE,TRUE,1,3,""
"s07_normal_mean_m160-0544",TRUE,TRUE,TRUE,1,3,""
"s07_normal_mean_m160-0545",TRUE,TRUE,TRUE,1,3,""
"s07_normal_mean_m160-0546",TRUE,TRUE,TRUE,1,3,""
"s07_normal_mean_m160-0547",TRUE,TRUE,TRUE,1,3,""
"s07_normal_mean_m160-0548",TRUE,TRUE,TRUE,1,3,""
"s07_normal_mean_m160-0549",TRUE,TRUE,TRUE,1,3,""
"s07_normal_mean_m160-0550",TRUE,TRUE,TRUE,1,3,""
"s07_normal_mean_m160-0551",TRUE,TRUE,TRUE,1,3,""
"s07_normal_mean_m160-0552",TRUE,TRUE,TRUE,1,3,""
"s07_normal_mean_m160-0553",TRUE,TRUE,TRUE,1,3,""
"s07_normal_mean_m160-0554",TRUE,TRUE,TRUE,1,3,""
"s07_normal_mean_m160-0555",TRUE,TRUE,TRUE,1,3,""
"s07_normal_mean_m160-0556",TRUE,TRUE,TRUE,1,3,""
"s07_normal_mean_m160-0557",TRUE,TRUE,TRUE,1,3,""
"s07_normal_mean_m160-0558",TRUE,TRUE,TRUE,1,3,""
"s07_normal_mean_m160-0559",TRUE,TRUE,TRUE,1,3,""
"s07_normal_mean_m160-0560",TRUE,TRUE,TRUE,1,3,""
"s07_normal_mean_m160-0561",TRUE,TRUE,TRUE,1,3,""
"s07_normal_mean_m160-0562",TRUE,TRUE,TRUE,1,3,""
"s07_normal_mean_m160-0563",TRUE,TRUE,TRUE,1,3,""
"s07_normal_mean_m160-0564",TRUE,TRUE,TRUE,1,3,""
"s07_normal_mean_m160-0565",TRUE,TRUE,TRUE,1,3,""
"s07_normal_mean_m160-0566",TRUE,TRUE,TRUE,1,3,""
"s07_normal_mean_m160-0567",TRUE,TRUE,TRUE,1,3,""
"s07_normal_mean_m160-0568",TRUE,TRUE,TRUE,1,3,""
"s07_normal_mean_m160-0569",TRUE,TRUE,TRUE,1,3,""
"s07_normal_mean_m160-0570",TRUE,TRUE,TRUE,1,3,""
"s07_normal_mean_m160-0571",TRUE,TRUE,TRUE,1,3,""
"s07_normal_mean_m160-0572",TRUE,TRUE,TRUE,1,3,""
"s07_normal_mean_m160-0573",TRUE,TRUE,TRUE,1,3,""
"s07_normal_mean_m160-0574",TRUE,TRUE,TRUE,1,3,""
"s07_normal_mean_m160-0575",TRUE,TRUE,TRUE,1,3,""
"s07_normal_mean_m160-0576",TRUE,TRUE,TRUE,1,3,""
"s07_normal_mean_m160-0577",TRUE,TRUE,TRUE,1,3,""
"s07_normal_mean_m160-0578",TRUE,TRUE,TRUE,1,3,""
"s07_normal_mean_m160-0579",TRUE,TRUE,TRUE,1,3,""
"s07_normal_mean_m160-0580",TRUE,TRUE,TRUE,1,3,""
"s07_normal_mean_m160-0581",TRUE,TRUE,TRUE,1,3,""
"s07_normal_mean_m160-0582",TRUE,TRUE,TRUE,1,3,""
"s07_normal_mean_m160-0583",TRUE,TRUE,TRUE,1,3,""
"s07_normal_mean_m160-0584",TRUE,TRUE,TRUE,1,3,""
"s07_normal_mean_m160-0585",TRUE,TRUE,TRUE,1,3,""
"s07_normal_mean_m160-0586",TRUE,TRUE,TRUE,1,3,""
"s07_normal_mean_m160-0587",TRUE,TRUE,TRUE,1,3,""
"s07_normal_mean_m160-0588",TRUE,TRUE,TRUE,1,3,""
"s07_normal_mean_m160-0589",TRUE,TRUE,TRUE,1,3,""
"s07_normal_mean_m160-0590",TRUE,TRUE,TRUE,1,3,""
"s07_normal_mean_m160-0591",TRUE,TRUE,TRUE,1,3,""
"s07_normal_mean_m160-0592",TRUE,TRUE,TRUE,1,3,""
"s07_normal_mean_m160-0593",TRUE,TRUE,TRUE,1,3,""
"s07_normal_mean_m160-0594",TRUE,TRUE,TRUE,1,3,""
"s07_normal_mean_m160-0595",TRUE,TRUE,TRUE,1,3,""
"s07_normal_mean_m160-0596",TRUE,TRUE,TRUE,1,3,""
"s07_normal_mean_m160-0597",TRUE,TRUE,TRUE,1,3,""
"s07_normal_mean_m160-0598",TRUE,TRUE,TRUE,1,3,""
"s07_normal_mean_m160-0599",TRUE,TRUE,TRUE,1,3,""
"s07_normal_mean_m160-0600",TRUE,TRUE,TRUE,1,3,""
"s07_normal_mean_m160-0601",TRUE,TRUE,TRUE,1,3,""
"s07_normal_mean_m160-0602",TRUE,TRUE,TRUE,1,3,""
"s07_normal_mean_m160-0603",TRUE,TRUE,TRUE,1,3,""
"s07_normal_mean_m160-0604",TRUE,TRUE,TRUE,1,3,""
"s07_normal_mean_m160-0605",TRUE,TRUE,TRUE,1,3,""
"s07_normal_mean_m160-0606",TRUE,TRUE,TRUE,1,3,""
"s07_normal_mean_m160-0607",TRUE,TRUE,TRUE,1,3,""
"s07_normal_mean_m160-0608",TRUE,TRUE,TRUE,1,3,""
"s07_normal_mean_m160-0609",TRUE,TRUE,TRUE,1,3,""
"s07_normal_mean_m160-0610",TRUE,TRUE,TRUE,1,3,""
"s07_normal_mean_m160-0611",TRUE,TRUE,TRUE,1,3,""
"s07_normal_mean_m160-0612",TRUE,TRUE,TRUE,1,3,""
"s07_normal_mean_m160-0613",TRUE,TRUE,TRUE,1,3,""
"s07_normal_mean_m160-0614",TRUE,TRUE,TRUE,1,3,""
"s07_normal_mean_m160-0615",TRUE,TRUE,TRUE,1,3,""
"s07_normal_mean_m160-0616",TRUE,TRUE,TRUE,1,3,""
"s07_normal_mean_m160-0617",TRUE,TRUE,TRUE,1,3,""
"s07_normal_mean_m160-0618",TRUE,TRUE,TRUE,1,3,""
"s07_normal_mean_m160-0619",TRUE,TRUE,TRUE,1,3,""
"s07_normal_mean_m160-0620",TRUE,TRUE,TRUE,1,3,""
"s07_normal_mean_m160-0621",TRUE,TRUE,TRUE,1,3,""
"s07_normal_mean_m160-0622",TRUE,TRUE,TRUE,1,3,""
"s07_normal_mean_m160-0623",TRUE,TRUE,TRUE,1,3,""
"s07_normal_mean_m160-0624",TRUE,TRUE,TRUE,1,3,""
"s07_normal_mean_m160-0625",TRUE,TRUE,TRUE,1,3,""
"s07_normal_mean_m160-0626",TRUE,TRUE,TRUE,1,3,""
"s07_normal_mean_m160-0627",TRUE,TRUE,TRUE,1,3,""
"s07_normal_mean_m160-0628",TRUE,TRUE,TRUE,1,3,""
"s07_normal_mean_m160-0629",TRUE,TRUE,TRUE,1,3,""
"s07_normal_mean_m160-0630",TRUE,TRUE,TRUE,1,3,""
"s07_normal_mean_m160-0631",TRUE,TRUE,TRUE,1,3,""
"s07_normal_mean_m160-0632",TRUE,TRUE,TRUE,1,3,""
"s07_normal_mean_m160-0633",TRUE,TRUE,TRUE,1,3,""
"s07_normal_mean_m160-0634",TRUE,TRUE,TRUE,1,3,""
"s07_normal_mean_m160-0635",TRUE,TRUE,TRUE,1,3,""
"s07_normal_mean_m160-0636",TRUE,TRUE,TRUE,1,3,""
"s07_normal_mean_m160-0637",TRUE,TRUE,TRUE,1,3,""
"s07_normal_mean_m160-0638",TRUE,TRUE,TRUE,1,3,""
"s07_normal_mean_m160-0639",TRUE,TRUE,TRUE,1,3,""
"s07_normal_mean_m160-0640",TRUE,TRUE,TRUE,1,3,""
"s07_normal_mean_m160-0641",TRUE,TRUE,TRUE,1,3,""
"s07_normal_mean_m160-0642",TRUE,TRUE,TRUE,1,3,""
"s07_normal_mean_m160-0643",TRUE,TRUE,TRUE,1,3,""
"s07_normal_mean_m160-0644",TRUE,TRUE,TRUE,1,3,""
"s07_normal_mean_m160-0645",TRUE,TRUE,TRUE,1,3,""
"s07_normal_mean_m160-0646",TRUE,TRUE,TRUE,1,3,""
"s07_normal_mean_m160-0647",TRUE,TRUE,TRUE,1,3,""
"s07_normal_mean_m160-0648",TRUE,TRUE,TRUE,1,3,""
"s07_normal_mean_m160-0649",TRUE,TRUE,TRUE,1,3,""
"s07_normal_mean_m160-0650",TRUE,TRUE,TRUE,1,3,""
"s07_normal_mean_m160-0651",TRUE,TRUE,TRUE,1,3,""
"s07_normal_mean_m160-0652",TRUE,TRUE,TRUE,1,3,""
"s07_normal_mean_m160-0653",TRUE,TRUE,TRUE,1,3,""
"s07_normal_mean_m160-0654",TRUE,TRUE,TRUE,1,3,""
"s07_normal_mean_m160-0655",TRUE,TRUE,TRUE,1,3,""
"s07_normal_mean_m160-0656",TRUE,TRUE,TRUE,1,3,""
"s07_normal_mean_m160-0657",TRUE,TRUE,TRUE,1,3,""
"s07_normal_mean_m160-0658",TRUE,TRUE,TRUE,1,3,""
"s07_normal_mean_m160-0659",TRUE,TRUE,TRUE,1,3,""
"s07_normal_mean_m160-0660",TRUE,TRUE,TRUE,1,3,""
"s07_normal_mean_m160-0661",TRUE,TRUE,TRUE,1,3,""
"s07_normal_mean_m160-0662",TRUE,TRUE,TRUE,1,3,""
"s07_normal_mean_m160-0663",TRUE,TRUE,TRUE,1,3,""
"s07_normal_mean_m160-0664",TRUE,TRUE,TRUE,1,3,""
"s07_normal_mean_m160-0665",TRUE,TRUE,TRUE,1,3,""
"s07_normal_mean_m160-0666",TRUE,TRUE,TRUE,1,3,""
"s07_normal_mean_m160-0667",TRUE,TRUE,TRUE,1,3,""
"s07_normal_mean_m160-0668",TRUE,TRUE,TRUE,1,3,""
"s07_normal_mean_m160-0669",TRUE,TRUE,TRUE,1,3,""
"s07_normal_mean_m160-0670",TRUE,TRUE,TRUE,1,3,""
"s07_normal_mean_m160-0671",TRUE,TRUE,TRUE,1,3,""
"s07_normal_mean_m160-0672",TRUE,TRUE,TRUE,1,3,""
"s07_normal_mean_m160-0673",TRUE,TRUE,TRUE,1,3,""
"s07_normal_mean_m160-0674",TRUE,TRUE,TRUE,1,3,""
"s07_normal_mean_m160-0675",TRUE,TRUE,TRUE,1,3,""
"s07_normal_mean_m160-0676",TRUE,TRUE,TRUE,1,3,""
"s07_normal_mean_m160-0677",TRUE,TRUE,TRUE,1,3,""
"s07_normal_mean_m160-0678",TRUE,TRUE,TRUE,1,3,""
"s07_normal_mean_m160-0679",TRUE,TRUE,TRUE,1,3,""
"s07_normal_mean_m160-0680",TRUE,TRUE,TRUE,1,3,""
"s07_normal_mean_m160-0681",TRUE,TRUE,TRUE,1,3,""
"s07_normal_mean_m160-0682",TRUE,TRUE,TRUE,1,3,""
"s07_normal_mean_m160-0683",TRUE,TRUE,TRUE,1,3,""
"s07_normal_mean_m160-0684",TRUE,TRUE,TRUE,1,3,""
"s07_normal_mean_m160-0685",TRUE,TRUE,TRUE,1,3,""
"s07_normal_mean_m160-0686",TRUE,TRUE,TRUE,1,3,""
"s07_normal_mean_m160-0687",TRUE,TRUE,TRUE,1,3,""
"s07_normal_mean_m160-0688",TRUE,TRUE,TRUE,1,3,""
"s07_normal_mean_m160-0689",TRUE,TRUE,TRUE,1,3,""
"s07_normal_mean_m160-0690",TRUE,TRUE,TRUE,1,3,""
"s07_normal_mean_m160-0691",TRUE,TRUE,TRUE,1,3,""
"s07_normal_mean_m160-0692",TRUE,TRUE,TRUE,1,3,""
"s07_normal_mean_m160-0693",TRUE,TRUE,TRUE,1,3,""
"s07_normal_mean_m160-0694",TRUE,TRUE,TRUE,1,3,""
"s07_normal_mean_m160-0695",TRUE,TRUE,TRUE,1,3,""
"s07_normal_mean_m160-0696",TRUE,TRUE,TRUE,1,3,""
"s07_normal_mean_m160-0697",TRUE,TRUE,TRUE,1,3,""
"s07_normal_mean_m160-0698",TRUE,TRUE,TRUE,1,3,""
"s07_normal_mean_m160-0699",TRUE,TRUE,TRUE,1,3,""
"s07_normal_mean_m160-0700",TRUE,TRUE,TRUE,1,3,""
"s07_normal_mean_m160-0701",TRUE,TRUE,TRUE,1,3,""
"s07_normal_mean_m160-0702",TRUE,TRUE,TRUE,1,3,""
"s07_normal_mean_m160-0703",TRUE,TRUE,TRUE,1,3,""
"s07_normal_mean_m160-0704",TRUE,TRUE,TRUE,1,3,""
"s07_normal_mean_m160-0705",TRUE,TRUE,TRUE,1,3,""
"s07_normal_mean_m160-0706",TRUE,TRUE,TRUE,1,3,""
"s07_normal_mean_m160-0707",TRUE,TRUE,TRUE,1,3,""
"s07_normal_mean_m160-0708",TRUE,TRUE,TRUE,1,3,""
"s07_normal_mean_m160-0709",TRUE,TRUE,TRUE,1,3,""
"s07_normal_mean_m160-0710",TRUE,TRUE,TRUE,1,3,""
"s07_normal_mean_m160-0711",TRUE,TRUE,TRUE,1,3,""
"s07_normal_mean_m160-0712",TRUE,TRUE,TRUE,1,3,""
"s07_normal_mean_m160-0713",TRUE,TRUE,TRUE,1,3,""
"s07_normal_mean_m160-0714",TRUE,TRUE,TRUE,1,3,""
"s07_normal_mean_m160-0715",TRUE,TRUE,TRUE,1,3,""
"s07_normal_mean_m160-0716",TRUE,TRUE,TRUE,1,3,""
"s07_normal_mean_m160-0717",TRUE,TRUE,TRUE,1,3,""
"s07_normal_mean_m160-0718",TRUE,TRUE,TRUE,1,3,""
"s07_normal_mean_m160-0719",TRUE,TRUE,TRUE,1,3,""
"s07_normal_mean_m160-0720",TRUE,TRUE,TRUE,1,3,""
"s07_normal_mean_m160-0721",TRUE,TRUE,TRUE,1,3,""
"s07_normal_mean_m160-0722",TRUE,TRUE,TRUE,1,3,""
"s07_normal_mean_m160-0723",TRUE,TRUE,TRUE,1,3,""
"s07_normal_mean_m160-0724",TRUE,TRUE,TRUE,1,3,""
"s07_normal_mean_m160-0725",TRUE,TRUE,TRUE,1,3,""
"s07_normal_mean_m160-0726",TRUE,TRUE,TRUE,1,3,""
"s07_normal_mean_m160-0727",TRUE,TRUE,TRUE,1,3,""
"s07_normal_mean_m160-0728",TRUE,TRUE,TRUE,1,3,""
"s07_normal_mean_m160-0729",TRUE,TRUE,TRUE,1,3,""
"s07_normal_mean_m160-0730",TRUE,TRUE,TRUE,1,3,""
"s07_normal_mean_m160-0731",TRUE,TRUE,TRUE,1,3,""
"s07_normal_mean_m160-0732",TRUE,TRUE,TRUE,1,3,""
"s07_normal_mean_m160-0733",TRUE,TRUE,TRUE,1,3,""
"s07_normal_mean_m160-0734",TRUE,TRUE,TRUE,1,3,""
"s07_normal_mean_m160-0735",TRUE,TRUE,TRUE,1,3,""
"s07_normal_mean_m160-0736",TRUE,TRUE,TRUE,1,3,""
"s07_normal_mean_m160-0737",TRUE,TRUE,TRUE,1,3,""
"s07_normal_mean_m160-0738",TRUE,TRUE,TRUE,1,3,""
"s07_normal_mean_m160-0739",TRUE,TRUE,TRUE,1,3,""
"s07_normal_mean_m160-0740",TRUE,TRUE,TRUE,1,3,""
"s07_normal_mean_m160-0741",TRUE,TRUE,TRUE,1,3,""
"s07_normal_mean_m160-0742",TRUE,TRUE,TRUE,1,3,""
"s07_normal_mean_m160-0743",TRUE,TRUE,TRUE,1,3,""
"s07_normal_mean_m160-0744",TRUE,TRUE,TRUE,1,3,""
"s07_normal_mean_m160-0745",TRUE,TRUE,TRUE,1,3,""
"s07_normal_mean_m160-0746",TRUE,TRUE,TRUE,1,3,""
"s07_normal_mean_m160-0747",TRUE,TRUE,TRUE,1,3,""
"s07_normal_mean_m160-0748",TRUE,TRUE,TRUE,1,3,""
"s07_normal_mean_m160-0749",TRUE,TRUE,TRUE,1,3,""
"s07_normal_mean_m160-0750",TRUE,TRUE,TRUE,1,3,""
"s07_normal_mean_m160-0751",TRUE,TRUE,TRUE,1,3,""
"s07_normal_mean_m160-0752",TRUE,TRUE,TRUE,1,3,""
"s07_normal_mean_m160-0753",TRUE,TRUE,TRUE,1,3,""
"s07_normal_mean_m160-0754",TRUE,TRUE,TRUE,1,3,""
"s07_normal_mean_m160-0755",TRUE,TRUE,TRUE,1,3,""
"s07_normal_mean_m160-0756",TRUE,TRUE,TRUE,1,3,""
"s07_normal_mean_m160-0757",TRUE,TRUE,TRUE,1,3,""
"s07_normal_mean_m160-0758",TRUE,TRUE,TRUE,1,3,""
"s07_normal_mean_m160-0759",TRUE,TRUE,TRUE,1,3,""
"s07_normal_mean_m160-0760",TRUE,TRUE,TRUE,1,3,""
"s07_normal_mean_m160-0761",TRUE,TRUE,TRUE,1,3,""
"s07_normal_mean_m160-0762",TRUE,TRUE,TRUE,1,3,""
"s07_normal_mean_m160-0763",TRUE,TRUE,TRUE,1,3,""
"s07_normal_mean_m160-0764",TRUE,TRUE,TRUE,1,3,""
"s07_normal_mean_m160-0765",TRUE,TRUE,TRUE,1,3,""
"s07_normal_mean_m160-0766",TRUE,TRUE,TRUE,1,3,""
"s07_normal_mean_m160-0767",TRUE,TRUE,TRUE,1,3,""
"s07_normal_mean_m160-0768",TRUE,TRUE,TRUE,1,3,""
"s07_normal_mean_m160-0769",TRUE,TRUE,TRUE,1,3,""
"s07_normal_mean_m160-0770",TRUE,TRUE,TRUE,1,3,""
"s07_normal_mean_m160-0771",TRUE,TRUE,TRUE,1,3,""
"s07_normal_mean_m160-0772",TRUE,TRUE,TRUE,1,3,""
"s07_normal_mean_m160-0773",TRUE,TRUE,TRUE,1,3,""
"s07_normal_mean_m160-0774",TRUE,TRUE,TRUE,1,3,""
"s07_normal_mean_m160-0775",TRUE,TRUE,TRUE,1,3,""
"s07_normal_mean_m160-0776",TRUE,TRUE,TRUE,1,3,""
"s07_normal_mean_m160-0777",TRUE,TRUE,TRUE,1,3,""
"s07_normal_mean_m160-0778",TRUE,TRUE,TRUE,1,3,""
"s07_normal_mean_m160-0779",TRUE,TRUE,TRUE,1,3,""
"s07_normal_mean_m160-0780",TRUE,TRUE,TRUE,1,3,""
"s07_normal_mean_m160-0781",TRUE,TRUE,TRUE,1,3,""
"s07_normal_mean_m160-0782",TRUE,TRUE,TRUE,1,3,""
"s07_normal_mean_m160-0783",TRUE,TRUE,TRUE,1,3,""
"s07_normal_mean_m160-0784",TRUE,TRUE,TRUE,1,3,""
"s07_normal_mean_m160-0785",TRUE,TRUE,TRUE,1,3,""
"s07_normal_mean_m160-0786",TRUE,TRUE,TRUE,1,3,""
"s07_normal_mean_m160-0787",TRUE,TRUE,TRUE,1,3,""
"s07_normal_mean_m160-0788",TRUE,TRUE,TRUE,1,3,""
"s07_normal_mean_m160-0789",TRUE,TRUE,TRUE,1,3,""
"s07_normal_mean_m160-0790",TRUE,TRUE,TRUE,1,3,""
"s07_normal_mean_m160-0791",TRUE,TRUE,TRUE,1,3,""
"s07_normal_mean_m160-0792",TRUE,TRUE,TRUE,1,3,""
"s07_normal_mean_m160-0793",TRUE,TRUE,TRUE,1,3,""
"s07_normal_mean_m160-0794",TRUE,TRUE,TRUE,1,3,""
"s07_normal_mean_m160-0795",TRUE,TRUE,TRUE,1,3,""
"s07_normal_mean_m160-0796",TRUE,TRUE,TRUE,1,3,""
"s07_normal_mean_m160-0797",TRUE,TRUE,TRUE,1,3,""
"s07_normal_mean_m160-0798",TRUE,TRUE,TRUE,1,3,""
"s07_normal_mean_m160-0799",TRUE,TRUE,TRUE,1,3,""
"s07_normal_mean_m160-0800",TRUE,TRUE,TRUE,1,3,""
"s07_normal_mean_m160-0801",TRUE,TRUE,TRUE,1,3,""
"s07_normal_mean_m160-0802",TRUE,TRUE,TRUE,1,3,""
"s07_normal_mean_m160-0803",TRUE,TRUE,TRUE,1,3,""
"s07_normal_mean_m160-0804",TRUE,TRUE,TRUE,1,3,""
"s07_normal_mean_m160-0805",TRUE,TRUE,TRUE,1,3,""
"s07_normal_mean_m160-0806",TRUE,TRUE,TRUE,1,3,""
"s07_normal_mean_m160-0807",TRUE,TRUE,TRUE,1,3,""
"s07_normal_mean_m160-0808",TRUE,TRUE,TRUE,1,3,""
"s07_normal_mean_m160-0809",TRUE,TRUE,TRUE,1,3,""
"s07_normal_mean_m160-0810",TRUE,TRUE,TRUE,1,3,""
"s07_normal_mean_m160-0811",TRUE,TRUE,TRUE,1,3,""
"s07_normal_mean_m160-0812",TRUE,TRUE,TRUE,1,3,""
"s07_normal_mean_m160-0813",TRUE,TRUE,TRUE,1,3,""
"s07_normal_mean_m160-0814",TRUE,TRUE,TRUE,1,3,""
"s07_normal_mean_m160-0815",TRUE,TRUE,TRUE,1,3,""
"s07_normal_mean_m160-0816",TRUE,TRUE,TRUE,1,3,""
"s07_normal_mean_m160-0817",TRUE,TRUE,TRUE,1,3,""
"s07_normal_mean_m160-0818",TRUE,TRUE,TRUE,1,3,""
"s07_normal_mean_m160-0819",TRUE,TRUE,TRUE,1,3,""
"s07_normal_mean_m160-0820",TRUE,TRUE,TRUE,1,3,""
"s07_normal_mean_m160-0821",TRUE,TRUE,TRUE,1,3,""
"s07_normal_mean_m160-0822",TRUE,TRUE,TRUE,1,3,""
"s07_normal_mean_m160-0823",TRUE,TRUE,TRUE,1,3,""
"s07_normal_mean_m160-0824",TRUE,TRUE,TRUE,1,3,""
"s07_normal_mean_m160-0825",TRUE,TRUE,TRUE,1,3,""
"s07_normal_mean_m160-0826",TRUE,TRUE,TRUE,1,3,""
"s07_normal_mean_m160-0827",TRUE,TRUE,TRUE,1,3,""
"s07_normal_mean_m160-0828",TRUE,TRUE,TRUE,1,3,""
"s07_normal_mean_m160-0829",TRUE,TRUE,TRUE,1,3,""
"s07_normal_mean_m160-0830",TRUE,TRUE,TRUE,1,3,""
"s07_normal_mean_m160-0831",TRUE,TRUE,TRUE,1,3,""
"s07_normal_mean_m160-0832",TRUE,TRUE,TRUE,1,3,""
"s07_normal_mean_m160-0833",TRUE,TRUE,TRUE,1,3,""
"s07_normal_mean_m160-0834",TRUE,TRUE,TRUE,1,3,""
"s07_normal_mean_m160-0835",TRUE,TRUE,TRUE,1,3,""
"s07_normal_mean_m160-0836",TRUE,TRUE,TRUE,1,3,""
"s07_normal_mean_m160-0837",TRUE,TRUE,TRUE,1,3,""
"s07_normal_mean_m160-0838",TRUE,TRUE,TRUE,1,3,""
"s07_normal_mean_m160-0839",TRUE,TRUE,TRUE,1,3,""
"s07_normal_mean_m160-0840",TRUE,TRUE,TRUE,1,3,""
"s07_normal_mean_m160-0841",TRUE,TRUE,TRUE,1,3,""
"s07_normal_mean_m160-0842",TRUE,TRUE,TRUE,1,3,""
"s07_normal_mean_m160-0843",TRUE,TRUE,TRUE,1,3,""
"s07_normal_mean_m160-0844",TRUE,TRUE,TRUE,1,3,""
"s07_normal_mean_m160-0845",TRUE,TRUE,TRUE,1,3,""
"s07_normal_mean_m160-0846",TRUE,TRUE,TRUE,1,3,""
"s07_normal_mean_m160-0847",TRUE,TRUE,TRUE,1,3,""
"s07_normal_mean_m160-0848",TRUE,TRUE,TRUE,1,3,""
"s07_normal_mean_m160-0849",TRUE,TRUE,TRUE,1,3,""
"s07_normal_mean_m160-0850",TRUE,TRUE,TRUE,1,3,""
"s07_normal_mean_m160-0851",TRUE,TRUE,TRUE,1,3,""
"s07_normal_mean_m160-0852",TRUE,TRUE,TRUE,1,3,""
"s07_normal_mean_m160-0853",TRUE,TRUE,TRUE,1,3,""
"s07_normal_mean_m160-0854",TRUE,TRUE,TRUE,1,3,""
"s07_normal_mean_m160-0855",TRUE,TRUE,TRUE,1,3,""
"s07_normal_mean_m160-0856",TRUE,TRUE,TRUE,1,3,""
"s07_normal_mean_m160-0857",TRUE,TRUE,TRUE,1,3,""
"s07_normal_mean_m160-0858",TRUE,TRUE,TRUE,1,3,""
"s07_normal_mean_m160-0859",TRUE,TRUE,TRUE,1,3,""
"s07_normal_mean_m160-0860",TRUE,TRUE,TRUE,1,3,""
"s07_normal_mean_m160-0861",TRUE,TRUE,TRUE,1,3,""
"s07_normal_mean_m160-0862",TRUE,TRUE,TRUE,1,3,""
"s07_normal_mean_m160-0863",TRUE,TRUE,TRUE,1,3,""
"s07_normal_mean_m160-0864",TRUE,TRUE,TRUE,1,3,""
"s07_normal_mean_m160-0865",TRUE,TRUE,TRUE,1,3,""
"s07_normal_mean_m160-0866",TRUE,TRUE,TRUE,1,3,""
"s07_normal_mean_m160-0867",TRUE,TRUE,TRUE,1,3,""
"s07_normal_mean_m160-0868",TRUE,TRUE,TRUE,1,3,""
"s07_normal_mean_m160-0869",TRUE,TRUE,TRUE,1,3,""
"s07_normal_mean_m160-0870",TRUE,TRUE,TRUE,1,3,""
"s07_normal_mean_m160-0871",TRUE,TRUE,TRUE,1,3,""
"s07_normal_mean_m160-0872",TRUE,TRUE,TRUE,1,3,""
"s07_normal_mean_m160-0873",TRUE,TRUE,TRUE,1,3,""
"s07_normal_mean_m160-0874",TRUE,TRUE,TRUE,1,3,""
"s07_normal_mean_m160-0875",TRUE,TRUE,TRUE,1,3,""
"s07_normal_mean_m160-0876",TRUE,TRUE,TRUE,1,3,""
"s07_normal_mean_m160-0877",TRUE,TRUE,TRUE,1,3,""
"s07_normal_mean_m160-0878",TRUE,TRUE,TRUE,1,3,""
"s07_normal_mean_m160-0879",TRUE,TRUE,TRUE,1,3,""
"s07_normal_mean_m160-0880",TRUE,TRUE,TRUE,1,3,""
"s07_normal_mean_m160-0881",TRUE,TRUE,TRUE,1,3,""
"s07_normal_mean_m160-0882",TRUE,TRUE,TRUE,1,3,""
"s07_normal_mean_m160-0883",TRUE,TRUE,TRUE,1,3,""
"s07_normal_mean_m160-0884",TRUE,TRUE,TRUE,1,3,""
"s07_normal_mean_m160-0885",TRUE,TRUE,TRUE,1,3,""
"s07_normal_mean_m160-0886",TRUE,TRUE,TRUE,1,3,""
"s07_normal_mean_m160-0887",TRUE,TRUE,TRUE,1,3,""
"s07_normal_mean_m160-0888",TRUE,TRUE,TRUE,1,3,""
"s07_normal_mean_m160-0889",TRUE,TRUE,TRUE,1,3,""
"s07_normal_mean_m160-0890",TRUE,TRUE,TRUE,1,3,""
"s07_normal_mean_m160-0891",TRUE,TRUE,TRUE,1,3,""
"s07_normal_mean_m160-0892",TRUE,TRUE,TRUE,1,3,""
"s07_normal_mean_m160-0893",TRUE,TRUE,TRUE,1,3,""
"s07_normal_mean_m160-0894",TRUE,TRUE,TRUE,1,3,""
"s07_normal_mean_m160-0895",TRUE,TRUE,TRUE,1,3,""
"s07_normal_mean_m160-0896",TRUE,TRUE,TRUE,1,3,""
"s07_normal_mean_m160-0897",TRUE,TRUE,TRUE,1,3,""
"s07_normal_mean_m160-0898",TRUE,TRUE,TRUE,1,3,""
"s07_normal_mean_m160-0899",TRUE,TRUE,TRUE,1,3,""
"s07_normal_mean_m160-0900",TRUE,TRUE,TRUE,1,3,""
"s07_normal_mean_m160-0901",TRUE,TRUE,TRUE,1,3,""
"s07_normal_mean_m160-0902",TRUE,TRUE,TRUE,1,3,""
"s07_normal_mean_m160-0903",TRUE,TRUE,TRUE,1,3,""
"s07_normal_mean_m160-0904",TRUE,TRUE,TRUE,1,3,""
"s07_normal_mean_m160-0905",TRUE,TRUE,TRUE,1,3,""
"s07_normal_mean_m160-0906",TRUE,TRUE,TRUE,1,3,""
"s07_normal_mean_m160-0907",TRUE,TRUE,TRUE,1,3,""
"s07_normal_mean_m160-0908",TRUE,TRUE,TRUE,1,3,""
"s07_normal_mean_m160-0909",TRUE,TRUE,TRUE,1,3,""
"s07_normal_mean_m160-0910",TRUE,TRUE,TRUE,1,3,""
"s07_normal_mean_m160-0911",TRUE,TRUE,TRUE,1,3,""
"s07_normal_mean_m160-0912",TRUE,TRUE,TRUE,1,3,""
"s07_normal_mean_m160-0913",TRUE,TRUE,TRUE,1,3,""
"s07_normal_mean_m160-0914",TRUE,TRUE,TRUE,1,3,""
"s07_normal_mean_m160-0915",TRUE,TRUE,TRUE,1,3,""
"s07_normal_mean_m160-0916",TRUE,TRUE,TRUE,1,3,""
"s07_normal_mean_m160-0917",TRUE,TRUE,TRUE,1,3,""
"s07_normal_mean_m160-0918",TRUE,TRUE,TRUE,1,3,""
"s07_normal_mean_m160-0919",TRUE,TRUE,TRUE,1,3,""
"s07_normal_mean_m160-0920",TRUE,TRUE,TRUE,1,3,""
"s07_normal_mean_m160-0921",TRUE,TRUE,TRUE,1,3,""
"s07_normal_mean_m160-0922",TRUE,TRUE,TRUE,1,3,""
"s07_normal_mean_m160-0923",TRUE,TRUE,TRUE,1,3,""
"s07_normal_mean_m160-0924",TRUE,TRUE,TRUE,1,3,""
"s07_normal_mean_m160-0925",TRUE,TRUE,TRUE,1,3,""
"s07_normal_mean_m160-0926",TRUE,TRUE,TRUE,1,3,""
"s07_normal_mean_m160-0927",TRUE,TRUE,TRUE,1,3,""
"s07_normal_mean_m160-0928",TRUE,TRUE,TRUE,1,3,""
"s07_normal_mean_m160-0929",TRUE,TRUE,TRUE,1,3,""
"s07_normal_mean_m160-0930",TRUE,TRUE,TRUE,1,3,""
"s07_normal_mean_m160-0931",TRUE,TRUE,TRUE,1,3,""
"s07_normal_mean_m160-0932",TRUE,TRUE,TRUE,1,3,""
"s07_normal_mean_m160-0933",TRUE,TRUE,TRUE,1,3,""
"s07_normal_mean_m160-0934",TRUE,TRUE,TRUE,1,3,""
"s07_normal_mean_m160-0935",TRUE,TRUE,TRUE,1,3,""
"s07_normal_mean_m160-0936",TRUE,TRUE,TRUE,1,3,""
"s07_normal_mean_m160-0937",TRUE,TRUE,TRUE,1,3,""
"s07_normal_mean_m160-0938",TRUE,TRUE,TRUE,1,3,""
"s07_normal_mean_m160-0939",TRUE,TRUE,TRUE,1,3,""
"s07_normal_mean_m160-0940",TRUE,TRUE,TRUE,1,3,""
"s07_normal_mean_m160-0941",TRUE,TRUE,TRUE,1,3,""
"s07_normal_mean_m160-0942",TRUE,TRUE,TRUE,1,3,""
"s07_normal_mean_m160-0943",TRUE,TRUE,TRUE,1,3,""
"s07_normal_mean_m160-0944",TRUE,TRUE,TRUE,1,3,""
"s07_normal_mean_m160-0945",TRUE,TRUE,TRUE,1,3,""
"s07_normal_mean_m160-0946",TRUE,TRUE,TRUE,1,3,""
"s07_normal_mean_m160-0947",TRUE,TRUE,TRUE,1,3,""
"s07_normal_mean_m160-0948",TRUE,TRUE,TRUE,1,3,""
"s07_normal_mean_m160-0949",TRUE,TRUE,TRUE,1,3,""
"s07_normal_mean_m160-0950",TRUE,TRUE,TRUE,1,3,""
"s07_normal_mean_m160-0951",TRUE,TRUE,TRUE,1,3,""
"s07_normal_mean_m160-0952",TRUE,TRUE,TRUE,1,3,""
"s07_normal_mean_m160-0953",TRUE,TRUE,TRUE,1,3,""
"s07_normal_mean_m160-0954",TRUE,TRUE,TRUE,1,3,""
"s07_normal_mean_m160-0955",TRUE,TRUE,TRUE,1,3,""
"s07_normal_mean_m160-0956",TRUE,TRUE,TRUE,1,3,""
"s07_normal_mean_m160-0957",TRUE,TRUE,TRUE,1,3,""
"s07_normal_mean_m160-0958",TRUE,TRUE,TRUE,1,3,""
"s07_normal_mean_m160-0959",TRUE,TRUE,TRUE,1,3,""
"s07_normal_mean_m160-0960",TRUE,TRUE,TRUE,1,3,""
"s07_normal_mean_m160-0961",TRUE,TRUE,TRUE,1,3,""
"s07_normal_mean_m160-0962",TRUE,TRUE,TRUE,1,3,""
"s07_normal_mean_m160-0963",TRUE,TRUE,TRUE,1,3,""
"s07_normal_mean_m160-0964",TRUE,TRUE,TRUE,1,3,""
"s07_normal_mean_m160-0965",TRUE,TRUE,TRUE,1,3,""
"s07_normal_mean_m160-0966",TRUE,TRUE,TRUE,1,3,""
"s07_normal_mean_m160-0967",TRUE,TRUE,TRUE,1,3,""
"s07_normal_mean_m160-0968",TRUE,TRUE,TRUE,1,3,""
"s07_normal_mean_m160-0969",TRUE,TRUE,TRUE,1,3,""
"s07_normal_mean_m160-0970",TRUE,TRUE,TRUE,1,3,""
"s07_normal_mean_m160-0971",TRUE,TRUE,TRUE,1,3,""
"s07_normal_mean_m160-0972",TRUE,TRUE,TRUE,1,3,""
"s07_normal_mean_m160-0973",TRUE,TRUE,TRUE,1,3,""
"s07_normal_mean_m160-0974",TRUE,TRUE,TRUE,1,3,""
"s07_normal_mean_m160-0975",TRUE,TRUE,TRUE,1,3,""
"s07_normal_mean_m160-0976",TRUE,TRUE,TRUE,1,3,""
"s07_normal_mean_m160-0977",TRUE,TRUE,TRUE,1,3,""
"s07_normal_mean_m160-0978",TRUE,TRUE,TRUE,1,3,""
"s07_normal_mean_m160-0979",TRUE,TRUE,TRUE,1,3,""
"s07_normal_mean_m160-0980",TRUE,TRUE,TRUE,1,3,""
"s07_normal_mean_m160-0981",TRUE,TRUE,TRUE,1,3,""
"s07_normal_mean_m160-0982",TRUE,TRUE,TRUE,1,3,""
"s07_normal_mean_m160-0983",TRUE,TRUE,TRUE,1,3,""
"s07_normal_mean_m160-0984",TRUE,TRUE,TRUE,1,3,""
"s07_normal_mean_m160-0985",TRUE,TRUE,TRUE,1,3,""
"s07_normal_mean_m160-0986",TRUE,TRUE,TRUE,1,3,""
"s07_normal_mean_m160-0987",TRUE,TRUE,TRUE,1,3,""
"s07_normal_mean_m160-0988",TRUE,TRUE,TRUE,1,3,""
"s07_normal_mean_m160-0989",TRUE,TRUE,TRUE,1,3,""
"s07_normal_mean_m160-0990",TRUE,TRUE,TRUE,1,3,""
"s07_normal_mean_m160-0991",TRUE,TRUE,TRUE,1,3,""
"s07_normal_mean_m160-0992",TRUE,TRUE,TRUE,1,3,""
"s07_normal_mean_m160-0993",TRUE,TRUE,TRUE,1,3,""
"s07_normal_mean_m160-0994",TRUE,TRUE,TRUE,1,3,""
"s07_normal_mean_m160-0995",TRUE,TRUE,TRUE,1,3,""
"s07_normal_mean_m160-0996",TRUE,TRUE,TRUE,1,3,""
"s07_normal_mean_m160-0997",TRUE,TRUE,TRUE,1,3,""
"s07_normal_mean_m160-0998",TRUE,TRUE,TRUE,1,3,""
"s07_normal_mean_m160-0999",TRUE,TRUE,TRUE,1,3,""
"s07_normal_mean_m160-1000",TRUE,TRUE,TRUE,1,3,""
"s07_normal_mean_m160-1001",TRUE,TRUE,TRUE,1,3,""
"s07_normal_mean_m160-1002",TRUE,TRUE,TRUE,1,3,""
"s07_normal_mean_m160-1003",TRUE,TRUE,TRUE,1,3,""
"s07_normal_mean_m160-1004",TRUE,TRUE,TRUE,1,3,""
"s07_normal_mean_m160-1005",TRUE,TRUE,TRUE,1,3,""
"s07_normal_mean_m160-1006",TRUE,TRUE,TRUE,1,3,""
"s07_normal_mean_m160-1007",TRUE,TRUE,TRUE,1,3,""
"s07_normal_mean_m160-1008",TRUE,TRUE,TRUE,1,3,""
"s07_normal_mean_m160-1009",TRUE,TRUE,TRUE,1,3,""
"s07_normal_mean_m160-1010",TRUE,TRUE,TRUE,1,3,""
"s07_normal_mean_m160-1011",TRUE,TRUE,TRUE,1,3,""
"s07_normal_mean_m160-1012",TRUE,TRUE,TRUE,1,3,""
"s07_normal_mean_m160-1013",TRUE,TRUE,TRUE,1,3,""
"s07_normal_mean_m160-1014",TRUE,TRUE,TRUE,1,3,""
"s07_normal_mean_m160-1015",TRUE,TRUE,TRUE,1,3,""
"s07_normal_mean_m160-1016",TRUE,TRUE,TRUE,1,3,""
"s07_normal_mean_m160-1017",TRUE,TRUE,TRUE,1,3,""
"s07_normal_mean_m160-1018",TRUE,TRUE,TRUE,1,3,""
"s07_normal_mean_m160-1019",TRUE,TRUE,TRUE,1,3,""
"s07_normal_mean_m160-1020",TRUE,TRUE,TRUE,1,3,""
"s07_normal_mean_m160-1021",TRUE,TRUE,TRUE,1,3,""
"s07_normal_mean_m160-1022",TRUE,TRUE,TRUE,1,3,""
"s07_normal_mean_m160-1023",TRUE,TRUE,TRUE,1,3,""
"s07_normal_mean_m160-1024",TRUE,TRUE,TRUE,1,3,""
"s07_normal_mean_m160-1025",TRUE,TRUE,TRUE,1,3,""
"s07_normal_mean_m160-1026",TRUE,TRUE,TRUE,1,3,""
"s07_normal_mean_m160-1027",TRUE,TRUE,TRUE,1,3,""
"s07_normal_mean_m160-1028",TRUE,TRUE,TRUE,1,3,""
"s07_normal_mean_m160-1029",TRUE,TRUE,TRUE,1,3,""
"s07_normal_mean_m160-1030",TRUE,TRUE,TRUE,1,3,""
"s07_normal_mean_m160-1031",TRUE,TRUE,TRUE,1,3,""
"s07_normal_mean_m160-1032",TRUE,TRUE,TRUE,1,3,""
"s07_normal_mean_m160-1033",TRUE,TRUE,TRUE,1,3,""
"s07_normal_mean_m160-1034",TRUE,TRUE,TRUE,1,3,""
"s07_normal_mean_m160-1035",TRUE,TRUE,TRUE,1,3,""
"s07_normal_mean_m160-1036",TRUE,TRUE,TRUE,1,3,""
"s07_normal_mean_m160-1037",TRUE,TRUE,TRUE,1,3,""
"s07_normal_mean_m160-1038",TRUE,TRUE,TRUE,1,3,""
"s07_normal_mean_m160-1039",TRUE,TRUE,TRUE,1,3,""
"s07_normal_mean_m160-1040",TRUE,TRUE,TRUE,1,3,""
"s07_normal_mean_m160-1041",TRUE,TRUE,TRUE,1,3,""
"s07_normal_mean_m160-1042",TRUE,TRUE,TRUE,1,3,""
"s07_normal_mean_m160-1043",TRUE,TRUE,TRUE,1,3,""
"s07_normal_mean_m160-1044",TRUE,TRUE,TRUE,1,3,""
"s07_normal_mean_m160-1045",TRUE,TRUE,TRUE,1,3,""
"s07_normal_mean_m160-1046",TRUE,TRUE,TRUE,1,3,""
"s07_normal_mean_m160-1047",TRUE,TRUE,TRUE,1,3,""
"s07_normal_mean_m160-1048",TRUE,TRUE,TRUE,1,3,""
"s07_normal_mean_m160-1049",TRUE,TRUE,TRUE,1,3,""
"s07_normal_mean_m160-1050",TRUE,TRUE,TRUE,1,3,""
"s07_normal_mean_m160-1051",TRUE,TRUE,TRUE,1,3,""
"s07_normal_mean_m160-1052",TRUE,TRUE,TRUE,1,3,""
"s07_normal_mean_m160-1053",TRUE,TRUE,TRUE,1,3,""
"s07_normal_mean_m160-1054",TRUE,TRUE,TRUE,1,3,""
"s07_normal_mean_m160-1055",TRUE,TRUE,TRUE,1,3,""
"s07_normal_mean_m160-1056",TRUE,TRUE,TRUE,1,3,""
"s07_normal_mean_m160-1057",TRUE,TRUE,TRUE,1,3,""
"s07_normal_mean_m160-1058",TRUE,TRUE,TRUE,1,3,""
"s07_normal_mean_m160-1059",TRUE,TRUE,TRUE,1,3,""
"s07_normal_mean_m160-1060",TRUE,TRUE,TRUE,1,3,""
"s07_normal_mean_m160-1061",TRUE,TRUE,TRUE,1,3,""
"s07_normal_mean_m160-1062",TRUE,TRUE,TRUE,1,3,""
"s07_normal_mean_m160-1063",TRUE,TRUE,TRUE,1,3,""
"s07_normal_mean_m160-1064",TRUE,TRUE,TRUE,1,3,""
"s07_normal_mean_m160-1065",TRUE,TRUE,TRUE,1,3,""
"s07_normal_mean_m160-1066",TRUE,TRUE,TRUE,1,3,""
"s07_normal_mean_m160-1067",TRUE,TRUE,TRUE,1,3,""
"s07_normal_mean_m160-1068",TRUE,TRUE,TRUE,1,3,""
"s07_normal_mean_m160-1069",TRUE,TRUE,TRUE,1,3,""
"s07_normal_mean_m160-1070",TRUE,TRUE,TRUE,1,3,""
"s07_normal_mean_m160-1071",TRUE,TRUE,TRUE,1,3,""
"s07_normal_mean_m160-1072",TRUE,TRUE,TRUE,1,3,""
"s07_normal_mean_m160-1073",TRUE,TRUE,TRUE,1,3,""
"s07_normal_mean_m160-1074",TRUE,TRUE,TRUE,1,3,""
"s07_normal_mean_m160-1075",TRUE,TRUE,TRUE,1,3,""
"s07_normal_mean_m160-1076",TRUE,TRUE,TRUE,1,3,""
"s07_normal_mean_m160-1077",TRUE,TRUE,TRUE,1,3,""
"s07_normal_mean_m160-1078",TRUE,TRUE,TRUE,1,3,""
"s07_normal_mean_m160-1079",TRUE,TRUE,TRUE,1,3,""
"s07_normal_mean_m160-1080",TRUE,TRUE,TRUE,1,3,""
"s07_normal_mean_m160-1081",TRUE,TRUE,TRUE,1,3,""
"s07_normal_mean_m160-1082",TRUE,TRUE,TRUE,1,3,""
"s07_normal_mean_m160-1083",TRUE,TRUE,TRUE,1,3,""
"s07_normal_mean_m160-1084",TRUE,TRUE,TRUE,1,3,""
"s07_normal_mean_m160-1085",TRUE,TRUE,TRUE,1,3,""
"s07_normal_mean_m160-1086",TRUE,TRUE,TRUE,1,3,""
"s07_normal_mean_m160-1087",TRUE,TRUE,TRUE,1,3,""
"s07_normal_mean_m160-1088",TRUE,TRUE,TRUE,1,3,""
"s07_normal_mean_m160-1089",TRUE,TRUE,TRUE,1,3,""
"s07_normal_mean_m160-1090",TRUE,TRUE,TRUE,1,3,""
"s07_normal_mean_m160-1091",TRUE,TRUE,TRUE,1,3,""
"s07_normal_mean_m160-1092",TRUE,TRUE,TRUE,1,3,""
"s07_normal_mean_m160-1093",TRUE,TRUE,TRUE,1,3,""
"s07_normal_mean_m160-1094",TRUE,TRUE,TRUE,1,3,""
"s07_normal_mean_m160-1095",TRUE,TRUE,TRUE,1,3,""
"s07_normal_mean_m160-1096",TRUE,TRUE,TRUE,1,3,""
"s07_normal_mean_m160-1097",TRUE,TRUE,TRUE,1,3,""
"s07_normal_mean_m160-1098",TRUE,TRUE,TRUE,1,3,""
"s07_normal_mean_m160-1099",TRUE,TRUE,TRUE,1,3,""
"s07_normal_mean_m160-1100",TRUE,TRUE,TRUE,1,3,""
"s07_normal_mean_m160-1101",TRUE,TRUE,TRUE,1,3,""
"s07_normal_mean_m160-1102",TRUE,TRUE,TRUE,1,3,""
"s07_normal_mean_m160-1103",TRUE,TRUE,TRUE,1,3,""
"s07_normal_mean_m160-1104",TRUE,TRUE,TRUE,1,3,""
"s07_normal_mean_m160-1105",TRUE,TRUE,TRUE,1,3,""
"s07_normal_mean_m160-1106",TRUE,TRUE,TRUE,1,3,""
"s07_normal_mean_m160-1107",TRUE,TRUE,TRUE,1,3,""
"s07_normal_mean_m160-1108",TRUE,TRUE,TRUE,1,3,""
"s07_normal_mean_m160-1109",TRUE,TRUE,TRUE,1,3,""
"s07_normal_mean_m160-1110",TRUE,TRUE,TRUE,1,3,""
"s07_normal_mean_m160-1111",TRUE,TRUE,TRUE,1,3,""
"s07_normal_mean_m160-1112",TRUE,TRUE,TRUE,1,3,""
"s07_normal_mean_m160-1113",TRUE,TRUE,TRUE,1,3,""
"s07_normal_mean_m160-1114",TRUE,TRUE,TRUE,1,3,""
"s07_normal_mean_m160-1115",TRUE,TRUE,TRUE,1,3,""
"s07_normal_mean_m160-1116",TRUE,TRUE,TRUE,1,3,""
"s07_normal_mean_m160-1117",TRUE,TRUE,TRUE,1,3,""
"s07_normal_mean_m160-1118",TRUE,TRUE,TRUE,1,3,""
"s07_normal_mean_m160-1119",TRUE,TRUE,TRUE,1,3,""
"s07_normal_mean_m160-1120",TRUE,TRUE,TRUE,1,3,""
"s07_normal_mean_m160-1121",TRUE,TRUE,TRUE,1,3,""
"s07_normal_mean_m160-1122",TRUE,TRUE,TRUE,1,3,""
"s07_normal_mean_m160-1123",TRUE,TRUE,TRUE,1,3,""
"s07_normal_mean_m160-1124",TRUE,TRUE,TRUE,1,3,""
"s07_normal_mean_m160-1125",TRUE,TRUE,TRUE,1,3,""
"s07_normal_mean_m160-1126",TRUE,TRUE,TRUE,1,3,""
"s07_normal_mean_m160-1127",TRUE,TRUE,TRUE,1,3,""
"s07_normal_mean_m160-1128",TRUE,TRUE,TRUE,1,3,""
"s07_normal_mean_m160-1129",TRUE,TRUE,TRUE,1,3,""
"s07_normal_mean_m160-1130",TRUE,TRUE,TRUE,1,3,""
"s07_normal_mean_m160-1131",TRUE,TRUE,TRUE,1,3,""
"s07_normal_mean_m160-1132",TRUE,TRUE,TRUE,1,3,""
"s07_normal_mean_m160-1133",TRUE,TRUE,TRUE,1,3,""
"s07_normal_mean_m160-1134",TRUE,TRUE,TRUE,1,3,""
"s07_normal_mean_m160-1135",TRUE,TRUE,TRUE,1,3,""
"s07_normal_mean_m160-1136",TRUE,TRUE,TRUE,1,3,""
"s07_normal_mean_m160-1137",TRUE,TRUE,TRUE,1,3,""
"s07_normal_mean_m160-1138",TRUE,TRUE,TRUE,1,3,""
"s07_normal_mean_m160-1139",TRUE,TRUE,TRUE,1,3,""
"s07_normal_mean_m160-1140",TRUE,TRUE,TRUE,1,3,""
"s07_normal_mean_m160-1141",TRUE,TRUE,TRUE,1,3,""
"s07_normal_mean_m160-1142",TRUE,TRUE,TRUE,1,3,""
"s07_normal_mean_m160-1143",TRUE,TRUE,TRUE,1,3,""
"s07_normal_mean_m160-1144",TRUE,TRUE,TRUE,1,3,""
"s07_normal_mean_m160-1145",TRUE,TRUE,TRUE,1,3,""
"s07_normal_mean_m160-1146",TRUE,TRUE,TRUE,1,3,""
"s07_normal_mean_m160-1147",TRUE,TRUE,TRUE,1,3,""
"s07_normal_mean_m160-1148",TRUE,TRUE,TRUE,1,3,""
"s07_normal_mean_m160-1149",TRUE,TRUE,TRUE,1,3,""
"s07_normal_mean_m160-1150",TRUE,TRUE,TRUE,1,3,""
"s07_normal_mean_m160-1151",TRUE,TRUE,TRUE,1,3,""
"s07_normal_mean_m160-1152",TRUE,TRUE,TRUE,1,3,""
"s07_normal_mean_m160-1153",TRUE,TRUE,TRUE,1,3,""
"s07_normal_mean_m160-1154",TRUE,TRUE,TRUE,1,3,""
"s07_normal_mean_m160-1155",TRUE,TRUE,TRUE,1,3,""
"s07_normal_mean_m160-1156",TRUE,TRUE,TRUE,1,3,""
"s07_normal_mean_m160-1157",TRUE,TRUE,TRUE,1,3,""
"s07_normal_mean_m160-1158",TRUE,TRUE,TRUE,1,3,""
"s07_normal_mean_m160-1159",TRUE,TRUE,TRUE,1,3,""
"s07_normal_mean_m160-1160",TRUE,TRUE,TRUE,1,3,""
"s07_normal_mean_m160-1161",TRUE,TRUE,TRUE,1,3,""
"s07_normal_mean_m160-1162",TRUE,TRUE,TRUE,1,3,""
"s07_normal_mean_m160-1163",TRUE,TRUE,TRUE,1,3,""
"s07_normal_mean_m160-1164",TRUE,TRUE,TRUE,1,3,""
"s07_normal_mean_m160-1165",TRUE,TRUE,TRUE,1,3,""
"s07_normal_mean_m160-1166",TRUE,TRUE,TRUE,1,3,""
"s07_normal_mean_m160-1167",TRUE,TRUE,TRUE,1,3,""
"s07_normal_mean_m160-1168",TRUE,TRUE,TRUE,1,3,""
"s07_normal_mean_m160-1169",TRUE,TRUE,TRUE,1,3,""
"s07_normal_mean_m160-1170",TRUE,TRUE,TRUE,1,3,""
"s07_normal_mean_m160-1171",TRUE,TRUE,TRUE,1,3,""
"s07_normal_mean_m160-1172",TRUE,TRUE,TRUE,1,3,""
"s07_normal_mean_m160-1173",TRUE,TRUE,TRUE,1,3,""
"s07_normal_mean_m160-1174",TRUE,TRUE,TRUE,1,3,""
"s07_normal_mean_m160-1175",TRUE,TRUE,TRUE,1,3,""
"s07_normal_mean_m160-1176",TRUE,TRUE,TRUE,1,3,""
"s07_normal_mean_m160-1177",TRUE,TRUE,TRUE,1,3,""
"s07_normal_mean_m160-1178",TRUE,TRUE,TRUE,1,3,""
"s07_normal_mean_m160-1179",TRUE,TRUE,TRUE,1,3,""
"s07_normal_mean_m160-1180",TRUE,TRUE,TRUE,1,3,""
"s07_normal_mean_m160-1181",TRUE,TRUE,TRUE,1,3,""
"s07_normal_mean_m160-1182",TRUE,TRUE,TRUE,1,3,""
"s07_normal_mean_m160-1183",TRUE,TRUE,TRUE,1,3,""
"s07_normal_mean_m160-1184",TRUE,TRUE,TRUE,1,3,""
"s07_normal_mean_m160-1185",TRUE,TRUE,TRUE,1,3,""
"s07_normal_mean_m160-1186",TRUE,TRUE,TRUE,1,3,""
"s07_normal_mean_m160-1187",TRUE,TRUE,TRUE,1,3,""
"s07_normal_mean_m160-1188",TRUE,TRUE,TRUE,1,3,""
"s07_normal_mean_m160-1189",TRUE,TRUE,TRUE,1,3,""
"s07_normal_mean_m160-1190",TRUE,TRUE,TRUE,1,3,""
"s07_normal_mean_m160-1191",TRUE,TRUE,TRUE,1,3,""
"s07_normal_mean_m160-1192",TRUE,TRUE,TRUE,1,3,""
"s07_normal_mean_m160-1193",TRUE,TRUE,TRUE,1,3,""
"s07_normal_mean_m160-1194",TRUE,TRUE,TRUE,1,3,""
"s07_normal_mean_m160-1195",TRUE,TRUE,TRUE,1,3,""
"s07_normal_mean_m160-1196",TRUE,TRUE,TRUE,1,3,""
"s07_normal_mean_m160-1197",TRUE,TRUE,TRUE,1,3,""
"s07_normal_mean_m160-1198",TRUE,TRUE,TRUE,1,3,""
"s07_normal_mean_m160-1199",TRUE,TRUE,TRUE,1,3,""
"s07_normal_mean_m160-1200",TRUE,TRUE,TRUE,1,3,""
"s07_normal_mean_m160-1201",TRUE,TRUE,TRUE,1,3,""
"s07_normal_mean_m160-1202",TRUE,TRUE,TRUE,1,3,""
"s07_normal_mean_m160-1203",TRUE,TRUE,TRUE,1,3,""
"s07_normal_mean_m160-1204",TRUE,TRUE,TRUE,1,3,""
"s07_normal_mean_m160-1205",TRUE,TRUE,TRUE,1,3,""
"s07_normal_mean_m160-1206",TRUE,TRUE,TRUE,1,3,""
"s07_normal_mean_m160-1207",TRUE,TRUE,TRUE,1,3,""
"s07_normal_mean_m160-1208",TRUE,TRUE,TRUE,1,3,""
"s07_normal_mean_m160-1209",TRUE,TRUE,TRUE,1,3,""
"s07_normal_mean_m160-1210",TRUE,TRUE,TRUE,1,3,""
"s07_normal_mean_m160-1211",TRUE,TRUE,TRUE,1,3,""
"s07_normal_mean_m160-1212",TRUE,TRUE,TRUE,1,3,""
"s07_normal_mean_m160-1213",TRUE,TRUE,TRUE,1,3,""
"s07_normal_mean_m160-1214",TRUE,TRUE,TRUE,1,3,""
"s07_normal_mean_m160-1215",TRUE,TRUE,TRUE,1,3,""
"s07_normal_mean_m160-1216",TRUE,TRUE,TRUE,1,3,""
"s07_normal_mean_m160-1217",TRUE,TRUE,TRUE,1,3,""
"s07_normal_mean_m160-1218",TRUE,TRUE,TRUE,1,3,""
"s07_normal_mean_m160-1219",TRUE,TRUE,TRUE,1,3,""
"s07_normal_mean_m160-1220",TRUE,TRUE,TRUE,1,3,""
"s07_normal_mean_m160-1221",TRUE,TRUE,TRUE,1,3,""
"s07_normal_mean_m160-1222",TRUE,TRUE,TRUE,1,3,""
"s07_normal_mean_m160-1223",TRUE,TRUE,TRUE,1,3,""
"s07_normal_mean_m160-1224",TRUE,TRUE,TRUE,1,3,""
"s07_normal_mean_m160-1225",TRUE,TRUE,TRUE,1,3,""
"s07_normal_mean_m160-1226",TRUE,TRUE,TRUE,1,3,""
"s07_normal_mean_m160-1227",TRUE,TRUE,TRUE,1,3,""
"s07_normal_mean_m160-1228",TRUE,TRUE,TRUE,1,3,""
"s07_normal_mean_m160-1229",TRUE,TRUE,TRUE,1,3,""
"s07_normal_mean_m160-1230",TRUE,TRUE,TRUE,1,3,""
"s07_normal_mean_m160-1231",TRUE,TRUE,TRUE,1,3,""
"s07_normal_mean_m160-1232",TRUE,TRUE,TRUE,1,3,""
"s07_normal_mean_m160-1233",TRUE,TRUE,TRUE,1,3,""
"s07_normal_mean_m160-1234",TRUE,TRUE,TRUE,1,3,""
"s07_normal_mean_m160-1235",TRUE,TRUE,TRUE,1,3,""
"s07_normal_mean_m160-1236",TRUE,TRUE,TRUE,1,3,""
"s07_normal_mean_m160-1237",TRUE,TRUE,TRUE,1,3,""
"s07_normal_mean_m160-1238",TRUE,TRUE,TRUE,1,3,""
"s07_normal_mean_m160-1239",TRUE,TRUE,TRUE,1,3,""
"s07_normal_mean_m160-1240",TRUE,TRUE,TRUE,1,3,""
"s07_normal_mean_m160-1241",TRUE,TRUE,TRUE,1,3,""
"s07_normal_mean_m160-1242",TRUE,TRUE,TRUE,1,3,""
"s07_normal_mean_m160-1243",TRUE,TRUE,TRUE,1,3,""
"s07_normal_mean_m160-1244",TRUE,TRUE,TRUE,1,3,""
"s07_normal_mean_m160-1245",TRUE,TRUE,TRUE,1,3,""
"s07_normal_mean_m160-1246",TRUE,TRUE,TRUE,1,3,""
"s07_normal_mean_m160-1247",TRUE,TRUE,TRUE,1,3,""
"s07_normal_mean_m160-1248",TRUE,TRUE,TRUE,1,3,""
"s07_normal_mean_m160-1249",TRUE,TRUE,TRUE,1,3,""
"s07_normal_mean_m160-1250",TRUE,TRUE,TRUE,1,3,""
"s07_normal_mean_m160-1251",TRUE,TRUE,TRUE,1,3,""
"s07_normal_mean_m160-1252",TRUE,TRUE,TRUE,1,3,""
"s07_normal_mean_m160-1253",TRUE,TRUE,TRUE,1,3,""
"s07_normal_mean_m160-1254",TRUE,TRUE,TRUE,1,3,""
"s07_normal_mean_m160-1255",TRUE,TRUE,TRUE,1,3,""
"s07_normal_mean_m160-1256",TRUE,TRUE,TRUE,1,3,""
"s07_normal_mean_m160-1257",TRUE,TRUE,TRUE,1,3,""
"s07_normal_mean_m160-1258",TRUE,TRUE,TRUE,1,3,""
"s07_normal_mean_m160-1259",TRUE,TRUE,TRUE,1,3,""
"s07_normal_mean_m160-1260",TRUE,TRUE,TRUE,1,3,""
"s07_normal_mean_m160-1261",TRUE,TRUE,TRUE,1,3,""
"s07_normal_mean_m160-1262",TRUE,TRUE,TRUE,1,3,""
"s07_normal_mean_m160-1263",TRUE,TRUE,TRUE,1,3,""
"s07_normal_mean_m160-1264",TRUE,TRUE,TRUE,1,3,""
"s07_normal_mean_m160-1265",TRUE,TRUE,TRUE,1,3,""
"s07_normal_mean_m160-1266",TRUE,TRUE,TRUE,1,3,""
"s07_normal_mean_m160-1267",TRUE,TRUE,TRUE,1,3,""
"s07_normal_mean_m160-1268",TRUE,TRUE,TRUE,1,3,""
"s07_normal_mean_m160-1269",TRUE,TRUE,TRUE,1,3,""
"s07_normal_mean_m160-1270",TRUE,TRUE,TRUE,1,3,""
"s07_normal_mean_m160-1271",TRUE,TRUE,TRUE,1,3,""
"s07_normal_mean_m160-1272",TRUE,TRUE,TRUE,1,3,""
"s07_normal_mean_m160-1273",TRUE,TRUE,TRUE,1,3,""
"s07_normal_mean_m160-1274",TRUE,TRUE,TRUE,1,3,""
"s07_normal_mean_m160-1275",TRUE,TRUE,TRUE,1,3,""
"s07_normal_mean_m160-1276",TRUE,TRUE,TRUE,1,3,""
"s07_normal_mean_m160-1277",TRUE,TRUE,TRUE,1,3,""
"s07_normal_mean_m160-1278",TRUE,TRUE,TRUE,1,3,""
"s07_normal_mean_m160-1279",TRUE,TRUE,TRUE,1,3,""
"s07_normal_mean_m160-1280",TRUE,TRUE,TRUE,1,3,""
"s07_normal_mean_m160-1281",TRUE,TRUE,TRUE,1,3,""
"s07_normal_mean_m160-1282",TRUE,TRUE,TRUE,1,3,""
"s07_normal_mean_m160-1283",TRUE,TRUE,TRUE,1,3,""
"s07_normal_mean_m160-1284",TRUE,TRUE,TRUE,1,3,""
"s07_normal_mean_m160-1285",TRUE,TRUE,TRUE,1,3,""
"s07_normal_mean_m160-1286",TRUE,TRUE,TRUE,1,3,""
"s07_normal_mean_m160-1287",TRUE,TRUE,TRUE,1,3,""
"s07_normal_mean_m160-1288",TRUE,TRUE,TRUE,1,3,""
"s07_normal_mean_m160-1289",TRUE,TRUE,TRUE,1,3,""
"s07_normal_mean_m160-1290",TRUE,TRUE,TRUE,1,3,""
"s07_normal_mean_m160-1291",TRUE,TRUE,TRUE,1,3,""
"s07_normal_mean_m160-1292",TRUE,TRUE,TRUE,1,3,""
"s07_normal_mean_m160-1293",TRUE,TRUE,TRUE,1,3,""
"s07_normal_mean_m160-1294",TRUE,TRUE,TRUE,1,3,""
"s07_normal_mean_m160-1295",TRUE,TRUE,TRUE,1,3,""
"s07_normal_mean_m160-1296",TRUE,TRUE,TRUE,1,3,""
"s07_normal_mean_m160-1297",TRUE,TRUE,TRUE,1,3,""
"s07_normal_mean_m160-1298",TRUE,TRUE,TRUE,1,3,""
"s07_normal_mean_m160-1299",TRUE,TRUE,TRUE,1,3,""
"s07_normal_mean_m160-1300",TRUE,TRUE,TRUE,1,3,""
"s07_normal_mean_m160-1301",TRUE,TRUE,TRUE,1,3,""
"s07_normal_mean_m160-1302",TRUE,TRUE,TRUE,1,3,""
"s07_normal_mean_m160-1303",TRUE,TRUE,TRUE,1,3,""
"s07_normal_mean_m160-1304",TRUE,TRUE,TRUE,1,3,""
"s07_normal_mean_m160-1305",TRUE,TRUE,TRUE,1,3,""
"s07_normal_mean_m160-1306",TRUE,TRUE,TRUE,1,3,""
"s07_normal_mean_m160-1307",TRUE,TRUE,TRUE,1,3,""
"s07_normal_mean_m160-1308",TRUE,TRUE,TRUE,1,3,""
"s07_normal_mean_m160-1309",TRUE,TRUE,TRUE,1,3,""
"s07_normal_mean_m160-1310",TRUE,TRUE,TRUE,1,3,""
"s07_normal_mean_m160-1311",TRUE,TRUE,TRUE,1,3,""
"s07_normal_mean_m160-1312",TRUE,TRUE,TRUE,1,3,""
"s07_normal_mean_m160-1313",TRUE,TRUE,TRUE,1,3,""
"s07_normal_mean_m160-1314",TRUE,TRUE,TRUE,1,3,""
"s07_normal_mean_m160-1315",TRUE,TRUE,TRUE,1,3,""
"s07_normal_mean_m160-1316",TRUE,TRUE,TRUE,1,3,""
"s07_normal_mean_m160-1317",TRUE,TRUE,TRUE,1,3,""
"s07_normal_mean_m160-1318",TRUE,TRUE,TRUE,1,3,""
"s07_normal_mean_m160-1319",TRUE,TRUE,TRUE,1,3,""
"s07_normal_mean_m160-1320",TRUE,TRUE,TRUE,1,3,""
"s07_normal_mean_m160-1321",TRUE,TRUE,TRUE,1,3,""
"s07_normal_mean_m160-1322",TRUE,TRUE,TRUE,1,3,""
"s07_normal_mean_m160-1323",TRUE,TRUE,TRUE,1,3,""
"s07_normal_mean_m160-1324",TRUE,TRUE,TRUE,1,3,""
"s07_normal_mean_m160-1325",TRUE,TRUE,TRUE,1,3,""
"s07_normal_mean_m160-1326",TRUE,TRUE,TRUE,1,3,""
"s07_normal_mean_m160-1327",TRUE,TRUE,TRUE,1,3,""
"s07_normal_mean_m160-1328",TRUE,TRUE,TRUE,1,3,""
"s07_normal_mean_m160-1329",TRUE,TRUE,TRUE,1,3,""
"s07_normal_mean_m160-1330",TRUE,TRUE,TRUE,1,3,""
"s07_normal_mean_m160-1331",TRUE,TRUE,TRUE,1,3,""
"s07_normal_mean_m160-1332",TRUE,TRUE,TRUE,1,3,""
"s07_normal_mean_m160-1333",TRUE,TRUE,TRUE,1,3,""
"s07_normal_mean_m160-1334",TRUE,TRUE,TRUE,1,3,""
"s07_normal_mean_m160-1335",TRUE,TRUE,TRUE,1,3,""
"s07_normal_mean_m160-1336",TRUE,TRUE,TRUE,1,3,""
"s07_normal_mean_m160-1337",TRUE,TRUE,TRUE,1,3,""
"s07_normal_mean_m160-1338",TRUE,TRUE,TRUE,1,3,""
"s07_normal_mean_m160-1339",TRUE,TRUE,TRUE,1,3,""
"s07_normal_mean_m160-1340",TRUE,TRUE,TRUE,1,3,""
"s07_normal_mean_m160-1341",TRUE,TRUE,TRUE,1,3,""
"s07_normal_mean_m160-1342",TRUE,TRUE,TRUE,1,3,""
"s07_normal_mean_m160-1343",TRUE,TRUE,TRUE,1,3,""
"s07_normal_mean_m160-1344",TRUE,TRUE,TRUE,1,3,""
"s07_normal_mean_m160-1345",TRUE,TRUE,TRUE,1,3,""
"s07_normal_mean_m160-1346",TRUE,TRUE,TRUE,1,3,""
"s07_normal_mean_m160-1347",TRUE,TRUE,TRUE,1,3,""
"s07_normal_mean_m160-1348",TRUE,TRUE,TRUE,1,3,""
"s07_normal_mean_m160-1349",TRUE,TRUE,TRUE,1,3,""
"s07_normal_mean_m160-1350",TRUE,TRUE,TRUE,1,3,""
"s07_normal_mean_m160-1351",TRUE,TRUE,TRUE,1,3,""
"s07_normal_mean_m160-1352",TRUE,TRUE,TRUE,1,3,""
"s07_normal_mean_m160-1353",TRUE,TRUE,TRUE,1,3,""
"s07_normal_mean_m160-1354",TRUE,TRUE,TRUE,1,3,""
"s07_normal_mean_m160-1355",TRUE,TRUE,TRUE,1,3,""
"s07_normal_mean_m160-1356",TRUE,TRUE,TRUE,1,3,""
"s07_normal_mean_m160-1357",TRUE,TRUE,TRUE,1,3,""
"s07_normal_mean_m160-1358",TRUE,TRUE,TRUE,1,3,""
"s07_normal_mean_m160-1359",TRUE,TRUE,TRUE,1,3,""
"s07_normal_mean_m160-1360",TRUE,TRUE,TRUE,1,3,""
"s07_normal_mean_m160-1361",TRUE,TRUE,TRUE,1,3,""
"s07_normal_mean_m160-1362",TRUE,TRUE,TRUE,1,3,""
"s07_normal_mean_m160-1363",TRUE,TRUE,TRUE,1,3,""
"s07_normal_mean_m160-1364",TRUE,TRUE,TRUE,1,3,""
"s07_normal_mean_m160-1365",TRUE,TRUE,TRUE,1,3,""
"s07_normal_mean_m160-1366",TRUE,TRUE,TRUE,1,3,""
"s07_normal_mean_m160-1367",TRUE,TRUE,TRUE,1,3,""
"s07_normal_mean_m160-1368",TRUE,TRUE,TRUE,1,3,""
"s07_normal_mean_m160-1369",TRUE,TRUE,TRUE,1,3,""
"s07_normal_mean_m160-1370",TRUE,TRUE,TRUE,1,3,""
"s07_normal_mean_m160-1371",TRUE,TRUE,TRUE,1,3,""
"s07_normal_mean_m160-1372",TRUE,TRUE,TRUE,1,3,""
"s07_normal_mean_m160-1373",TRUE,TRUE,TRUE,1,3,""
"s07_normal_mean_m160-1374",TRUE,TRUE,TRUE,1,3,""
"s07_normal_mean_m160-1375",TRUE,TRUE,TRUE,1,3,""
"s07_normal_mean_m160-1376",TRUE,TRUE,TRUE,1,3,""
"s07_normal_mean_m160-1377",TRUE,TRUE,TRUE,1,3,""
"s07_normal_mean_m160-1378",TRUE,TRUE,TRUE,1,3,""
"s07_normal_mean_m160-1379",TRUE,TRUE,TRUE,1,3,""
"s07_normal_mean_m160-1380",TRUE,TRUE,TRUE,1,3,""
"s07_normal_mean_m160-1381",TRUE,TRUE,TRUE,1,3,""
"s07_normal_mean_m160-1382",TRUE,TRUE,TRUE,1,3,""
"s07_normal_mean_m160-1383",TRUE,TRUE,TRUE,1,3,""
"s07_normal_mean_m160-1384",TRUE,TRUE,TRUE,1,3,""
"s07_normal_mean_m160-1385",TRUE,TRUE,TRUE,1,3,""
"s07_normal_mean_m160-1386",TRUE,TRUE,TRUE,1,3,""
"s07_normal_mean_m160-1387",TRUE,TRUE,TRUE,1,3,""
"s07_normal_mean_m160-1388",TRUE,TRUE,TRUE,1,3,""
"s07_normal_mean_m160-1389",TRUE,TRUE,TRUE,1,3,""
"s07_normal_mean_m160-1390",TRUE,TRUE,TRUE,1,3,""
"s07_normal_mean_m160-1391",TRUE,TRUE,TRUE,1,3,""
"s07_normal_mean_m160-1392",TRUE,TRUE,TRUE,1,3,""
"s07_normal_mean_m160-1393",TRUE,TRUE,TRUE,1,3,""
"s07_normal_mean_m160-1394",TRUE,TRUE,TRUE,1,3,""
"s07_normal_mean_m160-1395",TRUE,TRUE,TRUE,1,3,""
"s07_normal_mean_m160-1396",TRUE,TRUE,TRUE,1,3,""
"s07_normal_mean_m160-1397",TRUE,TRUE,TRUE,1,3,""
"s07_normal_mean_m160-1398",TRUE,TRUE,TRUE,1,3,""
"s07_normal_mean_m160-1399",TRUE,TRUE,TRUE,1,3,""
"s07_normal_mean_m160-1400",TRUE,TRUE,TRUE,1,3,""
"s07_normal_mean_m160-1401",TRUE,TRUE,TRUE,1,3,""
"s07_normal_mean_m160-1402",TRUE,TRUE,TRUE,1,3,""
"s07_normal_mean_m160-1403",TRUE,TRUE,TRUE,1,3,""
"s07_normal_mean_m160-1404",TRUE,TRUE,TRUE,1,3,""
"s07_normal_mean_m160-1405",TRUE,TRUE,TRUE,1,3,""
"s07_normal_mean_m160-1406",TRUE,TRUE,TRUE,1,3,""
"s07_normal_mean_m160-1407",TRUE,TRUE,TRUE,1,3,""
"s07_normal_mean_m160-1408",TRUE,TRUE,TRUE,1,3,""
"s07_normal_mean_m160-1409",TRUE,TRUE,TRUE,1,3,""
"s07_normal_mean_m160-1410",TRUE,TRUE,TRUE,1,3,""
"s07_normal_mean_m160-1411",TRUE,TRUE,TRUE,1,3,""
"s07_normal_mean_m160-1412",TRUE,TRUE,TRUE,1,3,""
"s07_normal_mean_m160-1413",TRUE,TRUE,TRUE,1,3,""
"s07_normal_mean_m160-1414",TRUE,TRUE,TRUE,1,3,""
"s07_normal_mean_m160-1415",TRUE,TRUE,TRUE,1,3,""
"s07_normal_mean_m160-1416",TRUE,TRUE,TRUE,1,3,""
"s07_normal_mean_m160-1417",TRUE,TRUE,TRUE,1,3,""
"s07_normal_mean_m160-1418",TRUE,TRUE,TRUE,1,3,""
"s07_normal_mean_m160-1419",TRUE,TRUE,TRUE,1,3,""
"s07_normal_mean_m160-1420",TRUE,TRUE,TRUE,1,3,""
"s07_normal_mean_m160-1421",TRUE,TRUE,TRUE,1,3,""
"s07_normal_mean_m160-1422",TRUE,TRUE,TRUE,1,3,""
"s07_normal_mean_m160-1423",TRUE,TRUE,TRUE,1,3,""
"s07_normal_mean_m160-1424",TRUE,TRUE,TRUE,1,3,""
"s07_normal_mean_m160-1425",TRUE,TRUE,TRUE,1,3,""
"s07_normal_mean_m160-1426",TRUE,TRUE,TRUE,1,3,""
"s07_normal_mean_m160-1427",TRUE,TRUE,TRUE,1,3,""
"s07_normal_mean_m160-1428",TRUE,TRUE,TRUE,1,3,""
"s07_normal_mean_m160-1429",TRUE,TRUE,TRUE,1,3,""
"s07_normal_mean_m160-1430",TRUE,TRUE,TRUE,1,3,""
"s07_normal_mean_m160-1431",TRUE,TRUE,TRUE,1,3,""
"s07_normal_mean_m160-1432",TRUE,TRUE,TRUE,1,3,""
"s07_normal_mean_m160-1433",TRUE,TRUE,TRUE,1,3,""
"s07_normal_mean_m160-1434",TRUE,TRUE,TRUE,1,3,""
"s07_normal_mean_m160-1435",TRUE,TRUE,TRUE,1,3,""
"s07_normal_mean_m160-1436",TRUE,TRUE,TRUE,1,3,""
"s07_normal_mean_m40-0001",TRUE,TRUE,TRUE,1,3,""
"s07_normal_mean_m40-0002",TRUE,TRUE,TRUE,1,3,""
"s07_normal_mean_m40-0003",TRUE,TRUE,TRUE,1,3,""
"s07_normal_mean_m40-0004",TRUE,TRUE,TRUE,1,3,""
"s07_normal_mean_m40-0005",TRUE,TRUE,TRUE,1,3,""
"s07_normal_mean_m40-0006",TRUE,TRUE,TRUE,1,3,""
"s07_normal_mean_m40-0007",TRUE,TRUE,TRUE,1,3,""
"s07_normal_mean_m40-0008",TRUE,TRUE,TRUE,1,3,""
"s07_normal_mean_m40-0009",TRUE,TRUE,TRUE,1,3,""
"s07_normal_mean_m40-0010",TRUE,TRUE,TRUE,1,3,""
"s07_normal_mean_m40-0011",TRUE,TRUE,TRUE,1,3,""
"s07_normal_mean_m40-0012",TRUE,TRUE,TRUE,1,3,""
"s07_normal_mean_m40-0013",TRUE,TRUE,TRUE,1,3,""
"s07_normal_mean_m40-0014",TRUE,TRUE,TRUE,1,3,""
"s07_normal_mean_m40-0015",TRUE,TRUE,TRUE,1,3,""
"s07_normal_mean_m40-0016",TRUE,TRUE,TRUE,1,3,""
"s07_normal_mean_m40-0017",TRUE,TRUE,TRUE,1,3,""
"s07_normal_mean_m40-0018",TRUE,TRUE,TRUE,1,3,""
"s07_normal_mean_m40-0019",TRUE,TRUE,TRUE,1,3,""
"s07_normal_mean_m40-0020",TRUE,TRUE,TRUE,1,3,""
"s07_normal_mean_m40-0021",TRUE,TRUE,TRUE,1,3,""
"s07_normal_mean_m40-0022",TRUE,TRUE,TRUE,1,3,""
"s07_normal_mean_m40-0023",TRUE,TRUE,TRUE,1,3,""
"s07_normal_mean_m40-0024",TRUE,TRUE,TRUE,1,3,""
"s07_normal_mean_m40-0025",TRUE,TRUE,TRUE,1,3,""
"s07_normal_mean_m40-0026",TRUE,TRUE,TRUE,1,3,""
"s07_normal_mean_m40-0027",TRUE,TRUE,TRUE,1,3,""
"s07_normal_mean_m40-0028",TRUE,TRUE,TRUE,1,3,""
"s07_normal_mean_m40-0029",TRUE,TRUE,TRUE,1,3,""
"s07_normal_mean_m40-0030",TRUE,TRUE,TRUE,1,3,""
"s07_normal_mean_m40-0031",TRUE,TRUE,TRUE,1,3,""
"s07_normal_mean_m40-0032",TRUE,TRUE,TRUE,1,3,""
"s07_normal_mean_m40-0033",TRUE,TRUE,TRUE,1,3,""
"s07_normal_mean_m40-0034",TRUE,TRUE,TRUE,1,3,""
"s07_normal_mean_m40-0035",TRUE,TRUE,TRUE,1,3,""
"s07_normal_mean_m40-0036",TRUE,TRUE,TRUE,1,3,""
"s07_normal_mean_m40-0037",TRUE,TRUE,TRUE,1,3,""
"s07_normal_mean_m40-0038",TRUE,TRUE,TRUE,1,3,""
"s07_normal_mean_m40-0039",TRUE,TRUE,TRUE,1,3,""
"s07_normal_mean_m40-0040",TRUE,TRUE,TRUE,1,3,""
"s07_normal_mean_m40-0041",TRUE,TRUE,TRUE,1,3,""
"s07_normal_mean_m40-0042",TRUE,TRUE,TRUE,1,3,""
"s07_normal_mean_m40-0043",TRUE,TRUE,TRUE,1,3,""
"s07_normal_mean_m40-0044",TRUE,TRUE,TRUE,1,3,""
"s07_normal_mean_m40-0045",TRUE,TRUE,TRUE,1,3,""
"s07_normal_mean_m40-0046",TRUE,TRUE,TRUE,1,3,""
"s07_normal_mean_m40-0047",TRUE,TRUE,TRUE,1,3,""
"s07_normal_mean_m40-0048",TRUE,TRUE,TRUE,1,3,""
"s07_normal_mean_m40-0049",TRUE,TRUE,TRUE,1,3,""
"s07_normal_mean_m40-0050",TRUE,TRUE,TRUE,1,3,""
"s07_normal_mean_m40-0051",TRUE,TRUE,TRUE,1,3,""
"s07_normal_mean_m40-0052",TRUE,TRUE,TRUE,1,3,""
"s07_normal_mean_m40-0053",TRUE,TRUE,TRUE,1,3,""
"s07_normal_mean_m40-0054",TRUE,TRUE,TRUE,1,3,""
"s07_normal_mean_m40-0055",TRUE,TRUE,TRUE,1,3,""
"s07_normal_mean_m40-0056",TRUE,TRUE,TRUE,1,3,""
"s07_normal_mean_m40-0057",TRUE,TRUE,TRUE,1,3,""
"s07_normal_mean_m40-0058",TRUE,TRUE,TRUE,1,3,""
"s07_normal_mean_m40-0059",TRUE,TRUE,TRUE,1,3,""
"s07_normal_mean_m40-0060",TRUE,TRUE,TRUE,1,3,""
"s07_normal_mean_m40-0061",TRUE,TRUE,TRUE,1,3,""
"s07_normal_mean_m40-0062",TRUE,TRUE,TRUE,1,3,""
"s07_normal_mean_m40-0063",TRUE,TRUE,TRUE,1,3,""
"s07_normal_mean_m40-0064",TRUE,TRUE,TRUE,1,3,""
"s07_normal_mean_m40-0065",TRUE,TRUE,TRUE,1,3,""
"s07_normal_mean_m40-0066",TRUE,TRUE,TRUE,1,3,""
"s07_normal_mean_m40-0067",TRUE,TRUE,TRUE,1,3,""
"s07_normal_mean_m40-0068",TRUE,TRUE,TRUE,1,3,""
"s07_normal_mean_m40-0069",TRUE,TRUE,TRUE,1,3,""
"s07_normal_mean_m40-0070",TRUE,TRUE,TRUE,1,3,""
"s07_normal_mean_m40-0071",TRUE,TRUE,TRUE,1,3,""
"s07_normal_mean_m40-0072",TRUE,TRUE,TRUE,1,3,""
"s07_normal_mean_m40-0073",TRUE,TRUE,TRUE,1,3,""
"s07_normal_mean_m40-0074",TRUE,TRUE,TRUE,1,3,""
"s07_normal_mean_m40-0075",TRUE,TRUE,TRUE,1,3,""
"s07_normal_mean_m40-0076",TRUE,TRUE,TRUE,1,3,""
"s07_normal_mean_m40-0077",TRUE,TRUE,TRUE,1,3,""
"s07_normal_mean_m40-0078",TRUE,TRUE,TRUE,1,3,""
"s07_normal_mean_m40-0079",TRUE,TRUE,TRUE,1,3,""
"s07_normal_mean_m40-0080",TRUE,TRUE,TRUE,1,3,""
"s07_normal_mean_m40-0081",TRUE,TRUE,TRUE,1,3,""
"s07_normal_mean_m40-0082",TRUE,TRUE,TRUE,1,3,""
"s07_normal_mean_m40-0083",TRUE,TRUE,TRUE,1,3,""
"s07_normal_mean_m40-0084",TRUE,TRUE,TRUE,1,3,""
"s07_normal_mean_m40-0085",TRUE,TRUE,TRUE,1,3,""
"s07_normal_mean_m40-0086",TRUE,TRUE,TRUE,1,3,""
"s07_normal_mean_m40-0087",TRUE,TRUE,TRUE,1,3,""
"s07_normal_mean_m40-0088",TRUE,TRUE,TRUE,1,3,""
"s07_normal_mean_m40-0089",TRUE,TRUE,TRUE,1,3,""
"s07_normal_mean_m40-0090",TRUE,TRUE,TRUE,1,3,""
"s07_normal_mean_m40-0091",TRUE,TRUE,TRUE,1,3,""
"s07_normal_mean_m40-0092",TRUE,TRUE,TRUE,1,3,""
"s07_normal_mean_m40-0093",TRUE,TRUE,TRUE,1,3,""
"s07_normal_mean_m40-0094",TRUE,TRUE,TRUE,1,3,""
"s07_normal_mean_m40-0095",TRUE,TRUE,TRUE,1,3,""
"s07_normal_mean_m40-0096",TRUE,TRUE,TRUE,1,3,""
"s07_normal_mean_m40-0097",TRUE,TRUE,TRUE,1,3,""
"s07_normal_mean_m40-0098",TRUE,TRUE,TRUE,1,3,""
"s07_normal_mean_m40-0099",TRUE,TRUE,TRUE,1,3,""
"s07_normal_mean_m40-0100",TRUE,TRUE,TRUE,1,3,""
"s07_normal_mean_m40-0101",TRUE,TRUE,TRUE,1,3,""
"s07_normal_mean_m40-0102",TRUE,TRUE,TRUE,1,3,""
"s07_normal_mean_m40-0103",TRUE,TRUE,TRUE,1,3,""
"s07_normal_mean_m40-0104",TRUE,TRUE,TRUE,1,3,""
"s07_normal_mean_m40-0105",TRUE,TRUE,TRUE,1,3,""
"s07_normal_mean_m40-0106",TRUE,TRUE,TRUE,1,3,""
"s07_normal_mean_m40-0107",TRUE,TRUE,TRUE,1,3,""
"s07_normal_mean_m40-0108",TRUE,TRUE,TRUE,1,3,""
"s07_normal_mean_m40-0109",TRUE,TRUE,TRUE,1,3,""
"s07_normal_mean_m40-0110",TRUE,TRUE,TRUE,1,3,""
"s07_normal_mean_m40-0111",TRUE,TRUE,TRUE,1,3,""
"s07_normal_mean_m40-0112",TRUE,TRUE,TRUE,1,3,""
"s07_normal_mean_m40-0113",TRUE,TRUE,TRUE,1,3,""
"s07_normal_mean_m40-0114",TRUE,TRUE,TRUE,1,3,""
"s07_normal_mean_m40-0115",TRUE,TRUE,TRUE,1,3,""
"s07_normal_mean_m40-0116",TRUE,TRUE,TRUE,1,3,""
"s07_normal_mean_m40-0117",TRUE,TRUE,TRUE,1,3,""
"s07_normal_mean_m40-0118",TRUE,TRUE,TRUE,1,3,""
"s07_normal_mean_m40-0119",TRUE,TRUE,TRUE,1,3,""
"s07_normal_mean_m40-0120",TRUE,TRUE,TRUE,1,3,""
"s07_normal_mean_m40-0121",TRUE,TRUE,TRUE,1,3,""
"s07_normal_mean_m40-0122",TRUE,TRUE,TRUE,1,3,""
"s07_normal_mean_m40-0123",TRUE,TRUE,TRUE,1,3,""
"s07_normal_mean_m40-0124",TRUE,TRUE,TRUE,1,3,""
"s07_normal_mean_m40-0125",TRUE,TRUE,TRUE,1,3,""
"s07_normal_mean_m40-0126",TRUE,TRUE,TRUE,1,3,""
"s07_normal_mean_m40-0127",TRUE,TRUE,TRUE,1,3,""
"s07_normal_mean_m40-0128",TRUE,TRUE,TRUE,1,3,""
"s07_normal_mean_m40-0129",TRUE,TRUE,TRUE,1,3,""
"s07_normal_mean_m40-0130",TRUE,TRUE,TRUE,1,3,""
"s07_normal_mean_m40-0131",TRUE,TRUE,TRUE,1,3,""
"s07_normal_mean_m40-0132",TRUE,TRUE,TRUE,1,3,""
"s07_normal_mean_m40-0133",TRUE,TRUE,TRUE,1,3,""
"s07_normal_mean_m40-0134",TRUE,TRUE,TRUE,1,3,""
"s07_normal_mean_m40-0135",TRUE,TRUE,TRUE,1,3,""
"s07_normal_mean_m40-0136",TRUE,TRUE,TRUE,1,3,""
"s07_normal_mean_m40-0137",TRUE,TRUE,TRUE,1,3,""
"s07_normal_mean_m40-0138",TRUE,TRUE,TRUE,1,3,""
"s07_normal_mean_m40-0139",TRUE,TRUE,TRUE,1,3,""
"s07_normal_mean_m40-0140",TRUE,TRUE,TRUE,1,3,""
"s07_normal_mean_m40-0141",TRUE,TRUE,TRUE,1,3,""
"s07_normal_mean_m40-0142",TRUE,TRUE,TRUE,1,3,""
"s07_normal_mean_m40-0143",TRUE,TRUE,TRUE,1,3,""
"s07_normal_mean_m40-0144",TRUE,TRUE,TRUE,1,3,""
"s07_normal_mean_m40-0145",TRUE,TRUE,TRUE,1,3,""
"s07_normal_mean_m40-0146",TRUE,TRUE,TRUE,1,3,""
"s07_normal_mean_m40-0147",TRUE,TRUE,TRUE,1,3,""
"s07_normal_mean_m40-0148",TRUE,TRUE,TRUE,1,3,""
"s07_normal_mean_m40-0149",TRUE,TRUE,TRUE,1,3,""
"s07_normal_mean_m40-0150",TRUE,TRUE,TRUE,1,3,""
"s07_normal_mean_m40-0151",TRUE,TRUE,TRUE,1,3,""
"s07_normal_mean_m40-0152",TRUE,TRUE,TRUE,1,3,""
"s07_normal_mean_m40-0153",TRUE,TRUE,TRUE,1,3,""
"s07_normal_mean_m40-0154",TRUE,TRUE,TRUE,1,3,""
"s07_normal_mean_m40-0155",TRUE,TRUE,TRUE,1,3,""
"s07_normal_mean_m40-0156",TRUE,TRUE,TRUE,1,3,""
"s07_normal_mean_m40-0157",TRUE,TRUE,TRUE,1,3,""
"s07_normal_mean_m40-0158",TRUE,TRUE,TRUE,1,3,""
"s07_normal_mean_m40-0159",TRUE,TRUE,TRUE,1,3,""
"s07_normal_mean_m40-0160",TRUE,TRUE,TRUE,1,3,""
"s07_normal_mean_m40-0161",TRUE,TRUE,TRUE,1,3,""
"s07_normal_mean_m40-0162",TRUE,TRUE,TRUE,1,3,""
"s07_normal_mean_m40-0163",TRUE,TRUE,TRUE,1,3,""
"s07_normal_mean_m40-0164",TRUE,TRUE,TRUE,1,3,""
"s07_normal_mean_m40-0165",TRUE,TRUE,TRUE,1,3,""
"s07_normal_mean_m40-0166",TRUE,TRUE,TRUE,1,3,""
"s07_normal_mean_m40-0167",TRUE,TRUE,TRUE,1,3,""
"s07_normal_mean_m40-0168",TRUE,TRUE,TRUE,1,3,""
"s07_normal_mean_m40-0169",TRUE,TRUE,TRUE,1,3,""
"s07_normal_mean_m40-0170",TRUE,TRUE,TRUE,1,3,""
"s07_normal_mean_m40-0171",TRUE,TRUE,TRUE,1,3,""
"s07_normal_mean_m40-0172",TRUE,TRUE,TRUE,1,3,""
"s07_normal_mean_m40-0173",TRUE,TRUE,TRUE,1,3,""
"s07_normal_mean_m40-0174",TRUE,TRUE,TRUE,1,3,""
"s07_normal_mean_m40-0175",TRUE,TRUE,TRUE,1,3,""
"s07_normal_mean_m40-0176",TRUE,TRUE,TRUE,1,3,""
"s07_normal_mean_m40-0177",TRUE,TRUE,TRUE,1,3,""
"s07_normal_mean_m40-0178",TRUE,TRUE,TRUE,1,3,""
"s07_normal_mean_m40-0179",TRUE,TRUE,TRUE,1,3,""
"s07_normal_mean_m40-0180",TRUE,TRUE,TRUE,1,3,""
"s07_normal_mean_m40-0181",TRUE,TRUE,TRUE,1,3,""
"s07_normal_mean_m40-0182",TRUE,TRUE,TRUE,1,3,""
"s07_normal_mean_m40-0183",TRUE,TRUE,TRUE,1,3,""
"s07_normal_mean_m40-0184",TRUE,TRUE,TRUE,1,3,""
"s07_normal_mean_m40-0185",TRUE,TRUE,TRUE,1,3,""
"s07_normal_mean_m40-0186",TRUE,TRUE,TRUE,1,3,""
"s07_normal_mean_m40-0187",TRUE,TRUE,TRUE,1,3,""
"s07_normal_mean_m40-0188",TRUE,TRUE,TRUE,1,3,""
"s07_normal_mean_m40-0189",TRUE,TRUE,TRUE,1,3,""
"s07_normal_mean_m40-0190",TRUE,TRUE,TRUE,1,3,""
"s07_normal_mean_m40-0191",TRUE,TRUE,TRUE,1,3,""
"s07_normal_mean_m40-0192",TRUE,TRUE,TRUE,1,3,""
"s07_normal_mean_m40-0193",TRUE,TRUE,TRUE,1,3,""
"s07_normal_mean_m40-0194",TRUE,TRUE,TRUE,1,3,""
"s07_normal_mean_m40-0195",TRUE,TRUE,TRUE,1,3,""
"s07_normal_mean_m40-0196",TRUE,TRUE,TRUE,1,3,""
"s07_normal_mean_m40-0197",TRUE,TRUE,TRUE,1,3,""
"s07_normal_mean_m40-0198",TRUE,TRUE,TRUE,1,3,""
"s07_normal_mean_m40-0199",TRUE,TRUE,TRUE,1,3,""
"s07_normal_mean_m40-0200",TRUE,TRUE,TRUE,1,3,""
"s07_normal_mean_m40-0201",TRUE,TRUE,TRUE,1,3,""
"s07_normal_mean_m40-0202",TRUE,TRUE,TRUE,1,3,""
"s07_normal_mean_m40-0203",TRUE,TRUE,TRUE,1,3,""
"s07_normal_mean_m40-0204",TRUE,TRUE,TRUE,1,3,""
"s07_normal_mean_m40-0205",TRUE,TRUE,TRUE,1,3,""
"s07_normal_mean_m40-0206",TRUE,TRUE,TRUE,1,3,""
"s07_normal_mean_m40-0207",TRUE,TRUE,TRUE,1,3,""
"s07_normal_mean_m40-0208",TRUE,TRUE,TRUE,1,3,""
"s07_normal_mean_m40-0209",TRUE,TRUE,TRUE,1,3,""
"s07_normal_mean_m40-0210",TRUE,TRUE,TRUE,1,3,""
"s07_normal_mean_m40-0211",TRUE,TRUE,TRUE,1,3,""
"s07_normal_mean_m40-0212",TRUE,TRUE,TRUE,1,3,""
"s07_normal_mean_m40-0213",TRUE,TRUE,TRUE,1,3,""
"s07_normal_mean_m40-0214",TRUE,TRUE,TRUE,1,3,""
"s07_normal_mean_m40-0215",TRUE,TRUE,TRUE,1,3,""
"s07_normal_mean_m40-0216",TRUE,TRUE,TRUE,1,3,""
"s07_normal_mean_m40-0217",TRUE,TRUE,TRUE,1,3,""
"s07_normal_mean_m40-0218",TRUE,TRUE,TRUE,1,3,""
"s07_normal_mean_m40-0219",TRUE,TRUE,TRUE,1,3,""
"s07_normal_mean_m40-0220",TRUE,TRUE,TRUE,1,3,""
"s07_normal_mean_m40-0221",TRUE,TRUE,TRUE,1,3,""
"s07_normal_mean_m40-0222",TRUE,TRUE,TRUE,1,3,""
"s07_normal_mean_m40-0223",TRUE,TRUE,TRUE,1,3,""
"s07_normal_mean_m40-0224",TRUE,TRUE,TRUE,1,3,""
"s07_normal_mean_m40-0225",TRUE,TRUE,TRUE,1,3,""
"s07_normal_mean_m40-0226",TRUE,TRUE,TRUE,1,3,""
"s07_normal_mean_m40-0227",TRUE,TRUE,TRUE,1,3,""
"s07_normal_mean_m40-0228",TRUE,TRUE,TRUE,1,3,""
"s07_normal_mean_m40-0229",TRUE,TRUE,TRUE,1,3,""
"s07_normal_mean_m40-0230",TRUE,TRUE,TRUE,1,3,""
"s07_normal_mean_m40-0231",TRUE,TRUE,TRUE,1,3,""
"s07_normal_mean_m40-0232",TRUE,TRUE,TRUE,1,3,""
"s07_normal_mean_m40-0233",TRUE,TRUE,TRUE,1,3,""
"s07_normal_mean_m40-0234",TRUE,TRUE,TRUE,1,3,""
"s07_normal_mean_m40-0235",TRUE,TRUE,TRUE,1,3,""
"s07_normal_mean_m40-0236",TRUE,TRUE,TRUE,1,3,""
"s07_normal_mean_m40-0237",TRUE,TRUE,TRUE,1,3,""
"s07_normal_mean_m40-0238",TRUE,TRUE,TRUE,1,3,""
"s07_normal_mean_m40-0239",TRUE,TRUE,TRUE,1,3,""
"s07_normal_mean_m40-0240",TRUE,TRUE,TRUE,1,3,""
"s07_normal_mean_m40-0241",TRUE,TRUE,TRUE,1,3,""
"s07_normal_mean_m40-0242",TRUE,TRUE,TRUE,1,3,""
"s07_normal_mean_m40-0243",TRUE,TRUE,TRUE,1,3,""
"s07_normal_mean_m40-0244",TRUE,TRUE,TRUE,1,3,""
"s07_normal_mean_m40-0245",TRUE,TRUE,TRUE,1,3,""
"s07_normal_mean_m40-0246",TRUE,TRUE,TRUE,1,3,""
"s07_normal_mean_m40-0247",TRUE,TRUE,TRUE,1,3,""
"s07_normal_mean_m40-0248",TRUE,TRUE,TRUE,1,3,""
"s07_normal_mean_m40-0249",TRUE,TRUE,TRUE,1,3,""
"s07_normal_mean_m40-0250",TRUE,TRUE,TRUE,1,3,""
"s07_normal_mean_m40-0251",TRUE,TRUE,TRUE,1,3,""
"s07_normal_mean_m40-0252",TRUE,TRUE,TRUE,1,3,""
"s07_normal_mean_m40-0253",TRUE,TRUE,TRUE,1,3,""
"s07_normal_mean_m40-0254",TRUE,TRUE,TRUE,1,3,""
"s07_normal_mean_m40-0255",TRUE,TRUE,TRUE,1,3,""
"s07_normal_mean_m40-0256",TRUE,TRUE,TRUE,1,3,""
"s07_normal_mean_m40-0257",TRUE,TRUE,TRUE,1,3,""
"s07_normal_mean_m40-0258",TRUE,TRUE,TRUE,1,3,""
"s07_normal_mean_m40-0259",TRUE,TRUE,TRUE,1,3,""
"s07_normal_mean_m40-0260",TRUE,TRUE,TRUE,1,3,""
"s07_normal_mean_m40-0261",TRUE,TRUE,TRUE,1,3,""
"s07_normal_mean_m40-0262",TRUE,TRUE,TRUE,1,3,""
"s07_normal_mean_m40-0263",TRUE,TRUE,TRUE,1,3,""
"s07_normal_mean_m40-0264",TRUE,TRUE,TRUE,1,3,""
"s07_normal_mean_m40-0265",TRUE,TRUE,TRUE,1,3,""
"s07_normal_mean_m40-0266",TRUE,TRUE,TRUE,1,3,""
"s07_normal_mean_m40-0267",TRUE,TRUE,TRUE,1,3,""
"s07_normal_mean_m40-0268",TRUE,TRUE,TRUE,1,3,""
"s07_normal_mean_m40-0269",TRUE,TRUE,TRUE,1,3,""
"s07_normal_mean_m40-0270",TRUE,TRUE,TRUE,1,3,""
"s07_normal_mean_m40-0271",TRUE,TRUE,TRUE,1,3,""
"s07_normal_mean_m40-0272",TRUE,TRUE,TRUE,1,3,""
"s07_normal_mean_m40-0273",TRUE,TRUE,TRUE,1,3,""
"s07_normal_mean_m40-0274",TRUE,TRUE,TRUE,1,3,""
"s07_normal_mean_m40-0275",TRUE,TRUE,TRUE,1,3,""
"s07_normal_mean_m40-0276",TRUE,TRUE,TRUE,1,3,""
"s07_normal_mean_m40-0277",TRUE,TRUE,TRUE,1,3,""
"s07_normal_mean_m40-0278",TRUE,TRUE,TRUE,1,3,""
"s07_normal_mean_m40-0279",TRUE,TRUE,TRUE,1,3,""
"s07_normal_mean_m40-0280",TRUE,TRUE,TRUE,1,3,""
"s07_normal_mean_m40-0281",TRUE,TRUE,TRUE,1,3,""
"s07_normal_mean_m40-0282",TRUE,TRUE,TRUE,1,3,""
"s07_normal_mean_m40-0283",TRUE,TRUE,TRUE,1,3,""
"s07_normal_mean_m40-0284",TRUE,TRUE,TRUE,1,3,""
"s07_normal_mean_m40-0285",TRUE,TRUE,TRUE,1,3,""
"s07_normal_mean_m40-0286",TRUE,TRUE,TRUE,1,3,""
"s07_normal_mean_m40-0287",TRUE,TRUE,TRUE,1,3,""
"s07_normal_mean_m40-0288",TRUE,TRUE,TRUE,1,3,""
"s07_normal_mean_m40-0289",TRUE,TRUE,TRUE,1,3,""
"s07_normal_mean_m40-0290",TRUE,TRUE,TRUE,1,3,""
"s07_normal_mean_m40-0291",TRUE,TRUE,TRUE,1,3,""
"s07_normal_mean_m40-0292",TRUE,TRUE,TRUE,1,3,""
"s07_normal_mean_m40-0293",TRUE,TRUE,TRUE,1,3,""
"s07_normal_mean_m40-0294",TRUE,TRUE,TRUE,1,3,""
"s07_normal_mean_m40-0295",TRUE,TRUE,TRUE,1,3,""
"s07_normal_mean_m40-0296",TRUE,TRUE,TRUE,1,3,""
"s07_normal_mean_m40-0297",TRUE,TRUE,TRUE,1,3,""
"s07_normal_mean_m40-0298",TRUE,TRUE,TRUE,1,3,""
"s07_normal_mean_m40-0299",TRUE,TRUE,TRUE,1,3,""
"s07_normal_mean_m40-0300",TRUE,TRUE,TRUE,1,3,""
"s07_normal_mean_m40-0301",TRUE,TRUE,TRUE,1,3,""
"s07_normal_mean_m40-0302",TRUE,TRUE,TRUE,1,3,""
"s07_normal_mean_m40-0303",TRUE,TRUE,TRUE,1,3,""
"s07_normal_mean_m40-0304",TRUE,TRUE,TRUE,1,3,""
"s07_normal_mean_m40-0305",TRUE,TRUE,TRUE,1,3,""
"s07_normal_mean_m40-0306",TRUE,TRUE,TRUE,1,3,""
"s07_normal_mean_m40-0307",TRUE,TRUE,TRUE,1,3,""
"s07_normal_mean_m40-0308",TRUE,TRUE,TRUE,1,3,""
"s07_normal_mean_m40-0309",TRUE,TRUE,TRUE,1,3,""
"s07_normal_mean_m40-0310",TRUE,TRUE,TRUE,1,3,""
"s07_normal_mean_m40-0311",TRUE,TRUE,TRUE,1,3,""
"s07_normal_mean_m40-0312",TRUE,TRUE,TRUE,1,3,""
"s07_normal_mean_m40-0313",TRUE,TRUE,TRUE,1,3,""
"s07_normal_mean_m40-0314",TRUE,TRUE,TRUE,1,3,""
"s07_normal_mean_m40-0315",TRUE,TRUE,TRUE,1,3,""
"s07_normal_mean_m40-0316",TRUE,TRUE,TRUE,1,3,""
"s07_normal_mean_m40-0317",TRUE,TRUE,TRUE,1,3,""
"s07_normal_mean_m40-0318",TRUE,TRUE,TRUE,1,3,""
"s07_normal_mean_m40-0319",TRUE,TRUE,TRUE,1,3,""
"s07_normal_mean_m40-0320",TRUE,TRUE,TRUE,1,3,""
"s07_normal_mean_m40-0321",TRUE,TRUE,TRUE,1,3,""
"s07_normal_mean_m40-0322",TRUE,TRUE,TRUE,1,3,""
"s07_normal_mean_m40-0323",TRUE,TRUE,TRUE,1,3,""
"s07_normal_mean_m40-0324",TRUE,TRUE,TRUE,1,3,""
"s07_normal_mean_m40-0325",TRUE,TRUE,TRUE,1,3,""
"s07_normal_mean_m40-0326",TRUE,TRUE,TRUE,1,3,""
"s07_normal_mean_m40-0327",TRUE,TRUE,TRUE,1,3,""
"s07_normal_mean_m40-0328",TRUE,TRUE,TRUE,1,3,""
"s07_normal_mean_m40-0329",TRUE,TRUE,TRUE,1,3,""
"s07_normal_mean_m40-0330",TRUE,TRUE,TRUE,1,3,""
"s07_normal_mean_m40-0331",TRUE,TRUE,TRUE,1,3,""
"s07_normal_mean_m40-0332",TRUE,TRUE,TRUE,1,3,""
"s07_normal_mean_m40-0333",TRUE,TRUE,TRUE,1,3,""
"s07_normal_mean_m40-0334",TRUE,TRUE,TRUE,1,3,""
"s07_normal_mean_m40-0335",TRUE,TRUE,TRUE,1,3,""
"s07_normal_mean_m40-0336",TRUE,TRUE,TRUE,1,3,""
"s07_normal_mean_m40-0337",TRUE,TRUE,TRUE,1,3,""
"s07_normal_mean_m40-0338",TRUE,TRUE,TRUE,1,3,""
"s07_normal_mean_m40-0339",TRUE,TRUE,TRUE,1,3,""
"s07_normal_mean_m40-0340",TRUE,TRUE,TRUE,1,3,""
"s07_normal_mean_m40-0341",TRUE,TRUE,TRUE,1,3,""
"s07_normal_mean_m40-0342",TRUE,TRUE,TRUE,1,3,""
"s07_normal_mean_m40-0343",TRUE,TRUE,TRUE,1,3,""
"s07_normal_mean_m40-0344",TRUE,TRUE,TRUE,1,3,""
"s07_normal_mean_m40-0345",TRUE,TRUE,TRUE,1,3,""
"s07_normal_mean_m40-0346",TRUE,TRUE,TRUE,1,3,""
"s07_normal_mean_m40-0347",TRUE,TRUE,TRUE,1,3,""
"s07_normal_mean_m40-0348",TRUE,TRUE,TRUE,1,3,""
"s07_normal_mean_m40-0349",TRUE,TRUE,TRUE,1,3,""
"s07_normal_mean_m40-0350",TRUE,TRUE,TRUE,1,3,""
"s07_normal_mean_m40-0351",TRUE,TRUE,TRUE,1,3,""
"s07_normal_mean_m40-0352",TRUE,TRUE,TRUE,1,3,""
"s07_normal_mean_m40-0353",TRUE,TRUE,TRUE,1,3,""
"s07_normal_mean_m40-0354",TRUE,TRUE,TRUE,1,3,""
"s07_normal_mean_m40-0355",TRUE,TRUE,TRUE,1,3,""
"s07_normal_mean_m40-0356",TRUE,TRUE,TRUE,1,3,""
"s07_normal_mean_m40-0357",TRUE,TRUE,TRUE,1,3,""
"s07_normal_mean_m40-0358",TRUE,TRUE,TRUE,1,3,""
"s07_normal_mean_m40-0359",TRUE,TRUE,TRUE,1,3,""
"s07_normal_mean_m40-0360",TRUE,TRUE,TRUE,1,3,""
"s07_normal_mean_m40-0361",TRUE,TRUE,TRUE,1,3,""
"s07_normal_mean_m40-0362",TRUE,TRUE,TRUE,1,3,""
"s07_normal_mean_m40-0363",TRUE,TRUE,TRUE,1,3,""
"s07_normal_mean_m40-0364",TRUE,TRUE,TRUE,1,3,""
"s07_normal_mean_m40-0365",TRUE,TRUE,TRUE,1,3,""
"s07_normal_mean_m40-0366",TRUE,TRUE,TRUE,1,3,""
"s07_normal_mean_m40-0367",TRUE,TRUE,TRUE,1,3,""
"s07_normal_mean_m40-0368",TRUE,TRUE,TRUE,1,3,""
"s07_normal_mean_m40-0369",TRUE,TRUE,TRUE,1,3,""
"s07_normal_mean_m40-0370",TRUE,TRUE,TRUE,1,3,""
"s07_normal_mean_m40-0371",TRUE,TRUE,TRUE,1,3,""
"s07_normal_mean_m40-0372",TRUE,TRUE,TRUE,1,3,""
"s07_normal_mean_m40-0373",TRUE,TRUE,TRUE,1,3,""
"s07_normal_mean_m40-0374",TRUE,TRUE,TRUE,1,3,""
"s07_normal_mean_m40-0375",TRUE,TRUE,TRUE,1,3,""
"s07_normal_mean_m40-0376",TRUE,TRUE,TRUE,1,3,""
"s07_normal_mean_m40-0377",TRUE,TRUE,TRUE,1,3,""
"s07_normal_mean_m40-0378",TRUE,TRUE,TRUE,1,3,""
"s07_normal_mean_m40-0379",TRUE,TRUE,TRUE,1,3,""
"s07_normal_mean_m40-0380",TRUE,TRUE,TRUE,1,3,""
"s07_normal_mean_m40-0381",TRUE,TRUE,TRUE,1,3,""
"s07_normal_mean_m40-0382",TRUE,TRUE,TRUE,1,3,""
"s07_normal_mean_m40-0383",TRUE,TRUE,TRUE,1,3,""
"s07_normal_mean_m40-0384",TRUE,TRUE,TRUE,1,3,""
"s07_normal_mean_m40-0385",TRUE,TRUE,TRUE,1,3,""
"s07_normal_mean_m40-0386",TRUE,TRUE,TRUE,1,3,""
"s07_normal_mean_m40-0387",TRUE,TRUE,TRUE,1,3,""
"s07_normal_mean_m40-0388",TRUE,TRUE,TRUE,1,3,""
"s07_normal_mean_m40-0389",TRUE,TRUE,TRUE,1,3,""
"s07_normal_mean_m40-0390",TRUE,TRUE,TRUE,1,3,""
"s07_normal_mean_m40-0391",TRUE,TRUE,TRUE,1,3,""
"s07_normal_mean_m40-0392",TRUE,TRUE,TRUE,1,3,""
"s07_normal_mean_m40-0393",TRUE,TRUE,TRUE,1,3,""
"s07_normal_mean_m40-0394",TRUE,TRUE,TRUE,1,3,""
"s07_normal_mean_m40-0395",TRUE,TRUE,TRUE,1,3,""
"s07_normal_mean_m40-0396",TRUE,TRUE,TRUE,1,3,""
"s07_normal_mean_m40-0397",TRUE,TRUE,TRUE,1,3,""
"s07_normal_mean_m40-0398",TRUE,TRUE,TRUE,1,3,""
"s07_normal_mean_m40-0399",TRUE,TRUE,TRUE,1,3,""
"s07_normal_mean_m40-0400",TRUE,TRUE,TRUE,1,3,""
"s07_normal_mean_m40-0401",TRUE,TRUE,TRUE,1,3,""
"s07_normal_mean_m40-0402",TRUE,TRUE,TRUE,1,3,""
"s07_normal_mean_m40-0403",TRUE,TRUE,TRUE,1,3,""
"s07_normal_mean_m40-0404",TRUE,TRUE,TRUE,1,3,""
"s07_normal_mean_m40-0405",TRUE,TRUE,TRUE,1,3,""
"s07_normal_mean_m40-0406",TRUE,TRUE,TRUE,1,3,""
"s07_normal_mean_m40-0407",TRUE,TRUE,TRUE,1,3,""
"s07_normal_mean_m40-0408",TRUE,TRUE,TRUE,1,3,""
"s07_normal_mean_m40-0409",TRUE,TRUE,TRUE,1,3,""
"s07_normal_mean_m40-0410",TRUE,TRUE,TRUE,1,3,""
"s07_normal_mean_m40-0411",TRUE,TRUE,TRUE,1,3,""
"s07_normal_mean_m40-0412",TRUE,TRUE,TRUE,1,3,""
"s07_normal_mean_m40-0413",TRUE,TRUE,TRUE,1,3,""
"s07_normal_mean_m40-0414",TRUE,TRUE,TRUE,1,3,""
"s07_normal_mean_m40-0415",TRUE,TRUE,TRUE,1,3,""
"s07_normal_mean_m40-0416",TRUE,TRUE,TRUE,1,3,""
"s07_normal_mean_m40-0417",TRUE,TRUE,TRUE,1,3,""
"s07_normal_mean_m40-0418",TRUE,TRUE,TRUE,1,3,""
"s07_normal_mean_m40-0419",TRUE,TRUE,TRUE,1,3,""
"s07_normal_mean_m40-0420",TRUE,TRUE,TRUE,1,3,""
"s07_normal_mean_m40-0421",TRUE,TRUE,TRUE,1,3,""
"s07_normal_mean_m40-0422",TRUE,TRUE,TRUE,1,3,""
"s07_normal_mean_m40-0423",TRUE,TRUE,TRUE,1,3,""
"s07_normal_mean_m40-0424",TRUE,TRUE,TRUE,1,3,""
"s07_normal_mean_m40-0425",TRUE,TRUE,TRUE,1,3,""
"s07_normal_mean_m40-0426",TRUE,TRUE,TRUE,1,3,""
"s07_normal_mean_m40-0427",TRUE,TRUE,TRUE,1,3,""
"s07_normal_mean_m40-0428",TRUE,TRUE,TRUE,1,3,""
"s07_normal_mean_m40-0429",TRUE,TRUE,TRUE,1,3,""
"s07_normal_mean_m40-0430",TRUE,TRUE,TRUE,1,3,""
"s07_normal_mean_m40-0431",TRUE,TRUE,TRUE,1,3,""
"s07_normal_mean_m40-0432",TRUE,TRUE,TRUE,1,3,""
"s07_normal_mean_m40-0433",TRUE,TRUE,TRUE,1,3,""
"s07_normal_mean_m40-0434",TRUE,TRUE,TRUE,1,3,""
"s07_normal_mean_m40-0435",TRUE,TRUE,TRUE,1,3,""
"s07_normal_mean_m40-0436",TRUE,TRUE,TRUE,1,3,""
"s07_normal_mean_m40-0437",TRUE,TRUE,TRUE,1,3,""
"s07_normal_mean_m40-0438",TRUE,TRUE,TRUE,1,3,""
"s07_normal_mean_m40-0439",TRUE,TRUE,TRUE,1,3,""
"s07_normal_mean_m40-0440",TRUE,TRUE,TRUE,1,3,""
"s07_normal_mean_m40-0441",TRUE,TRUE,TRUE,1,3,""
"s07_normal_mean_m40-0442",TRUE,TRUE,TRUE,1,3,""
"s07_normal_mean_m40-0443",TRUE,TRUE,TRUE,1,3,""
"s07_normal_mean_m40-0444",TRUE,TRUE,TRUE,1,3,""
"s07_normal_mean_m40-0445",TRUE,TRUE,TRUE,1,3,""
"s07_normal_mean_m40-0446",TRUE,TRUE,TRUE,1,3,""
"s07_normal_mean_m40-0447",TRUE,TRUE,TRUE,1,3,""
"s07_normal_mean_m40-0448",TRUE,TRUE,TRUE,1,3,""
"s07_normal_mean_m40-0449",TRUE,TRUE,TRUE,1,3,""
"s07_normal_mean_m40-0450",TRUE,TRUE,TRUE,1,3,""
"s07_normal_mean_m40-0451",TRUE,TRUE,TRUE,1,3,""
"s07_normal_mean_m40-0452",TRUE,TRUE,TRUE,1,3,""
"s07_normal_mean_m40-0453",TRUE,TRUE,TRUE,1,3,""
"s07_normal_mean_m40-0454",TRUE,TRUE,TRUE,1,3,""
"s07_normal_mean_m40-0455",TRUE,TRUE,TRUE,1,3,""
"s07_normal_mean_m40-0456",TRUE,TRUE,TRUE,1,3,""
"s07_normal_mean_m40-0457",TRUE,TRUE,TRUE,1,3,""
"s07_normal_mean_m40-0458",TRUE,TRUE,TRUE,1,3,""
"s07_normal_mean_m40-0459",TRUE,TRUE,TRUE,1,3,""
"s07_normal_mean_m40-0460",TRUE,TRUE,TRUE,1,3,""
"s07_normal_mean_m40-0461",TRUE,TRUE,TRUE,1,3,""
"s07_normal_mean_m40-0462",TRUE,TRUE,TRUE,1,3,""
"s07_normal_mean_m40-0463",TRUE,TRUE,TRUE,1,3,""
"s07_normal_mean_m40-0464",TRUE,TRUE,TRUE,1,3,""
"s07_normal_mean_m40-0465",TRUE,TRUE,TRUE,1,3,""
"s07_normal_mean_m40-0466",TRUE,TRUE,TRUE,1,3,""
"s07_normal_mean_m40-0467",TRUE,TRUE,TRUE,1,3,""
"s07_normal_mean_m40-0468",TRUE,TRUE,TRUE,1,3,""
"s07_normal_mean_m40-0469",TRUE,TRUE,TRUE,1,3,""
"s07_normal_mean_m40-0470",TRUE,TRUE,TRUE,1,3,""
"s07_normal_mean_m40-0471",TRUE,TRUE,TRUE,1,3,""
"s07_normal_mean_m40-0472",TRUE,TRUE,TRUE,1,3,""
"s07_normal_mean_m40-0473",TRUE,TRUE,TRUE,1,3,""
"s07_normal_mean_m40-0474",TRUE,TRUE,TRUE,1,3,""
"s07_normal_mean_m40-0475",TRUE,TRUE,TRUE,1,3,""
"s07_normal_mean_m40-0476",TRUE,TRUE,TRUE,1,3,""
"s07_normal_mean_m40-0477",TRUE,TRUE,TRUE,1,3,""
"s07_normal_mean_m40-0478",TRUE,TRUE,TRUE,1,3,""
"s07_normal_mean_m40-0479",TRUE,TRUE,TRUE,1,3,""
"s07_normal_mean_m40-0480",TRUE,TRUE,TRUE,1,3,""
"s07_normal_mean_m40-0481",TRUE,TRUE,TRUE,1,3,""
"s07_normal_mean_m40-0482",TRUE,TRUE,TRUE,1,3,""
"s07_normal_mean_m40-0483",TRUE,TRUE,TRUE,1,3,""
"s07_normal_mean_m40-0484",TRUE,TRUE,TRUE,1,3,""
"s07_normal_mean_m40-0485",TRUE,TRUE,TRUE,1,3,""
"s07_normal_mean_m40-0486",TRUE,TRUE,TRUE,1,3,""
"s07_normal_mean_m40-0487",TRUE,TRUE,TRUE,1,3,""
"s07_normal_mean_m40-0488",TRUE,TRUE,TRUE,1,3,""
"s07_normal_mean_m40-0489",TRUE,TRUE,TRUE,1,3,""
"s07_normal_mean_m40-0490",TRUE,TRUE,TRUE,1,3,""
"s07_normal_mean_m40-0491",TRUE,TRUE,TRUE,1,3,""
"s07_normal_mean_m40-0492",TRUE,TRUE,TRUE,1,3,""
"s07_normal_mean_m40-0493",TRUE,TRUE,TRUE,1,3,""
"s07_normal_mean_m40-0494",TRUE,TRUE,TRUE,1,3,""
"s07_normal_mean_m40-0495",TRUE,TRUE,TRUE,1,3,""
"s07_normal_mean_m40-0496",TRUE,TRUE,TRUE,1,3,""
"s07_normal_mean_m40-0497",TRUE,TRUE,TRUE,1,3,""
"s07_normal_mean_m40-0498",TRUE,TRUE,TRUE,1,3,""
"s07_normal_mean_m40-0499",TRUE,TRUE,TRUE,1,3,""
"s07_normal_mean_m40-0500",TRUE,TRUE,TRUE,1,3,""
"s07_normal_mean_m40-0501",TRUE,TRUE,TRUE,1,3,""
"s07_normal_mean_m40-0502",TRUE,TRUE,TRUE,1,3,""
"s07_normal_mean_m40-0503",TRUE,TRUE,TRUE,1,3,""
"s07_normal_mean_m40-0504",TRUE,TRUE,TRUE,1,3,""
"s07_normal_mean_m40-0505",TRUE,TRUE,TRUE,1,3,""
"s07_normal_mean_m40-0506",TRUE,TRUE,TRUE,1,3,""
"s07_normal_mean_m40-0507",TRUE,TRUE,TRUE,1,3,""
"s07_normal_mean_m40-0508",TRUE,TRUE,TRUE,1,3,""
"s07_normal_mean_m40-0509",TRUE,TRUE,TRUE,1,3,""
"s07_normal_mean_m40-0510",TRUE,TRUE,TRUE,1,3,""
"s07_normal_mean_m40-0511",TRUE,TRUE,TRUE,1,3,""
"s07_normal_mean_m40-0512",TRUE,TRUE,TRUE,1,3,""
"s07_normal_mean_m40-0513",TRUE,TRUE,TRUE,1,3,""
"s07_normal_mean_m40-0514",TRUE,TRUE,TRUE,1,3,""
"s07_normal_mean_m40-0515",TRUE,TRUE,TRUE,1,3,""
"s07_normal_mean_m40-0516",TRUE,TRUE,TRUE,1,3,""
"s07_normal_mean_m40-0517",TRUE,TRUE,TRUE,1,3,""
"s07_normal_mean_m40-0518",TRUE,TRUE,TRUE,1,3,""
"s07_normal_mean_m40-0519",TRUE,TRUE,TRUE,1,3,""
"s07_normal_mean_m40-0520",TRUE,TRUE,TRUE,1,3,""
"s07_normal_mean_m40-0521",TRUE,TRUE,TRUE,1,3,""
"s07_normal_mean_m40-0522",TRUE,TRUE,TRUE,1,3,""
"s07_normal_mean_m40-0523",TRUE,TRUE,TRUE,1,3,""
"s07_normal_mean_m40-0524",TRUE,TRUE,TRUE,1,3,""
"s07_normal_mean_m40-0525",TRUE,TRUE,TRUE,1,3,""
"s07_normal_mean_m40-0526",TRUE,TRUE,TRUE,1,3,""
"s07_normal_mean_m40-0527",TRUE,TRUE,TRUE,1,3,""
"s07_normal_mean_m40-0528",TRUE,TRUE,TRUE,1,3,""
"s07_normal_mean_m40-0529",TRUE,TRUE,TRUE,1,3,""
"s07_normal_mean_m40-0530",TRUE,TRUE,TRUE,1,3,""
"s07_normal_mean_m40-0531",TRUE,TRUE,TRUE,1,3,""
"s07_normal_mean_m40-0532",TRUE,TRUE,TRUE,1,3,""
"s07_normal_mean_m40-0533",TRUE,TRUE,TRUE,1,3,""
"s07_normal_mean_m40-0534",TRUE,TRUE,TRUE,1,3,""
"s07_normal_mean_m40-0535",TRUE,TRUE,TRUE,1,3,""
"s07_normal_mean_m40-0536",TRUE,TRUE,TRUE,1,3,""
"s07_normal_mean_m40-0537",TRUE,TRUE,TRUE,1,3,""
"s07_normal_mean_m40-0538",TRUE,TRUE,TRUE,1,3,""
"s07_normal_mean_m40-0539",TRUE,TRUE,TRUE,1,3,""
"s07_normal_mean_m40-0540",TRUE,TRUE,TRUE,1,3,""
"s07_normal_mean_m40-0541",TRUE,TRUE,TRUE,1,3,""
"s07_normal_mean_m40-0542",TRUE,TRUE,TRUE,1,3,""
"s07_normal_mean_m40-0543",TRUE,TRUE,TRUE,1,3,""
"s07_normal_mean_m40-0544",TRUE,TRUE,TRUE,1,3,""
"s07_normal_mean_m40-0545",TRUE,TRUE,TRUE,1,3,""
"s07_normal_mean_m40-0546",TRUE,TRUE,TRUE,1,3,""
"s07_normal_mean_m40-0547",TRUE,TRUE,TRUE,1,3,""
"s07_normal_mean_m40-0548",TRUE,TRUE,TRUE,1,3,""
"s07_normal_mean_m40-0549",TRUE,TRUE,TRUE,1,3,""
"s07_normal_mean_m40-0550",TRUE,TRUE,TRUE,1,3,""
"s07_normal_mean_m40-0551",TRUE,TRUE,TRUE,1,3,""
"s07_normal_mean_m40-0552",TRUE,TRUE,TRUE,1,3,""
"s07_normal_mean_m40-0553",TRUE,TRUE,TRUE,1,3,""
"s07_normal_mean_m40-0554",TRUE,TRUE,TRUE,1,3,""
"s07_normal_mean_m40-0555",TRUE,TRUE,TRUE,1,3,""
"s07_normal_mean_m40-0556",TRUE,TRUE,TRUE,1,3,""
"s07_normal_mean_m40-0557",TRUE,TRUE,TRUE,1,3,""
"s07_normal_mean_m40-0558",TRUE,TRUE,TRUE,1,3,""
"s07_normal_mean_m40-0559",TRUE,TRUE,TRUE,1,3,""
"s07_normal_mean_m40-0560",TRUE,TRUE,TRUE,1,3,""
"s07_normal_mean_m40-0561",TRUE,TRUE,TRUE,1,3,""
"s07_normal_mean_m40-0562",TRUE,TRUE,TRUE,1,3,""
"s07_normal_mean_m40-0563",TRUE,TRUE,TRUE,1,3,""
"s07_normal_mean_m40-0564",TRUE,TRUE,TRUE,1,3,""
"s07_normal_mean_m40-0565",TRUE,TRUE,TRUE,1,3,""
"s07_normal_mean_m40-0566",TRUE,TRUE,TRUE,1,3,""
"s07_normal_mean_m40-0567",TRUE,TRUE,TRUE,1,3,""
"s07_normal_mean_m40-0568",TRUE,TRUE,TRUE,1,3,""
"s07_normal_mean_m40-0569",TRUE,TRUE,TRUE,1,3,""
"s07_normal_mean_m40-0570",TRUE,TRUE,TRUE,1,3,""
"s07_normal_mean_m40-0571",TRUE,TRUE,TRUE,1,3,""
"s07_normal_mean_m40-0572",TRUE,TRUE,TRUE,1,3,""
"s07_normal_mean_m40-0573",TRUE,TRUE,TRUE,1,3,""
"s07_normal_mean_m40-0574",TRUE,TRUE,TRUE,1,3,""
"s07_normal_mean_m40-0575",TRUE,TRUE,TRUE,1,3,""
"s07_normal_mean_m40-0576",TRUE,TRUE,TRUE,1,3,""
"s07_normal_mean_m40-0577",TRUE,TRUE,TRUE,1,3,""
"s07_normal_mean_m40-0578",TRUE,TRUE,TRUE,1,3,""
"s07_normal_mean_m40-0579",TRUE,TRUE,TRUE,1,3,""
"s07_normal_mean_m40-0580",TRUE,TRUE,TRUE,1,3,""
"s07_normal_mean_m40-0581",TRUE,TRUE,TRUE,1,3,""
"s07_normal_mean_m40-0582",TRUE,TRUE,TRUE,1,3,""
"s07_normal_mean_m40-0583",TRUE,TRUE,TRUE,1,3,""
"s07_normal_mean_m40-0584",TRUE,TRUE,TRUE,1,3,""
"s07_normal_mean_m40-0585",TRUE,TRUE,TRUE,1,3,""
"s07_normal_mean_m40-0586",TRUE,TRUE,TRUE,1,3,""
"s07_normal_mean_m40-0587",TRUE,TRUE,TRUE,1,3,""
"s07_normal_mean_m40-0588",TRUE,TRUE,TRUE,1,3,""
"s07_normal_mean_m40-0589",TRUE,TRUE,TRUE,1,3,""
"s07_normal_mean_m40-0590",TRUE,TRUE,TRUE,1,3,""
"s07_normal_mean_m40-0591",TRUE,TRUE,TRUE,1,3,""
"s07_normal_mean_m40-0592",TRUE,TRUE,TRUE,1,3,""
"s07_normal_mean_m40-0593",TRUE,TRUE,TRUE,1,3,""
"s07_normal_mean_m40-0594",TRUE,TRUE,TRUE,1,3,""
"s07_normal_mean_m40-0595",TRUE,TRUE,TRUE,1,3,""
"s07_normal_mean_m40-0596",TRUE,TRUE,TRUE,1,3,""
"s07_normal_mean_m40-0597",TRUE,TRUE,TRUE,1,3,""
"s07_normal_mean_m40-0598",TRUE,TRUE,TRUE,1,3,""
"s07_normal_mean_m40-0599",TRUE,TRUE,TRUE,1,3,""
"s07_normal_mean_m40-0600",TRUE,TRUE,TRUE,1,3,""
"s07_normal_mean_m40-0601",TRUE,TRUE,TRUE,1,3,""
"s07_normal_mean_m40-0602",TRUE,TRUE,TRUE,1,3,""
"s07_normal_mean_m40-0603",TRUE,TRUE,TRUE,1,3,""
"s07_normal_mean_m40-0604",TRUE,TRUE,TRUE,1,3,""
"s07_normal_mean_m40-0605",TRUE,TRUE,TRUE,1,3,""
"s07_normal_mean_m40-0606",TRUE,TRUE,TRUE,1,3,""
"s07_normal_mean_m40-0607",TRUE,TRUE,TRUE,1,3,""
"s07_normal_mean_m40-0608",TRUE,TRUE,TRUE,1,3,""
"s07_normal_mean_m40-0609",TRUE,TRUE,TRUE,1,3,""
"s07_normal_mean_m40-0610",TRUE,TRUE,TRUE,1,3,""
"s07_normal_mean_m40-0611",TRUE,TRUE,TRUE,1,3,""
"s07_normal_mean_m40-0612",TRUE,TRUE,TRUE,1,3,""
"s07_normal_mean_m40-0613",TRUE,TRUE,TRUE,1,3,""
"s07_normal_mean_m40-0614",TRUE,TRUE,TRUE,1,3,""
"s07_normal_mean_m40-0615",TRUE,TRUE,TRUE,1,3,""
"s07_normal_mean_m40-0616",TRUE,TRUE,TRUE,1,3,""
"s07_normal_mean_m40-0617",TRUE,TRUE,TRUE,1,3,""
"s07_normal_mean_m40-0618",TRUE,TRUE,TRUE,1,3,""
"s07_normal_mean_m40-0619",TRUE,TRUE,TRUE,1,3,""
"s07_normal_mean_m40-0620",TRUE,TRUE,TRUE,1,3,""
"s07_normal_mean_m40-0621",TRUE,TRUE,TRUE,1,3,""
"s07_normal_mean_m40-0622",TRUE,TRUE,TRUE,1,3,""
"s07_normal_mean_m40-0623",TRUE,TRUE,TRUE,1,3,""
"s07_normal_mean_m40-0624",TRUE,TRUE,TRUE,1,3,""
"s07_normal_mean_m40-0625",TRUE,TRUE,TRUE,1,3,""
"s07_normal_mean_m40-0626",TRUE,TRUE,TRUE,1,3,""
"s07_normal_mean_m40-0627",TRUE,TRUE,TRUE,1,3,""
"s07_normal_mean_m40-0628",TRUE,TRUE,TRUE,1,3,""
"s07_normal_mean_m40-0629",TRUE,TRUE,TRUE,1,3,""
"s07_normal_mean_m40-0630",TRUE,TRUE,TRUE,1,3,""
"s07_normal_mean_m40-0631",TRUE,TRUE,TRUE,1,3,""
"s07_normal_mean_m40-0632",TRUE,TRUE,TRUE,1,3,""
"s07_normal_mean_m40-0633",TRUE,TRUE,TRUE,1,3,""
"s07_normal_mean_m40-0634",TRUE,TRUE,TRUE,1,3,""
"s07_normal_mean_m40-0635",TRUE,TRUE,TRUE,1,3,""
"s07_normal_mean_m40-0636",TRUE,TRUE,TRUE,1,3,""
"s07_normal_mean_m40-0637",TRUE,TRUE,TRUE,1,3,""
"s07_normal_mean_m40-0638",TRUE,TRUE,TRUE,1,3,""
"s07_normal_mean_m40-0639",TRUE,TRUE,TRUE,1,3,""
"s07_normal_mean_m40-0640",TRUE,TRUE,TRUE,1,3,""
"s07_normal_mean_m40-0641",TRUE,TRUE,TRUE,1,3,""
"s07_normal_mean_m40-0642",TRUE,TRUE,TRUE,1,3,""
"s07_normal_mean_m40-0643",TRUE,TRUE,TRUE,1,3,""
"s07_normal_mean_m40-0644",TRUE,TRUE,TRUE,1,3,""
"s07_normal_mean_m40-0645",TRUE,TRUE,TRUE,1,3,""
"s07_normal_mean_m40-0646",TRUE,TRUE,TRUE,1,3,""
"s07_normal_mean_m40-0647",TRUE,TRUE,TRUE,1,3,""
"s07_normal_mean_m40-0648",TRUE,TRUE,TRUE,1,3,""
"s07_normal_mean_m40-0649",TRUE,TRUE,TRUE,1,3,""
"s07_normal_mean_m40-0650",TRUE,TRUE,TRUE,1,3,""
"s07_normal_mean_m40-0651",TRUE,TRUE,TRUE,1,3,""
"s07_normal_mean_m40-0652",TRUE,TRUE,TRUE,1,3,""
"s07_normal_mean_m40-0653",TRUE,TRUE,TRUE,1,3,""
"s07_normal_mean_m40-0654",TRUE,TRUE,TRUE,1,3,""
"s07_normal_mean_m40-0655",TRUE,TRUE,TRUE,1,3,""
"s07_normal_mean_m40-0656",TRUE,TRUE,TRUE,1,3,""
"s07_normal_mean_m40-0657",TRUE,TRUE,TRUE,1,3,""
"s07_normal_mean_m40-0658",TRUE,TRUE,TRUE,1,3,""
"s07_normal_mean_m40-0659",TRUE,TRUE,TRUE,1,3,""
"s07_normal_mean_m40-0660",TRUE,TRUE,TRUE,1,3,""
"s07_normal_mean_m40-0661",TRUE,TRUE,TRUE,1,3,""
"s07_normal_mean_m40-0662",TRUE,TRUE,TRUE,1,3,""
"s07_normal_mean_m40-0663",TRUE,TRUE,TRUE,1,3,""
"s07_normal_mean_m40-0664",TRUE,TRUE,TRUE,1,3,""
"s07_normal_mean_m40-0665",TRUE,TRUE,TRUE,1,3,""
"s07_normal_mean_m40-0666",TRUE,TRUE,TRUE,1,3,""
"s07_normal_mean_m40-0667",TRUE,TRUE,TRUE,1,3,""
"s07_normal_mean_m40-0668",TRUE,TRUE,TRUE,1,3,""
"s07_normal_mean_m40-0669",TRUE,TRUE,TRUE,1,3,""
"s07_normal_mean_m40-0670",TRUE,TRUE,TRUE,1,3,""
"s07_normal_mean_m40-0671",TRUE,TRUE,TRUE,1,3,""
"s07_normal_mean_m40-0672",TRUE,TRUE,TRUE,1,3,""
"s07_normal_mean_m40-0673",TRUE,TRUE,TRUE,1,3,""
"s07_normal_mean_m40-0674",TRUE,TRUE,TRUE,1,3,""
"s07_normal_mean_m40-0675",TRUE,TRUE,TRUE,1,3,""
"s07_normal_mean_m40-0676",TRUE,TRUE,TRUE,1,3,""
"s07_normal_mean_m40-0677",TRUE,TRUE,TRUE,1,3,""
"s07_normal_mean_m40-0678",TRUE,TRUE,TRUE,1,3,""
"s07_normal_mean_m40-0679",TRUE,TRUE,TRUE,1,3,""
"s07_normal_mean_m40-0680",TRUE,TRUE,TRUE,1,3,""
"s07_normal_mean_m40-0681",TRUE,TRUE,TRUE,1,3,""
"s07_normal_mean_m40-0682",TRUE,TRUE,TRUE,1,3,""
"s07_normal_mean_m40-0683",TRUE,TRUE,TRUE,1,3,""
"s07_normal_mean_m40-0684",TRUE,TRUE,TRUE,1,3,""
"s07_normal_mean_m40-0685",TRUE,TRUE,TRUE,1,3,""
"s07_normal_mean_m40-0686",TRUE,TRUE,TRUE,1,3,""
"s07_normal_mean_m40-0687",TRUE,TRUE,TRUE,1,3,""
"s07_normal_mean_m40-0688",TRUE,TRUE,TRUE,1,3,""
"s07_normal_mean_m40-0689",TRUE,TRUE,TRUE,1,3,""
"s07_normal_mean_m40-0690",TRUE,TRUE,TRUE,1,3,""
"s07_normal_mean_m40-0691",TRUE,TRUE,TRUE,1,3,""
"s07_normal_mean_m40-0692",TRUE,TRUE,TRUE,1,3,""
"s07_normal_mean_m40-0693",TRUE,TRUE,TRUE,1,3,""
"s07_normal_mean_m40-0694",TRUE,TRUE,TRUE,1,3,""
"s07_normal_mean_m40-0695",TRUE,TRUE,TRUE,1,3,""
"s07_normal_mean_m40-0696",TRUE,TRUE,TRUE,1,3,""
"s07_normal_mean_m40-0697",TRUE,TRUE,TRUE,1,3,""
"s07_normal_mean_m40-0698",TRUE,TRUE,TRUE,1,3,""
"s07_normal_mean_m40-0699",TRUE,TRUE,TRUE,1,3,""
"s07_normal_mean_m40-0700",TRUE,TRUE,TRUE,1,3,""
"s07_normal_mean_m40-0701",TRUE,TRUE,TRUE,1,3,""
"s07_normal_mean_m40-0702",TRUE,TRUE,TRUE,1,3,""
"s07_normal_mean_m40-0703",TRUE,TRUE,TRUE,1,3,""
"s07_normal_mean_m40-0704",TRUE,TRUE,TRUE,1,3,""
"s07_normal_mean_m40-0705",TRUE,TRUE,TRUE,1,3,""
"s07_normal_mean_m40-0706",TRUE,TRUE,TRUE,1,3,""
"s07_normal_mean_m40-0707",TRUE,TRUE,TRUE,1,3,""
"s07_normal_mean_m40-0708",TRUE,TRUE,TRUE,1,3,""
"s07_normal_mean_m40-0709",TRUE,TRUE,TRUE,1,3,""
"s07_normal_mean_m40-0710",TRUE,TRUE,TRUE,1,3,""
"s07_normal_mean_m40-0711",TRUE,TRUE,TRUE,1,3,""
"s07_normal_mean_m40-0712",TRUE,TRUE,TRUE,1,3,""
"s07_normal_mean_m40-0713",TRUE,TRUE,TRUE,1,3,""
"s07_normal_mean_m40-0714",TRUE,TRUE,TRUE,1,3,""
"s07_normal_mean_m40-0715",TRUE,TRUE,TRUE,1,3,""
"s07_normal_mean_m40-0716",TRUE,TRUE,TRUE,1,3,""
"s07_normal_mean_m40-0717",TRUE,TRUE,TRUE,1,3,""
"s07_normal_mean_m40-0718",TRUE,TRUE,TRUE,1,3,""
"s07_normal_mean_m40-0719",TRUE,TRUE,TRUE,1,3,""
"s07_normal_mean_m40-0720",TRUE,TRUE,TRUE,1,3,""
"s07_normal_mean_m40-0721",TRUE,TRUE,TRUE,1,3,""
"s07_normal_mean_m40-0722",TRUE,TRUE,TRUE,1,3,""
"s07_normal_mean_m40-0723",TRUE,TRUE,TRUE,1,3,""
"s07_normal_mean_m40-0724",TRUE,TRUE,TRUE,1,3,""
"s07_normal_mean_m40-0725",TRUE,TRUE,TRUE,1,3,""
"s07_normal_mean_m40-0726",TRUE,TRUE,TRUE,1,3,""
"s07_normal_mean_m40-0727",TRUE,TRUE,TRUE,1,3,""
"s07_normal_mean_m40-0728",TRUE,TRUE,TRUE,1,3,""
"s07_normal_mean_m40-0729",TRUE,TRUE,TRUE,1,3,""
"s07_normal_mean_m40-0730",TRUE,TRUE,TRUE,1,3,""
"s07_normal_mean_m40-0731",TRUE,TRUE,TRUE,1,3,""
"s07_normal_mean_m40-0732",TRUE,TRUE,TRUE,1,3,""
"s07_normal_mean_m40-0733",TRUE,TRUE,TRUE,1,3,""
"s07_normal_mean_m40-0734",TRUE,TRUE,TRUE,1,3,""
"s07_normal_mean_m40-0735",TRUE,TRUE,TRUE,1,3,""
"s07_normal_mean_m40-0736",TRUE,TRUE,TRUE,1,3,""
"s07_normal_mean_m40-0737",TRUE,TRUE,TRUE,1,3,""
"s07_normal_mean_m40-0738",TRUE,TRUE,TRUE,1,3,""
"s07_normal_mean_m40-0739",TRUE,TRUE,TRUE,1,3,""
"s07_normal_mean_m40-0740",TRUE,TRUE,TRUE,1,3,""
"s07_normal_mean_m40-0741",TRUE,TRUE,TRUE,1,3,""
"s07_normal_mean_m40-0742",TRUE,TRUE,TRUE,1,3,""
"s07_normal_mean_m40-0743",TRUE,TRUE,TRUE,1,3,""
"s07_normal_mean_m40-0744",TRUE,TRUE,TRUE,1,3,""
"s07_normal_mean_m40-0745",TRUE,TRUE,TRUE,1,3,""
"s07_normal_mean_m40-0746",TRUE,TRUE,TRUE,1,3,""
"s07_normal_mean_m40-0747",TRUE,TRUE,TRUE,1,3,""
"s07_normal_mean_m40-0748",TRUE,TRUE,TRUE,1,3,""
"s07_normal_mean_m40-0749",TRUE,TRUE,TRUE,1,3,""
"s07_normal_mean_m40-0750",TRUE,TRUE,TRUE,1,3,""
"s07_normal_mean_m40-0751",TRUE,TRUE,TRUE,1,3,""
"s07_normal_mean_m40-0752",TRUE,TRUE,TRUE,1,3,""
"s07_normal_mean_m40-0753",TRUE,TRUE,TRUE,1,3,""
"s07_normal_mean_m40-0754",TRUE,TRUE,TRUE,1,3,""
"s07_normal_mean_m40-0755",TRUE,TRUE,TRUE,1,3,""
"s07_normal_mean_m40-0756",TRUE,TRUE,TRUE,1,3,""
"s07_normal_mean_m40-0757",TRUE,TRUE,TRUE,1,3,""
"s07_normal_mean_m40-0758",TRUE,TRUE,TRUE,1,3,""
"s07_normal_mean_m40-0759",TRUE,TRUE,TRUE,1,3,""
"s07_normal_mean_m40-0760",TRUE,TRUE,TRUE,1,3,""
"s07_normal_mean_m40-0761",TRUE,TRUE,TRUE,1,3,""
"s07_normal_mean_m40-0762",TRUE,TRUE,TRUE,1,3,""
"s07_normal_mean_m40-0763",TRUE,TRUE,TRUE,1,3,""
"s07_normal_mean_m40-0764",TRUE,TRUE,TRUE,1,3,""
"s07_normal_mean_m40-0765",TRUE,TRUE,TRUE,1,3,""
"s07_normal_mean_m40-0766",TRUE,TRUE,TRUE,1,3,""
"s07_normal_mean_m40-0767",TRUE,TRUE,TRUE,1,3,""
"s07_normal_mean_m40-0768",TRUE,TRUE,TRUE,1,3,""
"s07_normal_mean_m40-0769",TRUE,TRUE,TRUE,1,3,""
"s07_normal_mean_m40-0770",TRUE,TRUE,TRUE,1,3,""
"s07_normal_mean_m40-0771",TRUE,TRUE,TRUE,1,3,""
"s07_normal_mean_m40-0772",TRUE,TRUE,TRUE,1,3,""
"s07_normal_mean_m40-0773",TRUE,TRUE,TRUE,1,3,""
"s07_normal_mean_m40-0774",TRUE,TRUE,TRUE,1,3,""
"s07_normal_mean_m40-0775",TRUE,TRUE,TRUE,1,3,""
"s07_normal_mean_m40-0776",TRUE,TRUE,TRUE,1,3,""
"s07_normal_mean_m40-0777",TRUE,TRUE,TRUE,1,3,""
"s07_normal_mean_m40-0778",TRUE,TRUE,TRUE,1,3,""
"s07_normal_mean_m40-0779",TRUE,TRUE,TRUE,1,3,""
"s07_normal_mean_m40-0780",TRUE,TRUE,TRUE,1,3,""
"s07_normal_mean_m40-0781",TRUE,TRUE,TRUE,1,3,""
"s07_normal_mean_m40-0782",TRUE,TRUE,TRUE,1,3,""
"s07_normal_mean_m40-0783",TRUE,TRUE,TRUE,1,3,""
"s07_normal_mean_m40-0784",TRUE,TRUE,TRUE,1,3,""
"s07_normal_mean_m40-0785",TRUE,TRUE,TRUE,1,3,""
"s07_normal_mean_m40-0786",TRUE,TRUE,TRUE,1,3,""
"s07_normal_mean_m40-0787",TRUE,TRUE,TRUE,1,3,""
"s07_normal_mean_m40-0788",TRUE,TRUE,TRUE,1,3,""
"s07_normal_mean_m40-0789",TRUE,TRUE,TRUE,1,3,""
"s07_normal_mean_m40-0790",TRUE,TRUE,TRUE,1,3,""
"s07_normal_mean_m40-0791",TRUE,TRUE,TRUE,1,3,""
"s07_normal_mean_m40-0792",TRUE,TRUE,TRUE,1,3,""
"s07_normal_mean_m40-0793",TRUE,TRUE,TRUE,1,3,""
"s07_normal_mean_m40-0794",TRUE,TRUE,TRUE,1,3,""
"s07_normal_mean_m40-0795",TRUE,TRUE,TRUE,1,3,""
"s07_normal_mean_m40-0796",TRUE,TRUE,TRUE,1,3,""
"s07_normal_mean_m40-0797",TRUE,TRUE,TRUE,1,3,""
"s07_normal_mean_m40-0798",TRUE,TRUE,TRUE,1,3,""
"s07_normal_mean_m40-0799",TRUE,TRUE,TRUE,1,3,""
"s07_normal_mean_m40-0800",TRUE,TRUE,TRUE,1,3,""
"s07_normal_mean_m40-0801",TRUE,TRUE,TRUE,1,3,""
"s07_normal_mean_m40-0802",TRUE,TRUE,TRUE,1,3,""
"s07_normal_mean_m40-0803",TRUE,TRUE,TRUE,1,3,""
"s07_normal_mean_m40-0804",TRUE,TRUE,TRUE,1,3,""
"s07_normal_mean_m40-0805",TRUE,TRUE,TRUE,1,3,""
"s07_normal_mean_m40-0806",TRUE,TRUE,TRUE,1,3,""
"s07_normal_mean_m40-0807",TRUE,TRUE,TRUE,1,3,""
"s07_normal_mean_m40-0808",TRUE,TRUE,TRUE,1,3,""
"s07_normal_mean_m40-0809",TRUE,TRUE,TRUE,1,3,""
"s07_normal_mean_m40-0810",TRUE,TRUE,TRUE,1,3,""
"s07_normal_mean_m40-0811",TRUE,TRUE,TRUE,1,3,""
"s07_normal_mean_m40-0812",TRUE,TRUE,TRUE,1,3,""
"s07_normal_mean_m40-0813",TRUE,TRUE,TRUE,1,3,""
"s07_normal_mean_m40-0814",TRUE,TRUE,TRUE,1,3,""
"s07_normal_mean_m40-0815",TRUE,TRUE,TRUE,1,3,""
"s07_normal_mean_m40-0816",TRUE,TRUE,TRUE,1,3,""
"s07_normal_mean_m40-0817",TRUE,TRUE,TRUE,1,3,""
"s07_normal_mean_m40-0818",TRUE,TRUE,TRUE,1,3,""
"s07_normal_mean_m40-0819",TRUE,TRUE,TRUE,1,3,""
"s07_normal_mean_m40-0820",TRUE,TRUE,TRUE,1,3,""
"s07_normal_mean_m40-0821",TRUE,TRUE,TRUE,1,3,""
"s07_normal_mean_m40-0822",TRUE,TRUE,TRUE,1,3,""
"s07_normal_mean_m40-0823",TRUE,TRUE,TRUE,1,3,""
"s07_normal_mean_m40-0824",TRUE,TRUE,TRUE,1,3,""
"s07_normal_mean_m40-0825",TRUE,TRUE,TRUE,1,3,""
"s07_normal_mean_m40-0826",TRUE,TRUE,TRUE,1,3,""
"s07_normal_mean_m40-0827",TRUE,TRUE,TRUE,1,3,""
"s07_normal_mean_m40-0828",TRUE,TRUE,TRUE,1,3,""
"s07_normal_mean_m40-0829",TRUE,TRUE,TRUE,1,3,""
"s07_normal_mean_m40-0830",TRUE,TRUE,TRUE,1,3,""
"s07_normal_mean_m40-0831",TRUE,TRUE,TRUE,1,3,""
"s07_normal_mean_m40-0832",TRUE,TRUE,TRUE,1,3,""
"s07_normal_mean_m40-0833",TRUE,TRUE,TRUE,1,3,""
"s07_normal_mean_m40-0834",TRUE,TRUE,TRUE,1,3,""
"s07_normal_mean_m40-0835",TRUE,TRUE,TRUE,1,3,""
"s07_normal_mean_m40-0836",TRUE,TRUE,TRUE,1,3,""
"s07_normal_mean_m40-0837",TRUE,TRUE,TRUE,1,3,""
"s07_normal_mean_m40-0838",TRUE,TRUE,TRUE,1,3,""
"s07_normal_mean_m40-0839",TRUE,TRUE,TRUE,1,3,""
"s07_normal_mean_m40-0840",TRUE,TRUE,TRUE,1,3,""
"s07_normal_mean_m40-0841",TRUE,TRUE,TRUE,1,3,""
"s07_normal_mean_m40-0842",TRUE,TRUE,TRUE,1,3,""
"s07_normal_mean_m40-0843",TRUE,TRUE,TRUE,1,3,""
"s07_normal_mean_m40-0844",TRUE,TRUE,TRUE,1,3,""
"s07_normal_mean_m40-0845",TRUE,TRUE,TRUE,1,3,""
"s07_normal_mean_m40-0846",TRUE,TRUE,TRUE,1,3,""
"s07_normal_mean_m40-0847",TRUE,TRUE,TRUE,1,3,""
"s07_normal_mean_m40-0848",TRUE,TRUE,TRUE,1,3,""
"s07_normal_mean_m40-0849",TRUE,TRUE,TRUE,1,3,""
"s07_normal_mean_m40-0850",TRUE,TRUE,TRUE,1,3,""
"s07_normal_mean_m40-0851",TRUE,TRUE,TRUE,1,3,""
"s07_normal_mean_m40-0852",TRUE,TRUE,TRUE,1,3,""
"s07_normal_mean_m40-0853",TRUE,TRUE,TRUE,1,3,""
"s07_normal_mean_m40-0854",TRUE,TRUE,TRUE,1,3,""
"s07_normal_mean_m40-0855",TRUE,TRUE,TRUE,1,3,""
"s07_normal_mean_m40-0856",TRUE,TRUE,TRUE,1,3,""
"s07_normal_mean_m40-0857",TRUE,TRUE,TRUE,1,3,""
"s07_normal_mean_m40-0858",TRUE,TRUE,TRUE,1,3,""
"s07_normal_mean_m40-0859",TRUE,TRUE,TRUE,1,3,""
"s07_normal_mean_m40-0860",TRUE,TRUE,TRUE,1,3,""
"s07_normal_mean_m40-0861",TRUE,TRUE,TRUE,1,3,""
"s07_normal_mean_m40-0862",TRUE,TRUE,TRUE,1,3,""
"s07_normal_mean_m40-0863",TRUE,TRUE,TRUE,1,3,""
"s07_normal_mean_m40-0864",TRUE,TRUE,TRUE,1,3,""
"s07_normal_mean_m40-0865",TRUE,TRUE,TRUE,1,3,""
"s07_normal_mean_m40-0866",TRUE,TRUE,TRUE,1,3,""
"s07_normal_mean_m40-0867",TRUE,TRUE,TRUE,1,3,""
"s07_normal_mean_m40-0868",TRUE,TRUE,TRUE,1,3,""
"s07_normal_mean_m40-0869",TRUE,TRUE,TRUE,1,3,""
"s07_normal_mean_m40-0870",TRUE,TRUE,TRUE,1,3,""
"s07_normal_mean_m40-0871",TRUE,TRUE,TRUE,1,3,""
"s07_normal_mean_m40-0872",TRUE,TRUE,TRUE,1,3,""
"s07_normal_mean_m40-0873",TRUE,TRUE,TRUE,1,3,""
"s07_normal_mean_m40-0874",TRUE,TRUE,TRUE,1,3,""
"s07_normal_mean_m40-0875",TRUE,TRUE,TRUE,1,3,""
"s07_normal_mean_m40-0876",TRUE,TRUE,TRUE,1,3,""
"s07_normal_mean_m40-0877",TRUE,TRUE,TRUE,1,3,""
"s07_normal_mean_m40-0878",TRUE,TRUE,TRUE,1,3,""
"s07_normal_mean_m40-0879",TRUE,TRUE,TRUE,1,3,""
"s07_normal_mean_m40-0880",TRUE,TRUE,TRUE,1,3,""
"s07_normal_mean_m40-0881",TRUE,TRUE,TRUE,1,3,""
"s07_normal_mean_m40-0882",TRUE,TRUE,TRUE,1,3,""
"s07_normal_mean_m40-0883",TRUE,TRUE,TRUE,1,3,""
"s07_normal_mean_m40-0884",TRUE,TRUE,TRUE,1,3,""
"s07_normal_mean_m40-0885",TRUE,TRUE,TRUE,1,3,""
"s07_normal_mean_m40-0886",TRUE,TRUE,TRUE,1,3,""
"s07_normal_mean_m40-0887",TRUE,TRUE,TRUE,1,3,""
"s07_normal_mean_m40-0888",TRUE,TRUE,TRUE,1,3,""
"s07_normal_mean_m40-0889",TRUE,TRUE,TRUE,1,3,""
"s07_normal_mean_m40-0890",TRUE,TRUE,TRUE,1,3,""
"s07_normal_mean_m40-0891",TRUE,TRUE,TRUE,1,3,""
"s07_normal_mean_m40-0892",TRUE,TRUE,TRUE,1,3,""
"s07_normal_mean_m40-0893",TRUE,TRUE,TRUE,1,3,""
"s07_normal_mean_m40-0894",TRUE,TRUE,TRUE,1,3,""
"s07_normal_mean_m40-0895",TRUE,TRUE,TRUE,1,3,""
"s07_normal_mean_m40-0896",TRUE,TRUE,TRUE,1,3,""
"s07_normal_mean_m40-0897",TRUE,TRUE,TRUE,1,3,""
"s07_normal_mean_m40-0898",TRUE,TRUE,TRUE,1,3,""
"s07_normal_mean_m40-0899",TRUE,TRUE,TRUE,1,3,""
"s07_normal_mean_m40-0900",TRUE,TRUE,TRUE,1,3,""
"s07_normal_mean_m40-0901",TRUE,TRUE,TRUE,1,3,""
"s07_normal_mean_m40-0902",TRUE,TRUE,TRUE,1,3,""
"s07_normal_mean_m40-0903",TRUE,TRUE,TRUE,1,3,""
"s07_normal_mean_m40-0904",TRUE,TRUE,TRUE,1,3,""
"s07_normal_mean_m40-0905",TRUE,TRUE,TRUE,1,3,""
"s07_normal_mean_m40-0906",TRUE,TRUE,TRUE,1,3,""
"s07_normal_mean_m40-0907",TRUE,TRUE,TRUE,1,3,""
"s07_normal_mean_m40-0908",TRUE,TRUE,TRUE,1,3,""
"s07_normal_mean_m40-0909",TRUE,TRUE,TRUE,1,3,""
"s07_normal_mean_m40-0910",TRUE,TRUE,TRUE,1,3,""
"s07_normal_mean_m40-0911",TRUE,TRUE,TRUE,1,3,""
"s07_normal_mean_m40-0912",TRUE,TRUE,TRUE,1,3,""
"s07_normal_mean_m40-0913",TRUE,TRUE,TRUE,1,3,""
"s07_normal_mean_m40-0914",TRUE,TRUE,TRUE,1,3,""
"s07_normal_mean_m40-0915",TRUE,TRUE,TRUE,1,3,""
"s07_normal_mean_m40-0916",TRUE,TRUE,TRUE,1,3,""
"s07_normal_mean_m40-0917",TRUE,TRUE,TRUE,1,3,""
"s07_normal_mean_m40-0918",TRUE,TRUE,TRUE,1,3,""
"s07_normal_mean_m40-0919",TRUE,TRUE,TRUE,1,3,""
"s07_normal_mean_m40-0920",TRUE,TRUE,TRUE,1,3,""
"s07_normal_mean_m40-0921",TRUE,TRUE,TRUE,1,3,""
"s07_normal_mean_m40-0922",TRUE,TRUE,TRUE,1,3,""
"s07_normal_mean_m40-0923",TRUE,TRUE,TRUE,1,3,""
"s07_normal_mean_m40-0924",TRUE,TRUE,TRUE,1,3,""
"s07_normal_mean_m40-0925",TRUE,TRUE,TRUE,1,3,""
"s07_normal_mean_m40-0926",TRUE,TRUE,TRUE,1,3,""
"s07_normal_mean_m40-0927",TRUE,TRUE,TRUE,1,3,""
"s07_normal_mean_m40-0928",TRUE,TRUE,TRUE,1,3,""
"s07_normal_mean_m40-0929",TRUE,TRUE,TRUE,1,3,""
"s07_normal_mean_m40-0930",TRUE,TRUE,TRUE,1,3,""
"s07_normal_mean_m40-0931",TRUE,TRUE,TRUE,1,3,""
"s07_normal_mean_m40-0932",TRUE,TRUE,TRUE,1,3,""
"s07_normal_mean_m40-0933",TRUE,TRUE,TRUE,1,3,""
"s07_normal_mean_m40-0934",TRUE,TRUE,TRUE,1,3,""
"s07_normal_mean_m40-0935",TRUE,TRUE,TRUE,1,3,""
"s07_normal_mean_m40-0936",TRUE,TRUE,TRUE,1,3,""
"s07_normal_mean_m40-0937",TRUE,TRUE,TRUE,1,3,""
"s07_normal_mean_m40-0938",TRUE,TRUE,TRUE,1,3,""
"s07_normal_mean_m40-0939",TRUE,TRUE,TRUE,1,3,""
"s07_normal_mean_m40-0940",TRUE,TRUE,TRUE,1,3,""
"s07_normal_mean_m40-0941",TRUE,TRUE,TRUE,1,3,""
"s07_normal_mean_m40-0942",TRUE,TRUE,TRUE,1,3,""
"s07_normal_mean_m40-0943",TRUE,TRUE,TRUE,1,3,""
"s07_normal_mean_m40-0944",TRUE,TRUE,TRUE,1,3,""
"s07_normal_mean_m40-0945",TRUE,TRUE,TRUE,1,3,""
"s07_normal_mean_m40-0946",TRUE,TRUE,TRUE,1,3,""
"s07_normal_mean_m40-0947",TRUE,TRUE,TRUE,1,3,""
"s07_normal_mean_m40-0948",TRUE,TRUE,TRUE,1,3,""
"s07_normal_mean_m40-0949",TRUE,TRUE,TRUE,1,3,""
"s07_normal_mean_m40-0950",TRUE,TRUE,TRUE,1,3,""
"s07_normal_mean_m40-0951",TRUE,TRUE,TRUE,1,3,""
"s07_normal_mean_m40-0952",TRUE,TRUE,TRUE,1,3,""
"s07_normal_mean_m40-0953",TRUE,TRUE,TRUE,1,3,""
"s07_normal_mean_m40-0954",TRUE,TRUE,TRUE,1,3,""
"s07_normal_mean_m40-0955",TRUE,TRUE,TRUE,1,3,""
"s07_normal_mean_m40-0956",TRUE,TRUE,TRUE,1,3,""
"s07_normal_mean_m40-0957",TRUE,TRUE,TRUE,1,3,""
"s07_normal_mean_m40-0958",TRUE,TRUE,TRUE,1,3,""
"s07_normal_mean_m40-0959",TRUE,TRUE,TRUE,1,3,""
"s07_normal_mean_m40-0960",TRUE,TRUE,TRUE,1,3,""
"s07_normal_mean_m40-0961",TRUE,TRUE,TRUE,1,3,""
"s07_normal_mean_m40-0962",TRUE,TRUE,TRUE,1,3,""
"s07_normal_mean_m40-0963",TRUE,TRUE,TRUE,1,3,""
"s07_normal_mean_m40-0964",TRUE,TRUE,TRUE,1,3,""
"s07_normal_mean_m40-0965",TRUE,TRUE,TRUE,1,3,""
"s07_normal_mean_m40-0966",TRUE,TRUE,TRUE,1,3,""
"s07_normal_mean_m40-0967",TRUE,TRUE,TRUE,1,3,""
"s07_normal_mean_m40-0968",TRUE,TRUE,TRUE,1,3,""
"s07_normal_mean_m40-0969",TRUE,TRUE,TRUE,1,3,""
"s07_normal_mean_m40-0970",TRUE,TRUE,TRUE,1,3,""
"s07_normal_mean_m40-0971",TRUE,TRUE,TRUE,1,3,""
"s07_normal_mean_m40-0972",TRUE,TRUE,TRUE,1,3,""
"s07_normal_mean_m40-0973",TRUE,TRUE,TRUE,1,3,""
"s07_normal_mean_m40-0974",TRUE,TRUE,TRUE,1,3,""
"s07_normal_mean_m40-0975",TRUE,TRUE,TRUE,1,3,""
"s07_normal_mean_m40-0976",TRUE,TRUE,TRUE,1,3,""
"s07_normal_mean_m40-0977",TRUE,TRUE,TRUE,1,3,""
"s07_normal_mean_m40-0978",TRUE,TRUE,TRUE,1,3,""
"s07_normal_mean_m40-0979",TRUE,TRUE,TRUE,1,3,""
"s07_normal_mean_m40-0980",TRUE,TRUE,TRUE,1,3,""
"s07_normal_mean_m40-0981",TRUE,TRUE,TRUE,1,3,""
"s07_normal_mean_m40-0982",TRUE,TRUE,TRUE,1,3,""
"s07_normal_mean_m40-0983",TRUE,TRUE,TRUE,1,3,""
"s07_normal_mean_m40-0984",TRUE,TRUE,TRUE,1,3,""
"s07_normal_mean_m40-0985",TRUE,TRUE,TRUE,1,3,""
"s07_normal_mean_m40-0986",TRUE,TRUE,TRUE,1,3,""
"s07_normal_mean_m40-0987",TRUE,TRUE,TRUE,1,3,""
"s07_normal_mean_m40-0988",TRUE,TRUE,TRUE,1,3,""
"s07_normal_mean_m40-0989",TRUE,TRUE,TRUE,1,3,""
"s07_normal_mean_m40-0990",TRUE,TRUE,TRUE,1,3,""
"s07_normal_mean_m40-0991",TRUE,TRUE,TRUE,1,3,""
"s07_normal_mean_m40-0992",TRUE,TRUE,TRUE,1,3,""
"s07_normal_mean_m40-0993",TRUE,TRUE,TRUE,1,3,""
"s07_normal_mean_m40-0994",TRUE,TRUE,TRUE,1,3,""
"s07_normal_mean_m40-0995",TRUE,TRUE,TRUE,1,3,""
"s07_normal_mean_m40-0996",TRUE,TRUE,TRUE,1,3,""
"s07_normal_mean_m40-0997",TRUE,TRUE,TRUE,1,3,""
"s07_normal_mean_m40-0998",TRUE,TRUE,TRUE,1,3,""
"s07_normal_mean_m40-0999",TRUE,TRUE,TRUE,1,3,""
"s07_normal_mean_m40-1000",TRUE,TRUE,TRUE,1,3,""
"s07_normal_mean_m40-1001",TRUE,TRUE,TRUE,1,3,""
"s07_normal_mean_m40-1002",TRUE,TRUE,TRUE,1,3,""
"s07_normal_mean_m40-1003",TRUE,TRUE,TRUE,1,3,""
"s07_normal_mean_m40-1004",TRUE,TRUE,TRUE,1,3,""
"s07_normal_mean_m40-1005",TRUE,TRUE,TRUE,1,3,""
"s07_normal_mean_m40-1006",TRUE,TRUE,TRUE,1,3,""
"s07_normal_mean_m40-1007",TRUE,TRUE,TRUE,1,3,""
"s07_normal_mean_m40-1008",TRUE,TRUE,TRUE,1,3,""
"s07_normal_mean_m40-1009",TRUE,TRUE,TRUE,1,3,""
"s07_normal_mean_m40-1010",TRUE,TRUE,TRUE,1,3,""
"s07_normal_mean_m40-1011",TRUE,TRUE,TRUE,1,3,""
"s07_normal_mean_m40-1012",TRUE,TRUE,TRUE,1,3,""
"s07_normal_mean_m40-1013",TRUE,TRUE,TRUE,1,3,""
"s07_normal_mean_m40-1014",TRUE,TRUE,TRUE,1,3,""
"s07_normal_mean_m40-1015",TRUE,TRUE,TRUE,1,3,""
"s07_normal_mean_m40-1016",TRUE,TRUE,TRUE,1,3,""
"s07_normal_mean_m40-1017",TRUE,TRUE,TRUE,1,3,""
"s07_normal_mean_m40-1018",TRUE,TRUE,TRUE,1,3,""
"s07_normal_mean_m40-1019",TRUE,TRUE,TRUE,1,3,""
"s07_normal_mean_m40-1020",TRUE,TRUE,TRUE,1,3,""
"s07_normal_mean_m40-1021",TRUE,TRUE,TRUE,1,3,""
"s07_normal_mean_m40-1022",TRUE,TRUE,TRUE,1,3,""
"s07_normal_mean_m40-1023",TRUE,TRUE,TRUE,1,3,""
"s07_normal_mean_m40-1024",TRUE,TRUE,TRUE,1,3,""
"s07_normal_mean_m40-1025",TRUE,TRUE,TRUE,1,3,""
"s07_normal_mean_m40-1026",TRUE,TRUE,TRUE,1,3,""
"s07_normal_mean_m40-1027",TRUE,TRUE,TRUE,1,3,""
"s07_normal_mean_m40-1028",TRUE,TRUE,TRUE,1,3,""
"s07_normal_mean_m40-1029",TRUE,TRUE,TRUE,1,3,""
"s07_normal_mean_m40-1030",TRUE,TRUE,TRUE,1,3,""
"s07_normal_mean_m40-1031",TRUE,TRUE,TRUE,1,3,""
"s07_normal_mean_m40-1032",TRUE,TRUE,TRUE,1,3,""
"s07_normal_mean_m40-1033",TRUE,TRUE,TRUE,1,3,""
"s07_normal_mean_m40-1034",TRUE,TRUE,TRUE,1,3,""
"s07_normal_mean_m40-1035",TRUE,TRUE,TRUE,1,3,""
"s07_normal_mean_m40-1036",TRUE,TRUE,TRUE,1,3,""
"s07_normal_mean_m40-1037",TRUE,TRUE,TRUE,1,3,""
"s07_normal_mean_m40-1038",TRUE,TRUE,TRUE,1,3,""
"s07_normal_mean_m40-1039",TRUE,TRUE,TRUE,1,3,""
"s07_normal_mean_m40-1040",TRUE,TRUE,TRUE,1,3,""
"s07_normal_mean_m40-1041",TRUE,TRUE,TRUE,1,3,""
"s07_normal_mean_m40-1042",TRUE,TRUE,TRUE,1,3,""
"s07_normal_mean_m40-1043",TRUE,TRUE,TRUE,1,3,""
"s07_normal_mean_m40-1044",TRUE,TRUE,TRUE,1,3,""
"s07_normal_mean_m40-1045",TRUE,TRUE,TRUE,1,3,""
"s07_normal_mean_m40-1046",TRUE,TRUE,TRUE,1,3,""
"s07_normal_mean_m40-1047",TRUE,TRUE,TRUE,1,3,""
"s07_normal_mean_m40-1048",TRUE,TRUE,TRUE,1,3,""
"s07_normal_mean_m40-1049",TRUE,TRUE,TRUE,1,3,""
"s07_normal_mean_m40-1050",TRUE,TRUE,TRUE,1,3,""
"s07_normal_mean_m40-1051",TRUE,TRUE,TRUE,1,3,""
"s07_normal_mean_m40-1052",TRUE,TRUE,TRUE,1,3,""
"s07_normal_mean_m40-1053",TRUE,TRUE,TRUE,1,3,""
"s07_normal_mean_m40-1054",TRUE,TRUE,TRUE,1,3,""
"s07_normal_mean_m40-1055",TRUE,TRUE,TRUE,1,3,""
"s07_normal_mean_m40-1056",TRUE,TRUE,TRUE,1,3,""
"s07_normal_mean_m40-1057",TRUE,TRUE,TRUE,1,3,""
"s07_normal_mean_m40-1058",TRUE,TRUE,TRUE,1,3,""
"s07_normal_mean_m40-1059",TRUE,TRUE,TRUE,1,3,""
"s07_normal_mean_m40-1060",TRUE,TRUE,TRUE,1,3,""
"s07_normal_mean_m40-1061",TRUE,TRUE,TRUE,1,3,""
"s07_normal_mean_m40-1062",TRUE,TRUE,TRUE,1,3,""
"s07_normal_mean_m40-1063",TRUE,TRUE,TRUE,1,3,""
"s07_normal_mean_m40-1064",TRUE,TRUE,TRUE,1,3,""
"s07_normal_mean_m40-1065",TRUE,TRUE,TRUE,1,3,""
"s07_normal_mean_m40-1066",TRUE,TRUE,TRUE,1,3,""
"s07_normal_mean_m40-1067",TRUE,TRUE,TRUE,1,3,""
"s07_normal_mean_m40-1068",TRUE,TRUE,TRUE,1,3,""
"s07_normal_mean_m40-1069",TRUE,TRUE,TRUE,1,3,""
"s07_normal_mean_m40-1070",TRUE,TRUE,TRUE,1,3,""
"s07_normal_mean_m40-1071",TRUE,TRUE,TRUE,1,3,""
"s07_normal_mean_m40-1072",TRUE,TRUE,TRUE,1,3,""
"s07_normal_mean_m40-1073",TRUE,TRUE,TRUE,1,3,""
"s07_normal_mean_m40-1074",TRUE,TRUE,TRUE,1,3,""
"s07_normal_mean_m40-1075",TRUE,TRUE,TRUE,1,3,""
"s07_normal_mean_m40-1076",TRUE,TRUE,TRUE,1,3,""
"s07_normal_mean_m40-1077",TRUE,TRUE,TRUE,1,3,""
"s07_normal_mean_m40-1078",TRUE,TRUE,TRUE,1,3,""
"s07_normal_mean_m40-1079",TRUE,TRUE,TRUE,1,3,""
"s07_normal_mean_m40-1080",TRUE,TRUE,TRUE,1,3,""
"s07_normal_mean_m40-1081",TRUE,TRUE,TRUE,1,3,""
"s07_normal_mean_m40-1082",TRUE,TRUE,TRUE,1,3,""
"s07_normal_mean_m40-1083",TRUE,TRUE,TRUE,1,3,""
"s07_normal_mean_m40-1084",TRUE,TRUE,TRUE,1,3,""
"s07_normal_mean_m40-1085",TRUE,TRUE,TRUE,1,3,""
"s07_normal_mean_m40-1086",TRUE,TRUE,TRUE,1,3,""
"s07_normal_mean_m40-1087",TRUE,TRUE,TRUE,1,3,""
"s07_normal_mean_m40-1088",TRUE,TRUE,TRUE,1,3,""
"s07_normal_mean_m40-1089",TRUE,TRUE,TRUE,1,3,""
"s07_normal_mean_m40-1090",TRUE,TRUE,TRUE,1,3,""
"s07_normal_mean_m40-1091",TRUE,TRUE,TRUE,1,3,""
"s07_normal_mean_m40-1092",TRUE,TRUE,TRUE,1,3,""
"s07_normal_mean_m40-1093",TRUE,TRUE,TRUE,1,3,""
"s07_normal_mean_m40-1094",TRUE,TRUE,TRUE,1,3,""
"s07_normal_mean_m40-1095",TRUE,TRUE,TRUE,1,3,""
"s07_normal_mean_m40-1096",TRUE,TRUE,TRUE,1,3,""
"s07_normal_mean_m40-1097",TRUE,TRUE,TRUE,1,3,""
"s07_normal_mean_m40-1098",TRUE,TRUE,TRUE,1,3,""
"s07_normal_mean_m40-1099",TRUE,TRUE,TRUE,1,3,""
"s07_normal_mean_m40-1100",TRUE,TRUE,TRUE,1,3,""
"s07_normal_mean_m40-1101",TRUE,TRUE,TRUE,1,3,""
"s07_normal_mean_m40-1102",TRUE,TRUE,TRUE,1,3,""
"s07_normal_mean_m40-1103",TRUE,TRUE,TRUE,1,3,""
"s07_normal_mean_m40-1104",TRUE,TRUE,TRUE,1,3,""
"s07_normal_mean_m40-1105",TRUE,TRUE,TRUE,1,3,""
"s07_normal_mean_m40-1106",TRUE,TRUE,TRUE,1,3,""
"s07_normal_mean_m40-1107",TRUE,TRUE,TRUE,1,3,""
"s07_normal_mean_m40-1108",TRUE,TRUE,TRUE,1,3,""
"s07_normal_mean_m40-1109",TRUE,TRUE,TRUE,1,3,""
"s07_normal_mean_m40-1110",TRUE,TRUE,TRUE,1,3,""
"s07_normal_mean_m40-1111",TRUE,TRUE,TRUE,1,3,""
"s07_normal_mean_m40-1112",TRUE,TRUE,TRUE,1,3,""
"s07_normal_mean_m40-1113",TRUE,TRUE,TRUE,1,3,""
"s07_normal_mean_m40-1114",TRUE,TRUE,TRUE,1,3,""
"s07_normal_mean_m40-1115",TRUE,TRUE,TRUE,1,3,""
"s07_normal_mean_m40-1116",TRUE,TRUE,TRUE,1,3,""
"s07_normal_mean_m40-1117",TRUE,TRUE,TRUE,1,3,""
"s07_normal_mean_m40-1118",TRUE,TRUE,TRUE,1,3,""
"s07_normal_mean_m40-1119",TRUE,TRUE,TRUE,1,3,""
"s07_normal_mean_m40-1120",TRUE,TRUE,TRUE,1,3,""
"s07_normal_mean_m40-1121",TRUE,TRUE,TRUE,1,3,""
"s07_normal_mean_m40-1122",TRUE,TRUE,TRUE,1,3,""
"s07_normal_mean_m40-1123",TRUE,TRUE,TRUE,1,3,""
"s07_normal_mean_m40-1124",TRUE,TRUE,TRUE,1,3,""
"s07_normal_mean_m40-1125",TRUE,TRUE,TRUE,1,3,""
"s07_normal_mean_m40-1126",TRUE,TRUE,TRUE,1,3,""
"s07_normal_mean_m40-1127",TRUE,TRUE,TRUE,1,3,""
"s07_normal_mean_m40-1128",TRUE,TRUE,TRUE,1,3,""
"s07_normal_mean_m40-1129",TRUE,TRUE,TRUE,1,3,""
"s07_normal_mean_m40-1130",TRUE,TRUE,TRUE,1,3,""
"s07_normal_mean_m40-1131",TRUE,TRUE,TRUE,1,3,""
"s07_normal_mean_m40-1132",TRUE,TRUE,TRUE,1,3,""
"s07_normal_mean_m40-1133",TRUE,TRUE,TRUE,1,3,""
"s07_normal_mean_m40-1134",TRUE,TRUE,TRUE,1,3,""
"s07_normal_mean_m40-1135",TRUE,TRUE,TRUE,1,3,""
"s07_normal_mean_m40-1136",TRUE,TRUE,TRUE,1,3,""
"s07_normal_mean_m40-1137",TRUE,TRUE,TRUE,1,3,""
"s07_normal_mean_m40-1138",TRUE,TRUE,TRUE,1,3,""
"s07_normal_mean_m40-1139",TRUE,TRUE,TRUE,1,3,""
"s07_normal_mean_m40-1140",TRUE,TRUE,TRUE,1,3,""
"s07_normal_mean_m40-1141",TRUE,TRUE,TRUE,1,3,""
"s07_normal_mean_m40-1142",TRUE,TRUE,TRUE,1,3,""
"s07_normal_mean_m40-1143",TRUE,TRUE,TRUE,1,3,""
"s07_normal_mean_m40-1144",TRUE,TRUE,TRUE,1,3,""
"s07_normal_mean_m40-1145",TRUE,TRUE,TRUE,1,3,""
"s07_normal_mean_m40-1146",TRUE,TRUE,TRUE,1,3,""
"s07_normal_mean_m40-1147",TRUE,TRUE,TRUE,1,3,""
"s07_normal_mean_m40-1148",TRUE,TRUE,TRUE,1,3,""
"s07_normal_mean_m40-1149",TRUE,TRUE,TRUE,1,3,""
"s07_normal_mean_m40-1150",TRUE,TRUE,TRUE,1,3,""
"s07_normal_mean_m40-1151",TRUE,TRUE,TRUE,1,3,""
"s07_normal_mean_m40-1152",TRUE,TRUE,TRUE,1,3,""
"s07_normal_mean_m40-1153",TRUE,TRUE,TRUE,1,3,""
"s07_normal_mean_m40-1154",TRUE,TRUE,TRUE,1,3,""
"s07_normal_mean_m40-1155",TRUE,TRUE,TRUE,1,3,""
"s07_normal_mean_m40-1156",TRUE,TRUE,TRUE,1,3,""
"s07_normal_mean_m40-1157",TRUE,TRUE,TRUE,1,3,""
"s07_normal_mean_m40-1158",TRUE,TRUE,TRUE,1,3,""
"s07_normal_mean_m40-1159",TRUE,TRUE,TRUE,1,3,""
"s07_normal_mean_m40-1160",TRUE,TRUE,TRUE,1,3,""
"s07_normal_mean_m40-1161",TRUE,TRUE,TRUE,1,3,""
"s07_normal_mean_m40-1162",TRUE,TRUE,TRUE,1,3,""
"s07_normal_mean_m40-1163",TRUE,TRUE,TRUE,1,3,""
"s07_normal_mean_m40-1164",TRUE,TRUE,TRUE,1,3,""
"s07_normal_mean_m40-1165",TRUE,TRUE,TRUE,1,3,""
"s07_normal_mean_m40-1166",TRUE,TRUE,TRUE,1,3,""
"s07_normal_mean_m40-1167",TRUE,TRUE,TRUE,1,3,""
"s07_normal_mean_m40-1168",TRUE,TRUE,TRUE,1,3,""
"s07_normal_mean_m40-1169",TRUE,TRUE,TRUE,1,3,""
"s07_normal_mean_m40-1170",TRUE,TRUE,TRUE,1,3,""
"s07_normal_mean_m40-1171",TRUE,TRUE,TRUE,1,3,""
"s07_normal_mean_m40-1172",TRUE,TRUE,TRUE,1,3,""
"s07_normal_mean_m40-1173",TRUE,TRUE,TRUE,1,3,""
"s07_normal_mean_m40-1174",TRUE,TRUE,TRUE,1,3,""
"s07_normal_mean_m40-1175",TRUE,TRUE,TRUE,1,3,""
"s07_normal_mean_m40-1176",TRUE,TRUE,TRUE,1,3,""
"s07_normal_mean_m40-1177",TRUE,TRUE,TRUE,1,3,""
"s07_normal_mean_m40-1178",TRUE,TRUE,TRUE,1,3,""
"s07_normal_mean_m40-1179",TRUE,TRUE,TRUE,1,3,""
"s07_normal_mean_m40-1180",TRUE,TRUE,TRUE,1,3,""
"s07_normal_mean_m40-1181",TRUE,TRUE,TRUE,1,3,""
"s07_normal_mean_m40-1182",TRUE,TRUE,TRUE,1,3,""
"s07_normal_mean_m40-1183",TRUE,TRUE,TRUE,1,3,""
"s07_normal_mean_m40-1184",TRUE,TRUE,TRUE,1,3,""
"s07_normal_mean_m40-1185",TRUE,TRUE,TRUE,1,3,""
"s07_normal_mean_m40-1186",TRUE,TRUE,TRUE,1,3,""
"s07_normal_mean_m40-1187",TRUE,TRUE,TRUE,1,3,""
"s07_normal_mean_m40-1188",TRUE,TRUE,TRUE,1,3,""
"s07_normal_mean_m40-1189",TRUE,TRUE,TRUE,1,3,""
"s07_normal_mean_m40-1190",TRUE,TRUE,TRUE,1,3,""
"s07_normal_mean_m40-1191",TRUE,TRUE,TRUE,1,3,""
"s07_normal_mean_m40-1192",TRUE,TRUE,TRUE,1,3,""
"s07_normal_mean_m40-1193",TRUE,TRUE,TRUE,1,3,""
"s07_normal_mean_m40-1194",TRUE,TRUE,TRUE,1,3,""
"s07_normal_mean_m40-1195",TRUE,TRUE,TRUE,1,3,""
"s07_normal_mean_m40-1196",TRUE,TRUE,TRUE,1,3,""
"s07_normal_mean_m40-1197",TRUE,TRUE,TRUE,1,3,""
"s07_normal_mean_m40-1198",TRUE,TRUE,TRUE,1,3,""
"s07_normal_mean_m40-1199",TRUE,TRUE,TRUE,1,3,""
"s07_normal_mean_m40-1200",TRUE,TRUE,TRUE,1,3,""
"s07_normal_mean_m40-1201",TRUE,TRUE,TRUE,1,3,""
"s07_normal_mean_m40-1202",TRUE,TRUE,TRUE,1,3,""
"s07_normal_mean_m40-1203",TRUE,TRUE,TRUE,1,3,""
"s07_normal_mean_m40-1204",TRUE,TRUE,TRUE,1,3,""
"s07_normal_mean_m40-1205",TRUE,TRUE,TRUE,1,3,""
"s07_normal_mean_m40-1206",TRUE,TRUE,TRUE,1,3,""
"s07_normal_mean_m40-1207",TRUE,TRUE,TRUE,1,3,""
"s07_normal_mean_m40-1208",TRUE,TRUE,TRUE,1,3,""
"s07_normal_mean_m40-1209",TRUE,TRUE,TRUE,1,3,""
"s07_normal_mean_m40-1210",TRUE,TRUE,TRUE,1,3,""
"s07_normal_mean_m40-1211",TRUE,TRUE,TRUE,1,3,""
"s07_normal_mean_m40-1212",TRUE,TRUE,TRUE,1,3,""
"s07_normal_mean_m40-1213",TRUE,TRUE,TRUE,1,3,""
"s07_normal_mean_m40-1214",TRUE,TRUE,TRUE,1,3,""
"s07_normal_mean_m40-1215",TRUE,TRUE,TRUE,1,3,""
"s07_normal_mean_m40-1216",TRUE,TRUE,TRUE,1,3,""
"s07_normal_mean_m40-1217",TRUE,TRUE,TRUE,1,3,""
"s07_normal_mean_m40-1218",TRUE,TRUE,TRUE,1,3,""
"s07_normal_mean_m40-1219",TRUE,TRUE,TRUE,1,3,""
"s07_normal_mean_m40-1220",TRUE,TRUE,TRUE,1,3,""
"s07_normal_mean_m40-1221",TRUE,TRUE,TRUE,1,3,""
"s07_normal_mean_m40-1222",TRUE,TRUE,TRUE,1,3,""
"s07_normal_mean_m40-1223",TRUE,TRUE,TRUE,1,3,""
"s07_normal_mean_m40-1224",TRUE,TRUE,TRUE,1,3,""
"s07_normal_mean_m40-1225",TRUE,TRUE,TRUE,1,3,""
"s07_normal_mean_m40-1226",TRUE,TRUE,TRUE,1,3,""
"s07_normal_mean_m40-1227",TRUE,TRUE,TRUE,1,3,""
"s07_normal_mean_m40-1228",TRUE,TRUE,TRUE,1,3,""
"s07_normal_mean_m40-1229",TRUE,TRUE,TRUE,1,3,""
"s07_normal_mean_m40-1230",TRUE,TRUE,TRUE,1,3,""
"s07_normal_mean_m40-1231",TRUE,TRUE,TRUE,1,3,""
"s07_normal_mean_m40-1232",TRUE,TRUE,TRUE,1,3,""
"s07_normal_mean_m40-1233",TRUE,TRUE,TRUE,1,3,""
"s07_normal_mean_m40-1234",TRUE,TRUE,TRUE,1,3,""
"s07_normal_mean_m40-1235",TRUE,TRUE,TRUE,1,3,""
"s07_normal_mean_m40-1236",TRUE,TRUE,TRUE,1,3,""
"s07_normal_mean_m40-1237",TRUE,TRUE,TRUE,1,3,""
"s07_normal_mean_m40-1238",TRUE,TRUE,TRUE,1,3,""
"s07_normal_mean_m40-1239",TRUE,TRUE,TRUE,1,3,""
"s07_normal_mean_m40-1240",TRUE,TRUE,TRUE,1,3,""
"s07_normal_mean_m40-1241",TRUE,TRUE,TRUE,1,3,""
"s07_normal_mean_m40-1242",TRUE,TRUE,TRUE,1,3,""
"s07_normal_mean_m40-1243",TRUE,TRUE,TRUE,1,3,""
"s07_normal_mean_m40-1244",TRUE,TRUE,TRUE,1,3,""
"s07_normal_mean_m40-1245",TRUE,TRUE,TRUE,1,3,""
"s07_normal_mean_m40-1246",TRUE,TRUE,TRUE,1,3,""
"s07_normal_mean_m40-1247",TRUE,TRUE,TRUE,1,3,""
"s07_normal_mean_m40-1248",TRUE,TRUE,TRUE,1,3,""
"s07_normal_mean_m40-1249",TRUE,TRUE,TRUE,1,3,""
"s07_normal_mean_m40-1250",TRUE,TRUE,TRUE,1,3,""
"s07_normal_mean_m40-1251",TRUE,TRUE,TRUE,1,3,""
"s07_normal_mean_m40-1252",TRUE,TRUE,TRUE,1,3,""
"s07_normal_mean_m40-1253",TRUE,TRUE,TRUE,1,3,""
"s07_normal_mean_m40-1254",TRUE,TRUE,TRUE,1,3,""
"s07_normal_mean_m40-1255",TRUE,TRUE,TRUE,1,3,""
"s07_normal_mean_m40-1256",TRUE,TRUE,TRUE,1,3,""
"s07_normal_mean_m40-1257",TRUE,TRUE,TRUE,1,3,""
"s07_normal_mean_m40-1258",TRUE,TRUE,TRUE,1,3,""
"s07_normal_mean_m40-1259",TRUE,TRUE,TRUE,1,3,""
"s07_normal_mean_m40-1260",TRUE,TRUE,TRUE,1,3,""
"s07_normal_mean_m40-1261",TRUE,TRUE,TRUE,1,3,""
"s07_normal_mean_m40-1262",TRUE,TRUE,TRUE,1,3,""
"s07_normal_mean_m40-1263",TRUE,TRUE,TRUE,1,3,""
"s07_normal_mean_m40-1264",TRUE,TRUE,TRUE,1,3,""
"s07_normal_mean_m40-1265",TRUE,TRUE,TRUE,1,3,""
"s07_normal_mean_m40-1266",TRUE,TRUE,TRUE,1,3,""
"s07_normal_mean_m40-1267",TRUE,TRUE,TRUE,1,3,""
"s07_normal_mean_m40-1268",TRUE,TRUE,TRUE,1,3,""
"s07_normal_mean_m40-1269",TRUE,TRUE,TRUE,1,3,""
"s07_normal_mean_m40-1270",TRUE,TRUE,TRUE,1,3,""
"s07_normal_mean_m40-1271",TRUE,TRUE,TRUE,1,3,""
"s07_normal_mean_m40-1272",TRUE,TRUE,TRUE,1,3,""
"s07_normal_mean_m40-1273",TRUE,TRUE,TRUE,1,3,""
"s07_normal_mean_m40-1274",TRUE,TRUE,TRUE,1,3,""
"s07_normal_mean_m40-1275",TRUE,TRUE,TRUE,1,3,""
"s07_normal_mean_m40-1276",TRUE,TRUE,TRUE,1,3,""
"s07_normal_mean_m40-1277",TRUE,TRUE,TRUE,1,3,""
"s07_normal_mean_m40-1278",TRUE,TRUE,TRUE,1,3,""
"s07_normal_mean_m40-1279",TRUE,TRUE,TRUE,1,3,""
"s07_normal_mean_m40-1280",TRUE,TRUE,TRUE,1,3,""
"s07_normal_mean_m40-1281",TRUE,TRUE,TRUE,1,3,""
"s07_normal_mean_m40-1282",TRUE,TRUE,TRUE,1,3,""
"s07_normal_mean_m40-1283",TRUE,TRUE,TRUE,1,3,""
"s07_normal_mean_m40-1284",TRUE,TRUE,TRUE,1,3,""
"s07_normal_mean_m40-1285",TRUE,TRUE,TRUE,1,3,""
"s07_normal_mean_m40-1286",TRUE,TRUE,TRUE,1,3,""
"s07_normal_mean_m40-1287",TRUE,TRUE,TRUE,1,3,""
"s07_normal_mean_m40-1288",TRUE,TRUE,TRUE,1,3,""
"s07_normal_mean_m40-1289",TRUE,TRUE,TRUE,1,3,""
"s07_normal_mean_m40-1290",TRUE,TRUE,TRUE,1,3,""
"s07_normal_mean_m40-1291",TRUE,TRUE,TRUE,1,3,""
"s07_normal_mean_m40-1292",TRUE,TRUE,TRUE,1,3,""
"s07_normal_mean_m40-1293",TRUE,TRUE,TRUE,1,3,""
"s07_normal_mean_m40-1294",TRUE,TRUE,TRUE,1,3,""
"s07_normal_mean_m40-1295",TRUE,TRUE,TRUE,1,3,""
"s07_normal_mean_m40-1296",TRUE,TRUE,TRUE,1,3,""
"s07_normal_mean_m40-1297",TRUE,TRUE,TRUE,1,3,""
"s07_normal_mean_m40-1298",TRUE,TRUE,TRUE,1,3,""
"s07_normal_mean_m40-1299",TRUE,TRUE,TRUE,1,3,""
"s07_normal_mean_m40-1300",TRUE,TRUE,TRUE,1,3,""
"s07_normal_mean_m40-1301",TRUE,TRUE,TRUE,1,3,""
"s07_normal_mean_m40-1302",TRUE,TRUE,TRUE,1,3,""
"s07_normal_mean_m40-1303",TRUE,TRUE,TRUE,1,3,""
"s07_normal_mean_m40-1304",TRUE,TRUE,TRUE,1,3,""
"s07_normal_mean_m40-1305",TRUE,TRUE,TRUE,1,3,""
"s07_normal_mean_m40-1306",TRUE,TRUE,TRUE,1,3,""
"s07_normal_mean_m40-1307",TRUE,TRUE,TRUE,1,3,""
"s07_normal_mean_m40-1308",TRUE,TRUE,TRUE,1,3,""
"s07_normal_mean_m40-1309",TRUE,TRUE,TRUE,1,3,""
"s07_normal_mean_m40-1310",TRUE,TRUE,TRUE,1,3,""
"s07_normal_mean_m40-1311",TRUE,TRUE,TRUE,1,3,""
"s07_normal_mean_m40-1312",TRUE,TRUE,TRUE,1,3,""
"s07_normal_mean_m40-1313",TRUE,TRUE,TRUE,1,3,""
"s07_normal_mean_m40-1314",TRUE,TRUE,TRUE,1,3,""
"s07_normal_mean_m40-1315",TRUE,TRUE,TRUE,1,3,""
"s07_normal_mean_m40-1316",TRUE,TRUE,TRUE,1,3,""
"s07_normal_mean_m40-1317",TRUE,TRUE,TRUE,1,3,""
"s07_normal_mean_m40-1318",TRUE,TRUE,TRUE,1,3,""
"s07_normal_mean_m40-1319",TRUE,TRUE,TRUE,1,3,""
"s07_normal_mean_m40-1320",TRUE,TRUE,TRUE,1,3,""
"s07_normal_mean_m40-1321",TRUE,TRUE,TRUE,1,3,""
"s07_normal_mean_m40-1322",TRUE,TRUE,TRUE,1,3,""
"s07_normal_mean_m40-1323",TRUE,TRUE,TRUE,1,3,""
"s07_normal_mean_m40-1324",TRUE,TRUE,TRUE,1,3,""
"s07_normal_mean_m40-1325",TRUE,TRUE,TRUE,1,3,""
"s07_normal_mean_m40-1326",TRUE,TRUE,TRUE,1,3,""
"s07_normal_mean_m40-1327",TRUE,TRUE,TRUE,1,3,""
"s07_normal_mean_m40-1328",TRUE,TRUE,TRUE,1,3,""
"s07_normal_mean_m40-1329",TRUE,TRUE,TRUE,1,3,""
"s07_normal_mean_m40-1330",TRUE,TRUE,TRUE,1,3,""
"s07_normal_mean_m40-1331",TRUE,TRUE,TRUE,1,3,""
"s07_normal_mean_m40-1332",TRUE,TRUE,TRUE,1,3,""
"s07_normal_mean_m40-1333",TRUE,TRUE,TRUE,1,3,""
"s07_normal_mean_m40-1334",TRUE,TRUE,TRUE,1,3,""
"s07_normal_mean_m40-1335",TRUE,TRUE,TRUE,1,3,""
"s07_normal_mean_m40-1336",TRUE,TRUE,TRUE,1,3,""
"s07_normal_mean_m40-1337",TRUE,TRUE,TRUE,1,3,""
"s07_normal_mean_m40-1338",TRUE,TRUE,TRUE,1,3,""
"s07_normal_mean_m40-1339",TRUE,TRUE,TRUE,1,3,""
"s07_normal_mean_m40-1340",TRUE,TRUE,TRUE,1,3,""
"s07_normal_mean_m40-1341",TRUE,TRUE,TRUE,1,3,""
"s07_normal_mean_m40-1342",TRUE,TRUE,TRUE,1,3,""
"s07_normal_mean_m40-1343",TRUE,TRUE,TRUE,1,3,""
"s07_normal_mean_m40-1344",TRUE,TRUE,TRUE,1,3,""
"s07_normal_mean_m40-1345",TRUE,TRUE,TRUE,1,3,""
"s07_normal_mean_m40-1346",TRUE,TRUE,TRUE,1,3,""
"s07_normal_mean_m40-1347",TRUE,TRUE,TRUE,1,3,""
"s07_normal_mean_m40-1348",TRUE,TRUE,TRUE,1,3,""
"s07_normal_mean_m40-1349",TRUE,TRUE,TRUE,1,3,""
"s07_normal_mean_m40-1350",TRUE,TRUE,TRUE,1,3,""
"s07_normal_mean_m40-1351",TRUE,TRUE,TRUE,1,3,""
"s07_normal_mean_m40-1352",TRUE,TRUE,TRUE,1,3,""
"s07_normal_mean_m40-1353",TRUE,TRUE,TRUE,1,3,""
"s07_normal_mean_m40-1354",TRUE,TRUE,TRUE,1,3,""
"s07_normal_mean_m40-1355",TRUE,TRUE,TRUE,1,3,""
"s07_normal_mean_m40-1356",TRUE,TRUE,TRUE,1,3,""
"s07_normal_mean_m40-1357",TRUE,TRUE,TRUE,1,3,""
"s07_normal_mean_m40-1358",TRUE,TRUE,TRUE,1,3,""
"s07_normal_mean_m40-1359",TRUE,TRUE,TRUE,1,3,""
"s07_normal_mean_m40-1360",TRUE,TRUE,TRUE,1,3,""
"s07_normal_mean_m40-1361",TRUE,TRUE,TRUE,1,3,""
"s07_normal_mean_m40-1362",TRUE,TRUE,TRUE,1,3,""
"s07_normal_mean_m40-1363",TRUE,TRUE,TRUE,1,3,""
"s07_normal_mean_m40-1364",TRUE,TRUE,TRUE,1,3,""
"s07_normal_mean_m40-1365",TRUE,TRUE,TRUE,1,3,""
"s07_normal_mean_m40-1366",TRUE,TRUE,TRUE,1,3,""
"s07_normal_mean_m40-1367",TRUE,TRUE,TRUE,1,3,""
"s07_normal_mean_m40-1368",TRUE,TRUE,TRUE,1,3,""
"s07_normal_mean_m40-1369",TRUE,TRUE,TRUE,1,3,""
"s07_normal_mean_m40-1370",TRUE,TRUE,TRUE,1,3,""
"s07_normal_mean_m40-1371",TRUE,TRUE,TRUE,1,3,""
"s07_normal_mean_m40-1372",TRUE,TRUE,TRUE,1,3,""
"s07_normal_mean_m40-1373",TRUE,TRUE,TRUE,1,3,""
"s07_normal_mean_m40-1374",TRUE,TRUE,TRUE,1,3,""
"s07_normal_mean_m40-1375",TRUE,TRUE,TRUE,1,3,""
"s07_normal_mean_m40-1376",TRUE,TRUE,TRUE,1,3,""
"s07_normal_mean_m40-1377",TRUE,TRUE,TRUE,1,3,""
"s07_normal_mean_m40-1378",TRUE,TRUE,TRUE,1,3,""
"s07_normal_mean_m40-1379",TRUE,TRUE,TRUE,1,3,""
"s07_normal_mean_m40-1380",TRUE,TRUE,TRUE,1,3,""
"s07_normal_mean_m40-1381",TRUE,TRUE,TRUE,1,3,""
"s07_normal_mean_m40-1382",TRUE,TRUE,TRUE,1,3,""
"s07_normal_mean_m40-1383",TRUE,TRUE,TRUE,1,3,""
"s07_normal_mean_m40-1384",TRUE,TRUE,TRUE,1,3,""
"s07_normal_mean_m40-1385",TRUE,TRUE,TRUE,1,3,""
"s07_normal_mean_m40-1386",TRUE,TRUE,TRUE,1,3,""
"s07_normal_mean_m40-1387",TRUE,TRUE,TRUE,1,3,""
"s07_normal_mean_m40-1388",TRUE,TRUE,TRUE,1,3,""
"s07_normal_mean_m40-1389",TRUE,TRUE,TRUE,1,3,""
"s07_normal_mean_m40-1390",TRUE,TRUE,TRUE,1,3,""
"s07_normal_mean_m40-1391",TRUE,TRUE,TRUE,1,3,""
"s07_normal_mean_m40-1392",TRUE,TRUE,TRUE,1,3,""
"s07_normal_mean_m40-1393",TRUE,TRUE,TRUE,1,3,""
"s07_normal_mean_m40-1394",TRUE,TRUE,TRUE,1,3,""
"s07_normal_mean_m40-1395",TRUE,TRUE,TRUE,1,3,""
"s07_normal_mean_m40-1396",TRUE,TRUE,TRUE,1,3,""
"s07_normal_mean_m40-1397",TRUE,TRUE,TRUE,1,3,""
"s07_normal_mean_m40-1398",TRUE,TRUE,TRUE,1,3,""
"s07_normal_mean_m40-1399",TRUE,TRUE,TRUE,1,3,""
"s07_normal_mean_m40-1400",TRUE,TRUE,TRUE,1,3,""
"s07_normal_mean_m40-1401",TRUE,TRUE,TRUE,1,3,""
"s07_normal_mean_m40-1402",TRUE,TRUE,TRUE,1,3,""
"s07_normal_mean_m40-1403",TRUE,TRUE,TRUE,1,3,""
"s07_normal_mean_m40-1404",TRUE,TRUE,TRUE,1,3,""
"s07_normal_mean_m40-1405",TRUE,TRUE,TRUE,1,3,""
"s07_normal_mean_m40-1406",TRUE,TRUE,TRUE,1,3,""
"s07_normal_mean_m40-1407",TRUE,TRUE,TRUE,1,3,""
"s07_normal_mean_m40-1408",TRUE,TRUE,TRUE,1,3,""
"s07_normal_mean_m40-1409",TRUE,TRUE,TRUE,1,3,""
"s07_normal_mean_m40-1410",TRUE,TRUE,TRUE,1,3,""
"s07_normal_mean_m40-1411",TRUE,TRUE,TRUE,1,3,""
"s07_normal_mean_m40-1412",TRUE,TRUE,TRUE,1,3,""
"s07_normal_mean_m40-1413",TRUE,TRUE,TRUE,1,3,""
"s07_normal_mean_m40-1414",TRUE,TRUE,TRUE,1,3,""
"s07_normal_mean_m40-1415",TRUE,TRUE,TRUE,1,3,""
"s07_normal_mean_m40-1416",TRUE,TRUE,TRUE,1,3,""
"s07_normal_mean_m40-1417",TRUE,TRUE,TRUE,1,3,""
"s07_normal_mean_m40-1418",TRUE,TRUE,TRUE,1,3,""
"s07_normal_mean_m40-1419",TRUE,TRUE,TRUE,1,3,""
"s07_normal_mean_m40-1420",TRUE,TRUE,TRUE,1,3,""
"s07_normal_mean_m40-1421",TRUE,TRUE,TRUE,1,3,""
"s07_normal_mean_m40-1422",TRUE,TRUE,TRUE,1,3,""
"s07_normal_mean_m40-1423",TRUE,TRUE,TRUE,1,3,""
"s07_normal_mean_m40-1424",TRUE,TRUE,TRUE,1,3,""
"s07_normal_mean_m40-1425",TRUE,TRUE,TRUE,1,3,""
"s07_normal_mean_m40-1426",TRUE,TRUE,TRUE,1,3,""
"s07_normal_mean_m40-1427",TRUE,TRUE,TRUE,1,3,""
"s07_normal_mean_m40-1428",TRUE,TRUE,TRUE,1,3,""
"s07_normal_mean_m40-1429",TRUE,TRUE,TRUE,1,3,""
"s07_normal_mean_m40-1430",TRUE,TRUE,TRUE,1,3,""
"s07_normal_mean_m40-1431",TRUE,TRUE,TRUE,1,3,""
"s07_normal_mean_m40-1432",TRUE,TRUE,TRUE,1,3,""
"s07_normal_mean_m40-1433",TRUE,TRUE,TRUE,1,3,""
"s07_normal_mean_m40-1434",TRUE,TRUE,TRUE,1,3,""
"s07_normal_mean_m40-1435",TRUE,TRUE,TRUE,1,3,""
"s07_normal_mean_m40-1436",TRUE,TRUE,TRUE,1,3,""
"s07_normal_mean_m40-1437",TRUE,TRUE,TRUE,1,3,""
"s07_normal_mean_m40-1438",TRUE,TRUE,TRUE,1,3,""
"s07_normal_mean_m40-1439",TRUE,TRUE,TRUE,1,3,""
"s07_normal_mean_m40-1440",TRUE,TRUE,TRUE,1,3,""
"s07_normal_mean_m40-1441",TRUE,TRUE,TRUE,1,3,""
"s07_normal_mean_m40-1442",TRUE,TRUE,TRUE,1,3,""
"s07_normal_mean_m40-1443",TRUE,TRUE,TRUE,1,3,""
"s07_normal_mean_m40-1444",TRUE,TRUE,TRUE,1,3,""
"s07_normal_mean_m40-1445",TRUE,TRUE,TRUE,1,3,""
"s07_normal_mean_m40-1446",TRUE,TRUE,TRUE,1,3,""
"s07_normal_mean_m40-1447",TRUE,TRUE,TRUE,1,3,""
"s07_normal_mean_m40-1448",TRUE,TRUE,TRUE,1,3,""
"s07_normal_mean_m40-1449",TRUE,TRUE,TRUE,1,3,""
"s07_normal_mean_m40-1450",TRUE,TRUE,TRUE,1,3,""
"s07_normal_mean_m40-1451",TRUE,TRUE,TRUE,1,3,""
"s07_normal_mean_m40-1452",TRUE,TRUE,TRUE,1,3,""
"s07_normal_mean_m40-1453",TRUE,TRUE,TRUE,1,3,""
"s07_normal_mean_m40-1454",TRUE,TRUE,TRUE,1,3,""
"s07_normal_mean_m40-1455",TRUE,TRUE,TRUE,1,3,""
"s07_normal_mean_m40-1456",TRUE,TRUE,TRUE,1,3,""
"s07_normal_mean_m40-1457",TRUE,TRUE,TRUE,1,3,""
"s07_normal_mean_m40-1458",TRUE,TRUE,TRUE,1,3,""
"s07_normal_mean_m40-1459",TRUE,TRUE,TRUE,1,3,""
"s07_normal_mean_m40-1460",TRUE,TRUE,TRUE,1,3,""
"s07_normal_mean_m40-1461",TRUE,TRUE,TRUE,1,3,""
"s07_normal_mean_m40-1462",TRUE,TRUE,TRUE,1,3,""
"s07_normal_mean_m40-1463",TRUE,TRUE,TRUE,1,3,""
"s07_normal_mean_m40-1464",TRUE,TRUE,TRUE,1,3,""
"s07_normal_mean_m40-1465",TRUE,TRUE,TRUE,1,3,""
"s07_normal_mean_m40-1466",TRUE,TRUE,TRUE,1,3,""
"s07_normal_mean_m40-1467",TRUE,TRUE,TRUE,1,3,""
"s07_normal_mean_m40-1468",TRUE,TRUE,TRUE,1,3,""
"s07_normal_mean_m40-1469",TRUE,TRUE,TRUE,1,3,""
"s07_normal_mean_m40-1470",TRUE,TRUE,TRUE,1,3,""
"s07_normal_mean_m40-1471",TRUE,TRUE,TRUE,1,3,""
"s07_normal_mean_m40-1472",TRUE,TRUE,TRUE,1,3,""
"s07_normal_mean_m40-1473",TRUE,TRUE,TRUE,1,3,""
"s07_normal_mean_m40-1474",TRUE,TRUE,TRUE,1,3,""
"s07_normal_mean_m40-1475",TRUE,TRUE,TRUE,1,3,""
"s07_normal_mean_m40-1476",TRUE,TRUE,TRUE,1,3,""
"s07_normal_mean_m40-1477",TRUE,TRUE,TRUE,1,3,""
"s07_normal_mean_m40-1478",TRUE,TRUE,TRUE,1,3,""
"s07_normal_mean_m40-1479",TRUE,TRUE,TRUE,1,3,""
"s07_normal_mean_m40-1480",TRUE,TRUE,TRUE,1,3,""
"s07_normal_mean_m40-1481",TRUE,TRUE,TRUE,1,3,""
"s07_normal_mean_m40-1482",TRUE,TRUE,TRUE,1,3,""
"s07_normal_mean_m40-1483",TRUE,TRUE,TRUE,1,3,""
"s07_normal_mean_m40-1484",TRUE,TRUE,TRUE,1,3,""
"s07_normal_mean_m40-1485",TRUE,TRUE,TRUE,1,3,""
"s07_normal_mean_m40-1486",TRUE,TRUE,TRUE,1,3,""
"s07_normal_mean_m40-1487",TRUE,TRUE,TRUE,1,3,""
"s07_normal_mean_m40-1488",TRUE,TRUE,TRUE,1,3,""
"s07_normal_mean_m40-1489",TRUE,TRUE,TRUE,1,3,""
"s07_normal_mean_m40-1490",TRUE,TRUE,TRUE,1,3,""
"s07_normal_mean_m40-1491",TRUE,TRUE,TRUE,1,3,""
"s07_normal_mean_m40-1492",TRUE,TRUE,TRUE,1,3,""
"s07_normal_mean_m40-1493",TRUE,TRUE,TRUE,1,3,""
"s07_normal_mean_m40-1494",TRUE,TRUE,TRUE,1,3,""
"s07_normal_mean_m40-1495",TRUE,TRUE,TRUE,1,3,""
"s07_normal_mean_m40-1496",TRUE,TRUE,TRUE,1,3,""
"s07_normal_mean_m40-1497",TRUE,TRUE,TRUE,1,3,""
"s07_normal_mean_m40-1498",TRUE,TRUE,TRUE,1,3,""
"s07_normal_mean_m40-1499",TRUE,TRUE,TRUE,1,3,""
"s07_normal_mean_m40-1500",TRUE,TRUE,TRUE,1,3,""
"s07_normal_mean_m40-1501",TRUE,TRUE,TRUE,1,3,""
"s07_normal_mean_m40-1502",TRUE,TRUE,TRUE,1,3,""
"s07_normal_mean_m40-1503",TRUE,TRUE,TRUE,1,3,""
"s07_normal_mean_m40-1504",TRUE,TRUE,TRUE,1,3,""
"s07_normal_mean_m40-1505",TRUE,TRUE,TRUE,1,3,""
"s07_normal_mean_m40-1506",TRUE,TRUE,TRUE,1,3,""
"s07_normal_mean_m40-1507",TRUE,TRUE,TRUE,1,3,""
"s07_normal_mean_m40-1508",TRUE,TRUE,TRUE,1,3,""
"s07_normal_mean_m40-1509",TRUE,TRUE,TRUE,1,3,""
"s07_normal_mean_m40-1510",TRUE,TRUE,TRUE,1,3,""
"s07_normal_mean_m40-1511",TRUE,TRUE,TRUE,1,3,""
"s07_normal_mean_m40-1512",TRUE,TRUE,TRUE,1,3,""
"s07_normal_mean_m40-1513",TRUE,TRUE,TRUE,1,3,""
"s07_normal_mean_m40-1514",TRUE,TRUE,TRUE,1,3,""
"s07_normal_mean_m40-1515",TRUE,TRUE,TRUE,1,3,""
"s07_normal_mean_m40-1516",TRUE,TRUE,TRUE,1,3,""
"s07_normal_mean_m40-1517",TRUE,TRUE,TRUE,1,3,""
"s07_normal_mean_m40-1518",TRUE,TRUE,TRUE,1,3,""
"s07_normal_mean_m40-1519",TRUE,TRUE,TRUE,1,3,""
"s07_normal_mean_m40-1520",TRUE,TRUE,TRUE,1,3,""
"s07_normal_mean_m40-1521",TRUE,TRUE,TRUE,1,3,""
"s07_normal_mean_m40-1522",TRUE,TRUE,TRUE,1,3,""
"s07_normal_mean_m40-1523",TRUE,TRUE,TRUE,1,3,""
"s07_normal_mean_m40-1524",TRUE,TRUE,TRUE,1,3,""
"s07_normal_mean_m40-1525",TRUE,TRUE,TRUE,1,3,""
"s07_normal_mean_m40-1526",TRUE,TRUE,TRUE,1,3,""
"s07_normal_mean_m40-1527",TRUE,TRUE,TRUE,1,3,""
"s07_normal_mean_m40-1528",TRUE,TRUE,TRUE,1,3,""
"s07_normal_mean_m40-1529",TRUE,TRUE,TRUE,1,3,""
"s07_normal_mean_m40-1530",TRUE,TRUE,TRUE,1,3,""
"s07_normal_mean_m40-1531",TRUE,TRUE,TRUE,1,3,""
"s07_normal_mean_m40-1532",TRUE,TRUE,TRUE,1,3,""
"s07_normal_mean_m40-1533",TRUE,TRUE,TRUE,1,3,""
"s07_normal_mean_m40-1534",TRUE,TRUE,TRUE,1,3,""
"s07_normal_mean_m40-1535",TRUE,TRUE,TRUE,1,3,""
"s07_normal_mean_m40-1536",TRUE,TRUE,TRUE,1,3,""
"s07_normal_mean_m40-1537",TRUE,TRUE,TRUE,1,3,""
"s07_normal_mean_m40-1538",TRUE,TRUE,TRUE,1,3,""
"s07_normal_mean_m40-1539",TRUE,TRUE,TRUE,1,3,""
"s07_normal_mean_m40-1540",TRUE,TRUE,TRUE,1,3,""
"s07_normal_mean_m40-1541",TRUE,TRUE,TRUE,1,3,""
"s07_normal_mean_m40-1542",TRUE,TRUE,TRUE,1,3,""
"s07_normal_mean_m40-1543",TRUE,TRUE,TRUE,1,3,""
"s07_normal_mean_m40-1544",TRUE,TRUE,TRUE,1,3,""
"s07_normal_mean_m40-1545",TRUE,TRUE,TRUE,1,3,""
"s07_normal_mean_m40-1546",TRUE,TRUE,TRUE,1,3,""
"s07_normal_mean_m40-1547",TRUE,TRUE,TRUE,1,3,""
"s07_normal_mean_m40-1548",TRUE,TRUE,TRUE,1,3,""
"s07_normal_mean_m40-1549",TRUE,TRUE,TRUE,1,3,""
"s07_normal_mean_m40-1550",TRUE,TRUE,TRUE,1,3,""
"s07_normal_mean_m40-1551",TRUE,TRUE,TRUE,1,3,""
"s07_normal_mean_m40-1552",TRUE,TRUE,TRUE,1,3,""
"s07_normal_mean_m40-1553",TRUE,TRUE,TRUE,1,3,""
"s07_normal_mean_m40-1554",TRUE,TRUE,TRUE,1,3,""
"s07_normal_mean_m40-1555",TRUE,TRUE,TRUE,1,3,""
"s07_normal_mean_m40-1556",TRUE,TRUE,TRUE,1,3,""
"s07_normal_mean_m40-1557",TRUE,TRUE,TRUE,1,3,""
"s07_normal_mean_m40-1558",TRUE,TRUE,TRUE,1,3,""
"s07_normal_mean_m40-1559",TRUE,TRUE,TRUE,1,3,""
"s07_normal_mean_m40-1560",TRUE,TRUE,TRUE,1,3,""
"s07_normal_mean_m40-1561",TRUE,TRUE,TRUE,1,3,""
"s07_normal_mean_m40-1562",TRUE,TRUE,TRUE,1,3,""
"s07_normal_mean_m40-1563",TRUE,TRUE,TRUE,1,3,""
"s07_normal_mean_m40-1564",TRUE,TRUE,TRUE,1,3,""
"s07_normal_mean_m40-1565",TRUE,TRUE,TRUE,1,3,""
"s07_normal_mean_m40-1566",TRUE,TRUE,TRUE,1,3,""
"s07_normal_mean_m40-1567",TRUE,TRUE,TRUE,1,3,""
"s07_normal_mean_m40-1568",TRUE,TRUE,TRUE,1,3,""
"s07_normal_mean_m40-1569",TRUE,TRUE,TRUE,1,3,""
"s07_normal_mean_m40-1570",TRUE,TRUE,TRUE,1,3,""
"s07_normal_mean_m40-1571",TRUE,TRUE,TRUE,1,3,""
"s07_normal_mean_m40-1572",TRUE,TRUE,TRUE,1,3,""
"s07_normal_mean_m40-1573",TRUE,TRUE,TRUE,1,3,""
"s07_normal_mean_m40-1574",TRUE,TRUE,TRUE,1,3,""
"s07_normal_mean_m40-1575",TRUE,TRUE,TRUE,1,3,""
"s07_normal_mean_m40-1576",TRUE,TRUE,TRUE,1,3,""
"s07_normal_mean_m40-1577",TRUE,TRUE,TRUE,1,3,""
"s07_normal_mean_m40-1578",TRUE,TRUE,TRUE,1,3,""
"s07_normal_mean_m40-1579",TRUE,TRUE,TRUE,1,3,""
"s07_normal_mean_m40-1580",TRUE,TRUE,TRUE,1,3,""
"s07_normal_mean_m40-1581",TRUE,TRUE,TRUE,1,3,""
"s07_normal_mean_m40-1582",TRUE,TRUE,TRUE,1,3,""
"s07_normal_mean_m40-1583",TRUE,TRUE,TRUE,1,3,""
"s07_normal_mean_m40-1584",TRUE,TRUE,TRUE,1,3,""
"s07_normal_mean_m40-1585",TRUE,TRUE,TRUE,1,3,""
"s07_normal_mean_m40-1586",TRUE,TRUE,TRUE,1,3,""
"s07_normal_mean_m40-1587",TRUE,TRUE,TRUE,1,3,""
"s07_normal_mean_m40-1588",TRUE,TRUE,TRUE,1,3,""
"s07_normal_mean_m40-1589",TRUE,TRUE,TRUE,1,3,""
"s07_normal_mean_m40-1590",TRUE,TRUE,TRUE,1,3,""
"s07_normal_mean_m40-1591",TRUE,TRUE,TRUE,1,3,""
"s07_normal_mean_m40-1592",TRUE,TRUE,TRUE,1,3,""
"s07_normal_mean_m40-1593",TRUE,TRUE,TRUE,1,3,""
"s07_normal_mean_m40-1594",TRUE,TRUE,TRUE,1,3,""
"s07_normal_mean_m40-1595",TRUE,TRUE,TRUE,1,3,""
"s07_normal_mean_m40-1596",TRUE,TRUE,TRUE,1,3,""
"s07_normal_mean_m40-1597",TRUE,TRUE,TRUE,1,3,""
"s07_normal_mean_m40-1598",TRUE,TRUE,TRUE,1,3,""
"s07_normal_mean_m40-1599",TRUE,TRUE,TRUE,1,3,""
"s07_normal_mean_m40-1600",TRUE,TRUE,TRUE,1,3,""
"s07_normal_mean_m40-1601",TRUE,TRUE,TRUE,1,3,""
"s07_normal_mean_m40-1602",TRUE,TRUE,TRUE,1,3,""
"s07_normal_mean_m40-1603",TRUE,TRUE,TRUE,1,3,""
"s07_normal_mean_m40-1604",TRUE,TRUE,TRUE,1,3,""
"s07_normal_mean_m40-1605",TRUE,TRUE,TRUE,1,3,""
"s07_normal_mean_m40-1606",TRUE,TRUE,TRUE,1,3,""
"s07_normal_mean_m40-1607",TRUE,TRUE,TRUE,1,3,""
"s07_normal_mean_m40-1608",TRUE,TRUE,TRUE,1,3,""
"s07_normal_mean_m40-1609",TRUE,TRUE,TRUE,1,3,""
"s07_normal_mean_m40-1610",TRUE,TRUE,TRUE,1,3,""
"s07_normal_mean_m40-1611",TRUE,TRUE,TRUE,1,3,""
"s07_normal_mean_m40-1612",TRUE,TRUE,TRUE,1,3,""
"s07_normal_mean_m40-1613",TRUE,TRUE,TRUE,1,3,""
"s07_normal_mean_m40-1614",TRUE,TRUE,TRUE,1,3,""
"s07_normal_mean_m40-1615",TRUE,TRUE,TRUE,1,3,""
"s07_normal_mean_m40-1616",TRUE,TRUE,TRUE,1,3,""
"s07_normal_mean_m40-1617",TRUE,TRUE,TRUE,1,3,""
"s07_normal_mean_m40-1618",TRUE,TRUE,TRUE,1,3,""
"s07_normal_mean_m40-1619",TRUE,TRUE,TRUE,1,3,""
"s07_normal_mean_m40-1620",TRUE,TRUE,TRUE,1,3,""
"s07_normal_mean_m40-1621",TRUE,TRUE,TRUE,1,3,""
"s07_normal_mean_m40-1622",TRUE,TRUE,TRUE,1,3,""
"s07_normal_mean_m40-1623",TRUE,TRUE,TRUE,1,3,""
"s07_normal_mean_m40-1624",TRUE,TRUE,TRUE,1,3,""
"s07_normal_mean_m40-1625",TRUE,TRUE,TRUE,1,3,""
"s07_normal_mean_m40-1626",TRUE,TRUE,TRUE,1,3,""
"s07_normal_mean_m40-1627",TRUE,TRUE,TRUE,1,3,""
"s07_normal_mean_m40-1628",TRUE,TRUE,TRUE,1,3,""
"s07_normal_mean_m40-1629",TRUE,TRUE,TRUE,1,3,""
"s07_normal_mean_m40-1630",TRUE,TRUE,TRUE,1,3,""
"s07_normal_mean_m40-1631",TRUE,TRUE,TRUE,1,3,""
"s07_normal_mean_m40-1632",TRUE,TRUE,TRUE,1,3,""
"s07_normal_mean_m40-1633",TRUE,TRUE,TRUE,1,3,""
"s07_normal_mean_m40-1634",TRUE,TRUE,TRUE,1,3,""
"s07_normal_mean_m40-1635",TRUE,TRUE,TRUE,1,3,""
"s07_normal_mean_m40-1636",TRUE,TRUE,TRUE,1,3,""
"s07_normal_mean_m40-1637",TRUE,TRUE,TRUE,1,3,""
"s07_normal_mean_m40-1638",TRUE,TRUE,TRUE,1,3,""
"s07_normal_mean_m40-1639",TRUE,TRUE,TRUE,1,3,""
"s07_normal_mean_m40-1640",TRUE,TRUE,TRUE,1,3,""
"s07_normal_mean_m40-1641",TRUE,TRUE,TRUE,1,3,""
"s07_normal_mean_m40-1642",TRUE,TRUE,TRUE,1,3,""
"s07_normal_mean_m40-1643",TRUE,TRUE,TRUE,1,3,""
"s07_normal_mean_m40-1644",TRUE,TRUE,TRUE,1,3,""
"s07_normal_mean_m40-1645",TRUE,TRUE,TRUE,1,3,""
"s07_normal_mean_m40-1646",TRUE,TRUE,TRUE,1,3,""
"s07_normal_mean_m40-1647",TRUE,TRUE,TRUE,1,3,""
"s07_normal_mean_m40-1648",TRUE,TRUE,TRUE,1,3,""
"s07_normal_mean_m40-1649",TRUE,TRUE,TRUE,1,3,""
"s07_normal_mean_m40-1650",TRUE,TRUE,TRUE,1,3,""
"s07_normal_mean_m40-1651",TRUE,TRUE,TRUE,1,3,""
"s07_normal_mean_m40-1652",TRUE,TRUE,TRUE,1,3,""
"s07_normal_mean_m40-1653",TRUE,TRUE,TRUE,1,3,""
"s07_normal_mean_m40-1654",TRUE,TRUE,TRUE,1,3,""
"s07_normal_mean_m40-1655",TRUE,TRUE,TRUE,1,3,""
"s07_normal_mean_m40-1656",TRUE,TRUE,TRUE,1,3,""
"s07_normal_mean_m40-1657",TRUE,TRUE,TRUE,1,3,""
"s07_normal_mean_m40-1658",TRUE,TRUE,TRUE,1,3,""
"s07_normal_mean_m40-1659",TRUE,TRUE,TRUE,1,3,""
"s07_normal_mean_m40-1660",TRUE,TRUE,TRUE,1,3,""
"s07_normal_mean_m40-1661",TRUE,TRUE,TRUE,1,3,""
"s07_normal_mean_m40-1662",TRUE,TRUE,TRUE,1,3,""
"s07_normal_mean_m40-1663",TRUE,TRUE,TRUE,1,3,""
"s07_normal_mean_m40-1664",TRUE,TRUE,TRUE,1,3,""
"s07_normal_mean_m40-1665",TRUE,TRUE,TRUE,1,3,""
"s07_normal_mean_m40-1666",TRUE,TRUE,TRUE,1,3,""
"s07_normal_mean_m40-1667",TRUE,TRUE,TRUE,1,3,""
"s07_normal_mean_m40-1668",TRUE,TRUE,TRUE,1,3,""
"s07_normal_mean_m40-1669",TRUE,TRUE,TRUE,1,3,""
"s07_normal_mean_m40-1670",TRUE,TRUE,TRUE,1,3,""
"s07_normal_mean_m40-1671",TRUE,TRUE,TRUE,1,3,""
"s07_normal_mean_m40-1672",TRUE,TRUE,TRUE,1,3,""
"s07_normal_mean_m40-1673",TRUE,TRUE,TRUE,1,3,""
"s07_normal_mean_m40-1674",TRUE,TRUE,TRUE,1,3,""
"s07_normal_mean_m40-1675",TRUE,TRUE,TRUE,1,3,""
"s07_normal_mean_m40-1676",TRUE,TRUE,TRUE,1,3,""
"s07_normal_mean_m40-1677",TRUE,TRUE,TRUE,1,3,""
"s07_normal_mean_m40-1678",TRUE,TRUE,TRUE,1,3,""
"s07_normal_mean_m40-1679",TRUE,TRUE,TRUE,1,3,""
"s07_normal_mean_m40-1680",TRUE,TRUE,TRUE,1,3,""
"s07_normal_mean_m40-1681",TRUE,TRUE,TRUE,1,3,""
"s07_normal_mean_m40-1682",TRUE,TRUE,TRUE,1,3,""
"s07_normal_mean_m40-1683",TRUE,TRUE,TRUE,1,3,""
"s07_normal_mean_m40-1684",TRUE,TRUE,TRUE,1,3,""
"s07_normal_mean_m40-1685",TRUE,TRUE,TRUE,1,3,""
"s07_normal_mean_m40-1686",TRUE,TRUE,TRUE,1,3,""
"s07_normal_mean_m40-1687",TRUE,TRUE,TRUE,1,3,""
"s07_normal_mean_m40-1688",TRUE,TRUE,TRUE,1,3,""
"s07_normal_mean_m40-1689",TRUE,TRUE,TRUE,1,3,""
"s07_normal_mean_m40-1690",TRUE,TRUE,TRUE,1,3,""
"s07_normal_mean_m40-1691",TRUE,TRUE,TRUE,1,3,""
"s07_normal_mean_m40-1692",TRUE,TRUE,TRUE,1,3,""
"s07_normal_mean_m40-1693",TRUE,TRUE,TRUE,1,3,""
"s07_normal_mean_m40-1694",TRUE,TRUE,TRUE,1,3,""
"s07_normal_mean_m40-1695",TRUE,TRUE,TRUE,1,3,""
"s07_normal_mean_m40-1696",TRUE,TRUE,TRUE,1,3,""
"s07_normal_mean_m40-1697",TRUE,TRUE,TRUE,1,3,""
"s07_normal_mean_m40-1698",TRUE,TRUE,TRUE,1,3,""
"s07_normal_mean_m40-1699",TRUE,TRUE,TRUE,1,3,""
"s07_normal_mean_m40-1700",TRUE,TRUE,TRUE,1,3,""
"s07_normal_mean_m40-1701",TRUE,TRUE,TRUE,1,3,""
"s07_normal_mean_m40-1702",TRUE,TRUE,TRUE,1,3,""
"s07_normal_mean_m40-1703",TRUE,TRUE,TRUE,1,3,""
"s07_normal_mean_m40-1704",TRUE,TRUE,TRUE,1,3,""
"s07_normal_mean_m40-1705",TRUE,TRUE,TRUE,1,3,""
"s07_normal_mean_m40-1706",TRUE,TRUE,TRUE,1,3,""
"s07_normal_mean_m40-1707",TRUE,TRUE,TRUE,1,3,""
"s07_normal_mean_m40-1708",TRUE,TRUE,TRUE,1,3,""
"s07_normal_mean_m40-1709",TRUE,TRUE,TRUE,1,3,""
"s07_normal_mean_m40-1710",TRUE,TRUE,TRUE,1,3,""
"s07_normal_mean_m40-1711",TRUE,TRUE,TRUE,1,3,""
"s07_normal_mean_m40-1712",TRUE,TRUE,TRUE,1,3,""
"s07_normal_mean_m40-1713",TRUE,TRUE,TRUE,1,3,""
"s07_normal_mean_m40-1714",TRUE,TRUE,TRUE,1,3,""
"s07_normal_mean_m40-1715",TRUE,TRUE,TRUE,1,3,""
"s07_normal_mean_m40-1716",TRUE,TRUE,TRUE,1,3,""
"s07_normal_mean_m40-1717",TRUE,TRUE,TRUE,1,3,""
"s07_normal_mean_m40-1718",TRUE,TRUE,TRUE,1,3,""
"s07_normal_mean_m40-1719",TRUE,TRUE,TRUE,1,3,""
"s07_normal_mean_m40-1720",TRUE,TRUE,TRUE,1,3,""
"s07_normal_mean_m40-1721",TRUE,TRUE,TRUE,1,3,""
"s07_normal_mean_m40-1722",TRUE,TRUE,TRUE,1,3,""
"s07_normal_mean_m40-1723",TRUE,TRUE,TRUE,1,3,""
"s07_normal_mean_m40-1724",TRUE,TRUE,TRUE,1,3,""
"s07_normal_mean_m40-1725",TRUE,TRUE,TRUE,1,3,""
"s07_normal_mean_m40-1726",TRUE,TRUE,TRUE,1,3,""
"s07_normal_mean_m40-1727",TRUE,TRUE,TRUE,1,3,""
"s07_normal_mean_m40-1728",TRUE,TRUE,TRUE,1,3,""
"s07_normal_mean_m40-1729",TRUE,TRUE,TRUE,1,3,""
"s07_normal_mean_m40-1730",TRUE,TRUE,TRUE,1,3,""
"s07_normal_mean_m40-1731",TRUE,TRUE,TRUE,1,3,""
"s07_normal_mean_m40-1732",TRUE,TRUE,TRUE,1,3,""
"s07_normal_mean_m40-1733",TRUE,TRUE,TRUE,1,3,""
"s07_normal_mean_m40-1734",TRUE,TRUE,TRUE,1,3,""
"s07_normal_mean_m40-1735",TRUE,TRUE,TRUE,1,3,""
"s07_normal_mean_m40-1736",TRUE,TRUE,TRUE,1,3,""
"s07_normal_mean_m40-1737",TRUE,TRUE,TRUE,1,3,""
"s07_normal_mean_m40-1738",TRUE,TRUE,TRUE,1,3,""
"s07_normal_mean_m40-1739",TRUE,TRUE,TRUE,1,3,""
"s07_normal_mean_m40-1740",TRUE,TRUE,TRUE,1,3,""
"s07_normal_mean_m40-1741",TRUE,TRUE,TRUE,1,3,""
"s07_normal_mean_m40-1742",TRUE,TRUE,TRUE,1,3,""
"s07_normal_mean_m40-1743",TRUE,TRUE,TRUE,1,3,""
"s07_normal_mean_m40-1744",TRUE,TRUE,TRUE,1,3,""
"s07_normal_mean_m40-1745",TRUE,TRUE,TRUE,1,3,""
"s07_normal_mean_m40-1746",TRUE,TRUE,TRUE,1,3,""
"s07_normal_mean_m40-1747",TRUE,TRUE,TRUE,1,3,""
"s07_normal_mean_m40-1748",TRUE,TRUE,TRUE,1,3,""
"s07_normal_mean_m40-1749",TRUE,TRUE,TRUE,1,3,""
"s07_normal_mean_m40-1750",TRUE,TRUE,TRUE,1,3,""
"s07_normal_mean_m40-1751",TRUE,TRUE,TRUE,1,3,""
"s07_normal_mean_m40-1752",TRUE,TRUE,TRUE,1,3,""
"s07_normal_mean_m40-1753",TRUE,TRUE,TRUE,1,3,""
"s07_normal_mean_m40-1754",TRUE,TRUE,TRUE,1,3,""
"s07_normal_mean_m40-1755",TRUE,TRUE,TRUE,1,3,""
"s07_normal_mean_m40-1756",TRUE,TRUE,TRUE,1,3,""
"s07_normal_mean_m40-1757",TRUE,TRUE,TRUE,1,3,""
"s07_normal_mean_m40-1758",TRUE,TRUE,TRUE,1,3,""
"s07_normal_mean_m40-1759",TRUE,TRUE,TRUE,1,3,""
"s07_normal_mean_m40-1760",TRUE,TRUE,TRUE,1,3,""
"s07_normal_mean_m40-1761",TRUE,TRUE,TRUE,1,3,""
"s07_normal_mean_m40-1762",TRUE,TRUE,TRUE,1,3,""
"s07_normal_mean_m40-1763",TRUE,TRUE,TRUE,1,3,""
"s07_normal_mean_m40-1764",TRUE,TRUE,TRUE,1,3,""
"s07_normal_mean_m40-1765",TRUE,TRUE,TRUE,1,3,""
"s07_normal_mean_m40-1766",TRUE,TRUE,TRUE,1,3,""
"s07_normal_mean_m40-1767",TRUE,TRUE,TRUE,1,3,""
"s07_normal_mean_m40-1768",TRUE,TRUE,TRUE,1,3,""
"s07_normal_mean_m40-1769",TRUE,TRUE,TRUE,1,3,""
"s07_normal_mean_m40-1770",TRUE,TRUE,TRUE,1,3,""
"s07_normal_mean_m40-1771",TRUE,TRUE,TRUE,1,3,""
"s07_normal_mean_m40-1772",TRUE,TRUE,TRUE,1,3,""
"s07_normal_mean_m40-1773",TRUE,TRUE,TRUE,1,3,""
"s07_normal_mean_m40-1774",TRUE,TRUE,TRUE,1,3,""
"s07_normal_mean_m40-1775",TRUE,TRUE,TRUE,1,3,""
"s07_normal_mean_m40-1776",TRUE,TRUE,TRUE,1,3,""
"s07_normal_mean_m40-1777",TRUE,TRUE,TRUE,1,3,""
"s07_normal_mean_m40-1778",TRUE,TRUE,TRUE,1,3,""
"s07_normal_mean_m40-1779",TRUE,TRUE,TRUE,1,3,""
"s07_normal_mean_m40-1780",TRUE,TRUE,TRUE,1,3,""
"s07_normal_mean_m40-1781",TRUE,TRUE,TRUE,1,3,""
"s07_normal_mean_m40-1782",TRUE,TRUE,TRUE,1,3,""
"s07_normal_mean_m40-1783",TRUE,TRUE,TRUE,1,3,""
"s07_normal_mean_m40-1784",TRUE,TRUE,TRUE,1,3,""
"s07_normal_mean_m40-1785",TRUE,TRUE,TRUE,1,3,""
"s07_normal_mean_m40-1786",TRUE,TRUE,TRUE,1,3,""
"s07_normal_mean_m40-1787",TRUE,TRUE,TRUE,1,3,""
"s07_normal_mean_m40-1788",TRUE,TRUE,TRUE,1,3,""
"s07_normal_mean_m40-1789",TRUE,TRUE,TRUE,1,3,""
"s07_normal_mean_m40-1790",TRUE,TRUE,TRUE,1,3,""
"s07_normal_mean_m40-1791",TRUE,TRUE,TRUE,1,3,""
"s07_normal_mean_m40-1792",TRUE,TRUE,TRUE,1,3,""
"s07_normal_mean_m40-1793",TRUE,TRUE,TRUE,1,3,""
"s07_normal_mean_m40-1794",TRUE,TRUE,TRUE,1,3,""
"s07_normal_mean_m40-1795",TRUE,TRUE,TRUE,1,3,""
"s07_normal_mean_m40-1796",TRUE,TRUE,TRUE,1,3,""
"s07_normal_mean_m40-1797",TRUE,TRUE,TRUE,1,3,""
"s07_normal_mean_m40-1798",TRUE,TRUE,TRUE,1,3,""
"s07_normal_mean_m40-1799",TRUE,TRUE,TRUE,1,3,""
"s07_normal_mean_m40-1800",TRUE,TRUE,TRUE,1,3,""
"s07_normal_mean_m40-1801",TRUE,TRUE,TRUE,1,3,""
"s07_normal_mean_m40-1802",TRUE,TRUE,TRUE,1,3,""
"s07_normal_mean_m40-1803",TRUE,TRUE,TRUE,1,3,""
"s07_normal_mean_m40-1804",TRUE,TRUE,TRUE,1,3,""
"s07_normal_mean_m40-1805",TRUE,TRUE,TRUE,1,3,""
"s07_normal_mean_m40-1806",TRUE,TRUE,TRUE,1,3,""
"s07_normal_mean_m40-1807",TRUE,TRUE,TRUE,1,3,""
"s07_normal_mean_m40-1808",TRUE,TRUE,TRUE,1,3,""
"s07_normal_mean_m40-1809",TRUE,TRUE,TRUE,1,3,""
"s07_normal_mean_m40-1810",TRUE,TRUE,TRUE,1,3,""
"s07_normal_mean_m40-1811",TRUE,TRUE,TRUE,1,3,""
"s07_normal_mean_m40-1812",TRUE,TRUE,TRUE,1,3,""
"s07_normal_mean_m40-1813",TRUE,TRUE,TRUE,1,3,""
"s07_normal_mean_m40-1814",TRUE,TRUE,TRUE,1,3,""
"s07_normal_mean_m40-1815",TRUE,TRUE,TRUE,1,3,""
"s07_normal_mean_m40-1816",TRUE,TRUE,TRUE,1,3,""
"s07_normal_mean_m40-1817",TRUE,TRUE,TRUE,1,3,""
"s07_normal_mean_m40-1818",TRUE,TRUE,TRUE,1,3,""
"s07_normal_mean_m40-1819",TRUE,TRUE,TRUE,1,3,""
"s07_normal_mean_m40-1820",TRUE,TRUE,TRUE,1,3,""
"s07_normal_mean_m40-1821",TRUE,TRUE,TRUE,1,3,""
"s07_normal_mean_m40-1822",TRUE,TRUE,TRUE,1,3,""
"s07_normal_mean_m40-1823",TRUE,TRUE,TRUE,1,3,""
"s07_normal_mean_m40-1824",TRUE,TRUE,TRUE,1,3,""
"s07_normal_mean_m40-1825",TRUE,TRUE,TRUE,1,3,""
"s07_normal_mean_m40-1826",TRUE,TRUE,TRUE,1,3,""
"s07_normal_mean_m40-1827",TRUE,TRUE,TRUE,1,3,""
"s07_normal_mean_m40-1828",TRUE,TRUE,TRUE,1,3,""
"s07_normal_mean_m40-1829",TRUE,TRUE,TRUE,1,3,""
"s07_normal_mean_m40-1830",TRUE,TRUE,TRUE,1,3,""
"s07_normal_mean_m40-1831",TRUE,TRUE,TRUE,1,3,""
"s07_normal_mean_m40-1832",TRUE,TRUE,TRUE,1,3,""
"s07_normal_mean_m40-1833",TRUE,TRUE,TRUE,1,3,""
"s07_normal_mean_m40-1834",TRUE,TRUE,TRUE,1,3,""
"s07_normal_mean_m40-1835",TRUE,TRUE,TRUE,1,3,""
"s07_normal_mean_m40-1836",TRUE,TRUE,TRUE,1,3,""
"s07_normal_mean_m40-1837",TRUE,TRUE,TRUE,1,3,""
"s07_normal_mean_m40-1838",TRUE,TRUE,TRUE,1,3,""
"s07_normal_mean_m40-1839",TRUE,TRUE,TRUE,1,3,""
"s07_normal_mean_m40-1840",TRUE,TRUE,TRUE,1,3,""
"s07_normal_mean_m40-1841",TRUE,TRUE,TRUE,1,3,""
"s07_normal_mean_m40-1842",TRUE,TRUE,TRUE,1,3,""
"s07_normal_mean_m40-1843",TRUE,TRUE,TRUE,1,3,""
"s07_normal_mean_m40-1844",TRUE,TRUE,TRUE,1,3,""
"s07_normal_mean_m40-1845",TRUE,TRUE,TRUE,1,3,""
"s07_normal_mean_m40-1846",TRUE,TRUE,TRUE,1,3,""
"s07_normal_mean_m40-1847",TRUE,TRUE,TRUE,1,3,""
"s07_normal_mean_m40-1848",TRUE,TRUE,TRUE,1,3,""
"s07_normal_mean_m40-1849",TRUE,TRUE,TRUE,1,3,""
"s07_normal_mean_m40-1850",TRUE,TRUE,TRUE,1,3,""
"s07_normal_mean_m40-1851",TRUE,TRUE,TRUE,1,3,""
"s07_normal_mean_m40-1852",TRUE,TRUE,TRUE,1,3,""
"s07_normal_mean_m40-1853",TRUE,TRUE,TRUE,1,3,""
"s07_normal_mean_m40-1854",TRUE,TRUE,TRUE,1,3,""
"s07_normal_mean_m40-1855",TRUE,TRUE,TRUE,1,3,""
"s07_normal_mean_m40-1856",TRUE,TRUE,TRUE,1,3,""
"s07_normal_mean_m40-1857",TRUE,TRUE,TRUE,1,3,""
"s07_normal_mean_m40-1858",TRUE,TRUE,TRUE,1,3,""
"s07_normal_mean_m40-1859",TRUE,TRUE,TRUE,1,3,""
"s07_normal_mean_m40-1860",TRUE,TRUE,TRUE,1,3,""
"s07_normal_mean_m40-1861",TRUE,TRUE,TRUE,1,3,""
"s07_normal_mean_m40-1862",TRUE,TRUE,TRUE,1,3,""
"s07_normal_mean_m40-1863",TRUE,TRUE,TRUE,1,3,""
"s07_normal_mean_m40-1864",TRUE,TRUE,TRUE,1,3,""
"s07_normal_mean_m40-1865",TRUE,TRUE,TRUE,1,3,""
"s07_normal_mean_m40-1866",TRUE,TRUE,TRUE,1,3,""
"s07_normal_mean_m40-1867",TRUE,TRUE,TRUE,1,3,""
"s07_normal_mean_m40-1868",TRUE,TRUE,TRUE,1,3,""
"s07_normal_mean_m40-1869",TRUE,TRUE,TRUE,1,3,""
"s07_normal_mean_m40-1870",TRUE,TRUE,TRUE,1,3,""
"s07_normal_mean_m40-1871",TRUE,TRUE,TRUE,1,3,""
"s07_normal_mean_m40-1872",TRUE,TRUE,TRUE,1,3,""
"s07_normal_mean_m40-1873",TRUE,TRUE,TRUE,1,3,""
"s07_normal_mean_m40-1874",TRUE,TRUE,TRUE,1,3,""
"s07_normal_mean_m40-1875",TRUE,TRUE,TRUE,1,3,""
"s07_normal_mean_m40-1876",TRUE,TRUE,TRUE,1,3,""
"s07_normal_mean_m40-1877",TRUE,TRUE,TRUE,1,3,""
"s07_normal_mean_m40-1878",TRUE,TRUE,TRUE,1,3,""
"s07_normal_mean_m40-1879",TRUE,TRUE,TRUE,1,3,""
"s07_normal_mean_m40-1880",TRUE,TRUE,TRUE,1,3,""
"s07_normal_mean_m40-1881",TRUE,TRUE,TRUE,1,3,""
"s07_normal_mean_m40-1882",TRUE,TRUE,TRUE,1,3,""
"s07_normal_mean_m40-1883",TRUE,TRUE,TRUE,1,3,""
"s07_normal_mean_m40-1884",TRUE,TRUE,TRUE,1,3,""
"s07_normal_mean_m40-1885",TRUE,TRUE,TRUE,1,3,""
"s07_normal_mean_m40-1886",TRUE,TRUE,TRUE,1,3,""
"s07_normal_mean_m40-1887",TRUE,TRUE,TRUE,1,3,""
"s07_normal_mean_m40-1888",TRUE,TRUE,TRUE,1,3,""
"s07_normal_mean_m40-1889",TRUE,TRUE,TRUE,1,3,""
"s07_normal_mean_m40-1890",TRUE,TRUE,TRUE,1,3,""
"s07_normal_mean_m40-1891",TRUE,TRUE,TRUE,1,3,""
"s07_normal_mean_m40-1892",TRUE,TRUE,TRUE,1,3,""
"s07_normal_mean_m40-1893",TRUE,TRUE,TRUE,1,3,""
"s07_normal_mean_m40-1894",TRUE,TRUE,TRUE,1,3,""
"s07_normal_mean_m40-1895",TRUE,TRUE,TRUE,1,3,""
"s07_normal_mean_m40-1896",TRUE,TRUE,TRUE,1,3,""
"s07_normal_mean_m40-1897",TRUE,TRUE,TRUE,1,3,""
"s07_normal_mean_m40-1898",TRUE,TRUE,TRUE,1,3,""
"s07_normal_mean_m40-1899",TRUE,TRUE,TRUE,1,3,""
"s07_normal_mean_m40-1900",TRUE,TRUE,TRUE,1,3,""
"s07_normal_mean_m40-1901",TRUE,TRUE,TRUE,1,3,""
"s07_normal_mean_m40-1902",TRUE,TRUE,TRUE,1,3,""
"s07_normal_mean_m40-1903",TRUE,TRUE,TRUE,1,3,""
"s07_normal_mean_m40-1904",TRUE,TRUE,TRUE,1,3,""
"s07_normal_mean_m40-1905",TRUE,TRUE,TRUE,1,3,""
"s07_normal_mean_m40-1906",TRUE,TRUE,TRUE,1,3,""
"s07_normal_mean_m40-1907",TRUE,TRUE,TRUE,1,3,""
"s07_normal_mean_m40-1908",TRUE,TRUE,TRUE,1,3,""
"s07_normal_mean_m40-1909",TRUE,TRUE,TRUE,1,3,""
"s07_normal_mean_m40-1910",TRUE,TRUE,TRUE,1,3,""
"s07_normal_mean_m40-1911",TRUE,TRUE,TRUE,1,3,""
"s07_normal_mean_m40-1912",TRUE,TRUE,TRUE,1,3,""
"s07_normal_mean_m40-1913",TRUE,TRUE,TRUE,1,3,""
"s07_normal_mean_m40-1914",TRUE,TRUE,TRUE,1,3,""
"s07_normal_mean_m40-1915",TRUE,TRUE,TRUE,1,3,""
"s07_normal_mean_m40-1916",TRUE,TRUE,TRUE,1,3,""
"s07_normal_mean_m40-1917",TRUE,TRUE,TRUE,1,3,""
"s07_normal_mean_m40-1918",TRUE,TRUE,TRUE,1,3,""
"s07_normal_mean_m40-1919",TRUE,TRUE,TRUE,1,3,""
"s07_normal_mean_m40-1920",TRUE,TRUE,TRUE,1,3,""
"s07_normal_mean_m40-1921",TRUE,TRUE,TRUE,1,3,""
"s07_normal_mean_m40-1922",TRUE,TRUE,TRUE,1,3,""
"s07_normal_mean_m40-1923",TRUE,TRUE,TRUE,1,3,""
"s07_normal_mean_m40-1924",TRUE,TRUE,TRUE,1,3,""
"s07_normal_mean_m40-1925",TRUE,TRUE,TRUE,1,3,""
"s07_normal_mean_m40-1926",TRUE,TRUE,TRUE,1,3,""
"s07_normal_mean_m40-1927",TRUE,TRUE,TRUE,1,3,""
"s07_normal_mean_m40-1928",TRUE,TRUE,TRUE,1,3,""
"s07_normal_mean_m40-1929",TRUE,TRUE,TRUE,1,3,""
"s07_normal_mean_m40-1930",TRUE,TRUE,TRUE,1,3,""
"s07_normal_mean_m40-1931",TRUE,TRUE,TRUE,1,3,""
"s07_normal_mean_m40-1932",TRUE,TRUE,TRUE,1,3,""
"s07_normal_mean_m40-1933",TRUE,TRUE,TRUE,1,3,""
"s07_normal_mean_m40-1934",TRUE,TRUE,TRUE,1,3,""
"s07_normal_mean_m40-1935",TRUE,TRUE,TRUE,1,3,""
"s07_normal_mean_m40-1936",TRUE,TRUE,TRUE,1,3,""
"s07_normal_mean_m40-1937",TRUE,TRUE,TRUE,1,3,""
"s07_normal_mean_m40-1938",TRUE,TRUE,TRUE,1,3,""
"s07_normal_mean_m40-1939",TRUE,TRUE,TRUE,1,3,""
"s07_normal_mean_m40-1940",TRUE,TRUE,TRUE,1,3,""
"s07_normal_mean_m40-1941",TRUE,TRUE,TRUE,1,3,""
"s07_normal_mean_m40-1942",TRUE,TRUE,TRUE,1,3,""
"s07_normal_mean_m40-1943",TRUE,TRUE,TRUE,1,3,""
"s07_normal_mean_m40-1944",TRUE,TRUE,TRUE,1,3,""
"s07_normal_mean_m40-1945",TRUE,TRUE,TRUE,1,3,""
"s07_normal_mean_m40-1946",TRUE,TRUE,TRUE,1,3,""
"s07_normal_mean_m40-1947",TRUE,TRUE,TRUE,1,3,""
"s07_normal_mean_m40-1948",TRUE,TRUE,TRUE,1,3,""
"s07_normal_mean_m40-1949",TRUE,TRUE,TRUE,1,3,""
"s07_normal_mean_m40-1950",TRUE,TRUE,TRUE,1,3,""
"s07_normal_mean_m40-1951",TRUE,TRUE,TRUE,1,3,""
"s07_normal_mean_m40-1952",TRUE,TRUE,TRUE,1,3,""
"s07_normal_mean_m40-1953",TRUE,TRUE,TRUE,1,3,""
"s07_normal_mean_m40-1954",TRUE,TRUE,TRUE,1,3,""
"s07_normal_mean_m40-1955",TRUE,TRUE,TRUE,1,3,""
"s07_normal_mean_m40-1956",TRUE,TRUE,TRUE,1,3,""
"s07_normal_mean_m40-1957",TRUE,TRUE,TRUE,1,3,""
"s07_normal_mean_m40-1958",TRUE,TRUE,TRUE,1,3,""
"s07_normal_mean_m40-1959",TRUE,TRUE,TRUE,1,3,""
"s07_normal_mean_m40-1960",TRUE,TRUE,TRUE,1,3,""
"s07_normal_mean_m40-1961",TRUE,TRUE,TRUE,1,3,""
"s07_normal_mean_m40-1962",TRUE,TRUE,TRUE,1,3,""
"s07_normal_mean_m40-1963",TRUE,TRUE,TRUE,1,3,""
"s07_normal_mean_m40-1964",TRUE,TRUE,TRUE,1,3,""
"s07_normal_mean_m40-1965",TRUE,TRUE,TRUE,1,3,""
"s07_normal_mean_m40-1966",TRUE,TRUE,TRUE,1,3,""
"s07_normal_mean_m40-1967",TRUE,TRUE,TRUE,1,3,""
"s07_normal_mean_m40-1968",TRUE,TRUE,TRUE,1,3,""
"s07_normal_mean_m40-1969",TRUE,TRUE,TRUE,1,3,""
"s07_normal_mean_m40-1970",TRUE,TRUE,TRUE,1,3,""
"s07_normal_mean_m40-1971",TRUE,TRUE,TRUE,1,3,""
"s07_normal_mean_m40-1972",TRUE,TRUE,TRUE,1,3,""
"s07_normal_mean_m40-1973",TRUE,TRUE,TRUE,1,3,""
"s07_normal_mean_m40-1974",TRUE,TRUE,TRUE,1,3,""
"s07_normal_mean_m40-1975",TRUE,TRUE,TRUE,1,3,""
"s07_normal_mean_m40-1976",TRUE,TRUE,TRUE,1,3,""
"s07_normal_mean_m40-1977",TRUE,TRUE,TRUE,1,3,""
"s07_normal_mean_m40-1978",TRUE,TRUE,TRUE,1,3,""
"s07_normal_mean_m40-1979",TRUE,TRUE,TRUE,1,3,""
"s07_normal_mean_m40-1980",TRUE,TRUE,TRUE,1,3,""
"s07_normal_mean_m40-1981",TRUE,TRUE,TRUE,1,3,""
"s07_normal_mean_m40-1982",TRUE,TRUE,TRUE,1,3,""
"s07_normal_mean_m40-1983",TRUE,TRUE,TRUE,1,3,""
"s07_normal_mean_m40-1984",TRUE,TRUE,TRUE,1,3,""
"s07_normal_mean_m40-1985",TRUE,TRUE,TRUE,1,3,""
"s07_normal_mean_m40-1986",TRUE,TRUE,TRUE,1,3,""
"s07_normal_mean_m40-1987",TRUE,TRUE,TRUE,1,3,""
"s07_normal_mean_m40-1988",TRUE,TRUE,TRUE,1,3,""
"s07_normal_mean_m40-1989",TRUE,TRUE,TRUE,1,3,""
"s07_normal_mean_m40-1990",TRUE,TRUE,TRUE,1,3,""
"s07_normal_mean_m40-1991",TRUE,TRUE,TRUE,1,3,""
"s07_normal_mean_m40-1992",TRUE,TRUE,TRUE,1,3,""
"s07_normal_mean_m40-1993",TRUE,TRUE,TRUE,1,3,""
"s07_normal_mean_m40-1994",TRUE,TRUE,TRUE,1,3,""
"s07_normal_mean_m40-1995",TRUE,TRUE,TRUE,1,3,""
"s07_normal_mean_m40-1996",TRUE,TRUE,TRUE,1,3,""
"s07_normal_mean_m40-1997",TRUE,TRUE,TRUE,1,3,""
"s07_normal_mean_m40-1998",TRUE,TRUE,TRUE,1,3,""
"s07_normal_mean_m40-1999",TRUE,TRUE,TRUE,1,3,""
"s07_normal_mean_m40-2000",TRUE,TRUE,TRUE,1,3,""
"s07_null_g1_m160-0001",TRUE,TRUE,TRUE,15,892,""
"s07_null_g1_m160-0002",TRUE,TRUE,TRUE,15,892,""
"s07_null_g1_m160-0003",TRUE,TRUE,TRUE,15,892,""
"s07_null_g1_m160-0004",TRUE,TRUE,TRUE,15,892,""
"s07_null_g1_m160-0005",TRUE,TRUE,TRUE,15,892,""
"s07_null_g1_m160-0006",TRUE,TRUE,TRUE,15,892,""
"s07_null_g1_m160-0007",TRUE,TRUE,TRUE,15,892,""
"s07_null_g1_m160-0008",TRUE,TRUE,TRUE,15,892,""
"s07_null_g1_m160-0009",TRUE,TRUE,TRUE,15,892,""
"s07_null_g1_m160-0010",TRUE,TRUE,TRUE,15,892,""
"s07_null_g1_m160-0011",TRUE,TRUE,TRUE,15,892,""
"s07_null_g1_m160-0012",TRUE,TRUE,TRUE,15,892,""
"s07_null_g1_m160-0013",TRUE,TRUE,TRUE,15,892,""
"s07_null_g1_m160-0014",TRUE,TRUE,TRUE,15,892,""
"s07_null_g1_m160-0015",TRUE,TRUE,TRUE,15,892,""
"s07_null_g1_m160-0016",TRUE,TRUE,TRUE,15,892,""
"s07_null_g1_m160-0017",TRUE,TRUE,TRUE,15,892,""
"s07_null_g1_m160-0018",TRUE,TRUE,TRUE,15,892,""
"s07_null_g1_m160-0019",TRUE,TRUE,TRUE,15,892,""
"s07_null_g1_m160-0020",TRUE,TRUE,TRUE,15,892,""
"s07_null_g1_m160-0021",TRUE,TRUE,TRUE,15,462,""
"s07_null_g1_m160-0022",TRUE,TRUE,TRUE,15,462,""
"s07_null_g1_m160-0023",TRUE,TRUE,TRUE,15,462,""
"s07_null_g1_m160-0024",TRUE,TRUE,TRUE,15,462,""
"s07_null_g1_m160-0025",TRUE,TRUE,TRUE,15,462,""
"s07_null_g1_m160-0026",TRUE,TRUE,TRUE,15,462,""
"s07_null_g1_m160-0027",TRUE,TRUE,TRUE,15,462,""
"s07_null_g1_m160-0028",TRUE,TRUE,TRUE,15,462,""
"s07_null_g1_m160-0029",TRUE,TRUE,TRUE,15,462,""
"s07_null_g1_m160-0030",TRUE,TRUE,TRUE,15,462,""
"s07_null_g1_m160-0031",TRUE,TRUE,TRUE,15,462,""
"s07_null_g1_m160-0032",TRUE,TRUE,TRUE,15,462,""
"s07_null_g1_m160-0033",TRUE,TRUE,TRUE,15,462,""
"s07_null_g1_m160-0034",TRUE,TRUE,TRUE,15,462,""
"s07_null_g1_m160-0035",TRUE,TRUE,TRUE,15,462,""
"s07_null_g1_m160-0036",TRUE,TRUE,TRUE,15,462,""
"s07_null_g1_m160-0037",TRUE,TRUE,TRUE,15,462,""
"s07_null_g1_m160-0038",TRUE,TRUE,TRUE,15,462,""
"s07_null_g1_m160-0039",TRUE,TRUE,TRUE,15,462,""
"s07_null_g1_m160-0040",TRUE,TRUE,TRUE,15,462,""
"s07_null_g1_m160-0041",TRUE,TRUE,TRUE,15,462,""
"s07_null_g1_m160-0042",TRUE,TRUE,TRUE,15,462,""
"s07_null_g1_m160-0043",TRUE,TRUE,TRUE,15,462,""
"s07_null_g1_m160-0044",TRUE,TRUE,TRUE,15,462,""
"s07_null_g1_m160-0045",TRUE,TRUE,TRUE,15,462,""
"s07_null_g1_m160-0046",TRUE,TRUE,TRUE,15,462,""
"s07_null_g1_m160-0047",TRUE,TRUE,TRUE,15,462,""
"s07_null_g1_m160-0048",TRUE,TRUE,TRUE,15,462,""
"s07_null_g1_m160-0049",TRUE,TRUE,TRUE,15,462,""
"s07_null_g1_m160-0050",TRUE,TRUE,TRUE,15,462,""
"s07_null_g1_m160-0051",TRUE,TRUE,TRUE,15,462,""
"s07_null_g1_m160-0052",TRUE,TRUE,TRUE,15,462,""
"s07_null_g1_m160-0053",TRUE,TRUE,TRUE,15,462,""
"s07_null_g1_m160-0054",TRUE,TRUE,TRUE,15,462,""
"s07_null_g1_m160-0055",TRUE,TRUE,TRUE,15,462,""
"s07_null_g1_m160-0056",TRUE,TRUE,TRUE,15,462,""
"s07_null_g1_m160-0057",TRUE,TRUE,TRUE,15,462,""
"s07_null_g1_m160-0058",TRUE,TRUE,TRUE,15,462,""
"s07_null_g1_m160-0059",TRUE,TRUE,TRUE,15,462,""
"s07_null_g1_m160-0060",TRUE,TRUE,TRUE,15,462,""
"s07_null_g1_m160-0061",TRUE,TRUE,TRUE,15,462,""
"s07_null_g1_m160-0062",TRUE,TRUE,TRUE,15,462,""
"s07_null_g1_m160-0063",TRUE,TRUE,TRUE,15,462,""
"s07_null_g1_m160-0064",TRUE,TRUE,TRUE,15,462,""
"s07_null_g1_m160-0065",TRUE,TRUE,TRUE,15,462,""
"s07_null_g1_m160-0066",TRUE,TRUE,TRUE,15,462,""
"s07_null_g1_m160-0067",TRUE,TRUE,TRUE,15,462,""
"s07_null_g1_m160-0068",TRUE,TRUE,TRUE,15,462,""
"s07_null_g1_m160-0069",TRUE,TRUE,TRUE,15,462,""
"s07_null_g1_m160-0070",TRUE,TRUE,TRUE,15,462,""
"s07_null_g1_m160-0071",TRUE,TRUE,TRUE,15,462,""
"s07_null_g1_m160-0072",TRUE,TRUE,TRUE,15,462,""
"s07_null_g1_m160-0073",TRUE,TRUE,TRUE,15,462,""
"s07_null_g1_m160-0074",TRUE,TRUE,TRUE,15,462,""
"s07_null_g1_m160-0075",TRUE,TRUE,TRUE,15,462,""
"s07_null_g1_m160-0076",TRUE,TRUE,TRUE,15,462,""
"s07_null_g1_m160-0077",TRUE,TRUE,TRUE,15,462,""
"s07_null_g1_m160-0078",TRUE,TRUE,TRUE,15,462,""
"s07_null_g1_m160-0079",TRUE,TRUE,TRUE,15,462,""
"s07_null_g1_m160-0080",TRUE,TRUE,TRUE,15,462,""
"s07_null_g1_m40-0001",TRUE,TRUE,TRUE,15,892,""
"s07_null_g1_m40-0002",TRUE,TRUE,TRUE,15,892,""
"s07_null_g1_m40-0003",TRUE,TRUE,TRUE,15,892,""
"s07_null_g1_m40-0004",TRUE,TRUE,TRUE,15,892,""
"s07_null_g1_m40-0005",TRUE,TRUE,TRUE,15,892,""
"s07_null_g1_m40-0006",TRUE,TRUE,TRUE,15,892,""
"s07_null_g1_m40-0007",TRUE,TRUE,TRUE,15,892,""
"s07_null_g1_m40-0008",TRUE,TRUE,TRUE,15,892,""
"s07_null_g1_m40-0009",TRUE,TRUE,TRUE,15,892,""
"s07_null_g1_m40-0010",TRUE,TRUE,TRUE,15,892,""
"s07_null_g1_m40-0011",TRUE,TRUE,TRUE,15,892,""
"s07_null_g1_m40-0012",TRUE,TRUE,TRUE,15,892,""
"s07_null_g1_m40-0013",TRUE,TRUE,TRUE,15,892,""
"s07_null_g1_m40-0014",TRUE,TRUE,TRUE,15,892,""
"s07_null_g1_m40-0015",TRUE,TRUE,TRUE,15,892,""
"s07_null_g1_m40-0016",TRUE,TRUE,TRUE,15,892,""
"s07_null_g1_m40-0017",TRUE,TRUE,TRUE,15,892,""
"s07_null_g1_m40-0018",TRUE,TRUE,TRUE,15,892,""
"s07_null_g1_m40-0019",TRUE,TRUE,TRUE,15,892,""
"s07_null_g1_m40-0020",TRUE,TRUE,TRUE,15,892,""
"s07_null_g1_m40-0021",TRUE,TRUE,TRUE,15,462,""
"s07_null_g1_m40-0022",TRUE,TRUE,TRUE,15,462,""
"s07_null_g1_m40-0023",TRUE,TRUE,TRUE,15,462,""
"s07_null_g1_m40-0024",TRUE,TRUE,TRUE,15,462,""
"s07_null_g1_m40-0025",TRUE,TRUE,TRUE,15,462,""
"s07_null_g1_m40-0026",TRUE,TRUE,TRUE,15,462,""
"s07_null_g1_m40-0027",TRUE,TRUE,TRUE,15,462,""
"s07_null_g1_m40-0028",TRUE,TRUE,TRUE,15,462,""
"s07_null_g1_m40-0029",TRUE,TRUE,TRUE,15,462,""
"s07_null_g1_m40-0030",TRUE,TRUE,TRUE,15,462,""
"s07_null_g1_m40-0031",TRUE,TRUE,TRUE,15,462,""
"s07_null_g1_m40-0032",TRUE,TRUE,TRUE,15,462,""
"s07_null_g1_m40-0033",TRUE,TRUE,TRUE,15,462,""
"s07_null_g1_m40-0034",TRUE,TRUE,TRUE,15,462,""
"s07_null_g1_m40-0035",TRUE,TRUE,TRUE,15,462,""
"s07_null_g1_m40-0036",TRUE,TRUE,TRUE,15,462,""
"s07_null_g1_m40-0037",TRUE,TRUE,TRUE,15,462,""
"s07_null_g1_m40-0038",TRUE,TRUE,TRUE,15,462,""
"s07_null_g1_m40-0039",TRUE,TRUE,TRUE,15,462,""
"s07_null_g1_m40-0040",TRUE,TRUE,TRUE,15,462,""
"s07_null_g1_m40-0041",TRUE,TRUE,TRUE,15,462,""
"s07_null_g1_m40-0042",TRUE,TRUE,TRUE,15,462,""
"s07_null_g1_m40-0043",TRUE,TRUE,TRUE,15,462,""
"s07_null_g1_m40-0044",TRUE,TRUE,TRUE,15,462,""
"s07_null_g1_m40-0045",TRUE,TRUE,TRUE,15,462,""
"s07_null_g1_m40-0046",TRUE,TRUE,TRUE,15,462,""
"s07_null_g1_m40-0047",TRUE,TRUE,TRUE,15,462,""
"s07_null_g1_m40-0048",TRUE,TRUE,TRUE,15,462,""
"s07_null_g1_m40-0049",TRUE,TRUE,TRUE,15,462,""
"s07_null_g1_m40-0050",TRUE,TRUE,TRUE,15,462,""
"s07_null_g1_m40-0051",TRUE,TRUE,TRUE,15,462,""
"s07_null_g1_m40-0052",TRUE,TRUE,TRUE,15,462,""
"s07_null_g1_m40-0053",TRUE,TRUE,TRUE,15,462,""
"s07_null_g1_m40-0054",TRUE,TRUE,TRUE,15,462,""
"s07_null_g1_m40-0055",TRUE,TRUE,TRUE,15,462,""
"s07_null_g1_m40-0056",TRUE,TRUE,TRUE,15,462,""
"s07_null_g1_m40-0057",TRUE,TRUE,TRUE,15,462,""
"s07_null_g1_m40-0058",TRUE,TRUE,TRUE,15,462,""
"s07_null_g1_m40-0059",TRUE,TRUE,TRUE,15,462,""
"s07_null_g1_m40-0060",TRUE,TRUE,TRUE,15,462,""
"s07_null_g1_m40-0061",TRUE,TRUE,TRUE,15,462,""
"s07_null_g1_m40-0062",TRUE,TRUE,TRUE,15,462,""
"s07_null_g1_m40-0063",TRUE,TRUE,TRUE,15,462,""
"s07_null_g1_m40-0064",TRUE,TRUE,TRUE,15,462,""
"s07_null_g1_m40-0065",TRUE,TRUE,TRUE,15,462,""
"s07_null_g1_m40-0066",TRUE,TRUE,TRUE,15,462,""
"s07_null_g1_m40-0067",TRUE,TRUE,TRUE,15,462,""
"s07_null_g1_m40-0068",TRUE,TRUE,TRUE,15,462,""
"s07_null_g1_m40-0069",TRUE,TRUE,TRUE,15,462,""
"s07_null_g1_m40-0070",TRUE,TRUE,TRUE,15,462,""
"s07_null_g1_m40-0071",TRUE,TRUE,TRUE,15,462,""
"s07_null_g1_m40-0072",TRUE,TRUE,TRUE,15,462,""
"s07_null_g1_m40-0073",TRUE,TRUE,TRUE,15,462,""
"s07_null_g1_m40-0074",TRUE,TRUE,TRUE,15,462,""
"s07_null_g1_m40-0075",TRUE,TRUE,TRUE,15,462,""
"s07_null_g1_m40-0076",TRUE,TRUE,TRUE,15,462,""
"s07_null_g1_m40-0077",TRUE,TRUE,TRUE,15,462,""
"s07_null_g1_m40-0078",TRUE,TRUE,TRUE,15,462,""
"s07_null_g1_m40-0079",TRUE,TRUE,TRUE,15,462,""
"s07_null_g1_m40-0080",TRUE,TRUE,TRUE,15,462,""
"s07_null_g1_m640-0001",TRUE,TRUE,TRUE,15,462,""
"s07_null_g1_m640-0002",TRUE,TRUE,TRUE,15,462,""
"s07_null_g1_m640-0003",TRUE,TRUE,TRUE,15,462,""
"s07_null_g1_m640-0004",TRUE,TRUE,TRUE,15,462,""
"s07_null_g1_m640-0005",TRUE,TRUE,TRUE,15,462,""
"s07_null_g1_m640-0006",TRUE,TRUE,TRUE,15,462,""
"s07_null_g1_m640-0007",TRUE,TRUE,TRUE,15,462,""
"s07_null_g1_m640-0008",TRUE,TRUE,TRUE,15,462,""
"s07_null_g1_m640-0009",TRUE,TRUE,TRUE,15,462,""
"s07_null_g1_m640-0010",TRUE,TRUE,TRUE,15,462,""
"s07_null_g1_m640-0011",TRUE,TRUE,TRUE,15,462,""
"s07_null_g1_m640-0012",TRUE,TRUE,TRUE,15,462,""
"s07_null_g1_m640-0013",TRUE,TRUE,TRUE,15,462,""
"s07_null_g1_m640-0014",TRUE,TRUE,TRUE,15,462,""
"s07_null_g1_m640-0015",TRUE,TRUE,TRUE,15,462,""
"s07_null_g1_m640-0016",TRUE,TRUE,TRUE,15,462,""
"s07_null_g1_m640-0017",TRUE,TRUE,TRUE,15,462,""
"s07_null_g1_m640-0018",TRUE,TRUE,TRUE,15,462,""
"s07_null_g1_m640-0019",TRUE,TRUE,TRUE,15,462,""
"s07_null_g1_m640-0020",TRUE,TRUE,TRUE,15,462,""
"s07_null_g1_m640-0021",TRUE,TRUE,TRUE,15,462,""
"s07_null_g1_m640-0022",TRUE,TRUE,TRUE,15,462,""
"s07_null_g1_m640-0023",TRUE,TRUE,TRUE,15,462,""
"s07_null_g1_m640-0024",TRUE,TRUE,TRUE,15,462,""
"s07_null_g1_m640-0025",TRUE,TRUE,TRUE,15,462,""
"s07_null_g1_m640-0026",TRUE,TRUE,TRUE,15,462,""
"s07_null_g1_m640-0027",TRUE,TRUE,TRUE,15,462,""
"s07_null_g1_m640-0028",TRUE,TRUE,TRUE,15,462,""
"s07_null_g1_m640-0029",TRUE,TRUE,TRUE,15,462,""
"s07_null_g1_m640-0030",TRUE,TRUE,TRUE,15,462,""
"s07_null_g1_m640-0031",TRUE,TRUE,TRUE,15,462,""
"s07_null_g1_m640-0032",TRUE,TRUE,TRUE,15,462,""
"s07_null_g1_m640-0033",TRUE,TRUE,TRUE,15,462,""
"s07_null_g1_m640-0034",TRUE,TRUE,TRUE,15,462,""
"s07_null_g1_m640-0035",TRUE,TRUE,TRUE,15,462,""
"s07_null_g1_m640-0036",TRUE,TRUE,TRUE,15,462,""
"s07_null_g1_m640-0037",TRUE,TRUE,TRUE,15,462,""
"s07_null_g1_m640-0038",TRUE,TRUE,TRUE,15,462,""
"s07_null_g1_m640-0039",TRUE,TRUE,TRUE,15,462,""
"s07_null_g1_m640-0040",TRUE,TRUE,TRUE,15,462,""
"s07_sparse_m12-0001",TRUE,TRUE,TRUE,15,462,""
"s07_sparse_m12-0002",TRUE,TRUE,TRUE,15,462,""
"s07_sparse_m12-0003",TRUE,TRUE,TRUE,15,462,""
"s07_sparse_m12-0004",TRUE,TRUE,TRUE,15,462,""
"s07_sparse_m12-0005",TRUE,TRUE,TRUE,15,462,""
"s07_sparse_m12-0006",TRUE,TRUE,TRUE,15,462,""
"s07_sparse_m12-0007",TRUE,TRUE,TRUE,15,462,""
"s07_sparse_m12-0008",TRUE,TRUE,TRUE,15,234,""
"s07_sparse_m12-0009",TRUE,TRUE,TRUE,15,462,""
"s07_sparse_m12-0010",TRUE,TRUE,TRUE,15,462,""
"s07_sparse_m12-0011",TRUE,TRUE,TRUE,15,234,""
"s07_sparse_m12-0012",TRUE,TRUE,TRUE,15,462,""
"s07_sparse_m12-0013",TRUE,TRUE,TRUE,15,462,""
"s07_sparse_m12-0014",TRUE,TRUE,TRUE,15,462,""
"s07_sparse_m12-0015",TRUE,TRUE,TRUE,15,462,""
"s07_sparse_m12-0016",TRUE,TRUE,TRUE,15,462,""
"s07_sparse_m12-0017",TRUE,TRUE,TRUE,15,462,""
"s07_sparse_m12-0018",TRUE,TRUE,TRUE,15,462,""
"s07_sparse_m12-0019",TRUE,TRUE,TRUE,15,462,""
"s07_sparse_m12-0020",TRUE,TRUE,TRUE,15,462,""
"s07_sparse_m12-0021",TRUE,TRUE,TRUE,15,234,""
"s07_sparse_m12-0022",TRUE,TRUE,TRUE,15,462,""
"s07_sparse_m12-0023",TRUE,TRUE,TRUE,15,462,""
"s07_sparse_m12-0024",TRUE,TRUE,TRUE,15,462,""
"s07_sparse_m12-0025",TRUE,TRUE,TRUE,15,234,""
"s07_sparse_m12-0026",TRUE,TRUE,TRUE,15,462,""
"s07_sparse_m12-0027",TRUE,TRUE,TRUE,15,462,""
"s07_sparse_m12-0028",TRUE,TRUE,TRUE,15,462,""
"s07_sparse_m12-0029",TRUE,TRUE,TRUE,15,462,""
"s07_sparse_m12-0030",TRUE,TRUE,TRUE,15,462,""
"s07_sparse_m12-0031",TRUE,TRUE,TRUE,15,462,""
"s07_sparse_m12-0032",TRUE,TRUE,TRUE,15,462,""
"s07_sparse_m12-0033",TRUE,TRUE,TRUE,15,462,""
"s07_sparse_m12-0034",TRUE,TRUE,TRUE,15,462,""
"s07_sparse_m12-0035",TRUE,TRUE,TRUE,15,462,""
"s07_sparse_m12-0036",TRUE,TRUE,TRUE,15,462,""
"s07_sparse_m12-0037",TRUE,TRUE,TRUE,15,462,""
"s07_sparse_m12-0038",TRUE,TRUE,TRUE,15,234,""
"s07_sparse_m12-0039",TRUE,TRUE,TRUE,15,462,""
"s07_sparse_m12-0040",TRUE,TRUE,TRUE,15,462,""
